graph_1,graph_2
0,145
0,339
0,8
0,42
0,459
0,429
1,145
1,258
1,339
1,244
1,155
1,151
1,42
1,459
1,252
1,490
1,429
2,331
2,7
2,8
2,490
2,459
2,429
2,145
2,339
2,244
2,151
2,56
2,155
2,252
2,42
3,256
3,59
3,197
3,265
3,463
3,241
3,467
3,342
3,473
3,251
3,478
3,479
4,145
4,339
4,244
4,151
4,8
4,42
4,459
4,252
4,490
4,429
5,51
5,251
5,342
5,33
5,473
5,59
5,478
5,463
6,256
6,241
6,251
6,33
6,342
6,467
6,473
6,59
6,479
6,478
6,463
7,458
7,387
7,8
7,74
7,459
7,173
7,144
7,145
7,339
7,212
7,341
7,151
7,155
7,92
7,158
7,160
7,356
7,42
7,429
7,430
7,239
7,177
7,119
7,392
7,276
7,252
7,490
7,447
8,259
8,262
8,264
8,9
8,392
8,15
8,273
8,276
8,21
8,22
8,279
8,280
8,25
8,282
8,31
8,301
8,290
8,35
8,37
8,305
8,40
8,348
8,42
8,45
8,46
8,47
8,304
8,49
8,435
8,56
8,57
8,58
8,61
8,480
8,65
8,322
8,323
8,69
8,70
8,71
8,72
8,329
8,74
8,76
8,77
8,82
8,339
8,430
8,85
8,313
8,429
8,495
8,91
8,92
8,314
8,352
8,400
8,443
8,100
8,102
8,103
8,110
8,112
8,287
8,302
8,116
8,118
8,119
8,376
8,378
8,380
8,127
8,432
8,130
8,387
8,278
8,391
8,136
8,138
8,139
8,396
8,399
8,144
8,145
8,146
8,404
8,366
8,150
8,151
8,410
8,155
8,158
8,160
8,161
8,421
8,422
8,170
8,327
8,172
8,173
8,174
8,176
8,177
8,371
8,182
8,372
8,347
8,187
8,330
8,447
8,416
8,452
8,356
8,458
8,459
8,205
8,461
8,433
8,210
8,211
8,212
8,215
8,221
8,224
8,230
8,231
8,490
8,338
8,239
8,498
8,245
8,349
8,248
8,426
8,253
8,254
8,341
9,331
9,490
9,459
9,429
9,145
9,339
9,244
9,151
9,56
9,155
9,252
9,42
10,145
10,339
10,244
10,151
10,42
10,459
10,252
10,490
10,429
11,145
11,339
11,59
11,151
11,473
11,42
11,459
11,490
12,256
12,241
12,251
12,197
12,342
12,467
12,473
12,59
12,479
12,478
12,463
13,51
13,251
13,467
13,342
13,33
13,473
13,59
13,479
13,478
13,463
14,251
14,342
14,473
14,59
14,479
14,478
14,463
15,155
15,42
15,459
15,429
15,145
15,339
15,244
15,151
15,59
15,252
15,490
16,33
16,59
16,197
16,467
16,463
16,241
16,51
16,342
16,473
16,26
16,251
16,478
16,479
17,256
17,33
17,59
17,197
17,51
17,463
17,241
17,467
17,342
17,473
17,251
17,478
17,479
18,256
18,33
18,59
18,197
18,463
18,241
18,467
18,342
18,473
18,251
18,478
18,479
19,473
19,59
19,251
19,478
19,463
20,256
20,241
20,251
20,342
20,265
20,473
20,59
20,479
20,478
20,463
21,258
21,331
21,42
21,459
21,429
21,145
21,339
21,244
21,151
21,56
21,155
21,252
21,490
22,56
22,42
22,339
22,155
23,241
23,251
23,342
23,467
23,473
23,59
23,479
23,478
23,463
24,241
24,251
24,342
24,467
24,473
24,59
24,478
24,463
25,42
25,459
25,429
25,145
25,339
25,244
25,151
25,56
25,155
25,252
25,490
26,67
26,388
26,197
26,390
26,135
26,332
26,268
26,398
26,143
26,467
26,84
26,213
26,342
26,473
26,154
26,463
26,285
26,478
26,223
26,214
26,33
26,251
26,420
26,101
26,318
26,39
26,168
26,105
26,263
26,483
26,229
26,113
26,51
26,436
26,190
26,359
26,462
26,185
26,59
26,317
26,126
27,241
27,251
27,342
27,467
27,473
27,59
27,479
27,478
27,463
28,497
28,340
28,277
28,393
28,204
28,475
28,300
28,367
29,340
29,497
29,300
29,334
29,367
30,258
30,93
30,252
30,42
30,459
30,429
30,142
30,271
30,145
30,339
30,244
30,151
30,412
30,490
31,331
31,42
31,459
31,429
31,145
31,339
31,244
31,151
31,56
31,155
31,252
31,490
32,33
32,251
32,342
32,51
32,478
32,473
32,59
32,467
32,463
33,446
33,260
33,263
33,268
33,275
33,281
33,285
33,34
33,39
33,298
33,299
33,109
33,51
33,436
33,59
33,317
33,318
33,66
33,67
33,324
33,328
33,420
33,332
33,81
33,84
33,342
33,343
33,89
33,346
33,350
33,101
33,357
33,358
33,359
33,104
33,105
33,362
33,107
33,274
33,113
33,373
33,122
33,123
33,126
33,384
33,385
33,386
33,388
33,389
33,390
33,137
33,394
33,141
33,143
33,154
33,474
33,164
33,168
33,431
33,434
33,180
33,183
33,185
33,186
33,190
33,288
33,451
33,197
33,199
33,462
33,463
33,209
33,467
33,213
33,214
33,473
33,218
33,493
33,222
33,482
33,483
33,485
33,487
33,237
33,242
33,251
33,255
34,251
34,342
34,478
34,51
34,473
34,59
34,467
34,463
35,145
35,339
35,244
35,155
35,151
35,42
35,459
35,252
35,490
35,429
36,96
36,411
36,196
36,393
36,202
36,471
36,300
36,334
36,367
36,497
36,306
36,340
36,277
36,219
36,375
36,184
36,475
36,405
37,145
37,339
37,155
37,56
37,151
37,244
37,42
37,459
37,490
37,429
38,256
38,59
38,197
38,265
38,463
38,241
38,467
38,342
38,473
38,251
38,478
38,479
39,256
39,59
39,197
39,463
39,241
39,467
39,342
39,473
39,251
39,478
39,479
40,56
40,339
40,145
40,42
40,459
41,258
41,93
41,252
41,42
41,459
41,429
41,142
41,271
41,145
41,339
41,244
41,151
41,412
41,490
42,45
42,46
42,47
42,48
42,49
42,50
42,53
42,54
42,56
42,57
42,58
42,60
42,61
42,62
42,63
42,64
42,65
42,69
42,70
42,71
42,72
42,73
42,74
42,76
42,77
42,78
42,79
42,82
42,85
42,87
42,88
42,91
42,92
42,93
42,94
42,95
42,99
42,100
42,102
42,103
42,106
42,110
42,111
42,112
42,115
42,116
42,118
42,119
42,120
42,121
42,127
42,128
42,129
42,130
42,131
42,134
42,136
42,138
42,139
42,142
42,144
42,145
42,146
42,149
42,150
42,151
42,155
42,157
42,158
42,159
42,160
42,161
42,165
42,166
42,167
42,169
42,170
42,171
42,172
42,173
42,174
42,176
42,177
42,178
42,182
42,187
42,194
42,198
42,203
42,205
42,207
42,210
42,211
42,212
42,215
42,216
42,221
42,224
42,225
42,228
42,230
42,231
42,234
42,239
42,240
42,244
42,245
42,247
42,248
42,250
42,252
42,253
42,254
42,257
42,258
42,259
42,262
42,264
42,266
42,271
42,273
42,276
42,278
42,279
42,280
42,282
42,287
42,290
42,292
42,297
42,301
42,302
42,304
42,305
42,308
42,310
42,312
42,313
42,314
42,322
42,323
42,327
42,329
42,330
42,331
42,338
42,339
42,341
42,345
42,347
42,348
42,349
42,352
42,353
42,355
42,356
42,364
42,365
42,366
42,369
42,370
42,371
42,372
42,376
42,378
42,379
42,380
42,387
42,391
42,392
42,395
42,396
42,399
42,400
42,403
42,404
42,407
42,408
42,410
42,412
42,413
42,414
42,415
42,416
42,418
42,421
42,422
42,425
42,426
42,429
42,430
42,432
42,433
42,435
42,437
42,440
42,442
42,443
42,444
42,447
42,448
42,449
42,452
42,454
42,457
42,458
42,459
42,461
42,464
42,466
42,470
42,472
42,477
42,480
42,488
42,489
42,490
42,492
42,494
42,495
42,496
42,498
42,499
43,251
43,467
43,473
43,59
43,478
43,463
44,204
44,393
44,236
44,140
44,334
44,367
44,497
44,147
44,340
44,277
44,300
44,184
44,201
44,475
45,497
45,459
45,429
45,334
45,463
45,145
45,339
45,340
45,151
45,473
45,59
45,490
46,145
46,339
46,155
46,56
46,459
46,429
47,257
47,331
47,459
47,429
47,145
47,339
47,244
47,151
47,56
47,155
47,252
47,490
48,145
48,339
48,151
48,459
48,490
48,429
49,331
49,459
49,429
49,145
49,339
49,244
49,151
49,56
49,155
49,252
49,490
50,145
50,339
50,459
50,151
51,385
51,260
51,390
51,263
51,394
51,268
51,398
51,143
51,274
51,451
51,89
51,154
51,288
51,420
51,214
51,298
51,299
51,285
51,436
51,185
51,59
51,317
51,190
51,66
51,67
51,324
51,453
51,332
51,462
51,463
51,141
51,467
51,84
51,213
51,342
51,446
51,473
51,474
51,357
51,98
51,101
51,359
51,104
51,105
51,107
51,113
51,242
51,318
51,122
51,251
51,126
52,256
52,59
52,197
52,265
52,463
52,241
52,467
52,342
52,217
52,473
52,251
52,478
52,479
53,145
53,339
53,151
53,459
53,490
54,145
54,339
54,59
54,151
54,473
54,459
54,490
54,334
55,473
55,59
55,251
55,478
55,463
56,262
56,429
56,273
56,276
56,279
56,432
56,290
56,305
56,313
56,314
56,302
56,322
56,323
56,69
56,70
56,327
56,329
56,330
56,331
56,76
56,338
56,339
56,430
56,85
56,57
56,495
56,91
56,92
56,349
56,400
56,356
56,103
56,110
56,371
56,372
56,119
56,387
56,278
56,392
56,139
56,396
56,144
56,145
56,146
56,404
56,150
56,151
56,410
56,155
56,158
56,160
56,161
56,170
56,173
56,174
56,176
56,177
56,182
56,116
56,287
56,74
56,447
56,452
56,458
56,459
56,205
56,254
56,210
56,212
56,221
56,480
56,230
56,231
56,490
56,239
56,244
56,245
56,248
56,136
56,252
56,253
56,264
56,341
57,155
57,459
57,429
57,145
57,339
57,244
57,151
57,473
57,59
57,490
58,145
58,339
58,490
58,151
58,459
58,429
58,59
59,62
59,66
59,67
59,75
59,79
59,80
59,81
59,83
59,84
59,85
59,86
59,87
59,89
59,90
59,97
59,98
59,100
59,101
59,103
59,104
59,105
59,107
59,109
59,113
59,117
59,120
59,122
59,123
59,124
59,125
59,126
59,132
59,133
59,135
59,137
59,141
59,143
59,148
59,153
59,154
59,156
59,159
59,162
59,163
59,164
59,165
59,167
59,168
59,169
59,175
59,180
59,183
59,185
59,186
59,188
59,189
59,190
59,192
59,193
59,195
59,197
59,199
59,200
59,206
59,208
59,209
59,213
59,214
59,217
59,218
59,222
59,223
59,226
59,227
59,229
59,233
59,234
59,237
59,238
59,241
59,242
59,243
59,246
59,247
59,251
59,255
59,256
59,260
59,263
59,265
59,266
59,267
59,268
59,272
59,274
59,275
59,278
59,281
59,283
59,284
59,285
59,286
59,288
59,289
59,292
59,295
59,298
59,299
59,301
59,303
59,307
59,309
59,310
59,311
59,317
59,318
59,319
59,320
59,324
59,325
59,326
59,328
59,332
59,333
59,335
59,336
59,337
59,338
59,342
59,343
59,346
59,348
59,350
59,351
59,354
59,355
59,357
59,358
59,359
59,361
59,362
59,363
59,365
59,368
59,373
59,374
59,377
59,381
59,383
59,384
59,385
59,386
59,387
59,388
59,389
59,390
59,394
59,397
59,398
59,402
59,403
59,406
59,409
59,414
59,416
59,417
59,418
59,420
59,423
59,427
59,428
59,431
59,434
59,435
59,436
59,439
59,441
59,442
59,445
59,446
59,448
59,451
59,452
59,453
59,455
59,457
59,462
59,463
59,464
59,465
59,467
59,468
59,469
59,473
59,474
59,476
59,478
59,479
59,481
59,482
59,483
59,484
59,485
59,486
59,487
59,491
59,493
59,495
60,145
60,339
60,151
60,459
60,252
60,490
60,429
61,145
61,339
61,151
61,459
61,490
62,497
62,145
62,339
62,151
62,459
62,334
63,145
63,339
63,490
63,151
63,459
63,429
64,145
64,339
64,459
64,151
65,145
65,339
65,151
65,459
65,490
66,251
66,473
66,467
66,463
67,251
67,473
67,467
67,463
68,497
68,147
68,340
68,277
68,393
68,204
68,475
68,300
68,334
68,367
69,145
69,339
69,155
69,459
69,151
69,490
70,257
70,331
70,459
70,429
70,145
70,339
70,244
70,151
70,155
70,252
70,490
71,145
71,339
71,244
71,490
71,151
71,459
71,429
72,258
72,331
72,459
72,429
72,145
72,339
72,244
72,151
72,155
72,252
72,490
73,145
73,339
73,151
73,459
73,490
73,429
74,490
74,459
74,429
74,145
74,339
74,244
74,151
74,155
74,252
75,251
75,342
75,467
75,473
75,479
75,478
75,463
76,145
76,339
76,155
76,459
76,151
76,490
77,145
77,339
77,151
77,459
77,490
78,145
78,339
78,151
78,459
78,252
78,490
78,429
79,145
79,339
79,244
79,151
79,459
79,252
79,490
79,429
80,241
80,251
80,342
80,467
80,473
80,478
80,463
81,256
81,197
81,463
81,241
81,467
81,342
81,473
81,251
81,478
81,479
82,145
82,339
82,459
83,241
83,251
83,342
83,467
83,473
83,478
83,463
84,256
84,197
84,463
84,241
84,467
84,342
84,473
84,251
84,478
84,479
85,459
85,429
85,334
85,145
85,339
85,244
85,151
85,155
85,490
86,473
86,478
86,463
86,251
87,145
87,339
87,151
87,459
88,145
88,339
88,151
88,459
88,252
88,490
88,429
89,251
89,342
89,467
89,473
89,478
89,463
90,241
90,251
90,342
90,467
90,473
90,479
90,265
90,478
90,463
91,339
91,155
92,331
92,490
92,459
92,429
92,145
92,339
92,244
92,151
92,155
92,252
93,258
93,459
93,429
93,499
93,145
93,339
93,151
93,412
93,252
93,490
94,145
94,339
94,151
94,459
94,490
95,145
95,339
95,151
95,459
95,490
95,429
96,497
96,411
96,340
96,277
96,184
96,475
96,300
96,334
96,367
97,256
97,384
97,197
97,265
97,463
97,241
97,467
97,342
97,473
97,251
97,478
97,479
98,473
98,251
98,463
99,145
99,339
99,151
99,459
99,429
100,155
100,459
100,429
100,334
100,145
100,339
100,151
100,473
100,252
100,490
101,467
101,463
101,241
101,342
101,473
101,251
101,478
101,479
102,145
102,339
102,244
102,490
102,151
102,459
102,429
103,459
103,429
103,145
103,339
103,244
103,151
103,473
103,155
103,252
103,490
104,251
104,473
104,463
105,251
105,473
105,467
105,463
106,145
106,339
106,151
106,459
106,490
107,251
107,473
107,467
107,463
108,497
108,340
108,277
108,334
108,300
109,256
109,241
109,251
109,342
109,467
109,473
109,479
109,478
109,463
110,258
110,331
110,459
110,429
110,145
110,339
110,244
110,151
110,155
110,252
110,490
111,145
111,339
111,244
111,155
111,151
111,459
111,252
111,490
111,429
112,145
112,339
112,244
112,151
112,459
112,252
112,490
112,429
113,251
113,478
113,342
113,473
113,479
113,467
113,463
114,497
114,340
114,277
114,393
114,475
114,300
114,334
114,367
115,145
115,258
115,339
115,244
115,151
115,459
115,252
115,490
115,429
116,145
116,339
116,155
116,151
116,244
116,459
116,490
116,429
117,241
117,251
117,342
117,473
117,479
117,478
117,463
118,145
118,339
118,244
118,151
118,459
118,252
118,490
118,429
119,331
119,459
119,429
119,145
119,339
119,244
119,151
119,155
119,252
119,490
120,145
120,459
120,300
120,334
120,367
120,497
120,339
120,340
120,277
120,463
120,151
120,473
121,145
121,339
121,151
121,459
121,490
122,251
122,342
122,478
122,473
122,479
122,467
122,463
123,251
123,342
123,467
123,473
123,478
123,463
124,241
124,251
124,342
124,467
124,473
124,479
124,478
124,463
125,473
125,478
125,342
125,251
126,463
126,241
126,467
126,342
126,473
126,251
126,478
126,479
127,145
127,339
127,155
127,151
127,244
127,459
127,252
127,490
127,429
128,145
128,339
128,151
128,459
128,252
128,490
128,429
129,145
129,339
129,151
129,459
129,490
129,429
130,145
130,339
130,244
130,151
130,459
130,252
130,490
130,429
131,145
131,339
131,151
131,459
131,490
131,429
132,256
132,384
132,197
132,265
132,463
132,241
132,467
132,342
132,473
132,251
132,478
132,479
133,251
133,342
133,467
133,473
133,478
133,463
134,145
134,339
134,151
134,459
134,490
134,429
135,256
135,197
135,463
135,241
135,467
135,342
135,473
135,251
135,478
135,479
136,145
136,339
136,155
136,244
136,459
136,151
136,490
136,429
137,251
137,342
137,467
137,473
137,478
137,463
138,258
138,331
138,459
138,429
138,145
138,339
138,244
138,151
138,155
138,252
138,490
139,339
139,155
139,145
139,459
139,429
140,321
140,261
140,405
140,393
140,204
140,334
140,344
140,147
140,340
140,277
140,152
140,475
140,291
140,294
140,360
140,236
140,367
140,497
140,306
140,179
140,181
140,300
140,184
140,315
140,382
140,191
141,251
141,473
141,463
142,258
142,459
142,499
142,429
142,271
142,145
142,339
142,151
142,412
142,347
142,252
142,490
143,256
143,197
143,463
143,241
143,467
143,342
143,473
143,251
143,478
143,479
144,331
144,490
144,459
144,429
144,145
144,339
144,244
144,151
144,155
144,252
145,146
145,149
145,150
145,151
145,155
145,157
145,158
145,159
145,160
145,161
145,165
145,166
145,169
145,170
145,171
145,172
145,173
145,174
145,176
145,177
145,178
145,182
145,187
145,194
145,198
145,203
145,205
145,207
145,210
145,211
145,215
145,216
145,221
145,224
145,225
145,228
145,230
145,231
145,234
145,239
145,240
145,244
145,245
145,247
145,248
145,250
145,252
145,253
145,254
145,257
145,258
145,259
145,262
145,264
145,266
145,271
145,273
145,276
145,278
145,279
145,280
145,282
145,287
145,290
145,297
145,301
145,302
145,304
145,305
145,308
145,310
145,312
145,313
145,314
145,323
145,327
145,329
145,330
145,331
145,338
145,339
145,341
145,345
145,347
145,348
145,349
145,352
145,353
145,355
145,356
145,364
145,365
145,366
145,369
145,370
145,371
145,372
145,376
145,378
145,379
145,380
145,387
145,391
145,392
145,395
145,399
145,403
145,404
145,407
145,408
145,410
145,412
145,413
145,414
145,415
145,416
145,418
145,421
145,422
145,425
145,426
145,429
145,430
145,432
145,433
145,435
145,437
145,440
145,442
145,443
145,444
145,447
145,448
145,449
145,452
145,454
145,457
145,458
145,459
145,461
145,464
145,466
145,470
145,472
145,477
145,480
145,488
145,489
145,490
145,492
145,494
145,495
145,496
145,498
145,499
146,459
146,429
146,339
146,244
146,151
146,155
146,252
146,490
147,321
147,261
147,405
147,204
147,344
147,340
147,277
147,152
147,219
147,291
147,294
147,360
147,382
147,300
147,367
147,497
147,306
147,179
147,181
147,393
147,315
147,475
147,191
148,256
148,241
148,251
148,342
148,467
148,473
148,479
148,478
148,463
149,339
149,151
149,459
149,490
149,429
150,459
150,429
150,339
150,244
150,151
150,155
150,252
150,490
151,155
151,157
151,158
151,159
151,160
151,161
151,165
151,166
151,169
151,170
151,172
151,173
151,174
151,176
151,177
151,178
151,182
151,187
151,194
151,198
151,203
151,205
151,207
151,211
151,215
151,216
151,221
151,224
151,225
151,228
151,230
151,231
151,234
151,239
151,240
151,244
151,248
151,250
151,252
151,253
151,254
151,257
151,258
151,259
151,262
151,264
151,266
151,271
151,276
151,278
151,279
151,280
151,282
151,287
151,290
151,297
151,301
151,302
151,304
151,308
151,310
151,312
151,313
151,314
151,323
151,327
151,330
151,331
151,338
151,339
151,341
151,345
151,347
151,348
151,352
151,353
151,355
151,356
151,364
151,365
151,366
151,369
151,370
151,371
151,372
151,378
151,379
151,380
151,387
151,391
151,392
151,395
151,399
151,403
151,404
151,407
151,408
151,410
151,412
151,413
151,414
151,415
151,416
151,418
151,421
151,422
151,425
151,426
151,429
151,430
151,432
151,433
151,435
151,437
151,440
151,442
151,443
151,444
151,448
151,449
151,452
151,454
151,457
151,458
151,459
151,461
151,464
151,466
151,470
151,472
151,477
151,480
151,488
151,489
151,490
151,492
151,494
151,495
151,499
152,450
152,204
152,236
152,334
152,367
152,497
152,340
152,277
152,393
152,300
152,475
153,256
153,241
153,251
153,197
153,342
153,467
153,473
153,479
153,478
153,463
154,256
154,197
154,467
154,463
154,241
154,342
154,473
154,251
154,478
154,479
155,259
155,262
155,392
155,258
155,273
155,276
155,279
155,432
155,290
155,305
155,348
155,301
155,304
155,314
155,323
155,327
155,331
155,173
155,338
155,339
155,430
155,313
155,356
155,349
155,400
155,443
155,302
155,378
155,380
155,387
155,391
155,404
155,366
155,495
155,158
155,160
155,161
155,421
155,425
155,170
155,429
155,174
155,176
155,177
155,371
155,182
155,440
155,372
155,347
155,287
155,330
155,447
155,452
155,458
155,459
155,461
155,254
155,210
155,211
155,212
155,215
155,221
155,230
155,231
155,490
155,239
155,498
155,244
155,245
155,248
155,250
155,252
155,253
155,264
155,341
156,241
156,251
156,342
156,473
156,478
156,463
157,339
157,244
157,459
157,252
157,490
157,429
158,459
158,429
158,339
158,244
158,252
158,490
159,339
159,473
159,459
160,331
160,459
160,429
160,339
160,244
160,252
160,490
161,339
161,459
161,490
161,429
162,241
162,251
162,342
162,473
162,479
162,478
162,463
163,251
163,342
163,467
163,473
163,478
163,463
164,241
164,251
164,342
164,467
164,473
164,478
164,463
165,339
165,473
165,459
165,334
166,258
166,339
166,244
166,459
166,252
166,490
166,429
167,339
167,340
167,334
168,256
168,197
168,265
168,463
168,241
168,467
168,342
168,473
168,251
168,478
168,479
169,258
169,339
169,473
169,459
169,490
169,334
169,429
170,258
170,331
170,459
170,429
170,339
170,244
170,252
170,490
171,339
171,429
171,459
172,339
172,459
172,490
172,429
173,490
173,459
173,429
173,339
173,244
173,341
174,339
174,459
174,490
174,429
175,473
175,478
175,463
175,251
176,339
176,490
176,459
176,429
177,459
177,429
177,339
177,244
177,252
177,490
178,339
178,459
178,490
178,429
179,204
179,393
179,236
179,334
179,367
179,497
179,340
179,277
179,300
179,184
179,475
180,251
180,473
180,478
180,463
181,497
181,340
181,277
181,300
181,393
181,236
181,475
181,204
181,367
182,459
182,429
182,339
182,244
182,252
182,490
183,251
183,342
183,473
183,478
183,463
184,321
184,424
184,261
184,360
184,202
184,334
184,340
184,277
184,471
184,219
184,393
184,291
184,294
184,296
184,300
184,460
184,367
184,497
184,306
184,375
184,315
184,411
184,382
184,405
185,256
185,197
185,463
185,241
185,467
185,342
185,473
185,251
185,478
185,479
186,251
186,478
186,342
186,473
186,467
186,463
187,339
187,244
187,459
187,252
187,490
187,429
188,241
188,251
188,197
188,342
188,467
188,473
188,479
188,478
188,463
189,251
189,342
189,473
189,478
189,463
190,251
190,342
190,478
190,473
190,479
190,467
190,463
191,450
191,204
191,236
191,334
191,367
191,497
191,340
191,277
191,393
191,300
191,475
192,241
192,251
192,342
192,473
192,479
192,478
192,463
193,241
193,251
193,342
193,467
193,473
193,479
193,478
193,463
194,258
194,339
194,459
194,252
194,490
195,251
195,342
195,473
195,478
195,463
196,497
196,340
196,202
196,411
196,300
196,334
196,367
197,256
197,384
197,386
197,409
197,265
197,388
197,275
197,217
197,420
197,436
197,431
197,311
197,223
197,445
197,318
197,417
197,328
197,268
197,462
197,463
197,467
197,342
197,473
197,474
197,478
197,479
197,226
197,229
197,483
197,241
197,242
197,446
197,251
197,381
197,255
198,339
198,244
198,459
198,490
198,429
199,251
199,342
199,473
199,478
199,463
200,251
200,342
200,473
200,479
200,478
200,463
201,497
201,340
201,382
201,300
201,334
201,367
202,475
202,393
202,300
202,334
202,367
202,497
202,340
202,277
202,219
202,375
202,411
203,331
203,258
203,339
203,244
203,459
203,252
203,490
203,429
204,321
204,450
204,424
204,261
204,360
204,405
204,300
204,269
204,291
204,344
204,340
204,277
204,367
204,220
204,475
204,294
204,296
204,235
204,236
204,497
204,306
204,438
204,393
204,315
204,382
205,339
205,244
205,490
205,459
205,429
206,473
206,251
206,478
206,463
207,339
207,459
208,251
208,342
208,473
208,478
208,463
209,251
209,342
209,467
209,473
209,479
209,478
209,463
210,339
210,429
210,459
211,339
211,459
211,490
211,429
212,339
212,341
213,251
213,342
213,451
213,478
213,473
213,467
213,463
214,251
214,342
214,467
214,473
214,479
214,478
214,463
215,258
215,459
215,429
215,339
215,244
215,252
215,490
216,339
216,459
217,251
217,467
217,473
217,445
217,478
217,463
218,251
218,342
218,467
218,241
218,473
218,479
218,478
218,463
219,475
219,393
219,300
219,334
219,367
219,497
219,340
219,277
219,411
220,497
220,340
220,277
220,393
220,475
220,300
220,334
220,367
221,339
221,459
221,490
221,429
222,251
222,342
222,467
222,473
222,478
222,463
223,256
223,384
223,265
223,463
223,241
223,467
223,342
223,473
223,251
223,478
223,479
224,339
224,459
225,258
225,339
225,244
225,459
225,252
225,490
225,429
226,256
226,241
226,251
226,342
226,467
226,473
226,479
226,478
226,463
227,251
227,342
227,473
227,479
227,478
227,463
228,339
228,459
228,252
228,490
228,429
229,256
229,384
229,265
229,463
229,241
229,467
229,342
229,473
229,251
229,478
229,479
230,258
230,331
230,459
230,429
230,339
230,244
230,252
230,490
231,258
231,331
231,459
231,429
231,339
231,244
231,252
231,490
232,497
232,340
232,277
232,475
232,300
232,367
233,473
233,342
233,463
233,251
234,339
234,459
234,490
235,497
235,340
235,277
235,393
235,475
235,300
235,367
236,393
236,315
236,261
236,294
236,360
236,306
236,497
236,340
236,300
236,475
236,382
236,277
237,251
237,342
237,467
237,241
237,473
237,479
237,478
237,463
238,251
238,342
238,473
238,479
238,478
238,463
239,331
239,459
239,429
239,339
239,244
239,252
239,490
240,258
240,339
240,459
240,252
240,490
240,429
241,409
241,263
241,265
241,275
241,388
241,474
241,298
241,303
241,307
241,309
241,311
241,318
241,319
241,326
241,328
241,268
241,420
241,332
241,482
241,342
241,354
241,357
241,358
241,359
241,361
241,368
241,381
241,383
241,384
241,386
241,389
241,398
241,281
241,417
241,283
241,423
241,427
241,431
241,436
241,439
241,445
241,446
241,462
241,463
241,467
241,468
241,469
241,473
241,476
241,478
241,479
241,336
241,483
241,486
241,337
241,491
241,272
241,242
241,246
241,251
241,255
242,256
242,463
242,467
242,342
242,473
242,251
242,478
242,479
243,473
243,340
243,334
243,497
244,259
244,264
244,392
244,258
244,279
244,280
244,290
244,301
244,313
244,314
244,495
244,330
244,331
244,312
244,338
244,339
244,341
244,429
244,271
244,356
244,380
244,387
244,391
244,407
244,404
244,366
244,421
244,425
244,430
244,371
244,414
244,440
244,372
244,347
244,287
244,416
244,458
244,459
244,461
244,472
244,490
244,426
244,443
244,499
244,250
244,252
244,253
244,254
245,339
245,459
246,251
246,342
246,467
246,473
246,479
246,478
246,463
247,300
247,334
247,367
247,497
247,339
247,340
247,277
247,463
247,473
248,339
248,459
248,252
248,490
248,429
249,497
249,475
249,340
249,277
249,367
250,258
250,339
250,459
250,252
250,490
250,429
251,255
251,256
251,260
251,263
251,265
251,267
251,268
251,272
251,274
251,275
251,281
251,283
251,284
251,285
251,286
251,288
251,289
251,295
251,298
251,299
251,303
251,307
251,309
251,311
251,317
251,318
251,319
251,320
251,324
251,325
251,326
251,328
251,332
251,333
251,335
251,336
251,337
251,342
251,343
251,346
251,350
251,351
251,354
251,357
251,358
251,359
251,361
251,362
251,363
251,368
251,373
251,374
251,377
251,381
251,383
251,384
251,385
251,386
251,388
251,389
251,390
251,394
251,397
251,398
251,402
251,406
251,409
251,417
251,420
251,423
251,427
251,428
251,431
251,434
251,436
251,439
251,441
251,445
251,446
251,451
251,453
251,455
251,462
251,463
251,465
251,467
251,468
251,469
251,473
251,474
251,476
251,478
251,479
251,481
251,482
251,483
251,484
251,485
251,486
251,487
251,491
251,493
252,259
252,264
252,258
252,472
252,279
252,280
252,290
252,433
252,257
252,301
252,313
252,314
252,323
252,495
252,331
252,312
252,338
252,339
252,356
252,271
252,370
252,372
252,379
252,380
252,387
252,391
252,407
252,366
252,412
252,421
252,425
252,429
252,430
252,414
252,440
252,347
252,287
252,330
252,416
252,458
252,459
252,461
252,464
252,466
252,348
252,490
252,443
252,499
252,253
252,254
253,331
253,459
253,429
253,339
253,490
254,257
254,331
254,459
254,429
254,339
254,490
255,256
255,265
255,463
255,467
255,342
255,473
255,478
255,479
256,386
256,388
256,268
256,275
256,409
256,491
256,417
256,420
256,263
256,311
256,445
256,318
256,326
256,328
256,439
256,332
256,462
256,463
256,337
256,469
256,436
256,473
256,474
256,476
256,478
256,483
256,358
256,423
256,468
256,446
256,381
257,258
257,440
257,459
257,429
257,339
257,330
257,443
257,490
258,259
258,271
258,412
258,413
258,287
258,421
258,391
258,429
258,499
258,414
258,312
258,314
258,443
258,459
258,440
258,338
258,339
258,331
258,347
258,490
258,492
258,370
259,459
259,429
259,339
259,490
260,473
260,467
260,463
261,393
261,334
261,367
261,497
261,340
261,277
261,300
261,475
262,339
262,459
263,463
263,467
263,342
263,473
263,478
263,479
264,459
264,429
264,339
264,490
265,386
265,417
265,463
265,467
265,342
265,409
265,473
265,283
265,476
265,474
265,478
265,479
265,303
265,311
265,445
265,381
266,339
266,340
266,334
266,473
266,490
266,459
267,473
267,463
267,342
268,463
268,467
268,342
268,473
268,478
268,479
269,497
269,340
269,277
269,393
269,475
269,300
269,334
269,367
270,497
270,475
270,340
270,277
270,367
271,459
271,429
271,499
271,339
271,412
271,490
272,342
272,473
272,479
272,478
272,463
273,339
273,459
274,478
274,342
274,473
274,479
274,467
274,463
275,463
275,467
275,342
275,473
275,478
275,479
276,339
276,459
276,490
276,429
277,300
277,401
277,405
277,411
277,291
277,293
277,294
277,497
277,296
277,306
277,438
277,393
277,315
277,475
277,321
277,424
277,456
277,460
277,334
277,419
277,340
277,471
277,344
277,360
277,367
277,375
277,382
278,339
278,473
278,459
279,331
279,459
279,429
279,339
279,490
280,339
280,490
280,459
280,429
281,342
281,467
281,473
281,479
281,478
281,463
282,339
282,459
282,490
282,429
283,342
283,467
283,473
283,479
283,478
283,463
284,473
284,478
284,463
285,478
285,342
285,473
285,479
285,467
285,463
286,473
286,478
286,342
287,331
287,459
287,429
287,339
287,490
288,473
288,463
289,342
289,473
289,478
289,463
290,331
290,459
290,429
290,334
290,339
290,490
291,393
291,334
291,367
291,497
291,340
291,300
291,475
292,339
292,473
292,459
293,497
293,340
293,393
293,475
293,300
293,334
293,367
294,393
294,334
294,367
294,497
294,340
294,300
294,475
295,342
295,467
295,473
295,479
295,478
295,463
296,497
296,340
296,393
296,475
296,300
296,334
296,367
297,339
297,459
297,490
298,342
298,467
298,473
298,479
298,478
298,463
299,467
299,342
299,473
299,478
299,463
300,393
300,401
300,411
300,306
300,438
300,315
300,316
300,475
300,321
300,424
300,360
300,456
300,375
300,334
300,419
300,340
300,471
300,344
300,355
300,367
300,497
300,460
300,382
300,405
301,459
301,429
301,339
301,490
302,339
302,490
302,459
302,429
303,342
303,473
303,463
303,478
303,479
304,339
304,459
304,490
304,429
305,339
305,490
305,429
305,459
306,393
306,334
306,367
306,497
306,340
306,475
307,342
307,467
307,473
307,479
307,478
307,463
308,339
308,459
309,342
309,467
309,473
309,479
309,478
309,463
310,497
310,339
310,473
310,459
310,334
311,463
311,467
311,342
311,473
311,478
311,479
312,339
312,459
312,490
312,429
313,490
313,459
313,429
313,339
314,459
314,429
314,339
314,490
315,393
315,334
315,367
315,497
315,340
315,475
316,497
316,367
316,340
316,334
317,451
317,473
317,467
317,463
318,463
318,467
318,342
318,473
318,478
318,479
319,342
319,467
319,473
319,479
319,478
319,463
320,473
320,478
320,463
321,393
321,334
321,367
321,497
321,340
321,475
322,339
322,459
322,429
323,339
323,459
323,490
323,429
324,342
324,478
324,473
324,467
324,463
325,342
325,473
325,478
325,463
326,342
326,467
326,473
326,479
326,478
326,463
327,339
327,459
328,463
328,467
328,342
328,473
328,478
328,479
329,339
329,459
330,331
330,490
330,459
330,429
330,339
331,412
331,421
331,429
331,440
331,443
331,495
331,458
331,459
331,339
331,347
331,490
332,463
332,467
332,342
332,473
332,478
332,479
333,342
333,473
333,478
333,463
334,475
334,411
334,457
334,393
334,452
334,448
334,424
334,456
334,375
334,460
334,340
334,471
334,348
334,355
334,438
334,360
334,367
334,497
334,382
334,405
335,342
335,473
335,478
335,463
336,342
336,473
336,479
336,478
336,463
337,342
337,467
337,473
337,479
337,478
337,463
338,459
338,429
338,339
338,490
339,341
339,345
339,347
339,348
339,349
339,352
339,353
339,355
339,356
339,364
339,365
339,366
339,369
339,370
339,371
339,372
339,376
339,378
339,379
339,380
339,387
339,391
339,392
339,395
339,396
339,399
339,400
339,403
339,404
339,407
339,408
339,410
339,412
339,413
339,414
339,415
339,416
339,418
339,421
339,422
339,425
339,426
339,429
339,430
339,432
339,433
339,435
339,437
339,440
339,442
339,443
339,444
339,447
339,448
339,449
339,452
339,454
339,457
339,458
339,459
339,461
339,464
339,466
339,470
339,472
339,477
339,480
339,488
339,489
339,490
339,492
339,494
339,495
339,496
339,498
339,499
340,401
340,411
340,457
340,438
340,393
340,475
340,450
340,424
340,360
340,456
340,375
340,419
340,471
340,344
340,355
340,367
340,497
340,460
340,382
340,405
341,459
341,429
341,490
341,447
342,469
342,389
342,479
342,394
342,481
342,343
342,446
342,357
342,354
342,493
342,358
342,359
342,361
342,362
342,363
342,483
342,445
342,368
342,374
342,420
342,478
342,383
342,384
342,385
342,386
342,491
342,390
342,388
342,397
342,398
342,482
342,402
342,439
342,409
342,485
342,474
342,417
342,423
342,427
342,428
342,431
342,434
342,436
342,373
342,487
342,441
342,462
342,463
342,467
342,468
342,377
342,473
342,465
342,476
342,486
342,381
343,467
343,473
343,478
343,463
344,497
344,393
344,475
344,367
345,459
345,490
345,429
346,473
346,463
347,459
347,429
347,490
348,459
348,429
348,473
348,490
349,459
350,473
350,463
351,473
351,478
351,463
352,459
353,459
354,473
354,479
354,478
354,463
355,459
355,463
355,497
355,473
356,490
356,459
356,429
357,467
357,473
357,479
357,478
357,463
358,467
358,473
358,479
358,478
358,463
359,463
359,467
359,473
359,478
359,479
360,393
360,367
360,497
360,475
361,467
361,473
361,478
361,463
362,467
362,473
362,479
362,478
362,463
363,473
363,467
363,463
364,459
365,459
365,490
366,459
366,490
366,429
367,401
367,411
367,438
367,393
367,475
367,424
367,456
367,375
367,471
367,497
367,460
367,382
367,405
368,467
368,473
368,479
368,478
368,463
369,459
369,490
370,459
370,490
370,429
371,459
371,490
371,429
372,459
372,429
372,490
373,467
373,473
373,479
373,478
373,463
374,473
374,478
374,463
375,411
375,393
375,497
375,475
376,459
377,473
377,479
377,478
377,463
378,459
378,490
379,459
379,490
379,429
380,459
380,490
380,429
381,463
381,467
381,473
381,478
381,479
382,393
382,497
382,475
383,467
383,473
383,479
383,478
383,463
384,479
384,386
384,463
384,467
384,473
384,445
384,478
385,478
385,473
385,479
385,467
385,463
386,463
386,467
386,473
386,478
386,479
387,459
387,429
387,490
388,463
388,467
388,473
388,478
388,479
389,467
389,473
389,479
389,478
389,463
390,478
390,473
390,467
390,463
391,459
391,429
391,490
392,490
392,459
392,429
393,401
393,405
393,411
393,419
393,438
393,475
393,450
393,424
393,460
393,471
393,497
394,467
394,473
394,479
394,478
394,463
395,459
396,459
397,473
397,479
397,478
397,463
398,467
398,473
398,478
398,463
399,459
401,497
401,475
402,473
402,478
402,463
403,459
404,490
404,459
404,429
405,497
405,475
406,473
406,478
406,463
407,459
407,490
407,429
408,459
408,490
409,463
409,467
409,473
409,478
409,479
410,459
410,490
411,475
411,497
412,490
412,459
412,499
412,440
413,459
413,490
414,459
414,490
414,429
415,459
415,490
415,429
416,459
416,429
416,473
416,490
417,463
417,467
417,473
417,478
417,479
418,473
418,459
419,497
419,475
420,463
420,467
420,473
420,478
420,479
421,459
421,429
421,490
422,459
422,490
422,429
423,467
423,473
423,479
423,478
423,463
424,497
424,475
425,459
425,490
425,429
426,459
426,490
426,429
427,473
427,478
427,463
428,473
428,463
429,472
429,432
429,496
429,466
429,495
429,498
429,430
429,454
429,499
429,440
429,447
429,459
429,458
429,461
429,464
429,433
429,437
429,470
429,488
429,490
429,494
429,443
430,490
430,459
431,467
431,473
431,478
431,463
432,490
432,459
433,459
433,490
434,467
434,473
434,479
434,478
434,463
435,473
435,459
435,490
436,463
436,467
436,473
436,478
436,479
437,459
437,490
438,497
438,475
439,467
439,473
439,479
439,478
439,463
440,459
440,490
441,467
441,473
441,479
441,478
441,463
442,473
442,459
443,459
443,490
444,459
445,463
445,467
445,473
445,478
445,479
446,463
446,467
446,473
446,478
446,479
447,459
448,473
448,459
448,490
449,459
449,490
450,497
450,475
451,473
451,463
452,459
452,473
452,490
453,473
453,463
454,459
454,490
455,473
455,478
455,463
456,497
456,475
457,497
457,459
457,473
457,463
458,459
458,490
459,461
459,464
459,466
459,470
459,472
459,477
459,480
459,488
459,489
459,490
459,492
459,494
459,495
459,496
459,498
459,499
460,497
460,475
461,490
462,463
462,467
462,473
462,478
462,479
463,465
463,467
463,468
463,469
463,473
463,474
463,476
463,478
463,479
463,481
463,482
463,483
463,484
463,485
463,486
463,487
463,491
463,493
464,473
464,490
465,473
465,479
465,478
466,490
467,469
467,479
467,482
467,478
467,473
467,485
467,491
467,474
467,468
467,476
467,483
468,473
468,479
468,478
469,473
469,479
469,478
470,490
471,497
471,475
472,490
473,474
473,476
473,478
473,479
473,481
473,482
473,483
473,484
473,485
473,486
473,487
473,491
473,493
474,478
474,479
475,497
476,479
476,478
478,479
478,481
478,482
478,483
478,484
478,485
478,486
478,487
478,491
478,493
479,482
479,483
479,491
479,485
479,486
488,490
489,490
490,494
490,495
490,496
490,499
