{"label": 2, "features": {"68": ["cc_5", "deg_4"], "21": ["cc_0", "deg_3"], "34": ["cc_0", "deg_5"], "58": ["cc_0", "deg_4"], "69": ["cc_0", "deg_2"], "42": ["cc_11", "deg_3"], "12": ["cc_4", "deg_6"], "66": ["cc_0", "deg_4"], "5": ["cc_0", "deg_4"], "61": ["cc_0", "deg_5"], "51": ["cc_5", "deg_4"], "24": ["cc_0", "deg_5"], "56": ["cc_0", "deg_3"], "55": ["cc_0", "deg_4"], "17": ["cc_3", "deg_5"], "22": ["cc_11", "deg_4"], "74": ["cc_3", "deg_5"], "59": ["cc_22", "deg_3"], "46": ["cc_0", "deg_5"], "37": ["cc_0", "deg_3"], "38": ["cc_0", "deg_6"], "81": ["cc_0", "deg_4"], "35": ["cc_0", "deg_2"], "47": ["cc_0", "deg_3"], "16": ["cc_10", "deg_5"], "65": ["cc_11", "deg_3"], "23": ["cc_0", "deg_4"], "7": ["cc_0", "deg_3"], "82": ["cc_5", "deg_4"], "29": ["cc_4", "deg_7"], "13": ["cc_0", "deg_2"], "6": ["cc_0", "deg_5"], "30": ["cc_0", "deg_4"], "14": ["cc_0", "deg_6"], "40": ["cc_0", "deg_4"], "33": ["cc_0", "deg_5"], "73": ["cc_11", "deg_4"], "76": ["cc_0", "deg_2"], "8": ["cc_11", "deg_3"], "44": ["cc_0", "deg_6"], "26": ["cc_0", "deg_5"], "43": ["cc_0", "deg_3"], "57": ["cc_0", "deg_4"], "20": ["cc_0", "deg_6"], "80": ["cc_0", "deg_3"], "70": ["cc_0", "deg_5"], "84": ["cc_0", "deg_3"], "53": ["cc_0", "deg_3"], "1": ["cc_3", "deg_5"], "54": ["cc_0", "deg_3"], "41": ["cc_6", "deg_6"], "4": ["cc_0", "deg_6"], "39": ["cc_0", "deg_3"], "28": ["cc_0", "deg_3"], "25": ["cc_0", "deg_5"], "78": ["cc_0", "deg_4"], "3": ["cc_33", "deg_2"], "64": ["cc_0", "deg_5"], "72": ["cc_2", "deg_6"], "19": ["cc_0", "deg_5"], "62": ["cc_0", "deg_2"], "11": ["cc_2", "deg_6"], "18": ["cc_0", "deg_3"], "67": ["cc_5", "deg_4"], "2": ["cc_0", "deg_3"], "9": ["cc_5", "deg_4"], "27": ["cc_0", "deg_4"], "15": ["cc_5", "deg_4"], "71": ["cc_0", "deg_4"], "0": ["cc_0", "deg_6"], "63": ["cc_0", "deg_2"], "32": ["cc_33", "deg_2"], "45": ["cc_0", "deg_3"], "36": ["cc_0", "deg_3"], "83": ["cc_0", "deg_3"], "48": ["cc_0", "deg_4"], "79": ["cc_11", "deg_3"], "77": ["cc_0", "deg_5"], "10": ["cc_3", "deg_5"], "85": ["cc_0", "deg_3"], "31": ["cc_0", "deg_3"], "75": ["cc_0", "deg_4"], "50": ["cc_0", "deg_4"], "60": ["cc_0", "deg_5"], "52": ["cc_3", "deg_5"], "49": ["cc_0", "deg_2"]}, "edges": [[0, 1], [0, 67], [0, 85], [0, 25], [0, 82], [0, 30], [1, 18], [1, 52], [1, 9], [1, 46], [2, 81], [2, 5], [2, 38], [3, 16], [3, 41], [4, 40], [4, 72], [4, 58], [4, 60], [4, 77], [4, 46], [5, 64], [5, 34], [5, 61], [6, 33], [6, 54], [6, 11], [6, 44], [6, 15], [7, 48], [7, 58], [7, 14], [8, 72], [8, 82], [8, 52], [9, 52], [9, 40], [9, 44], [10, 33], [10, 22], [10, 74], [10, 59], [10, 61], [11, 17], [11, 35], [11, 68], [11, 43], [11, 46], [12, 16], [12, 49], [12, 41], [12, 28], [12, 60], [12, 42], [13, 24], [13, 44], [14, 50], [14, 62], [14, 43], [14, 29], [14, 78], [15, 32], [15, 51], [15, 58], [16, 23], [16, 41], [16, 42], [17, 68], [17, 53], [17, 38], [17, 57], [18, 66], [18, 20], [19, 33], [19, 55], [19, 72], [19, 77], [19, 47], [20, 81], [20, 37], [20, 56], [20, 74], [20, 28], [21, 68], [21, 54], [21, 55], [22, 41], [22, 59], [22, 26], [23, 64], [23, 36], [23, 61], [24, 82], [24, 34], [24, 25], [24, 60], [25, 56], [25, 77], [25, 79], [26, 50], [26, 43], [26, 75], [26, 77], [27, 60], [27, 57], [27, 28], [27, 77], [29, 65], [29, 67], [29, 69], [29, 73], [29, 79], [29, 74], [30, 64], [30, 80], [30, 41], [31, 80], [31, 48], [31, 47], [32, 51], [33, 51], [33, 65], [34, 35], [34, 71], [34, 75], [36, 70], [36, 44], [37, 48], [37, 38], [38, 71], [38, 40], [38, 85], [39, 54], [39, 71], [39, 75], [40, 50], [41, 59], [42, 53], [44, 81], [44, 63], [45, 64], [45, 49], [45, 46], [46, 50], [47, 85], [48, 61], [51, 72], [52, 64], [52, 78], [53, 69], [55, 57], [55, 63], [56, 83], [57, 70], [58, 84], [60, 66], [61, 66], [62, 70], [65, 67], [66, 75], [67, 76], [68, 78], [70, 83], [70, 72], [71, 74], [72, 82], [73, 80], [73, 74], [73, 79], [76, 84], [78, 83], [81, 84]]}