{"label": 0, "edges": [[0, 1], [0, 2], [0, 83], [0, 82], [1, 83], [1, 2], [1, 3], [2, 3], [2, 4], [3, 4], [3, 5], [3, 44], [4, 5], [4, 6], [5, 6], [5, 7], [6, 8], [6, 7], [7, 8], [7, 9], [8, 9], [8, 10], [9, 10], [9, 11], [10, 11], [10, 12], [10, 21], [11, 12], [11, 13], [12, 13], [12, 14], [12, 61], [13, 14], [13, 15], [14, 16], [14, 15], [15, 17], [15, 42], [16, 17], [16, 67], [17, 19], [17, 77], [18, 19], [18, 20], [19, 20], [19, 21], [19, 81], [19, 69], [20, 26], [20, 21], [20, 22], [21, 32], [22, 24], [22, 77], [22, 23], [23, 24], [23, 25], [24, 25], [24, 26], [25, 26], [25, 27], [26, 27], [27, 28], [27, 29], [28, 29], [28, 30], [29, 30], [29, 31], [30, 32], [30, 31], [31, 32], [31, 33], [32, 33], [32, 34], [33, 34], [33, 35], [34, 35], [34, 36], [35, 80], [35, 36], [35, 37], [36, 37], [36, 38], [36, 43], [36, 62], [37, 38], [37, 39], [38, 40], [38, 39], [39, 40], [39, 41], [40, 41], [40, 42], [41, 42], [41, 43], [42, 43], [42, 44], [43, 45], [44, 45], [45, 46], [45, 47], [46, 48], [46, 47], [47, 48], [47, 49], [48, 49], [48, 50], [49, 50], [49, 51], [50, 51], [50, 52], [51, 52], [51, 53], [52, 53], [52, 54], [53, 66], [53, 54], [53, 58], [54, 56], [54, 55], [55, 56], [55, 57], [56, 57], [56, 58], [56, 60], [57, 58], [57, 59], [58, 59], [58, 60], [59, 60], [59, 61], [60, 61], [61, 62], [62, 64], [63, 64], [63, 65], [64, 65], [64, 66], [65, 66], [65, 67], [66, 67], [67, 68], [67, 69], [68, 69], [68, 70], [69, 71], [70, 72], [70, 71], [71, 72], [71, 73], [72, 73], [72, 74], [73, 74], [73, 75], [74, 75], [74, 76], [75, 76], [75, 77], [76, 77], [76, 78], [77, 78], [78, 80], [78, 79], [79, 80], [79, 81], [80, 82], [81, 83], [82, 83]], "features": {"27": ["cc_11", "deg_4"], "35": ["cc_10", "deg_5"], "43": ["cc_5", "deg_4"], "47": ["cc_16", "deg_4"], "83": ["cc_11", "deg_4"], "32": ["cc_10", "deg_5"], "56": ["cc_13", "deg_5"], "77": ["cc_6", "deg_5"], "9": ["cc_16", "deg_4"], "33": ["cc_16", "deg_4"], "48": ["cc_16", "deg_4"], "55": ["cc_22", "deg_3"], "0": ["cc_16", "deg_4"], "2": ["cc_16", "deg_4"], "18": ["cc_33", "deg_2"], "5": ["cc_16", "deg_4"], "76": ["cc_16", "deg_4"], "14": ["cc_11", "deg_4"], "81": ["cc_0", "deg_3"], "38": ["cc_16", "deg_4"], "73": ["cc_16", "deg_4"], "44": ["cc_0", "deg_3"], "39": ["cc_16", "deg_4"], "82": ["cc_11", "deg_3"], "3": ["cc_10", "deg_5"], "68": ["cc_11", "deg_3"], "28": ["cc_22", "deg_3"], "51": ["cc_16", "deg_4"], "23": ["cc_22", "deg_3"], "19": ["cc_4", "deg_6"], "61": ["cc_5", "deg_4"], "34": ["cc_16", "deg_4"], "75": ["cc_16", "deg_4"], "11": ["cc_16", "deg_4"], "72": ["cc_16", "deg_4"], "17": ["cc_0", "deg_4"], "12": ["cc_10", "deg_5"], "25": ["cc_16", "deg_4"], "24": ["cc_16", "deg_4"], "62": ["cc_0", "deg_3"], "59": ["cc_16", "deg_4"], "69": ["cc_5", "deg_4"], "22": ["cc_5", "deg_4"], "60": ["cc_16", "deg_4"], "70": ["cc_11", "deg_3"], "65": ["cc_16", "deg_4"], "71": ["cc_11", "deg_4"], "15": ["cc_5", "deg_4"], "4": ["cc_16", "deg_4"], "78": ["cc_11", "deg_4"], "80": ["cc_5", "deg_4"], "37": ["cc_16", "deg_4"], "45": ["cc_5", "deg_4"], "42": ["cc_6", "deg_5"], "30": ["cc_16", "deg_4"], "31": ["cc_16", "deg_4"], "66": ["cc_11", "deg_4"], "36": ["cc_6", "deg_6"], "67": ["cc_6", "deg_5"], "57": ["cc_16", "deg_4"], "53": ["cc_6", "deg_5"], "10": ["cc_10", "deg_5"], "49": ["cc_16", "deg_4"], "1": ["cc_16", "deg_4"], "46": ["cc_22", "deg_3"], "79": ["cc_11", "deg_3"], "26": ["cc_11", "deg_4"], "40": ["cc_16", "deg_4"], "41": ["cc_16", "deg_4"], "20": ["cc_6", "deg_5"], "29": ["cc_16", "deg_4"], "52": ["cc_16", "deg_4"], "58": ["cc_13", "deg_5"], "63": ["cc_33", "deg_2"], "64": ["cc_11", "deg_4"], "74": ["cc_16", "deg_4"], "13": ["cc_16", "deg_4"], "6": ["cc_16", "deg_4"], "7": ["cc_16", "deg_4"], "50": ["cc_16", "deg_4"], "8": ["cc_16", "deg_4"], "16": ["cc_0", "deg_3"], "54": ["cc_11", "deg_4"], "21": ["cc_5", "deg_4"]}}