{"label": 0, "features": {"47": ["cc_11", "deg_4"], "21": ["cc_22", "deg_3"], "34": ["cc_16", "deg_4"], "41": ["cc_10", "deg_5"], "4": ["cc_11", "deg_4"], "42": ["cc_11", "deg_4"], "12": ["cc_11", "deg_4"], "28": ["cc_11", "deg_4"], "5": ["cc_0", "deg_4"], "3": ["cc_10", "deg_5"], "24": ["cc_5", "deg_4"], "19": ["cc_11", "deg_4"], "36": ["cc_6", "deg_5"], "17": ["cc_16", "deg_4"], "11": ["cc_16", "deg_4"], "22": ["cc_16", "deg_4"], "18": ["cc_16", "deg_4"], "2": ["cc_11", "deg_4"], "46": ["cc_33", "deg_2"], "37": ["cc_5", "deg_4"], "38": ["cc_5", "deg_4"], "9": ["cc_22", "deg_3"], "27": ["cc_3", "deg_5"], "35": ["cc_16", "deg_4"], "1": ["cc_11", "deg_3"], "16": ["cc_16", "deg_4"], "25": ["cc_0", "deg_4"], "7": ["cc_11", "deg_3"], "39": ["cc_6", "deg_5"], "0": ["cc_3", "deg_5"], "29": ["cc_22", "deg_3"], "13": ["cc_5", "deg_4"], "6": ["cc_3", "deg_5"], "30": ["cc_16", "deg_4"], "14": ["cc_11", "deg_3"], "32": ["cc_10", "deg_5"], "45": ["cc_5", "deg_4"], "10": ["cc_16", "deg_4"], "33": ["cc_16", "deg_4"], "23": ["cc_11", "deg_4"], "48": ["cc_6", "deg_5"], "40": ["cc_16", "deg_4"], "8": ["cc_11", "deg_4"], "44": ["cc_11", "deg_4"], "31": ["cc_10", "deg_5"], "26": ["cc_11", "deg_3"], "43": ["cc_11", "deg_4"], "20": ["cc_11", "deg_4"], "15": ["cc_11", "deg_4"], "49": ["cc_0", "deg_3"]}, "edges": [[0, 48], [0, 49], [0, 2], [0, 5], [0, 47], [1, 49], [1, 2], [1, 3], [2, 3], [2, 4], [3, 4], [3, 5], [3, 44], [4, 44], [4, 6], [5, 6], [5, 25], [6, 8], [6, 27], [6, 7], [7, 8], [7, 49], [8, 9], [8, 10], [9, 10], [9, 11], [10, 11], [10, 12], [11, 12], [11, 13], [12, 13], [12, 14], [13, 38], [13, 15], [14, 16], [14, 15], [15, 16], [15, 17], [16, 17], [16, 18], [17, 18], [17, 19], [18, 19], [18, 20], [19, 20], [19, 41], [20, 21], [20, 22], [21, 22], [21, 23], [22, 24], [22, 23], [23, 24], [23, 27], [24, 25], [24, 26], [25, 48], [25, 27], [26, 27], [26, 28], [27, 28], [28, 29], [28, 30], [29, 30], [29, 31], [30, 32], [30, 31], [31, 32], [31, 33], [31, 37], [32, 33], [32, 34], [32, 45], [33, 34], [33, 35], [34, 35], [34, 36], [35, 36], [35, 37], [36, 42], [36, 37], [36, 38], [37, 39], [38, 40], [38, 39], [39, 40], [39, 41], [39, 48], [40, 41], [40, 42], [41, 42], [41, 43], [42, 43], [43, 44], [43, 45], [44, 45], [45, 47], [46, 48], [46, 47], [47, 48]]}