{"label": 2, "features": {"53": ["cc_3", "deg_5"], "47": ["cc_5", "deg_4"], "68": ["cc_5", "deg_4"], "21": ["cc_0", "deg_2"], "34": ["cc_0", "deg_4"], "67": ["cc_3", "deg_5"], "41": ["cc_0", "deg_3"], "4": ["cc_0", "deg_2"], "42": ["cc_0", "deg_3"], "12": ["cc_0", "deg_6"], "28": ["cc_0", "deg_5"], "66": ["cc_5", "deg_4"], "5": ["cc_0", "deg_3"], "65": ["cc_0", "deg_3"], "61": ["cc_0", "deg_3"], "3": ["cc_0", "deg_5"], "64": ["cc_0", "deg_3"], "51": ["cc_0", "deg_3"], "24": ["cc_0", "deg_4"], "56": ["cc_0", "deg_5"], "55": ["cc_0", "deg_7"], "19": ["cc_0", "deg_2"], "54": ["cc_0", "deg_3"], "36": ["cc_11", "deg_3"], "17": ["cc_0", "deg_5"], "11": ["cc_0", "deg_4"], "22": ["cc_0", "deg_2"], "71": ["cc_0", "deg_4"], "18": ["cc_0", "deg_6"], "59": ["cc_11", "deg_3"], "2": ["cc_0", "deg_4"], "46": ["cc_0", "deg_4"], "37": ["cc_2", "deg_6"], "38": ["cc_2", "deg_6"], "73": ["cc_0", "deg_5"], "78": ["cc_0", "deg_3"], "9": ["cc_0", "deg_2"], "27": ["cc_0", "deg_4"], "58": ["cc_0", "deg_3"], "35": ["cc_0", "deg_3"], "1": ["cc_0", "deg_4"], "16": ["cc_0", "deg_2"], "25": ["cc_0", "deg_4"], "7": ["cc_0", "deg_3"], "39": ["cc_0", "deg_3"], "0": ["cc_0", "deg_4"], "29": ["cc_0", "deg_3"], "63": ["cc_0", "deg_5"], "13": ["cc_0", "deg_5"], "6": ["cc_0", "deg_3"], "30": ["cc_0", "deg_4"], "14": ["cc_5", "deg_4"], "32": ["cc_0", "deg_2"], "45": ["cc_0", "deg_4"], "10": ["cc_0", "deg_5"], "33": ["cc_0", "deg_5"], "23": ["cc_0", "deg_5"], "69": ["cc_0", "deg_3"], "76": ["cc_1", "deg_7"], "48": ["cc_0", "deg_5"], "79": ["cc_0", "deg_4"], "77": ["cc_11", "deg_3"], "40": ["cc_1", "deg_8"], "72": ["cc_0", "deg_4"], "8": ["cc_2", "deg_6"], "44": ["cc_0", "deg_3"], "31": ["cc_0", "deg_4"], "75": ["cc_0", "deg_2"], "26": ["cc_5", "deg_4"], "43": ["cc_1", "deg_7"], "57": ["cc_0", "deg_4"], "20": ["cc_0", "deg_4"], "50": ["cc_0", "deg_3"], "62": ["cc_0", "deg_5"], "60": ["cc_0", "deg_2"], "52": ["cc_5", "deg_4"], "15": ["cc_0", "deg_4"], "74": ["cc_0", "deg_5"], "70": ["cc_5", "deg_4"], "49": ["cc_0", "deg_5"]}, "edges": [[0, 5], [0, 62], [0, 28], [0, 18], [1, 33], [1, 58], [1, 76], [1, 45], [2, 34], [2, 39], [2, 55], [2, 11], [3, 48], [3, 54], [3, 25], [3, 28], [3, 14], [4, 57], [4, 65], [5, 45], [5, 69], [6, 24], [6, 62], [6, 7], [7, 43], [7, 12], [8, 51], [8, 40], [8, 26], [8, 47], [8, 45], [8, 31], [9, 76], [9, 30], [10, 16], [10, 34], [10, 55], [10, 73], [10, 63], [11, 22], [11, 12], [11, 13], [12, 40], [12, 42], [12, 46], [12, 63], [13, 17], [13, 50], [13, 38], [13, 15], [14, 36], [14, 53], [14, 79], [15, 33], [15, 66], [15, 58], [16, 74], [17, 18], [17, 69], [17, 42], [17, 44], [18, 20], [18, 48], [18, 68], [18, 29], [19, 56], [19, 78], [20, 33], [20, 45], [20, 63], [21, 76], [21, 55], [22, 46], [23, 40], [23, 27], [23, 44], [23, 78], [23, 62], [24, 28], [24, 61], [24, 47], [25, 74], [25, 53], [25, 37], [26, 52], [26, 75], [26, 47], [27, 38], [27, 28], [27, 63], [28, 42], [29, 40], [29, 79], [30, 48], [30, 64], [30, 46], [31, 67], [31, 71], [31, 73], [32, 34], [32, 38], [33, 35], [33, 78], [34, 49], [35, 37], [35, 41], [36, 70], [36, 53], [37, 56], [37, 54], [37, 38], [37, 40], [38, 72], [38, 40], [39, 51], [39, 67], [40, 49], [40, 70], [41, 64], [41, 74], [43, 64], [43, 65], [43, 52], [43, 57], [43, 71], [43, 77], [44, 49], [46, 49], [47, 71], [48, 55], [48, 53], [49, 77], [50, 72], [50, 74], [51, 52], [52, 77], [53, 66], [54, 73], [55, 71], [55, 57], [55, 62], [56, 65], [56, 58], [56, 63], [57, 76], [59, 74], [59, 67], [59, 66], [60, 61], [60, 62], [61, 73], [66, 67], [67, 68], [68, 76], [68, 70], [69, 79], [70, 76], [72, 73], [72, 76], [75, 79]]}