{"label": 0, "edges": [[0, 1], [0, 2], [0, 54], [0, 55], [1, 17], [1, 3], [1, 55], [2, 3], [2, 4], [3, 4], [3, 5], [4, 19], [4, 6], [5, 6], [5, 7], [6, 8], [6, 7], [7, 20], [7, 54], [7, 8], [8, 9], [8, 25], [9, 10], [9, 11], [10, 11], [10, 55], [11, 12], [11, 13], [12, 13], [12, 14], [13, 14], [13, 15], [14, 16], [14, 52], [14, 21], [14, 15], [15, 16], [15, 17], [16, 18], [16, 37], [16, 26], [17, 18], [17, 19], [18, 19], [18, 20], [19, 20], [19, 21], [20, 51], [20, 22], [21, 22], [22, 52], [22, 23], [23, 24], [23, 27], [24, 25], [24, 26], [24, 34], [25, 26], [25, 27], [26, 27], [27, 28], [27, 29], [27, 46], [28, 29], [28, 30], [29, 40], [29, 30], [30, 32], [30, 31], [31, 32], [31, 33], [32, 33], [32, 34], [33, 34], [33, 35], [34, 48], [35, 36], [35, 37], [36, 37], [36, 38], [37, 51], [37, 38], [38, 40], [38, 39], [39, 40], [39, 41], [40, 41], [40, 42], [41, 42], [41, 43], [42, 43], [42, 44], [43, 44], [43, 45], [44, 45], [44, 46], [45, 46], [45, 47], [46, 48], [47, 48], [47, 49], [48, 49], [48, 50], [49, 50], [49, 51], [50, 51], [50, 52], [51, 52], [51, 53], [52, 54], [53, 54], [53, 55]], "features": {"27": ["cc_4", "deg_6"], "35": ["cc_11", "deg_3"], "43": ["cc_16", "deg_4"], "47": ["cc_11", "deg_3"], "32": ["cc_16", "deg_4"], "9": ["cc_11", "deg_3"], "33": ["cc_11", "deg_4"], "48": ["cc_6", "deg_5"], "55": ["cc_5", "deg_4"], "0": ["cc_5", "deg_4"], "2": ["cc_11", "deg_3"], "18": ["cc_11", "deg_4"], "5": ["cc_11", "deg_3"], "14": ["cc_6", "deg_6"], "38": ["cc_11", "deg_4"], "44": ["cc_16", "deg_4"], "39": ["cc_22", "deg_3"], "3": ["cc_5", "deg_4"], "28": ["cc_22", "deg_3"], "51": ["cc_4", "deg_6"], "23": ["cc_0", "deg_3"], "19": ["cc_6", "deg_5"], "34": ["cc_5", "deg_4"], "11": ["cc_11", "deg_4"], "17": ["cc_5", "deg_4"], "12": ["cc_22", "deg_3"], "25": ["cc_11", "deg_4"], "24": ["cc_5", "deg_4"], "22": ["cc_0", "deg_4"], "15": ["cc_11", "deg_4"], "4": ["cc_5", "deg_4"], "37": ["cc_6", "deg_5"], "45": ["cc_11", "deg_4"], "42": ["cc_16", "deg_4"], "30": ["cc_11", "deg_4"], "31": ["cc_22", "deg_3"], "36": ["cc_22", "deg_3"], "53": ["cc_0", "deg_3"], "10": ["cc_11", "deg_3"], "49": ["cc_16", "deg_4"], "1": ["cc_5", "deg_4"], "46": ["cc_5", "deg_4"], "26": ["cc_11", "deg_4"], "40": ["cc_10", "deg_5"], "41": ["cc_16", "deg_4"], "20": ["cc_3", "deg_5"], "29": ["cc_11", "deg_4"], "52": ["cc_3", "deg_5"], "13": ["cc_16", "deg_4"], "6": ["cc_11", "deg_4"], "7": ["cc_6", "deg_5"], "50": ["cc_16", "deg_4"], "8": ["cc_5", "deg_4"], "16": ["cc_3", "deg_5"], "54": ["cc_0", "deg_4"], "21": ["cc_0", "deg_3"]}}