{"label": 2, "features": {"1": ["cc_5", "deg_4"], "16": ["cc_6", "deg_7"], "4": ["cc_0", "deg_3"], "21": ["cc_0", "deg_2"], "32": ["cc_0", "deg_5"], "7": ["cc_0", "deg_5"], "25": ["cc_0", "deg_3"], "0": ["cc_0", "deg_4"], "12": ["cc_0", "deg_6"], "29": ["cc_0", "deg_3"], "28": ["cc_22", "deg_3"], "13": ["cc_6", "deg_5"], "6": ["cc_5", "deg_4"], "30": ["cc_0", "deg_4"], "5": ["cc_22", "deg_3"], "3": ["cc_3", "deg_5"], "24": ["cc_5", "deg_4"], "23": ["cc_0", "deg_3"], "27": ["cc_0", "deg_4"], "19": ["cc_0", "deg_4"], "10": ["cc_0", "deg_2"], "17": ["cc_0", "deg_2"], "11": ["cc_4", "deg_7"], "22": ["cc_0", "deg_2"], "18": ["cc_0", "deg_3"], "31": ["cc_0", "deg_2"], "2": ["cc_22", "deg_3"], "26": ["cc_1", "deg_7"], "20": ["cc_0", "deg_5"], "14": ["cc_4", "deg_7"], "9": ["cc_0", "deg_3"], "8": ["cc_0", "deg_3"], "15": ["cc_3", "deg_5"]}, "edges": [[0, 16], [0, 17], [0, 4], [0, 25], [1, 2], [1, 20], [1, 5], [1, 13], [2, 5], [2, 24], [3, 4], [3, 6], [3, 9], [3, 26], [3, 11], [4, 20], [5, 24], [6, 19], [6, 13], [6, 14], [7, 24], [7, 20], [7, 8], [7, 9], [7, 30], [8, 19], [8, 21], [9, 14], [10, 32], [10, 23], [11, 16], [11, 20], [11, 28], [11, 26], [11, 12], [11, 14], [12, 32], [12, 22], [12, 23], [12, 27], [12, 15], [13, 16], [13, 24], [13, 14], [14, 16], [14, 18], [14, 22], [15, 16], [15, 31], [15, 28], [15, 29], [16, 32], [16, 28], [17, 30], [18, 32], [18, 27], [19, 26], [19, 29], [20, 25], [21, 30], [23, 26], [25, 26], [26, 32], [26, 30], [27, 29], [27, 31]]}