{"label": 0, "edges": [[0, 56], [0, 1], [1, 2], [1, 27], [2, 3], [3, 4], [4, 35], [4, 50], [5, 6], [6, 50], [7, 8], [8, 9], [8, 31], [9, 45], [9, 54], [10, 22], [11, 33], [12, 28], [13, 14], [14, 15], [15, 16], [15, 51], [16, 56], [17, 18], [18, 19], [19, 20], [20, 47], [21, 22], [22, 46], [22, 23], [23, 24], [24, 25], [25, 49], [26, 27], [28, 41], [28, 29], [29, 30], [30, 42], [32, 33], [33, 34], [34, 35], [36, 37], [37, 38], [37, 55], [38, 39], [39, 40], [40, 41], [42, 51], [43, 44], [43, 47], [44, 45], [45, 46], [48, 49], [49, 50], [50, 51], [52, 53], [53, 54]], "features": {"27": ["cc_0", "deg_2"], "35": ["cc_0", "deg_2"], "43": ["cc_0", "deg_2"], "47": ["cc_0", "deg_2"], "32": ["cc_0", "deg_1"], "56": ["cc_0", "deg_2"], "9": ["cc_0", "deg_3"], "33": ["cc_0", "deg_3"], "48": ["cc_0", "deg_1"], "55": ["cc_0", "deg_1"], "0": ["cc_0", "deg_2"], "2": ["cc_0", "deg_2"], "18": ["cc_0", "deg_2"], "5": ["cc_0", "deg_1"], "14": ["cc_0", "deg_2"], "38": ["cc_0", "deg_2"], "44": ["cc_0", "deg_2"], "39": ["cc_0", "deg_2"], "3": ["cc_0", "deg_2"], "28": ["cc_0", "deg_3"], "51": ["cc_0", "deg_3"], "23": ["cc_0", "deg_2"], "19": ["cc_0", "deg_2"], "34": ["cc_0", "deg_2"], "11": ["cc_0", "deg_1"], "17": ["cc_0", "deg_1"], "12": ["cc_0", "deg_1"], "25": ["cc_0", "deg_2"], "24": ["cc_0", "deg_2"], "22": ["cc_0", "deg_4"], "15": ["cc_0", "deg_3"], "4": ["cc_0", "deg_3"], "37": ["cc_0", "deg_3"], "45": ["cc_0", "deg_3"], "42": ["cc_0", "deg_2"], "30": ["cc_0", "deg_2"], "31": ["cc_0", "deg_1"], "36": ["cc_0", "deg_1"], "53": ["cc_0", "deg_2"], "10": ["cc_0", "deg_1"], "49": ["cc_0", "deg_3"], "1": ["cc_0", "deg_3"], "46": ["cc_0", "deg_2"], "26": ["cc_0", "deg_1"], "40": ["cc_0", "deg_2"], "41": ["cc_0", "deg_2"], "20": ["cc_0", "deg_2"], "29": ["cc_0", "deg_2"], "52": ["cc_0", "deg_1"], "13": ["cc_0", "deg_1"], "6": ["cc_0", "deg_2"], "7": ["cc_0", "deg_1"], "50": ["cc_0", "deg_4"], "8": ["cc_0", "deg_3"], "16": ["cc_0", "deg_2"], "54": ["cc_0", "deg_2"], "21": ["cc_0", "deg_1"]}}