{"label": 2, "edges": [[0, 32], [0, 98], [0, 53], [0, 38], [0, 2], [0, 34], [1, 15], [1, 3], [1, 13], [2, 65], [2, 34], [2, 14], [2, 63], [3, 23], [3, 76], [3, 42], [3, 28], [4, 18], [4, 85], [4, 45], [4, 94], [5, 33], [5, 11], [5, 13], [5, 63], [6, 64], [6, 49], [7, 83], [7, 52], [7, 38], [7, 29], [8, 56], [8, 36], [8, 97], [8, 24], [8, 75], [8, 90], [8, 47], [9, 48], [9, 55], [10, 52], [10, 55], [10, 12], [10, 92], [11, 72], [11, 28], [11, 14], [12, 58], [12, 63], [13, 32], [13, 26], [13, 78], [13, 21], [14, 83], [14, 42], [14, 15], [15, 63], [16, 34], [16, 27], [16, 53], [17, 39], [17, 91], [18, 24], [18, 88], [19, 80], [19, 82], [19, 22], [19, 58], [20, 43], [20, 50], [20, 67], [20, 21], [20, 75], [21, 98], [21, 22], [22, 83], [22, 24], [22, 74], [23, 83], [23, 53], [23, 61], [23, 63], [24, 88], [24, 55], [25, 80], [25, 26], [26, 41], [27, 32], [27, 92], [27, 29], [28, 66], [28, 73], [28, 60], [28, 46], [29, 91], [29, 89], [29, 31], [30, 32], [30, 51], [30, 57], [30, 61], [30, 95], [31, 64], [31, 41], [31, 74], [31, 62], [32, 35], [33, 90], [33, 93], [34, 68], [35, 36], [35, 89], [35, 71], [35, 73], [36, 37], [36, 38], [36, 79], [37, 61], [37, 38], [38, 40], [38, 94], [39, 64], [39, 75], [39, 91], [39, 44], [39, 77], [40, 80], [40, 86], [40, 42], [41, 98], [42, 75], [43, 80], [43, 75], [44, 81], [44, 71], [45, 81], [45, 98], [45, 91], [45, 93], [46, 70], [46, 73], [46, 58], [46, 47], [47, 48], [47, 49], [48, 49], [48, 85], [49, 65], [49, 50], [49, 96], [49, 82], [50, 97], [51, 80], [51, 62], [52, 53], [52, 57], [53, 55], [53, 84], [54, 73], [54, 83], [56, 75], [56, 62], [57, 81], [58, 88], [58, 79], [59, 69], [59, 73], [60, 96], [60, 67], [60, 77], [61, 66], [61, 87], [61, 72], [61, 74], [62, 97], [64, 68], [64, 70], [64, 84], [64, 78], [65, 90], [65, 95], [66, 67], [66, 68], [67, 76], [68, 84], [69, 87], [69, 78], [72, 86], [77, 79], [81, 82], [81, 95], [82, 83], [82, 94], [85, 86], [87, 89], [88, 89], [89, 92], [96, 98]], "features": {"27": ["cc_0", "deg_4"], "35": ["cc_0", "deg_5"], "43": ["cc_11", "deg_3"], "47": ["cc_5", "deg_4"], "56": ["cc_11", "deg_3"], "98": ["cc_0", "deg_5"], "23": ["cc_0", "deg_5"], "9": ["cc_0", "deg_2"], "94": ["cc_0", "deg_3"], "0": ["cc_2", "deg_6"], "6": ["cc_0", "deg_2"], "18": ["cc_11", "deg_3"], "14": ["cc_0", "deg_5"], "38": ["cc_2", "deg_6"], "82": ["cc_0", "deg_5"], "68": ["cc_5", "deg_4"], "51": ["cc_0", "deg_3"], "77": ["cc_0", "deg_3"], "19": ["cc_0", "deg_4"], "34": ["cc_5", "deg_4"], "75": ["cc_4", "deg_6"], "11": ["cc_0", "deg_4"], "88": ["cc_5", "deg_4"], "17": ["cc_33", "deg_2"], "25": ["cc_0", "deg_2"], "24": ["cc_3", "deg_5"], "70": ["cc_0", "deg_2"], "15": ["cc_0", "deg_3"], "62": ["cc_0", "deg_4"], "40": ["cc_0", "deg_4"], "30": ["cc_0", "deg_5"], "31": ["cc_0", "deg_5"], "66": ["cc_0", "deg_4"], "36": ["cc_3", "deg_5"], "57": ["cc_0", "deg_3"], "10": ["cc_0", "deg_4"], "49": ["cc_1", "deg_7"], "1": ["cc_0", "deg_3"], "46": ["cc_3", "deg_5"], "60": ["cc_0", "deg_4"], "41": ["cc_0", "deg_3"], "29": ["cc_0", "deg_5"], "97": ["cc_0", "deg_3"], "74": ["cc_0", "deg_3"], "13": ["cc_0", "deg_6"], "2": ["cc_3", "deg_5"], "7": ["cc_0", "deg_4"], "84": ["cc_11", "deg_3"], "79": ["cc_0", "deg_3"], "90": ["cc_0", "deg_3"], "32": ["cc_0", "deg_5"], "33": ["cc_0", "deg_3"], "55": ["cc_0", "deg_4"], "48": ["cc_5", "deg_4"], "85": ["cc_0", "deg_3"], "5": ["cc_0", "deg_4"], "80": ["cc_0", "deg_5"], "81": ["cc_0", "deg_5"], "86": ["cc_0", "deg_3"], "87": ["cc_0", "deg_3"], "44": ["cc_0", "deg_3"], "39": ["cc_2", "deg_6"], "3": ["cc_0", "deg_5"], "92": ["cc_0", "deg_3"], "28": ["cc_2", "deg_6"], "83": ["cc_0", "deg_6"], "76": ["cc_0", "deg_2"], "72": ["cc_0", "deg_3"], "96": ["cc_0", "deg_3"], "89": ["cc_0", "deg_5"], "12": ["cc_0", "deg_3"], "59": ["cc_0", "deg_2"], "69": ["cc_0", "deg_3"], "22": ["cc_0", "deg_5"], "50": ["cc_0", "deg_3"], "71": ["cc_0", "deg_2"], "4": ["cc_0", "deg_4"], "78": ["cc_0", "deg_3"], "91": ["cc_5", "deg_4"], "45": ["cc_0", "deg_5"], "42": ["cc_0", "deg_4"], "21": ["cc_0", "deg_4"], "8": ["cc_1", "deg_7"], "53": ["cc_0", "deg_6"], "67": ["cc_0", "deg_4"], "37": ["cc_11", "deg_3"], "95": ["cc_0", "deg_3"], "20": ["cc_3", "deg_5"], "26": ["cc_0", "deg_3"], "93": ["cc_0", "deg_2"], "52": ["cc_0", "deg_4"], "58": ["cc_0", "deg_5"], "63": ["cc_0", "deg_5"], "64": ["cc_1", "deg_7"], "54": ["cc_0", "deg_2"], "65": ["cc_0", "deg_4"], "61": ["cc_0", "deg_7"], "16": ["cc_0", "deg_3"], "73": ["cc_3", "deg_5"]}}