{"label": 1, "features": {"1": ["cc_4", "deg_7"], "16": ["cc_8", "deg_8"], "4": ["cc_5", "deg_4"], "21": ["cc_6", "deg_6"], "7": ["cc_8", "deg_6"], "25": ["cc_9", "deg_7"], "0": ["cc_6", "deg_5"], "12": ["cc_6", "deg_7"], "29": ["cc_0", "deg_5"], "28": ["cc_8", "deg_8"], "13": ["cc_9", "deg_7"], "6": ["cc_8", "deg_6"], "30": ["cc_11", "deg_6"], "5": ["cc_10", "deg_5"], "3": ["cc_3", "deg_7"], "24": ["cc_3", "deg_5"], "23": ["cc_9", "deg_7"], "27": ["cc_11", "deg_4"], "19": ["cc_11", "deg_7"], "10": ["cc_10", "deg_5"], "17": ["cc_16", "deg_5"], "11": ["cc_6", "deg_10"], "22": ["cc_11", "deg_6"], "18": ["cc_13", "deg_5"], "31": ["cc_5", "deg_4"], "2": ["cc_6", "deg_5"], "26": ["cc_6", "deg_5"], "20": ["cc_12", "deg_7"], "14": ["cc_11", "deg_4"], "9": ["cc_6", "deg_6"], "8": ["cc_6", "deg_6"], "15": ["cc_9", "deg_7"]}, "edges": [[0, 3], [0, 9], [0, 11], [0, 28], [0, 29], [1, 27], [1, 3], [1, 8], [1, 11], [1, 29], [1, 30], [1, 31], [2, 3], [2, 23], [2, 7], [2, 13], [2, 31], [3, 20], [3, 6], [3, 23], [3, 26], [4, 5], [4, 9], [4, 12], [4, 29], [5, 6], [5, 7], [5, 10], [5, 11], [6, 7], [6, 8], [6, 9], [6, 23], [7, 8], [7, 10], [7, 18], [8, 16], [8, 18], [8, 23], [9, 21], [9, 11], [9, 12], [10, 24], [10, 11], [10, 13], [11, 23], [11, 27], [11, 12], [11, 13], [11, 28], [12, 25], [12, 31], [12, 24], [12, 13], [13, 16], [13, 23], [13, 25], [14, 16], [14, 22], [14, 28], [14, 15], [15, 19], [15, 30], [15, 24], [15, 25], [15, 26], [15, 28], [16, 17], [16, 19], [16, 20], [16, 22], [16, 25], [17, 18], [17, 19], [17, 20], [17, 29], [18, 19], [18, 20], [19, 20], [19, 21], [19, 26], [20, 21], [20, 22], [21, 22], [21, 24], [21, 29], [22, 24], [22, 25], [23, 28], [25, 28], [25, 30], [26, 27], [26, 28], [27, 30], [28, 30], [30, 31]]}