{"label": 1, "edges": [[0, 1], [0, 23], [1, 2], [1, 5], [2, 19], [3, 14], [4, 6], [6, 7], [7, 8], [7, 31], [7, 15], [8, 12], [9, 22], [10, 13], [10, 29], [11, 12], [12, 13], [13, 14], [14, 24], [14, 26], [14, 15], [16, 17], [17, 22], [18, 19], [18, 21], [19, 20], [20, 25], [20, 28], [22, 23], [27, 28], [28, 29], [30, 31]], "features": {"27": ["cc_0", "deg_1"], "22": ["cc_0", "deg_3"], "15": ["cc_0", "deg_2"], "4": ["cc_0", "deg_1"], "30": ["cc_0", "deg_1"], "0": ["cc_0", "deg_2"], "2": ["cc_0", "deg_2"], "6": ["cc_0", "deg_2"], "18": ["cc_0", "deg_2"], "5": ["cc_0", "deg_1"], "10": ["cc_0", "deg_2"], "14": ["cc_0", "deg_5"], "1": ["cc_0", "deg_3"], "29": ["cc_0", "deg_2"], "8": ["cc_0", "deg_2"], "20": ["cc_0", "deg_3"], "26": ["cc_0", "deg_1"], "3": ["cc_0", "deg_1"], "11": ["cc_0", "deg_1"], "28": ["cc_0", "deg_3"], "23": ["cc_0", "deg_2"], "19": ["cc_0", "deg_3"], "13": ["cc_0", "deg_3"], "16": ["cc_0", "deg_1"], "7": ["cc_0", "deg_4"], "17": ["cc_0", "deg_2"], "12": ["cc_0", "deg_3"], "31": ["cc_0", "deg_2"], "25": ["cc_0", "deg_1"], "24": ["cc_0", "deg_1"], "9": ["cc_0", "deg_1"], "21": ["cc_0", "deg_1"]}}