{"label": 2, "edges": [[0, 32], [0, 18], [0, 3], [0, 21], [0, 45], [1, 32], [1, 8], [1, 2], [2, 3], [2, 4], [2, 5], [2, 21], [2, 15], [3, 8], [3, 41], [4, 21], [4, 23], [5, 31], [5, 7], [6, 7], [6, 9], [6, 43], [7, 33], [7, 18], [8, 43], [9, 16], [9, 36], [9, 10], [9, 45], [10, 15], [10, 11], [10, 32], [11, 42], [12, 32], [12, 19], [12, 39], [12, 28], [12, 29], [13, 45], [13, 15], [14, 16], [14, 23], [14, 15], [15, 17], [15, 35], [15, 30], [16, 18], [17, 36], [17, 43], [17, 30], [18, 19], [18, 26], [19, 38], [19, 41], [20, 43], [20, 34], [20, 22], [20, 31], [21, 37], [21, 23], [21, 42], [21, 30], [22, 24], [22, 29], [22, 23], [23, 24], [24, 25], [24, 26], [25, 36], [25, 39], [25, 26], [27, 41], [27, 28], [27, 30], [28, 40], [28, 29], [29, 31], [31, 36], [32, 34], [32, 44], [33, 34], [33, 35], [34, 35], [34, 44], [35, 38], [37, 38], [37, 40], [37, 42], [38, 39], [38, 41], [39, 41], [41, 42]], "features": {"27": ["cc_0", "deg_3"], "35": ["cc_5", "deg_4"], "43": ["cc_0", "deg_4"], "32": ["cc_2", "deg_6"], "9": ["cc_0", "deg_5"], "33": ["cc_11", "deg_3"], "0": ["cc_0", "deg_5"], "2": ["cc_2", "deg_6"], "18": ["cc_0", "deg_5"], "5": ["cc_0", "deg_3"], "14": ["cc_0", "deg_3"], "38": ["cc_6", "deg_5"], "44": ["cc_33", "deg_2"], "39": ["cc_5", "deg_4"], "3": ["cc_0", "deg_4"], "28": ["cc_5", "deg_4"], "23": ["cc_6", "deg_5"], "19": ["cc_5", "deg_4"], "34": ["cc_6", "deg_5"], "11": ["cc_0", "deg_2"], "17": ["cc_5", "deg_4"], "12": ["cc_3", "deg_5"], "25": ["cc_5", "deg_4"], "24": ["cc_11", "deg_4"], "22": ["cc_5", "deg_4"], "15": ["cc_1", "deg_7"], "4": ["cc_22", "deg_3"], "37": ["cc_5", "deg_4"], "45": ["cc_0", "deg_3"], "42": ["cc_5", "deg_4"], "30": ["cc_5", "deg_4"], "31": ["cc_0", "deg_4"], "36": ["cc_0", "deg_4"], "10": ["cc_0", "deg_4"], "1": ["cc_0", "deg_3"], "26": ["cc_11", "deg_3"], "40": ["cc_0", "deg_2"], "41": ["cc_4", "deg_6"], "20": ["cc_0", "deg_4"], "29": ["cc_5", "deg_4"], "13": ["cc_0", "deg_2"], "6": ["cc_0", "deg_3"], "7": ["cc_0", "deg_4"], "8": ["cc_0", "deg_3"], "16": ["cc_0", "deg_3"], "21": ["cc_4", "deg_7"]}}