{"label": 1, "edges": [[0, 2], [0, 4], [0, 57], [0, 82], [1, 32], [1, 2], [1, 35], [1, 23], [1, 84], [1, 79], [2, 3], [2, 4], [2, 5], [2, 16], [2, 80], [2, 84], [2, 20], [3, 64], [3, 4], [3, 45], [4, 5], [4, 39], [4, 24], [4, 59], [5, 22], [5, 6], [5, 7], [5, 8], [5, 61], [6, 34], [6, 83], [6, 7], [6, 24], [6, 71], [7, 55], [7, 10], [7, 70], [7, 60], [8, 34], [8, 55], [8, 11], [9, 33], [9, 69], [9, 70], [9, 10], [9, 11], [10, 11], [10, 12], [10, 13], [11, 40], [11, 66], [11, 51], [11, 62], [11, 44], [11, 63], [12, 82], [12, 19], [12, 84], [13, 16], [13, 36], [13, 39], [13, 14], [13, 15], [14, 16], [14, 57], [14, 58], [15, 16], [15, 17], [15, 32], [15, 74], [15, 78], [16, 19], [16, 56], [17, 32], [17, 40], [17, 66], [17, 78], [17, 71], [17, 72], [18, 19], [18, 20], [18, 21], [18, 41], [19, 64], [19, 20], [19, 21], [19, 71], [20, 35], [20, 73], [21, 40], [21, 53], [21, 22], [22, 24], [22, 25], [23, 70], [23, 24], [23, 25], [23, 44], [24, 50], [24, 57], [24, 26], [24, 75], [25, 43], [25, 53], [25, 26], [25, 27], [26, 37], [26, 27], [26, 29], [26, 77], [27, 36], [27, 69], [27, 28], [27, 29], [27, 30], [28, 34], [28, 56], [28, 29], [28, 45], [29, 32], [29, 33], [29, 84], [29, 54], [29, 45], [30, 64], [30, 33], [30, 83], [31, 32], [31, 34], [31, 75], [31, 63], [32, 34], [32, 35], [32, 65], [32, 56], [33, 35], [33, 73], [33, 59], [34, 41], [34, 79], [34, 59], [35, 66], [35, 37], [35, 73], [35, 78], [36, 48], [36, 83], [37, 38], [37, 40], [37, 60], [38, 40], [38, 41], [38, 76], [39, 41], [40, 71], [41, 42], [41, 44], [42, 56], [42, 52], [42, 73], [42, 44], [43, 72], [43, 46], [44, 74], [44, 45], [44, 47], [45, 67], [45, 63], [46, 48], [46, 49], [46, 57], [46, 63], [46, 47], [47, 48], [47, 49], [47, 50], [48, 49], [48, 50], [49, 50], [49, 51], [49, 52], [50, 51], [50, 53], [50, 58], [50, 76], [51, 52], [51, 53], [51, 54], [52, 53], [52, 55], [52, 62], [53, 54], [53, 55], [53, 56], [53, 83], [54, 81], [54, 55], [54, 57], [55, 83], [55, 57], [55, 58], [55, 77], [56, 59], [57, 83], [57, 58], [57, 59], [58, 68], [58, 61], [59, 81], [59, 61], [60, 84], [60, 62], [60, 63], [61, 64], [61, 62], [62, 65], [62, 63], [63, 65], [63, 66], [64, 65], [64, 66], [64, 67], [65, 66], [65, 67], [66, 68], [66, 76], [67, 68], [67, 69], [67, 70], [68, 69], [68, 70], [68, 71], [69, 72], [70, 72], [72, 73], [72, 74], [72, 75], [73, 74], [73, 75], [74, 75], [74, 77], [75, 76], [76, 78], [76, 79], [77, 79], [78, 81], [79, 80], [79, 82], [80, 82], [80, 83], [81, 82], [81, 83], [82, 83], [82, 84], [83, 84]], "features": {"27": ["cc_4", "deg_7"], "35": ["cc_3", "deg_8"], "43": ["cc_0", "deg_3"], "47": ["cc_16", "deg_5"], "83": ["cc_3", "deg_10"], "32": ["cc_2", "deg_9"], "56": ["cc_0", "deg_6"], "77": ["cc_0", "deg_4"], "9": ["cc_3", "deg_5"], "33": ["cc_2", "deg_6"], "48": ["cc_16", "deg_5"], "55": ["cc_5", "deg_9"], "0": ["cc_5", "deg_4"], "2": ["cc_3", "deg_9"], "18": ["cc_11", "deg_4"], "5": ["cc_3", "deg_7"], "76": ["cc_0", "deg_6"], "14": ["cc_11", "deg_4"], "81": ["cc_3", "deg_5"], "38": ["cc_5", "deg_4"], "73": ["cc_7", "deg_7"], "44": ["cc_1", "deg_7"], "39": ["cc_0", "deg_3"], "82": ["cc_7", "deg_7"], "3": ["cc_5", "deg_4"], "68": ["cc_4", "deg_6"], "28": ["cc_6", "deg_5"], "51": ["cc_11", "deg_6"], "23": ["cc_0", "deg_5"], "19": ["cc_3", "deg_7"], "61": ["cc_0", "deg_5"], "34": ["cc_1", "deg_8"], "75": ["cc_6", "deg_6"], "11": ["cc_2", "deg_9"], "72": ["cc_4", "deg_7"], "17": ["cc_4", "deg_7"], "12": ["cc_5", "deg_4"], "25": ["cc_2", "deg_6"], "24": ["cc_0", "deg_8"], "62": ["cc_6", "deg_6"], "59": ["cc_0", "deg_7"], "69": ["cc_3", "deg_5"], "22": ["cc_0", "deg_4"], "60": ["cc_3", "deg_5"], "70": ["cc_2", "deg_6"], "65": ["cc_8", "deg_6"], "71": ["cc_3", "deg_5"], "15": ["cc_6", "deg_6"], "4": ["cc_4", "deg_7"], "78": ["cc_3", "deg_5"], "80": ["cc_11", "deg_4"], "37": ["cc_3", "deg_5"], "45": ["cc_2", "deg_6"], "42": ["cc_3", "deg_5"], "30": ["cc_0", "deg_4"], "31": ["cc_5", "deg_4"], "66": ["cc_3", "deg_8"], "36": ["cc_0", "deg_4"], "67": ["cc_6", "deg_6"], "57": ["cc_3", "deg_9"], "53": ["cc_5", "deg_9"], "10": ["cc_3", "deg_5"], "49": ["cc_15", "deg_6"], "1": ["cc_4", "deg_6"], "46": ["cc_6", "deg_6"], "79": ["cc_2", "deg_6"], "26": ["cc_4", "deg_6"], "40": ["cc_4", "deg_6"], "41": ["cc_2", "deg_6"], "20": ["cc_6", "deg_5"], "29": ["cc_3", "deg_8"], "52": ["cc_6", "deg_6"], "58": ["cc_4", "deg_6"], "63": ["cc_5", "deg_8"], "64": ["cc_3", "deg_7"], "74": ["cc_6", "deg_6"], "13": ["cc_4", "deg_6"], "6": ["cc_2", "deg_6"], "7": ["cc_2", "deg_6"], "50": ["cc_5", "deg_8"], "84": ["cc_4", "deg_7"], "8": ["cc_0", "deg_4"], "16": ["cc_4", "deg_6"], "54": ["cc_6", "deg_6"], "21": ["cc_3", "deg_5"]}}