{"label": 1, "edges": [[0, 1], [0, 54], [1, 32], [1, 49], [1, 85], [1, 10], [1, 27], [2, 84], [2, 15], [3, 5], [3, 38], [4, 42], [4, 69], [4, 7], [5, 6], [5, 7], [6, 56], [6, 31], [6, 12], [6, 7], [7, 57], [7, 45], [7, 15], [8, 49], [8, 10], [9, 10], [9, 11], [10, 52], [10, 75], [10, 12], [11, 12], [11, 13], [12, 71], [12, 44], [12, 13], [12, 14], [13, 22], [13, 14], [13, 15], [14, 16], [14, 15], [15, 37], [16, 18], [16, 86], [16, 66], [17, 81], [17, 19], [17, 86], [17, 27], [18, 32], [18, 42], [18, 29], [18, 46], [19, 61], [19, 21], [19, 65], [20, 21], [20, 22], [21, 42], [21, 22], [21, 23], [22, 65], [22, 82], [22, 76], [22, 44], [23, 51], [23, 87], [23, 24], [24, 25], [24, 82], [24, 78], [25, 58], [25, 27], [26, 27], [26, 28], [27, 84], [27, 29], [28, 57], [28, 30], [29, 75], [29, 31], [30, 32], [30, 41], [30, 31], [31, 67], [31, 84], [32, 80], [33, 34], [33, 35], [34, 35], [34, 36], [35, 36], [35, 77], [36, 37], [36, 38], [37, 38], [37, 39], [38, 39], [38, 40], [38, 79], [39, 40], [39, 51], [39, 67], [40, 57], [40, 41], [41, 55], [41, 43], [42, 87], [42, 59], [43, 44], [43, 46], [44, 83], [45, 46], [45, 63], [46, 48], [46, 87], [46, 61], [47, 48], [47, 49], [48, 80], [48, 49], [48, 68], [48, 63], [49, 50], [49, 68], [49, 69], [49, 62], [50, 51], [50, 52], [51, 53], [51, 63], [52, 85], [52, 54], [52, 74], [53, 56], [53, 76], [53, 55], [54, 55], [54, 59], [55, 57], [56, 57], [57, 64], [57, 63], [58, 59], [58, 79], [59, 65], [60, 65], [60, 61], [61, 68], [62, 64], [64, 65], [64, 71], [64, 77], [65, 67], [66, 83], [66, 67], [66, 68], [68, 70], [69, 71], [70, 72], [70, 71], [72, 73], [72, 74], [72, 86], [73, 80], [73, 83], [73, 75], [74, 75], [75, 82], [77, 78], [78, 79], [79, 80], [80, 81], [81, 83], [84, 86], [85, 87]], "features": {"27": ["cc_0", "deg_6"], "35": ["cc_11", "deg_4"], "43": ["cc_0", "deg_3"], "47": ["cc_33", "deg_2"], "56": ["cc_0", "deg_3"], "23": ["cc_0", "deg_4"], "9": ["cc_0", "deg_2"], "0": ["cc_0", "deg_2"], "6": ["cc_3", "deg_5"], "18": ["cc_0", "deg_5"], "14": ["cc_11", "deg_4"], "38": ["cc_6", "deg_6"], "82": ["cc_0", "deg_3"], "68": ["cc_3", "deg_5"], "51": ["cc_0", "deg_5"], "77": ["cc_0", "deg_3"], "19": ["cc_0", "deg_4"], "34": ["cc_22", "deg_3"], "75": ["cc_0", "deg_5"], "11": ["cc_11", "deg_3"], "17": ["cc_0", "deg_4"], "25": ["cc_0", "deg_3"], "24": ["cc_0", "deg_4"], "70": ["cc_0", "deg_3"], "15": ["cc_3", "deg_5"], "62": ["cc_0", "deg_2"], "40": ["cc_5", "deg_4"], "30": ["cc_0", "deg_4"], "31": ["cc_0", "deg_5"], "66": ["cc_0", "deg_4"], "36": ["cc_11", "deg_4"], "57": ["cc_0", "deg_7"], "10": ["cc_0", "deg_6"], "49": ["cc_2", "deg_8"], "1": ["cc_0", "deg_6"], "46": ["cc_0", "deg_6"], "60": ["cc_0", "deg_2"], "41": ["cc_0", "deg_4"], "29": ["cc_0", "deg_4"], "74": ["cc_0", "deg_3"], "13": ["cc_10", "deg_5"], "2": ["cc_0", "deg_2"], "7": ["cc_2", "deg_6"], "84": ["cc_0", "deg_4"], "79": ["cc_0", "deg_4"], "32": ["cc_0", "deg_4"], "33": ["cc_33", "deg_2"], "55": ["cc_0", "deg_4"], "48": ["cc_4", "deg_6"], "85": ["cc_0", "deg_3"], "5": ["cc_11", "deg_3"], "80": ["cc_0", "deg_5"], "81": ["cc_0", "deg_3"], "86": ["cc_0", "deg_4"], "87": ["cc_0", "deg_4"], "44": ["cc_0", "deg_4"], "39": ["cc_6", "deg_5"], "3": ["cc_0", "deg_2"], "28": ["cc_0", "deg_3"], "83": ["cc_0", "deg_4"], "76": ["cc_0", "deg_2"], "72": ["cc_0", "deg_4"], "12": ["cc_3", "deg_7"], "59": ["cc_0", "deg_4"], "69": ["cc_0", "deg_3"], "22": ["cc_1", "deg_7"], "50": ["cc_0", "deg_3"], "71": ["cc_0", "deg_4"], "4": ["cc_0", "deg_3"], "78": ["cc_0", "deg_3"], "45": ["cc_0", "deg_3"], "42": ["cc_0", "deg_5"], "21": ["cc_3", "deg_5"], "8": ["cc_0", "deg_2"], "53": ["cc_0", "deg_4"], "67": ["cc_0", "deg_4"], "37": ["cc_11", "deg_4"], "20": ["cc_33", "deg_2"], "26": ["cc_0", "deg_2"], "52": ["cc_0", "deg_5"], "58": ["cc_0", "deg_3"], "63": ["cc_0", "deg_4"], "64": ["cc_0", "deg_5"], "54": ["cc_0", "deg_4"], "65": ["cc_0", "deg_6"], "61": ["cc_0", "deg_4"], "16": ["cc_0", "deg_4"], "73": ["cc_0", "deg_4"]}}