{"label": 1, "features": {"68": ["cc_0", "deg_5"], "21": ["cc_0", "deg_3"], "34": ["cc_11", "deg_4"], "94": ["cc_11", "deg_3"], "58": ["cc_0", "deg_7"], "69": ["cc_0", "deg_2"], "42": ["cc_0", "deg_4"], "12": ["cc_3", "deg_5"], "66": ["cc_0", "deg_3"], "5": ["cc_4", "deg_6"], "61": ["cc_0", "deg_4"], "91": ["cc_0", "deg_3"], "51": ["cc_3", "deg_5"], "24": ["cc_0", "deg_3"], "56": ["cc_0", "deg_5"], "55": ["cc_0", "deg_4"], "17": ["cc_0", "deg_5"], "22": ["cc_0", "deg_4"], "74": ["cc_0", "deg_2"], "59": ["cc_0", "deg_3"], "46": ["cc_2", "deg_6"], "37": ["cc_0", "deg_3"], "38": ["cc_0", "deg_2"], "81": ["cc_2", "deg_8"], "95": ["cc_2", "deg_6"], "90": ["cc_0", "deg_4"], "35": ["cc_11", "deg_3"], "47": ["cc_2", "deg_6"], "16": ["cc_0", "deg_4"], "65": ["cc_0", "deg_5"], "23": ["cc_0", "deg_5"], "7": ["cc_0", "deg_3"], "82": ["cc_0", "deg_3"], "29": ["cc_0", "deg_4"], "93": ["cc_0", "deg_4"], "13": ["cc_11", "deg_3"], "6": ["cc_0", "deg_4"], "30": ["cc_0", "deg_3"], "14": ["cc_11", "deg_3"], "40": ["cc_0", "deg_3"], "33": ["cc_3", "deg_7"], "73": ["cc_0", "deg_5"], "76": ["cc_0", "deg_2"], "8": ["cc_0", "deg_3"], "44": ["cc_0", "deg_4"], "26": ["cc_0", "deg_3"], "43": ["cc_0", "deg_4"], "57": ["cc_0", "deg_2"], "20": ["cc_0", "deg_4"], "89": ["cc_0", "deg_4"], "97": ["cc_0", "deg_4"], "80": ["cc_11", "deg_4"], "70": ["cc_0", "deg_5"], "84": ["cc_0", "deg_4"], "53": ["cc_0", "deg_3"], "1": ["cc_0", "deg_4"], "54": ["cc_0", "deg_2"], "41": ["cc_0", "deg_4"], "4": ["cc_1", "deg_7"], "39": ["cc_0", "deg_4"], "28": ["cc_0", "deg_4"], "25": ["cc_0", "deg_2"], "78": ["cc_3", "deg_5"], "3": ["cc_11", "deg_3"], "64": ["cc_0", "deg_4"], "72": ["cc_0", "deg_2"], "87": ["cc_0", "deg_3"], "19": ["cc_0", "deg_6"], "92": ["cc_0", "deg_3"], "86": ["cc_0", "deg_3"], "62": ["cc_0", "deg_3"], "11": ["cc_2", "deg_6"], "18": ["cc_0", "deg_2"], "67": ["cc_3", "deg_5"], "2": ["cc_0", "deg_4"], "9": ["cc_2", "deg_6"], "27": ["cc_0", "deg_3"], "15": ["cc_3", "deg_5"], "71": ["cc_0", "deg_5"], "88": ["cc_0", "deg_2"], "0": ["cc_0", "deg_6"], "63": ["cc_0", "deg_4"], "32": ["cc_4", "deg_6"], "45": ["cc_5", "deg_4"], "36": ["cc_3", "deg_5"], "83": ["cc_0", "deg_5"], "48": ["cc_5", "deg_4"], "79": ["cc_6", "deg_5"], "77": ["cc_5", "deg_4"], "10": ["cc_5", "deg_4"], "85": ["cc_0", "deg_2"], "31": ["cc_5", "deg_4"], "75": ["cc_0", "deg_4"], "50": ["cc_11", "deg_3"], "60": ["cc_0", "deg_3"], "52": ["cc_0", "deg_4"], "96": ["cc_5", "deg_4"], "49": ["cc_5", "deg_4"]}, "edges": [[0, 96], [0, 1], [0, 2], [0, 7], [0, 24], [0, 25], [1, 33], [1, 90], [1, 28], [2, 4], [2, 71], [2, 74], [3, 27], [3, 4], [3, 5], [4, 64], [4, 5], [4, 28], [4, 69], [4, 53], [5, 81], [5, 67], [5, 6], [5, 46], [6, 7], [6, 58], [6, 62], [7, 19], [8, 9], [8, 84], [8, 31], [9, 48], [9, 89], [9, 58], [9, 12], [9, 77], [10, 16], [10, 11], [10, 12], [10, 71], [11, 39], [11, 73], [11, 12], [11, 13], [11, 95], [12, 32], [12, 36], [13, 14], [13, 15], [14, 16], [14, 15], [15, 17], [15, 67], [15, 44], [16, 52], [16, 55], [17, 19], [17, 84], [17, 22], [17, 90], [18, 65], [18, 20], [19, 66], [19, 20], [19, 21], [19, 82], [20, 30], [20, 23], [21, 71], [21, 23], [22, 83], [22, 86], [22, 24], [23, 49], [23, 58], [23, 95], [24, 26], [25, 33], [26, 58], [26, 27], [27, 28], [28, 79], [29, 65], [29, 81], [29, 55], [29, 56], [30, 52], [30, 71], [31, 32], [31, 33], [31, 92], [32, 33], [32, 34], [32, 40], [32, 42], [33, 34], [33, 70], [33, 51], [34, 35], [34, 36], [35, 51], [35, 36], [36, 37], [36, 55], [37, 78], [37, 39], [38, 40], [38, 39], [39, 81], [40, 46], [41, 87], [41, 42], [41, 59], [41, 45], [42, 43], [42, 52], [43, 97], [43, 44], [43, 63], [44, 53], [44, 45], [45, 46], [45, 47], [46, 91], [46, 92], [46, 47], [47, 48], [47, 49], [47, 84], [47, 87], [48, 56], [48, 77], [49, 50], [49, 51], [50, 75], [50, 51], [51, 53], [52, 68], [54, 56], [54, 55], [56, 58], [56, 75], [57, 58], [57, 61], [58, 83], [59, 84], [59, 88], [60, 64], [60, 61], [60, 93], [61, 62], [61, 63], [62, 68], [63, 65], [63, 95], [64, 65], [64, 74], [65, 66], [66, 67], [67, 81], [67, 68], [68, 97], [68, 70], [69, 70], [70, 83], [70, 93], [71, 73], [72, 73], [72, 78], [73, 87], [73, 77], [75, 77], [75, 79], [76, 97], [76, 78], [78, 80], [78, 79], [79, 80], [79, 81], [80, 81], [80, 94], [81, 82], [81, 85], [82, 83], [83, 89], [85, 86], [86, 91], [88, 89], [89, 90], [90, 92], [91, 93], [93, 95], [94, 96], [94, 95], [95, 96], [96, 97]]}