{"label": 2, "edges": [[0, 58], [0, 45], [0, 47], [1, 37], [1, 8], [1, 14], [1, 29], [1, 81], [1, 22], [1, 57], [1, 59], [1, 61], [2, 69], [2, 38], [2, 74], [2, 15], [2, 50], [2, 52], [2, 62], [3, 70], [3, 89], [3, 40], [3, 25], [3, 46], [3, 31], [4, 84], [4, 5], [4, 7], [4, 42], [4, 61], [4, 53], [5, 49], [5, 54], [5, 45], [5, 14], [5, 79], [6, 18], [6, 7], [6, 58], [6, 46], [6, 63], [7, 33], [7, 76], [7, 11], [7, 28], [7, 47], [8, 23], [8, 73], [8, 10], [8, 61], [8, 15], [9, 83], [9, 85], [9, 71], [9, 31], [10, 48], [10, 69], [10, 38], [10, 26], [10, 11], [10, 79], [11, 17], [11, 37], [11, 13], [11, 14], [12, 80], [12, 32], [12, 70], [12, 61], [12, 46], [13, 65], [13, 38], [13, 15], [13, 84], [13, 85], [13, 54], [13, 25], [14, 16], [14, 22], [14, 33], [14, 89], [14, 74], [15, 83], [15, 21], [15, 24], [15, 40], [15, 43], [16, 17], [16, 18], [16, 19], [16, 27], [16, 76], [17, 64], [17, 75], [17, 87], [17, 77], [18, 37], [18, 34], [18, 75], [18, 77], [18, 78], [19, 36], [19, 22], [19, 52], [19, 26], [19, 27], [19, 45], [19, 20], [20, 67], [20, 85], [20, 23], [21, 82], [21, 54], [21, 55], [22, 57], [22, 74], [23, 88], [23, 51], [23, 71], [23, 52], [23, 60], [23, 63], [24, 39], [24, 56], [24, 47], [24, 45], [25, 28], [26, 32], [26, 77], [26, 47], [27, 70], [27, 86], [28, 67], [28, 53], [28, 86], [28, 30], [28, 31], [29, 51], [29, 69], [29, 72], [29, 59], [30, 32], [30, 37], [30, 47], [30, 31], [31, 39], [31, 86], [31, 56], [31, 89], [32, 64], [32, 42], [32, 61], [32, 84], [32, 49], [32, 45], [33, 81], [33, 74], [33, 43], [34, 35], [34, 59], [34, 56], [34, 63], [35, 36], [35, 55], [35, 88], [36, 86], [36, 38], [36, 39], [36, 60], [37, 64], [37, 68], [37, 63], [38, 84], [38, 71], [38, 88], [38, 73], [39, 82], [39, 66], [39, 78], [39, 63], [40, 48], [40, 57], [40, 43], [40, 69], [41, 66], [41, 86], [41, 55], [41, 88], [41, 50], [41, 77], [42, 48], [42, 89], [42, 45], [43, 65], [43, 44], [43, 46], [44, 68], [44, 54], [44, 45], [44, 46], [45, 70], [45, 51], [46, 72], [46, 61], [46, 62], [47, 78], [47, 62], [48, 49], [48, 71], [48, 75], [49, 50], [49, 51], [49, 68], [49, 86], [49, 55], [50, 52], [50, 70], [51, 66], [51, 85], [51, 87], [52, 74], [53, 56], [54, 56], [54, 57], [55, 84], [56, 64], [56, 59], [56, 69], [57, 58], [57, 60], [58, 59], [58, 76], [59, 79], [59, 61], [60, 62], [61, 74], [62, 70], [62, 73], [63, 65], [63, 67], [64, 71], [64, 75], [65, 66], [65, 89], [66, 80], [66, 76], [67, 81], [67, 68], [67, 71], [68, 72], [68, 79], [71, 77], [75, 78], [76, 82], [77, 84], [77, 85], [77, 87], [80, 81], [80, 82], [80, 83], [81, 82], [81, 87], [82, 83], [82, 87], [83, 85], [83, 86], [84, 87], [85, 86], [85, 88], [88, 89]], "features": {"27": ["cc_5", "deg_4"], "35": ["cc_0", "deg_4"], "43": ["cc_4", "deg_6"], "47": ["cc_0", "deg_7"], "56": ["cc_1", "deg_8"], "23": ["cc_0", "deg_8"], "9": ["cc_5", "deg_4"], "0": ["cc_0", "deg_3"], "6": ["cc_0", "deg_5"], "18": ["cc_1", "deg_7"], "14": ["cc_3", "deg_8"], "38": ["cc_1", "deg_8"], "82": ["cc_4", "deg_7"], "68": ["cc_0", "deg_6"], "51": ["cc_0", "deg_7"], "77": ["cc_2", "deg_8"], "19": ["cc_1", "deg_8"], "34": ["cc_3", "deg_5"], "75": ["cc_6", "deg_5"], "11": ["cc_0", "deg_6"], "88": ["cc_0", "deg_6"], "17": ["cc_4", "deg_6"], "25": ["cc_0", "deg_3"], "24": ["cc_0", "deg_5"], "70": ["cc_0", "deg_6"], "15": ["cc_1", "deg_8"], "62": ["cc_0", "deg_6"], "40": ["cc_2", "deg_6"], "30": ["cc_3", "deg_5"], "31": ["cc_3", "deg_8"], "66": ["cc_0", "deg_6"], "36": ["cc_0", "deg_6"], "57": ["cc_2", "deg_6"], "10": ["cc_0", "deg_7"], "49": ["cc_0", "deg_8"], "1": ["cc_4", "deg_9"], "46": ["cc_2", "deg_8"], "60": ["cc_0", "deg_4"], "41": ["cc_0", "deg_6"], "29": ["cc_3", "deg_5"], "74": ["cc_6", "deg_6"], "13": ["cc_1", "deg_8"], "2": ["cc_3", "deg_7"], "7": ["cc_0", "deg_7"], "84": ["cc_3", "deg_7"], "79": ["cc_0", "deg_4"], "32": ["cc_1", "deg_9"], "33": ["cc_3", "deg_5"], "55": ["cc_0", "deg_5"], "48": ["cc_0", "deg_6"], "85": ["cc_2", "deg_8"], "5": ["cc_0", "deg_6"], "80": ["cc_6", "deg_5"], "81": ["cc_4", "deg_6"], "86": ["cc_2", "deg_8"], "87": ["cc_6", "deg_6"], "44": ["cc_3", "deg_5"], "39": ["cc_0", "deg_7"], "3": ["cc_2", "deg_6"], "28": ["cc_3", "deg_7"], "83": ["cc_6", "deg_6"], "76": ["cc_0", "deg_5"], "72": ["cc_0", "deg_3"], "89": ["cc_2", "deg_6"], "12": ["cc_6", "deg_5"], "59": ["cc_4", "deg_7"], "69": ["cc_0", "deg_5"], "22": ["cc_10", "deg_5"], "50": ["cc_3", "deg_5"], "71": ["cc_0", "deg_7"], "4": ["cc_0", "deg_6"], "78": ["cc_5", "deg_4"], "45": ["cc_0", "deg_9"], "42": ["cc_3", "deg_5"], "21": ["cc_0", "deg_4"], "8": ["cc_2", "deg_6"], "53": ["cc_0", "deg_3"], "67": ["cc_0", "deg_6"], "37": ["cc_0", "deg_7"], "20": ["cc_0", "deg_4"], "26": ["cc_0", "deg_5"], "52": ["cc_6", "deg_5"], "58": ["cc_0", "deg_5"], "63": ["cc_0", "deg_7"], "64": ["cc_2", "deg_6"], "54": ["cc_0", "deg_6"], "65": ["cc_0", "deg_5"], "61": ["cc_4", "deg_8"], "16": ["cc_2", "deg_6"], "73": ["cc_0", "deg_3"]}}