{"label": 1, "edges": [[0, 16], [0, 33], [0, 3], [0, 25], [0, 45], [0, 46], [1, 2], [1, 43], [1, 4], [1, 25], [1, 41], [1, 31], [1, 46], [2, 3], [2, 4], [2, 5], [2, 42], [3, 4], [3, 5], [3, 29], [3, 30], [4, 27], [4, 5], [4, 6], [4, 11], [5, 24], [5, 6], [5, 7], [5, 8], [6, 7], [6, 8], [6, 20], [6, 28], [6, 31], [7, 41], [7, 9], [7, 10], [7, 38], [7, 45], [7, 14], [8, 16], [8, 18], [8, 9], [8, 10], [8, 11], [8, 12], [8, 46], [9, 40], [9, 19], [9, 41], [9, 10], [9, 47], [10, 28], [10, 26], [10, 12], [10, 45], [11, 25], [11, 13], [11, 14], [12, 13], [12, 14], [13, 17], [13, 31], [13, 15], [14, 16], [14, 17], [14, 22], [14, 23], [14, 39], [15, 17], [15, 18], [15, 47], [16, 34], [16, 47], [17, 18], [17, 30], [17, 41], [17, 25], [18, 21], [18, 44], [19, 20], [19, 21], [19, 22], [20, 32], [20, 27], [20, 21], [20, 22], [20, 39], [21, 22], [21, 23], [21, 41], [22, 23], [22, 25], [23, 35], [23, 26], [23, 47], [24, 37], [24, 25], [24, 27], [24, 29], [25, 26], [25, 27], [26, 36], [26, 37], [26, 27], [27, 28], [27, 29], [28, 29], [28, 31], [29, 32], [29, 41], [30, 32], [30, 31], [31, 33], [32, 34], [32, 35], [33, 34], [33, 35], [33, 36], [34, 35], [34, 37], [34, 44], [35, 36], [35, 37], [35, 38], [35, 43], [36, 37], [36, 38], [37, 39], [38, 39], [38, 41], [39, 40], [39, 44], [40, 41], [40, 42], [40, 45], [41, 42], [42, 43], [42, 45], [43, 44], [43, 46], [44, 45], [44, 46], [46, 47]], "features": {"27": ["cc_6", "deg_7"], "35": ["cc_7", "deg_8"], "43": ["cc_6", "deg_5"], "47": ["cc_0", "deg_5"], "32": ["cc_3", "deg_5"], "9": ["cc_6", "deg_7"], "33": ["cc_6", "deg_5"], "0": ["cc_0", "deg_6"], "2": ["cc_13", "deg_5"], "18": ["cc_3", "deg_5"], "5": ["cc_9", "deg_7"], "14": ["cc_1", "deg_8"], "38": ["cc_6", "deg_5"], "44": ["cc_2", "deg_6"], "39": ["cc_0", "deg_6"], "3": ["cc_6", "deg_6"], "28": ["cc_6", "deg_5"], "23": ["cc_4", "deg_6"], "19": ["cc_16", "deg_4"], "34": ["cc_6", "deg_6"], "11": ["cc_0", "deg_5"], "17": ["cc_3", "deg_7"], "12": ["cc_5", "deg_4"], "25": ["cc_2", "deg_8"], "24": ["cc_6", "deg_5"], "22": ["cc_11", "deg_6"], "15": ["cc_11", "deg_4"], "4": ["cc_7", "deg_7"], "37": ["cc_6", "deg_6"], "45": ["cc_4", "deg_6"], "42": ["cc_6", "deg_5"], "30": ["cc_0", "deg_4"], "31": ["cc_2", "deg_6"], "36": ["cc_13", "deg_5"], "10": ["cc_6", "deg_7"], "1": ["cc_3", "deg_7"], "46": ["cc_4", "deg_6"], "26": ["cc_4", "deg_6"], "40": ["cc_10", "deg_5"], "41": ["cc_3", "deg_9"], "20": ["cc_4", "deg_7"], "29": ["cc_4", "deg_6"], "13": ["cc_3", "deg_5"], "6": ["cc_6", "deg_7"], "7": ["cc_5", "deg_8"], "8": ["cc_2", "deg_9"], "16": ["cc_0", "deg_5"], "21": ["cc_8", "deg_6"]}}