{"label": 1, "edges": [[0, 1], [0, 2], [0, 4], [0, 38], [1, 3], [1, 2], [1, 19], [1, 35], [1, 39], [2, 4], [2, 16], [2, 33], [3, 4], [3, 5], [3, 15], [4, 6], [4, 24], [5, 6], [5, 23], [5, 7], [5, 29], [6, 8], [6, 7], [7, 8], [7, 9], [8, 9], [8, 10], [8, 27], [8, 14], [9, 22], [9, 10], [9, 12], [10, 11], [10, 12], [11, 12], [11, 13], [12, 27], [12, 21], [12, 14], [13, 14], [13, 15], [14, 16], [15, 17], [16, 17], [16, 18], [16, 37], [17, 39], [17, 18], [17, 19], [18, 34], [18, 24], [19, 25], [20, 21], [20, 22], [21, 22], [22, 23], [23, 25], [24, 26], [25, 33], [25, 27], [26, 27], [26, 28], [27, 29], [28, 29], [28, 38], [29, 36], [29, 30], [30, 32], [30, 35], [30, 31], [31, 32], [31, 33], [32, 33], [32, 34], [33, 34], [34, 35], [34, 36], [36, 37], [37, 38], [38, 39]], "features": {"27": ["cc_0", "deg_5"], "22": ["cc_5", "deg_4"], "32": ["cc_16", "deg_4"], "15": ["cc_0", "deg_3"], "4": ["cc_3", "deg_5"], "33": ["cc_6", "deg_5"], "35": ["cc_0", "deg_3"], "30": ["cc_5", "deg_4"], "0": ["cc_11", "deg_4"], "2": ["cc_6", "deg_5"], "6": ["cc_11", "deg_4"], "18": ["cc_5", "deg_4"], "5": ["cc_3", "deg_5"], "10": ["cc_16", "deg_4"], "14": ["cc_0", "deg_4"], "1": ["cc_2", "deg_6"], "29": ["cc_0", "deg_5"], "37": ["cc_0", "deg_3"], "8": ["cc_6", "deg_6"], "20": ["cc_33", "deg_2"], "26": ["cc_0", "deg_3"], "3": ["cc_0", "deg_4"], "11": ["cc_11", "deg_3"], "28": ["cc_0", "deg_3"], "39": ["cc_0", "deg_3"], "23": ["cc_0", "deg_3"], "19": ["cc_0", "deg_3"], "36": ["cc_0", "deg_3"], "38": ["cc_0", "deg_4"], "34": ["cc_3", "deg_5"], "13": ["cc_0", "deg_3"], "16": ["cc_3", "deg_5"], "7": ["cc_16", "deg_4"], "17": ["cc_3", "deg_5"], "12": ["cc_4", "deg_6"], "31": ["cc_22", "deg_3"], "25": ["cc_0", "deg_4"], "24": ["cc_0", "deg_3"], "9": ["cc_10", "deg_5"], "21": ["cc_11", "deg_3"]}}