{"label": 2, "edges": [[0, 33], [0, 10], [0, 40], [0, 26], [0, 29], [0, 58], [1, 33], [1, 35], [1, 31], [1, 15], [1, 49], [1, 24], [1, 25], [1, 27], [2, 3], [2, 5], [2, 64], [2, 25], [2, 10], [2, 60], [3, 57], [3, 9], [3, 12], [3, 14], [4, 53], [4, 54], [4, 8], [4, 34], [4, 31], [5, 57], [5, 58], [5, 18], [5, 45], [6, 34], [6, 39], [6, 40], [6, 12], [6, 47], [6, 24], [6, 56], [6, 63], [7, 33], [7, 38], [7, 43], [7, 46], [7, 15], [7, 23], [7, 57], [7, 29], [8, 37], [8, 57], [8, 41], [8, 25], [8, 28], [8, 53], [9, 34], [9, 57], [9, 55], [9, 29], [10, 40], [10, 48], [10, 52], [10, 30], [11, 17], [11, 20], [11, 46], [11, 43], [11, 28], [11, 47], [12, 35], [12, 18], [13, 33], [13, 21], [13, 24], [13, 47], [13, 29], [14, 38], [14, 49], [14, 46], [15, 35], [15, 19], [15, 20], [15, 60], [15, 63], [16, 20], [16, 58], [16, 44], [16, 47], [17, 59], [17, 45], [18, 19], [18, 34], [18, 40], [18, 51], [18, 22], [18, 58], [19, 20], [19, 60], [19, 45], [19, 30], [20, 50], [20, 37], [20, 39], [20, 55], [20, 31], [21, 40], [21, 25], [21, 30], [21, 29], [22, 23], [22, 40], [22, 34], [23, 36], [23, 28], [23, 60], [24, 35], [24, 33], [24, 27], [25, 32], [25, 49], [25, 28], [25, 37], [26, 27], [26, 61], [26, 47], [27, 42], [27, 46], [27, 61], [28, 32], [28, 44], [28, 31], [29, 39], [30, 64], [30, 39], [30, 62], [31, 48], [31, 61], [32, 60], [32, 39], [32, 40], [32, 45], [32, 47], [33, 52], [33, 59], [34, 53], [34, 41], [34, 59], [35, 48], [35, 50], [35, 59], [36, 48], [36, 37], [36, 60], [36, 61], [37, 39], [37, 40], [38, 48], [38, 43], [38, 58], [39, 48], [39, 49], [39, 63], [40, 55], [40, 56], [41, 53], [41, 42], [41, 44], [42, 49], [42, 52], [42, 55], [43, 58], [43, 47], [43, 63], [44, 64], [44, 55], [45, 56], [45, 59], [45, 46], [46, 47], [47, 50], [49, 57], [50, 51], [50, 57], [51, 57], [51, 59], [53, 64], [54, 62], [54, 60], [54, 63], [55, 60], [56, 59], [56, 61], [57, 61], [58, 62], [61, 62]], "features": {"27": ["cc_4", "deg_6"], "35": ["cc_3", "deg_7"], "43": ["cc_6", "deg_6"], "47": ["cc_1", "deg_9"], "32": ["cc_1", "deg_7"], "56": ["cc_6", "deg_5"], "9": ["cc_3", "deg_5"], "33": ["cc_3", "deg_7"], "48": ["cc_0", "deg_6"], "55": ["cc_0", "deg_6"], "0": ["cc_2", "deg_6"], "2": ["cc_0", "deg_6"], "18": ["cc_3", "deg_8"], "5": ["cc_3", "deg_5"], "14": ["cc_0", "deg_4"], "38": ["cc_6", "deg_5"], "44": ["cc_0", "deg_5"], "39": ["cc_1", "deg_9"], "3": ["cc_3", "deg_5"], "28": ["cc_3", "deg_7"], "51": ["cc_5", "deg_4"], "23": ["cc_3", "deg_5"], "19": ["cc_4", "deg_6"], "61": ["cc_1", "deg_7"], "34": ["cc_3", "deg_8"], "11": ["cc_4", "deg_6"], "17": ["cc_11", "deg_3"], "12": ["cc_0", "deg_4"], "25": ["cc_4", "deg_8"], "24": ["cc_8", "deg_6"], "62": ["cc_0", "deg_4"], "59": ["cc_3", "deg_7"], "22": ["cc_11", "deg_4"], "60": ["cc_2", "deg_8"], "15": ["cc_4", "deg_7"], "4": ["cc_6", "deg_5"], "37": ["cc_4", "deg_6"], "45": ["cc_3", "deg_7"], "42": ["cc_0", "deg_5"], "30": ["cc_0", "deg_6"], "31": ["cc_0", "deg_6"], "36": ["cc_3", "deg_5"], "57": ["cc_1", "deg_9"], "53": ["cc_13", "deg_5"], "10": ["cc_2", "deg_6"], "49": ["cc_2", "deg_6"], "1": ["cc_5", "deg_8"], "46": ["cc_2", "deg_6"], "26": ["cc_5", "deg_4"], "40": ["cc_2", "deg_10"], "41": ["cc_6", "deg_5"], "20": ["cc_1", "deg_9"], "29": ["cc_2", "deg_6"], "52": ["cc_0", "deg_3"], "58": ["cc_3", "deg_7"], "63": ["cc_3", "deg_5"], "64": ["cc_0", "deg_4"], "13": ["cc_6", "deg_5"], "6": ["cc_2", "deg_8"], "7": ["cc_1", "deg_8"], "50": ["cc_3", "deg_5"], "8": ["cc_6", "deg_7"], "16": ["cc_0", "deg_4"], "54": ["cc_0", "deg_4"], "21": ["cc_3", "deg_5"]}}