{"label": 1, "features": {"1": ["cc_11", "deg_4"], "16": ["cc_0", "deg_2"], "4": ["cc_0", "deg_3"], "21": ["cc_5", "deg_4"], "32": ["cc_0", "deg_3"], "34": ["cc_6", "deg_5"], "7": ["cc_0", "deg_5"], "25": ["cc_0", "deg_5"], "0": ["cc_11", "deg_3"], "12": ["cc_0", "deg_2"], "29": ["cc_0", "deg_4"], "28": ["cc_0", "deg_3"], "13": ["cc_3", "deg_5"], "6": ["cc_0", "deg_3"], "30": ["cc_0", "deg_6"], "5": ["cc_0", "deg_5"], "3": ["cc_0", "deg_3"], "24": ["cc_0", "deg_3"], "33": ["cc_11", "deg_3"], "23": ["cc_0", "deg_3"], "27": ["cc_0", "deg_3"], "19": ["cc_10", "deg_5"], "36": ["cc_3", "deg_5"], "10": ["cc_0", "deg_4"], "17": ["cc_4", "deg_7"], "11": ["cc_0", "deg_3"], "22": ["cc_0", "deg_5"], "18": ["cc_5", "deg_4"], "31": ["cc_0", "deg_4"], "2": ["cc_3", "deg_8"], "26": ["cc_0", "deg_4"], "20": ["cc_11", "deg_4"], "14": ["cc_5", "deg_4"], "35": ["cc_11", "deg_4"], "9": ["cc_0", "deg_3"], "8": ["cc_0", "deg_4"], "15": ["cc_0", "deg_3"]}, "edges": [[0, 1], [0, 2], [0, 35], [1, 2], [1, 36], [1, 14], [2, 19], [2, 4], [2, 17], [2, 8], [2, 9], [2, 14], [3, 25], [3, 34], [3, 23], [4, 30], [4, 6], [5, 32], [5, 36], [5, 7], [5, 8], [5, 14], [6, 8], [6, 7], [7, 13], [7, 29], [7, 15], [8, 10], [9, 11], [9, 10], [10, 24], [10, 21], [11, 13], [11, 29], [12, 25], [12, 14], [13, 20], [13, 21], [13, 22], [15, 17], [15, 22], [16, 17], [16, 31], [17, 18], [17, 19], [17, 20], [17, 26], [18, 27], [18, 19], [18, 22], [19, 20], [19, 25], [20, 21], [21, 30], [22, 23], [22, 30], [23, 24], [24, 26], [25, 26], [25, 30], [26, 27], [27, 33], [28, 36], [28, 30], [28, 31], [29, 30], [29, 31], [31, 32], [32, 34], [33, 34], [33, 35], [34, 35], [34, 36], [35, 36]]}