{"label": 1, "edges": [[0, 24], [0, 9], [1, 2], [1, 19], [1, 18], [2, 3], [2, 23], [3, 24], [4, 5], [4, 22], [5, 14], [6, 9], [6, 7], [7, 11], [7, 13], [8, 9], [10, 11], [10, 14], [12, 14], [13, 19], [15, 18], [16, 17], [17, 20], [18, 21], [20, 21]], "features": {"22": ["cc_0", "deg_1"], "15": ["cc_0", "deg_1"], "4": ["cc_0", "deg_2"], "0": ["cc_0", "deg_2"], "2": ["cc_0", "deg_3"], "6": ["cc_0", "deg_2"], "18": ["cc_0", "deg_3"], "5": ["cc_0", "deg_2"], "10": ["cc_0", "deg_2"], "14": ["cc_0", "deg_3"], "1": ["cc_0", "deg_3"], "8": ["cc_0", "deg_1"], "20": ["cc_0", "deg_2"], "3": ["cc_0", "deg_2"], "11": ["cc_0", "deg_2"], "23": ["cc_0", "deg_1"], "19": ["cc_0", "deg_2"], "13": ["cc_0", "deg_2"], "16": ["cc_0", "deg_1"], "7": ["cc_0", "deg_3"], "17": ["cc_0", "deg_2"], "12": ["cc_0", "deg_1"], "24": ["cc_0", "deg_2"], "9": ["cc_0", "deg_3"], "21": ["cc_0", "deg_2"]}}