{"label": 0, "features": {"53": ["cc_10", "deg_5"], "47": ["cc_15", "deg_6"], "21": ["cc_15", "deg_6"], "34": ["cc_7", "deg_8"], "41": ["cc_20", "deg_6"], "4": ["cc_13", "deg_5"], "42": ["cc_14", "deg_7"], "12": ["cc_15", "deg_6"], "28": ["cc_13", "deg_6"], "66": ["cc_20", "deg_5"], "5": ["cc_16", "deg_5"], "65": ["cc_17", "deg_6"], "61": ["cc_15", "deg_6"], "3": ["cc_15", "deg_6"], "64": ["cc_13", "deg_6"], "51": ["cc_11", "deg_6"], "24": ["cc_16", "deg_5"], "56": ["cc_16", "deg_5"], "55": ["cc_17", "deg_6"], "19": ["cc_13", "deg_6"], "54": ["cc_8", "deg_6"], "36": ["cc_17", "deg_6"], "17": ["cc_17", "deg_6"], "11": ["cc_5", "deg_8"], "22": ["cc_15", "deg_6"], "18": ["cc_17", "deg_6"], "59": ["cc_16", "deg_5"], "2": ["cc_11", "deg_7"], "46": ["cc_16", "deg_5"], "37": ["cc_17", "deg_6"], "38": ["cc_20", "deg_6"], "9": ["cc_11", "deg_7"], "27": ["cc_12", "deg_7"], "58": ["cc_14", "deg_7"], "35": ["cc_16", "deg_5"], "1": ["cc_15", "deg_6"], "16": ["cc_17", "deg_6"], "25": ["cc_15", "deg_6"], "7": ["cc_8", "deg_8"], "39": ["cc_20", "deg_6"], "0": ["cc_17", "deg_6"], "29": ["cc_12", "deg_7"], "63": ["cc_20", "deg_5"], "13": ["cc_17", "deg_6"], "6": ["cc_14", "deg_7"], "30": ["cc_17", "deg_6"], "14": ["cc_11", "deg_6"], "32": ["cc_12", "deg_7"], "45": ["cc_13", "deg_6"], "10": ["cc_16", "deg_5"], "33": ["cc_17", "deg_6"], "23": ["cc_10", "deg_5"], "48": ["cc_9", "deg_8"], "40": ["cc_20", "deg_6"], "8": ["cc_6", "deg_6"], "44": ["cc_13", "deg_6"], "31": ["cc_23", "deg_5"], "26": ["cc_13", "deg_5"], "43": ["cc_17", "deg_6"], "57": ["cc_13", "deg_6"], "20": ["cc_13", "deg_6"], "50": ["cc_16", "deg_5"], "62": ["cc_20", "deg_5"], "60": ["cc_12", "deg_7"], "52": ["cc_6", "deg_6"], "15": ["cc_16", "deg_5"], "49": ["cc_17", "deg_6"]}, "edges": [[0, 64], [0, 1], [0, 66], [0, 3], [0, 65], [0, 2], [1, 65], [1, 2], [1, 3], [1, 7], [1, 66], [2, 66], [2, 3], [2, 4], [2, 5], [2, 57], [3, 4], [3, 5], [3, 6], [4, 48], [4, 6], [4, 7], [5, 6], [5, 7], [5, 9], [6, 48], [6, 7], [6, 8], [6, 9], [7, 8], [7, 9], [7, 10], [7, 14], [8, 27], [8, 23], [8, 9], [8, 11], [9, 32], [9, 10], [9, 12], [10, 11], [10, 12], [10, 13], [11, 64], [11, 52], [11, 44], [11, 12], [11, 13], [11, 14], [12, 13], [12, 14], [12, 15], [13, 16], [13, 14], [13, 15], [14, 16], [14, 17], [15, 16], [15, 17], [15, 18], [16, 17], [16, 18], [16, 19], [17, 18], [17, 19], [17, 20], [18, 19], [18, 20], [18, 21], [19, 20], [19, 22], [19, 48], [20, 21], [20, 22], [20, 58], [21, 22], [21, 23], [21, 24], [21, 25], [22, 23], [22, 24], [22, 25], [23, 25], [23, 26], [24, 25], [24, 26], [24, 27], [25, 27], [25, 28], [26, 27], [26, 28], [26, 29], [27, 28], [27, 29], [27, 30], [28, 52], [28, 29], [28, 30], [29, 32], [29, 45], [29, 30], [29, 31], [30, 32], [30, 33], [30, 31], [31, 32], [31, 33], [31, 34], [32, 33], [32, 34], [32, 35], [33, 34], [33, 35], [33, 36], [34, 51], [34, 36], [34, 37], [34, 59], [34, 60], [35, 36], [35, 37], [35, 38], [36, 37], [36, 38], [36, 39], [37, 38], [37, 39], [37, 40], [38, 39], [38, 40], [38, 41], [39, 40], [39, 41], [39, 42], [40, 41], [40, 42], [40, 43], [41, 42], [41, 43], [41, 44], [42, 54], [42, 43], [42, 44], [42, 45], [43, 44], [43, 45], [43, 46], [44, 45], [44, 47], [45, 46], [45, 47], [46, 48], [46, 49], [46, 47], [47, 48], [47, 49], [47, 50], [48, 49], [48, 50], [48, 51], [49, 50], [49, 51], [49, 52], [50, 51], [50, 53], [51, 52], [51, 54], [52, 53], [52, 54], [53, 54], [53, 55], [53, 56], [54, 55], [54, 57], [55, 56], [55, 57], [55, 58], [55, 60], [56, 57], [56, 58], [56, 59], [57, 58], [57, 60], [58, 59], [58, 60], [58, 61], [59, 60], [59, 61], [60, 61], [60, 62], [61, 64], [61, 62], [61, 63], [62, 64], [62, 65], [62, 63], [63, 64], [63, 65], [63, 66], [64, 65], [65, 66]]}