{"label": 1, "features": {"21": ["cc_4", "deg_6"], "34": ["cc_0", "deg_2"], "41": ["cc_5", "deg_4"], "4": ["cc_5", "deg_4"], "42": ["cc_3", "deg_5"], "12": ["cc_0", "deg_3"], "28": ["cc_3", "deg_5"], "5": ["cc_0", "deg_5"], "3": ["cc_5", "deg_4"], "24": ["cc_0", "deg_3"], "19": ["cc_3", "deg_7"], "36": ["cc_0", "deg_3"], "17": ["cc_5", "deg_4"], "11": ["cc_3", "deg_5"], "22": ["cc_3", "deg_5"], "18": ["cc_5", "deg_4"], "2": ["cc_0", "deg_2"], "37": ["cc_0", "deg_3"], "38": ["cc_0", "deg_3"], "9": ["cc_5", "deg_4"], "27": ["cc_5", "deg_4"], "35": ["cc_0", "deg_2"], "1": ["cc_11", "deg_3"], "16": ["cc_5", "deg_4"], "25": ["cc_5", "deg_4"], "7": ["cc_0", "deg_2"], "39": ["cc_0", "deg_3"], "0": ["cc_0", "deg_4"], "29": ["cc_0", "deg_3"], "13": ["cc_3", "deg_5"], "6": ["cc_3", "deg_5"], "30": ["cc_2", "deg_6"], "14": ["cc_0", "deg_4"], "32": ["cc_1", "deg_7"], "45": ["cc_0", "deg_3"], "10": ["cc_11", "deg_4"], "33": ["cc_6", "deg_5"], "23": ["cc_2", "deg_6"], "40": ["cc_0", "deg_3"], "8": ["cc_11", "deg_3"], "44": ["cc_0", "deg_3"], "31": ["cc_0", "deg_5"], "26": ["cc_5", "deg_4"], "43": ["cc_0", "deg_5"], "20": ["cc_0", "deg_2"], "15": ["cc_5", "deg_4"]}, "edges": [[0, 16], [0, 28], [0, 45], [0, 29], [1, 34], [1, 3], [1, 4], [2, 3], [2, 30], [3, 4], [3, 5], [4, 37], [4, 27], [5, 35], [5, 19], [5, 6], [5, 32], [6, 30], [6, 36], [6, 26], [6, 14], [7, 9], [7, 23], [8, 33], [8, 10], [8, 31], [9, 33], [9, 10], [9, 35], [10, 12], [10, 33], [11, 33], [11, 19], [11, 27], [11, 13], [11, 45], [12, 13], [12, 30], [13, 17], [13, 43], [13, 27], [14, 24], [14, 22], [14, 15], [15, 32], [15, 21], [15, 23], [16, 18], [16, 19], [16, 37], [17, 32], [17, 18], [17, 22], [18, 19], [18, 44], [19, 36], [19, 41], [19, 25], [20, 32], [20, 21], [21, 34], [21, 23], [21, 42], [21, 28], [22, 32], [22, 23], [22, 31], [23, 24], [23, 45], [24, 41], [25, 40], [25, 41], [25, 30], [26, 44], [26, 28], [26, 30], [27, 28], [28, 42], [29, 33], [29, 31], [30, 31], [31, 39], [32, 43], [32, 44], [36, 38], [37, 39], [38, 40], [38, 43], [39, 42], [40, 42], [41, 43], [42, 43]]}