{"label": 0, "features": {"53": ["cc_8", "deg_6"], "47": ["cc_15", "deg_6"], "68": ["cc_6", "deg_6"], "21": ["cc_17", "deg_6"], "34": ["cc_20", "deg_6"], "67": ["cc_6", "deg_6"], "41": ["cc_16", "deg_5"], "4": ["cc_0", "deg_3"], "42": ["cc_11", "deg_7"], "12": ["cc_11", "deg_6"], "28": ["cc_5", "deg_4"], "66": ["cc_13", "deg_5"], "5": ["cc_6", "deg_7"], "65": ["cc_3", "deg_5"], "61": ["cc_6", "deg_6"], "3": ["cc_8", "deg_6"], "64": ["cc_4", "deg_6"], "51": ["cc_6", "deg_6"], "24": ["cc_33", "deg_3"], "56": ["cc_13", "deg_6"], "55": ["cc_11", "deg_6"], "19": ["cc_14", "deg_7"], "54": ["cc_3", "deg_5"], "36": ["cc_20", "deg_6"], "17": ["cc_11", "deg_7"], "11": ["cc_6", "deg_6"], "22": ["cc_17", "deg_6"], "71": ["cc_5", "deg_9"], "18": ["cc_11", "deg_8"], "59": ["cc_13", "deg_6"], "2": ["cc_11", "deg_7"], "46": ["cc_11", "deg_6"], "37": ["cc_14", "deg_7"], "38": ["cc_12", "deg_7"], "73": ["cc_8", "deg_6"], "78": ["cc_7", "deg_7"], "9": ["cc_4", "deg_7"], "27": ["cc_8", "deg_6"], "58": ["cc_13", "deg_6"], "35": ["cc_14", "deg_7"], "1": ["cc_10", "deg_5"], "16": ["cc_16", "deg_5"], "25": ["cc_8", "deg_6"], "7": ["cc_3", "deg_5"], "39": ["cc_17", "deg_6"], "0": ["cc_10", "deg_5"], "29": ["cc_4", "deg_7"], "63": ["cc_0", "deg_6"], "13": ["cc_6", "deg_6"], "6": ["cc_10", "deg_5"], "30": ["cc_8", "deg_6"], "14": ["cc_6", "deg_7"], "32": ["cc_14", "deg_7"], "45": ["cc_8", "deg_6"], "10": ["cc_13", "deg_5"], "33": ["cc_14", "deg_7"], "23": ["cc_17", "deg_6"], "69": ["cc_10", "deg_5"], "76": ["cc_4", "deg_6"], "48": ["cc_4", "deg_8"], "79": ["cc_15", "deg_6"], "77": ["cc_13", "deg_5"], "40": ["cc_11", "deg_6"], "72": ["cc_6", "deg_5"], "8": ["cc_6", "deg_5"], "44": ["cc_4", "deg_8"], "31": ["cc_11", "deg_7"], "75": ["cc_10", "deg_5"], "26": ["cc_11", "deg_6"], "43": ["cc_11", "deg_6"], "57": ["cc_22", "deg_4"], "20": ["cc_19", "deg_7"], "50": ["cc_4", "deg_8"], "62": ["cc_4", "deg_7"], "60": ["cc_6", "deg_5"], "52": ["cc_13", "deg_6"], "15": ["cc_5", "deg_4"], "74": ["cc_11", "deg_6"], "70": ["cc_4", "deg_7"], "49": ["cc_13", "deg_5"]}, "edges": [[0, 2], [0, 3], [0, 63], [0, 78], [0, 79], [1, 2], [1, 3], [1, 61], [1, 78], [1, 79], [2, 3], [2, 5], [2, 11], [2, 77], [2, 79], [3, 5], [3, 6], [3, 76], [4, 65], [4, 5], [4, 9], [5, 6], [5, 8], [5, 58], [5, 11], [6, 8], [6, 9], [6, 46], [7, 40], [7, 9], [7, 10], [7, 44], [7, 78], [8, 64], [8, 50], [8, 9], [9, 18], [9, 10], [9, 12], [10, 11], [10, 12], [10, 13], [11, 12], [11, 42], [11, 14], [12, 26], [12, 13], [12, 14], [13, 16], [13, 63], [13, 14], [13, 15], [14, 16], [14, 17], [14, 48], [14, 72], [15, 17], [15, 18], [15, 37], [16, 17], [16, 18], [16, 19], [17, 18], [17, 19], [17, 20], [17, 50], [18, 19], [18, 20], [18, 21], [18, 23], [19, 20], [19, 21], [19, 22], [19, 63], [20, 21], [20, 22], [20, 23], [20, 71], [21, 70], [21, 22], [21, 23], [22, 23], [22, 25], [22, 71], [23, 71], [23, 25], [24, 25], [24, 26], [24, 27], [25, 26], [25, 27], [25, 28], [26, 32], [26, 27], [26, 29], [27, 62], [27, 29], [27, 30], [28, 63], [28, 30], [28, 31], [29, 32], [29, 71], [29, 55], [29, 63], [29, 31], [30, 32], [30, 33], [30, 68], [30, 31], [31, 32], [31, 33], [31, 34], [31, 48], [32, 33], [32, 34], [32, 35], [33, 34], [33, 35], [33, 36], [33, 75], [34, 35], [34, 36], [34, 37], [35, 36], [35, 37], [35, 38], [35, 70], [36, 37], [36, 38], [36, 39], [37, 38], [37, 39], [37, 40], [38, 64], [38, 39], [38, 40], [38, 41], [39, 40], [39, 41], [39, 42], [40, 42], [40, 43], [41, 42], [41, 43], [41, 44], [42, 43], [42, 44], [42, 45], [43, 50], [43, 44], [43, 45], [44, 53], [44, 62], [44, 46], [44, 47], [45, 48], [45, 67], [45, 46], [45, 47], [46, 48], [46, 49], [46, 47], [47, 48], [47, 49], [47, 50], [48, 50], [48, 51], [48, 61], [49, 50], [49, 51], [49, 52], [50, 52], [50, 53], [51, 52], [51, 53], [51, 54], [51, 76], [52, 53], [52, 54], [52, 55], [53, 55], [53, 56], [54, 67], [54, 70], [54, 56], [55, 56], [55, 58], [55, 59], [56, 57], [56, 58], [56, 59], [57, 58], [57, 59], [57, 60], [58, 59], [58, 60], [59, 61], [59, 62], [60, 61], [60, 62], [60, 63], [61, 64], [61, 62], [62, 64], [62, 65], [64, 66], [64, 67], [65, 66], [65, 68], [65, 73], [66, 67], [66, 68], [66, 69], [67, 68], [67, 69], [68, 70], [68, 71], [69, 70], [69, 71], [69, 72], [70, 71], [70, 72], [71, 73], [71, 74], [72, 73], [72, 74], [73, 74], [73, 75], [73, 76], [74, 75], [74, 76], [74, 77], [75, 77], [75, 78], [76, 78], [76, 79], [77, 78], [77, 79], [78, 79]]}