{"label": 1, "features": {"53": ["cc_0", "deg_5"], "47": ["cc_2", "deg_10"], "68": ["cc_6", "deg_7"], "21": ["cc_0", "deg_8"], "34": ["cc_2", "deg_8"], "67": ["cc_1", "deg_7"], "41": ["cc_3", "deg_5"], "4": ["cc_2", "deg_6"], "42": ["cc_3", "deg_5"], "12": ["cc_1", "deg_7"], "28": ["cc_4", "deg_9"], "66": ["cc_8", "deg_6"], "5": ["cc_3", "deg_9"], "65": ["cc_3", "deg_5"], "61": ["cc_0", "deg_4"], "3": ["cc_4", "deg_6"], "64": ["cc_11", "deg_4"], "51": ["cc_0", "deg_6"], "24": ["cc_2", "deg_6"], "56": ["cc_0", "deg_5"], "55": ["cc_3", "deg_5"], "19": ["cc_3", "deg_7"], "54": ["cc_0", "deg_4"], "36": ["cc_3", "deg_5"], "17": ["cc_11", "deg_4"], "11": ["cc_2", "deg_6"], "22": ["cc_6", "deg_5"], "71": ["cc_4", "deg_8"], "18": ["cc_0", "deg_5"], "59": ["cc_2", "deg_6"], "2": ["cc_2", "deg_6"], "46": ["cc_13", "deg_5"], "37": ["cc_3", "deg_7"], "38": ["cc_6", "deg_6"], "73": ["cc_0", "deg_7"], "78": ["cc_3", "deg_5"], "9": ["cc_0", "deg_6"], "27": ["cc_5", "deg_4"], "58": ["cc_5", "deg_4"], "35": ["cc_0", "deg_5"], "1": ["cc_2", "deg_8"], "16": ["cc_2", "deg_6"], "25": ["cc_4", "deg_6"], "7": ["cc_5", "deg_4"], "39": ["cc_4", "deg_6"], "0": ["cc_1", "deg_8"], "29": ["cc_3", "deg_5"], "63": ["cc_11", "deg_3"], "13": ["cc_0", "deg_5"], "6": ["cc_2", "deg_6"], "30": ["cc_0", "deg_5"], "14": ["cc_0", "deg_6"], "32": ["cc_0", "deg_4"], "45": ["cc_11", "deg_6"], "10": ["cc_11", "deg_3"], "33": ["cc_0", "deg_7"], "23": ["cc_2", "deg_8"], "69": ["cc_3", "deg_7"], "76": ["cc_0", "deg_5"], "48": ["cc_2", "deg_6"], "77": ["cc_0", "deg_8"], "40": ["cc_1", "deg_7"], "72": ["cc_3", "deg_5"], "8": ["cc_4", "deg_6"], "44": ["cc_6", "deg_7"], "31": ["cc_0", "deg_5"], "75": ["cc_2", "deg_6"], "26": ["cc_0", "deg_9"], "43": ["cc_0", "deg_4"], "57": ["cc_0", "deg_5"], "20": ["cc_3", "deg_7"], "50": ["cc_0", "deg_6"], "62": ["cc_0", "deg_3"], "60": ["cc_2", "deg_9"], "52": ["cc_3", "deg_7"], "15": ["cc_0", "deg_4"], "74": ["cc_4", "deg_6"], "70": ["cc_2", "deg_9"], "49": ["cc_1", "deg_9"]}, "edges": [[0, 1], [0, 2], [0, 3], [0, 23], [0, 26], [0, 39], [0, 76], [0, 78], [1, 49], [1, 34], [1, 53], [1, 24], [1, 59], [1, 78], [1, 13], [2, 34], [2, 4], [2, 5], [2, 72], [2, 73], [3, 5], [3, 6], [3, 24], [3, 27], [3, 63], [4, 5], [4, 25], [4, 78], [4, 30], [4, 21], [5, 6], [5, 7], [5, 8], [5, 63], [5, 60], [5, 31], [6, 33], [6, 41], [6, 57], [6, 53], [7, 49], [7, 61], [7, 47], [8, 59], [8, 9], [8, 11], [8, 60], [8, 47], [9, 43], [9, 51], [9, 21], [9, 22], [9, 14], [10, 23], [10, 26], [10, 11], [11, 23], [11, 73], [11, 12], [11, 14], [12, 68], [12, 41], [12, 31], [12, 55], [12, 26], [12, 13], [13, 54], [13, 71], [13, 14], [14, 16], [14, 26], [14, 77], [15, 18], [15, 34], [15, 71], [15, 77], [16, 32], [16, 17], [16, 19], [16, 74], [16, 44], [17, 19], [17, 20], [17, 37], [18, 50], [18, 21], [18, 38], [18, 70], [19, 20], [19, 21], [19, 65], [19, 40], [19, 27], [20, 69], [20, 22], [20, 23], [20, 49], [20, 62], [21, 59], [21, 75], [21, 67], [21, 29], [22, 23], [22, 25], [22, 74], [23, 35], [23, 71], [23, 50], [24, 52], [24, 37], [24, 49], [24, 26], [25, 40], [25, 26], [25, 28], [25, 74], [26, 57], [26, 43], [26, 28], [27, 34], [27, 28], [28, 34], [28, 67], [28, 52], [28, 39], [28, 60], [28, 29], [29, 32], [29, 50], [29, 60], [30, 33], [30, 55], [30, 47], [30, 31], [31, 54], [31, 73], [32, 69], [32, 56], [33, 51], [33, 35], [33, 36], [33, 69], [33, 76], [34, 48], [34, 36], [34, 52], [35, 68], [35, 49], [35, 53], [36, 37], [36, 38], [36, 60], [37, 38], [37, 39], [37, 42], [37, 47], [38, 39], [38, 40], [38, 41], [39, 56], [39, 52], [40, 69], [40, 41], [40, 42], [40, 59], [41, 44], [42, 44], [42, 45], [42, 62], [43, 52], [43, 47], [44, 77], [44, 45], [44, 46], [44, 47], [45, 48], [45, 63], [45, 46], [45, 47], [46, 48], [46, 65], [46, 47], [47, 75], [47, 49], [48, 49], [48, 51], [48, 76], [49, 77], [49, 57], [50, 65], [50, 51], [50, 77], [51, 52], [51, 53], [52, 55], [53, 77], [54, 70], [54, 56], [55, 68], [55, 67], [56, 57], [56, 58], [57, 78], [58, 68], [58, 70], [58, 60], [59, 73], [59, 60], [60, 71], [60, 74], [61, 64], [61, 73], [61, 76], [62, 72], [64, 65], [64, 66], [64, 67], [65, 66], [66, 67], [66, 68], [66, 69], [66, 71], [67, 70], [67, 77], [68, 70], [68, 71], [69, 70], [69, 71], [70, 71], [70, 72], [70, 73], [72, 74], [72, 75], [73, 75], [74, 75], [75, 76], [77, 78]]}