{"label": 0, "edges": [[0, 1], [0, 42], [0, 33], [1, 43], [1, 2], [1, 3], [1, 42], [2, 3], [2, 4], [2, 8], [2, 30], [3, 4], [3, 20], [4, 9], [4, 5], [4, 6], [5, 43], [5, 6], [6, 8], [6, 19], [7, 8], [7, 9], [7, 31], [8, 34], [9, 10], [10, 11], [10, 12], [11, 41], [11, 12], [11, 13], [12, 13], [12, 14], [13, 38], [13, 15], [14, 16], [14, 15], [15, 16], [15, 17], [15, 23], [16, 17], [16, 18], [17, 33], [17, 26], [17, 35], [18, 28], [18, 20], [19, 20], [19, 21], [20, 21], [20, 22], [21, 22], [21, 23], [22, 35], [22, 23], [23, 36], [23, 24], [24, 25], [24, 26], [25, 26], [25, 27], [26, 27], [26, 28], [27, 28], [27, 29], [28, 43], [28, 30], [29, 30], [29, 31], [30, 36], [31, 33], [32, 33], [32, 34], [33, 34], [33, 35], [34, 35], [34, 36], [34, 38], [35, 36], [36, 37], [36, 43], [37, 38], [37, 39], [38, 39], [39, 40], [39, 41], [40, 41], [40, 43], [41, 42]], "features": {"27": ["cc_11", "deg_4"], "35": ["cc_10", "deg_5"], "43": ["cc_0", "deg_5"], "32": ["cc_33", "deg_2"], "9": ["cc_0", "deg_3"], "33": ["cc_6", "deg_6"], "0": ["cc_11", "deg_3"], "2": ["cc_6", "deg_5"], "18": ["cc_0", "deg_3"], "5": ["cc_11", "deg_3"], "14": ["cc_11", "deg_3"], "38": ["cc_5", "deg_4"], "39": ["cc_11", "deg_4"], "3": ["cc_11", "deg_4"], "28": ["cc_3", "deg_5"], "23": ["cc_3", "deg_5"], "19": ["cc_11", "deg_3"], "34": ["cc_6", "deg_6"], "11": ["cc_11", "deg_4"], "17": ["cc_6", "deg_5"], "12": ["cc_11", "deg_4"], "25": ["cc_22", "deg_3"], "24": ["cc_11", "deg_3"], "22": ["cc_11", "deg_4"], "15": ["cc_6", "deg_5"], "4": ["cc_6", "deg_5"], "37": ["cc_11", "deg_3"], "42": ["cc_11", "deg_3"], "30": ["cc_0", "deg_4"], "31": ["cc_0", "deg_3"], "36": ["cc_2", "deg_6"], "10": ["cc_11", "deg_3"], "1": ["cc_6", "deg_5"], "26": ["cc_10", "deg_5"], "40": ["cc_11", "deg_3"], "41": ["cc_5", "deg_4"], "20": ["cc_6", "deg_5"], "29": ["cc_0", "deg_3"], "13": ["cc_5", "deg_4"], "6": ["cc_5", "deg_4"], "7": ["cc_0", "deg_3"], "8": ["cc_0", "deg_4"], "16": ["cc_11", "deg_4"], "21": ["cc_16", "deg_4"]}}