{"label": 1, "features": {"1": ["cc_0", "deg_5"], "16": ["cc_10", "deg_5"], "4": ["cc_11", "deg_3"], "21": ["cc_0", "deg_4"], "7": ["cc_11", "deg_4"], "25": ["cc_0", "deg_4"], "0": ["cc_0", "deg_3"], "12": ["cc_3", "deg_5"], "13": ["cc_3", "deg_5"], "6": ["cc_11", "deg_4"], "5": ["cc_11", "deg_4"], "3": ["cc_0", "deg_4"], "24": ["cc_0", "deg_3"], "23": ["cc_0", "deg_3"], "19": ["cc_11", "deg_4"], "10": ["cc_6", "deg_5"], "17": ["cc_11", "deg_4"], "11": ["cc_5", "deg_4"], "22": ["cc_0", "deg_4"], "18": ["cc_5", "deg_4"], "2": ["cc_0", "deg_4"], "20": ["cc_0", "deg_4"], "14": ["cc_5", "deg_4"], "9": ["cc_10", "deg_5"], "8": ["cc_22", "deg_3"], "15": ["cc_11", "deg_3"]}, "edges": [[0, 24], [0, 2], [0, 21], [1, 3], [1, 6], [1, 25], [1, 10], [1, 14], [2, 25], [2, 10], [2, 4], [3, 5], [3, 11], [3, 13], [4, 5], [4, 6], [5, 6], [5, 7], [6, 7], [7, 8], [7, 9], [8, 9], [8, 10], [9, 10], [9, 11], [9, 18], [10, 11], [11, 12], [12, 20], [12, 24], [12, 13], [12, 14], [13, 22], [13, 25], [13, 14], [14, 16], [15, 16], [15, 19], [15, 22], [16, 17], [16, 18], [16, 19], [17, 18], [17, 19], [17, 21], [18, 20], [19, 20], [20, 21], [21, 22], [22, 23], [23, 24], [23, 25]]}