{"label": 2, "features": {"53": ["cc_0", "deg_7"], "47": ["cc_5", "deg_4"], "68": ["cc_0", "deg_3"], "21": ["cc_0", "deg_3"], "34": ["cc_2", "deg_6"], "67": ["cc_0", "deg_5"], "41": ["cc_0", "deg_4"], "4": ["cc_0", "deg_4"], "42": ["cc_11", "deg_3"], "12": ["cc_0", "deg_3"], "28": ["cc_0", "deg_5"], "66": ["cc_0", "deg_5"], "5": ["cc_0", "deg_5"], "65": ["cc_0", "deg_3"], "61": ["cc_0", "deg_6"], "3": ["cc_0", "deg_2"], "64": ["cc_0", "deg_3"], "51": ["cc_0", "deg_2"], "24": ["cc_0", "deg_5"], "56": ["cc_0", "deg_2"], "55": ["cc_0", "deg_5"], "19": ["cc_0", "deg_2"], "54": ["cc_0", "deg_4"], "36": ["cc_0", "deg_3"], "17": ["cc_0", "deg_4"], "11": ["cc_0", "deg_5"], "22": ["cc_0", "deg_3"], "71": ["cc_0", "deg_3"], "18": ["cc_0", "deg_5"], "59": ["cc_0", "deg_4"], "2": ["cc_0", "deg_6"], "46": ["cc_11", "deg_3"], "37": ["cc_3", "deg_5"], "38": ["cc_0", "deg_5"], "73": ["cc_0", "deg_3"], "9": ["cc_0", "deg_3"], "27": ["cc_0", "deg_3"], "58": ["cc_0", "deg_4"], "35": ["cc_0", "deg_3"], "1": ["cc_0", "deg_3"], "16": ["cc_0", "deg_3"], "25": ["cc_0", "deg_3"], "7": ["cc_3", "deg_5"], "39": ["cc_0", "deg_6"], "0": ["cc_0", "deg_3"], "29": ["cc_5", "deg_4"], "63": ["cc_0", "deg_3"], "13": ["cc_0", "deg_6"], "6": ["cc_11", "deg_3"], "30": ["cc_0", "deg_3"], "14": ["cc_0", "deg_7"], "32": ["cc_0", "deg_6"], "45": ["cc_0", "deg_3"], "10": ["cc_2", "deg_6"], "33": ["cc_0", "deg_4"], "23": ["cc_0", "deg_5"], "69": ["cc_0", "deg_3"], "76": ["cc_0", "deg_4"], "48": ["cc_5", "deg_4"], "77": ["cc_0", "deg_3"], "40": ["cc_2", "deg_6"], "72": ["cc_0", "deg_5"], "8": ["cc_0", "deg_3"], "44": ["cc_1", "deg_7"], "31": ["cc_0", "deg_4"], "75": ["cc_0", "deg_3"], "26": ["cc_0", "deg_5"], "43": ["cc_0", "deg_2"], "57": ["cc_5", "deg_4"], "20": ["cc_0", "deg_3"], "50": ["cc_0", "deg_4"], "62": ["cc_5", "deg_4"], "60": ["cc_0", "deg_3"], "52": ["cc_0", "deg_3"], "15": ["cc_0", "deg_3"], "74": ["cc_0", "deg_6"], "70": ["cc_0", "deg_3"], "49": ["cc_5", "deg_4"]}, "edges": [[0, 32], [0, 18], [0, 35], [1, 50], [1, 23], [1, 13], [2, 68], [2, 6], [2, 55], [2, 41], [2, 44], [2, 61], [3, 22], [3, 63], [4, 5], [4, 55], [4, 72], [4, 76], [5, 53], [5, 7], [5, 13], [5, 77], [6, 10], [6, 42], [7, 72], [7, 30], [7, 44], [7, 46], [8, 34], [8, 72], [8, 10], [9, 32], [9, 11], [9, 76], [10, 67], [10, 38], [10, 60], [10, 42], [11, 33], [11, 67], [11, 13], [11, 47], [12, 34], [12, 61], [12, 14], [13, 41], [13, 58], [13, 14], [14, 16], [14, 64], [14, 53], [14, 23], [14, 24], [15, 59], [15, 37], [15, 46], [16, 75], [16, 61], [17, 43], [17, 18], [17, 35], [17, 33], [18, 53], [18, 45], [18, 31], [19, 20], [19, 53], [20, 40], [20, 74], [21, 32], [21, 66], [21, 63], [22, 60], [22, 23], [23, 28], [23, 31], [24, 49], [24, 68], [24, 25], [24, 60], [25, 26], [25, 28], [26, 54], [26, 39], [26, 42], [26, 75], [27, 51], [27, 28], [27, 29], [28, 39], [28, 30], [29, 33], [29, 37], [29, 62], [30, 47], [31, 32], [31, 56], [32, 34], [32, 59], [33, 55], [34, 50], [34, 40], [34, 57], [35, 54], [36, 59], [36, 37], [36, 38], [37, 50], [37, 62], [38, 70], [38, 39], [38, 40], [39, 52], [39, 41], [39, 74], [40, 57], [40, 75], [40, 77], [41, 69], [43, 44], [44, 49], [44, 52], [44, 45], [44, 46], [45, 64], [47, 48], [47, 49], [48, 49], [48, 53], [48, 61], [50, 55], [51, 52], [53, 65], [53, 54], [54, 55], [56, 74], [57, 74], [57, 59], [58, 65], [58, 76], [58, 61], [61, 70], [62, 67], [62, 77], [63, 76], [64, 66], [65, 69], [66, 73], [66, 67], [66, 68], [67, 69], [70, 71], [71, 72], [71, 73], [72, 74], [73, 74]]}