{"label": 2, "edges": [[0, 40], [0, 42], [0, 55], [0, 61], [0, 63], [1, 2], [1, 57], [1, 10], [1, 61], [2, 67], [2, 38], [2, 25], [2, 61], [2, 46], [3, 34], [3, 32], [3, 25], [3, 58], [4, 35], [4, 49], [4, 6], [4, 60], [4, 31], [5, 54], [5, 11], [5, 60], [5, 14], [6, 48], [6, 68], [6, 7], [6, 39], [6, 26], [6, 59], [7, 48], [7, 9], [7, 10], [7, 63], [8, 65], [8, 34], [8, 70], [8, 39], [8, 40], [8, 10], [8, 66], [8, 14], [8, 52], [9, 66], [9, 24], [9, 25], [9, 13], [9, 44], [9, 47], [10, 50], [10, 20], [10, 53], [10, 70], [10, 39], [10, 12], [11, 48], [11, 21], [11, 28], [11, 12], [11, 62], [11, 15], [12, 45], [12, 66], [12, 69], [12, 46], [12, 37], [12, 14], [13, 50], [13, 71], [13, 59], [13, 45], [13, 14], [14, 29], [14, 36], [14, 37], [14, 56], [15, 17], [15, 51], [15, 53], [15, 69], [15, 47], [16, 17], [16, 51], [16, 54], [16, 44], [17, 66], [17, 23], [17, 61], [18, 50], [18, 19], [18, 20], [19, 72], [19, 35], [19, 56], [19, 62], [20, 21], [20, 70], [20, 59], [21, 32], [21, 24], [22, 48], [22, 34], [22, 24], [22, 41], [22, 28], [23, 39], [23, 56], [23, 25], [23, 26], [24, 40], [24, 41], [24, 59], [24, 30], [25, 34], [25, 56], [25, 59], [25, 61], [26, 72], [26, 54], [26, 59], [26, 28], [26, 29], [26, 45], [27, 46], [27, 29], [27, 61], [28, 47], [28, 61], [28, 30], [29, 32], [29, 67], [29, 72], [29, 57], [30, 49], [30, 38], [30, 42], [31, 48], [31, 71], [31, 58], [32, 68], [32, 63], [33, 34], [33, 70], [33, 56], [34, 37], [34, 57], [34, 41], [35, 36], [35, 54], [35, 57], [36, 70], [36, 42], [36, 43], [36, 62], [37, 68], [37, 54], [37, 38], [37, 40], [38, 62], [38, 55], [38, 45], [38, 53], [39, 64], [39, 51], [39, 70], [40, 42], [40, 43], [41, 53], [41, 42], [41, 61], [42, 65], [42, 64], [43, 50], [43, 67], [43, 60], [43, 63], [44, 50], [44, 52], [44, 69], [44, 47], [45, 64], [45, 53], [46, 49], [46, 52], [46, 60], [47, 64], [47, 65], [47, 53], [47, 60], [48, 67], [49, 66], [49, 72], [49, 61], [50, 70], [51, 52], [51, 58], [53, 59], [54, 65], [54, 55], [55, 68], [55, 56], [55, 62], [57, 71], [58, 71], [58, 60], [59, 65], [60, 70], [60, 62], [60, 63], [61, 62], [63, 67], [64, 70], [65, 66], [67, 70], [69, 71], [71, 72]], "features": {"27": ["cc_0", "deg_3"], "35": ["cc_0", "deg_5"], "43": ["cc_4", "deg_6"], "47": ["cc_2", "deg_8"], "32": ["cc_0", "deg_5"], "56": ["cc_2", "deg_6"], "9": ["cc_1", "deg_7"], "33": ["cc_0", "deg_3"], "48": ["cc_2", "deg_6"], "55": ["cc_2", "deg_6"], "0": ["cc_3", "deg_5"], "2": ["cc_4", "deg_6"], "18": ["cc_0", "deg_3"], "5": ["cc_0", "deg_4"], "14": ["cc_1", "deg_8"], "38": ["cc_3", "deg_7"], "44": ["cc_2", "deg_6"], "39": ["cc_6", "deg_7"], "3": ["cc_5", "deg_4"], "68": ["cc_0", "deg_4"], "28": ["cc_0", "deg_6"], "51": ["cc_0", "deg_5"], "23": ["cc_3", "deg_5"], "19": ["cc_0", "deg_5"], "61": ["cc_1", "deg_10"], "34": ["cc_2", "deg_8"], "11": ["cc_0", "deg_7"], "72": ["cc_3", "deg_5"], "17": ["cc_0", "deg_5"], "12": ["cc_1", "deg_8"], "25": ["cc_3", "deg_8"], "24": ["cc_1", "deg_7"], "62": ["cc_1", "deg_7"], "59": ["cc_1", "deg_8"], "69": ["cc_0", "deg_4"], "22": ["cc_6", "deg_5"], "60": ["cc_0", "deg_9"], "70": ["cc_4", "deg_10"], "65": ["cc_2", "deg_6"], "71": ["cc_2", "deg_6"], "15": ["cc_2", "deg_6"], "4": ["cc_0", "deg_5"], "37": ["cc_1", "deg_7"], "45": ["cc_2", "deg_6"], "42": ["cc_1", "deg_7"], "30": ["cc_0", "deg_5"], "31": ["cc_5", "deg_4"], "66": ["cc_2", "deg_6"], "36": ["cc_0", "deg_6"], "67": ["cc_2", "deg_6"], "57": ["cc_0", "deg_5"], "53": ["cc_3", "deg_7"], "10": ["cc_4", "deg_9"], "49": ["cc_0", "deg_6"], "1": ["cc_5", "deg_4"], "46": ["cc_0", "deg_6"], "26": ["cc_2", "deg_8"], "40": ["cc_2", "deg_6"], "41": ["cc_4", "deg_6"], "20": ["cc_3", "deg_5"], "29": ["cc_1", "deg_7"], "52": ["cc_0", "deg_4"], "58": ["cc_3", "deg_5"], "63": ["cc_4", "deg_6"], "64": ["cc_3", "deg_5"], "13": ["cc_0", "deg_6"], "6": ["cc_3", "deg_7"], "7": ["cc_3", "deg_5"], "50": ["cc_2", "deg_6"], "8": ["cc_3", "deg_9"], "16": ["cc_0", "deg_4"], "54": ["cc_0", "deg_7"], "21": ["cc_0", "deg_4"]}}