{"label": 1, "features": {"53": ["cc_0", "deg_4"], "47": ["cc_6", "deg_5"], "21": ["cc_0", "deg_6"], "34": ["cc_3", "deg_5"], "41": ["cc_0", "deg_4"], "4": ["cc_2", "deg_6"], "42": ["cc_11", "deg_3"], "12": ["cc_11", "deg_3"], "28": ["cc_0", "deg_4"], "5": ["cc_5", "deg_4"], "61": ["cc_0", "deg_3"], "3": ["cc_6", "deg_5"], "51": ["cc_6", "deg_5"], "24": ["cc_5", "deg_4"], "56": ["cc_0", "deg_4"], "55": ["cc_0", "deg_4"], "19": ["cc_0", "deg_3"], "54": ["cc_0", "deg_4"], "36": ["cc_0", "deg_4"], "17": ["cc_2", "deg_6"], "11": ["cc_5", "deg_4"], "22": ["cc_0", "deg_5"], "18": ["cc_3", "deg_5"], "59": ["cc_0", "deg_3"], "2": ["cc_0", "deg_2"], "46": ["cc_2", "deg_6"], "37": ["cc_0", "deg_2"], "38": ["cc_5", "deg_4"], "9": ["cc_5", "deg_4"], "27": ["cc_0", "deg_4"], "58": ["cc_0", "deg_3"], "35": ["cc_0", "deg_3"], "1": ["cc_3", "deg_5"], "16": ["cc_11", "deg_3"], "25": ["cc_2", "deg_6"], "7": ["cc_0", "deg_4"], "39": ["cc_11", "deg_4"], "0": ["cc_0", "deg_3"], "29": ["cc_0", "deg_4"], "63": ["cc_0", "deg_2"], "13": ["cc_5", "deg_4"], "6": ["cc_0", "deg_3"], "30": ["cc_2", "deg_6"], "14": ["cc_11", "deg_4"], "32": ["cc_33", "deg_2"], "45": ["cc_5", "deg_4"], "10": ["cc_0", "deg_4"], "33": ["cc_11", "deg_3"], "23": ["cc_11", "deg_3"], "48": ["cc_0", "deg_4"], "40": ["cc_6", "deg_5"], "8": ["cc_0", "deg_4"], "44": ["cc_2", "deg_6"], "31": ["cc_0", "deg_5"], "26": ["cc_0", "deg_4"], "43": ["cc_11", "deg_3"], "57": ["cc_0", "deg_3"], "20": ["cc_0", "deg_3"], "50": ["cc_5", "deg_4"], "62": ["cc_0", "deg_5"], "60": ["cc_0", "deg_4"], "52": ["cc_5", "deg_4"], "15": ["cc_5", "deg_4"], "49": ["cc_11", "deg_3"]}, "edges": [[0, 2], [0, 26], [0, 27], [1, 51], [1, 3], [1, 21], [1, 31], [1, 63], [2, 46], [3, 51], [3, 4], [3, 5], [3, 62], [4, 19], [4, 18], [4, 36], [4, 5], [4, 55], [5, 28], [5, 22], [6, 8], [6, 62], [6, 7], [7, 55], [7, 56], [7, 11], [8, 10], [8, 18], [8, 21], [9, 21], [9, 11], [9, 12], [9, 53], [10, 17], [10, 50], [10, 59], [11, 40], [11, 12], [12, 31], [13, 41], [13, 44], [13, 14], [13, 15], [14, 47], [14, 52], [14, 15], [15, 55], [15, 30], [16, 17], [16, 18], [16, 57], [17, 18], [17, 19], [17, 37], [17, 22], [18, 54], [19, 21], [20, 21], [20, 57], [20, 60], [21, 45], [22, 23], [22, 36], [22, 26], [23, 24], [23, 25], [24, 25], [24, 58], [24, 29], [25, 55], [25, 26], [25, 27], [25, 61], [26, 38], [27, 28], [27, 29], [28, 44], [28, 30], [29, 34], [29, 38], [30, 33], [30, 39], [30, 40], [30, 31], [31, 48], [31, 54], [32, 33], [32, 34], [33, 34], [34, 35], [34, 36], [35, 44], [35, 58], [36, 51], [37, 40], [38, 40], [38, 39], [39, 40], [39, 41], [41, 42], [41, 63], [42, 43], [42, 44], [43, 44], [43, 45], [44, 46], [45, 46], [45, 47], [46, 48], [46, 56], [46, 47], [47, 52], [47, 62], [48, 49], [48, 62], [49, 50], [49, 51], [50, 51], [50, 52], [52, 53], [53, 54], [53, 61], [54, 56], [56, 57], [58, 59], [59, 60], [60, 61], [60, 62]]}