{"label": 2, "edges": [[0, 43], [0, 25], [0, 23], [0, 11], [1, 2], [1, 35], [1, 36], [2, 34], [2, 10], [2, 17], [2, 18], [2, 19], [2, 23], [2, 30], [3, 16], [3, 35], [3, 4], [3, 33], [3, 9], [4, 32], [4, 18], [4, 22], [4, 8], [5, 7], [5, 23], [5, 34], [6, 34], [6, 35], [6, 11], [6, 15], [6, 18], [6, 21], [6, 36], [6, 27], [6, 29], [7, 8], [7, 10], [7, 12], [7, 42], [7, 31], [8, 19], [8, 38], [8, 9], [8, 10], [8, 11], [9, 36], [9, 27], [9, 14], [9, 31], [10, 33], [10, 39], [11, 40], [11, 42], [11, 28], [11, 30], [12, 16], [12, 20], [12, 37], [12, 38], [12, 43], [13, 17], [13, 19], [13, 21], [13, 22], [13, 24], [13, 26], [13, 14], [14, 34], [14, 43], [14, 29], [15, 22], [15, 38], [15, 43], [15, 31], [16, 37], [16, 23], [16, 31], [16, 21], [17, 34], [17, 25], [17, 41], [18, 35], [18, 38], [18, 39], [18, 40], [18, 41], [18, 29], [19, 36], [20, 32], [20, 33], [20, 25], [20, 31], [20, 21], [21, 32], [21, 38], [21, 43], [21, 26], [21, 27], [22, 35], [22, 33], [23, 24], [23, 41], [24, 32], [24, 36], [24, 40], [24, 39], [24, 42], [24, 30], [25, 33], [25, 34], [26, 40], [26, 30], [26, 31], [27, 39], [27, 40], [27, 37], [28, 33], [28, 39], [28, 41], [28, 42], [28, 29], [30, 40], [30, 34], [31, 33], [31, 37], [31, 43], [32, 34], [33, 40], [35, 43], [36, 39], [37, 38], [41, 43]], "features": {"27": ["cc_2", "deg_6"], "35": ["cc_2", "deg_6"], "43": ["cc_1", "deg_8"], "32": ["cc_3", "deg_5"], "9": ["cc_0", "deg_6"], "33": ["cc_2", "deg_8"], "0": ["cc_0", "deg_4"], "2": ["cc_2", "deg_8"], "18": ["cc_1", "deg_9"], "5": ["cc_0", "deg_3"], "14": ["cc_0", "deg_5"], "38": ["cc_2", "deg_6"], "39": ["cc_2", "deg_6"], "3": ["cc_0", "deg_5"], "28": ["cc_2", "deg_6"], "23": ["cc_0", "deg_6"], "19": ["cc_0", "deg_4"], "34": ["cc_3", "deg_8"], "11": ["cc_3", "deg_7"], "17": ["cc_6", "deg_5"], "12": ["cc_4", "deg_6"], "25": ["cc_6", "deg_5"], "24": ["cc_2", "deg_8"], "22": ["cc_0", "deg_5"], "15": ["cc_3", "deg_5"], "4": ["cc_0", "deg_5"], "37": ["cc_10", "deg_5"], "42": ["cc_5", "deg_4"], "30": ["cc_8", "deg_6"], "31": ["cc_2", "deg_9"], "36": ["cc_2", "deg_6"], "10": ["cc_3", "deg_5"], "1": ["cc_0", "deg_3"], "26": ["cc_6", "deg_5"], "40": ["cc_4", "deg_7"], "41": ["cc_0", "deg_5"], "20": ["cc_6", "deg_6"], "29": ["cc_5", "deg_4"], "13": ["cc_1", "deg_7"], "6": ["cc_2", "deg_9"], "7": ["cc_2", "deg_6"], "8": ["cc_1", "deg_7"], "16": ["cc_4", "deg_6"], "21": ["cc_2", "deg_9"]}}