{"label": 1, "features": {"53": ["cc_5", "deg_4"], "47": ["cc_0", "deg_2"], "21": ["cc_5", "deg_4"], "34": ["cc_0", "deg_4"], "41": ["cc_0", "deg_5"], "4": ["cc_0", "deg_3"], "42": ["cc_3", "deg_5"], "12": ["cc_6", "deg_5"], "28": ["cc_0", "deg_3"], "5": ["cc_0", "deg_3"], "3": ["cc_5", "deg_4"], "51": ["cc_6", "deg_5"], "24": ["cc_5", "deg_4"], "56": ["cc_0", "deg_4"], "55": ["cc_0", "deg_4"], "19": ["cc_1", "deg_8"], "54": ["cc_0", "deg_3"], "36": ["cc_0", "deg_3"], "17": ["cc_11", "deg_3"], "11": ["cc_11", "deg_3"], "22": ["cc_6", "deg_5"], "18": ["cc_5", "deg_4"], "2": ["cc_11", "deg_3"], "46": ["cc_0", "deg_3"], "37": ["cc_0", "deg_5"], "38": ["cc_0", "deg_4"], "9": ["cc_0", "deg_3"], "27": ["cc_0", "deg_4"], "35": ["cc_0", "deg_3"], "1": ["cc_0", "deg_4"], "16": ["cc_1", "deg_7"], "25": ["cc_3", "deg_5"], "7": ["cc_0", "deg_4"], "39": ["cc_0", "deg_4"], "0": ["cc_0", "deg_5"], "29": ["cc_0", "deg_5"], "13": ["cc_6", "deg_5"], "6": ["cc_0", "deg_3"], "30": ["cc_0", "deg_3"], "14": ["cc_4", "deg_6"], "32": ["cc_0", "deg_3"], "45": ["cc_0", "deg_3"], "10": ["cc_0", "deg_2"], "33": ["cc_0", "deg_2"], "23": ["cc_6", "deg_6"], "48": ["cc_0", "deg_4"], "40": ["cc_0", "deg_4"], "8": ["cc_5", "deg_4"], "44": ["cc_1", "deg_7"], "31": ["cc_0", "deg_3"], "26": ["cc_0", "deg_2"], "43": ["cc_3", "deg_5"], "20": ["cc_0", "deg_3"], "50": ["cc_11", "deg_3"], "52": ["cc_0", "deg_5"], "15": ["cc_0", "deg_5"], "49": ["cc_11", "deg_3"]}, "edges": [[0, 48], [0, 1], [0, 54], [0, 56], [0, 28], [1, 40], [1, 29], [1, 45], [2, 8], [2, 3], [2, 4], [3, 40], [3, 8], [3, 18], [4, 16], [4, 56], [5, 16], [5, 55], [5, 7], [6, 34], [6, 7], [6, 41], [7, 8], [7, 36], [8, 41], [9, 53], [9, 38], [9, 43], [10, 44], [10, 12], [11, 52], [11, 12], [11, 13], [12, 30], [12, 13], [12, 14], [13, 35], [13, 14], [13, 15], [14, 32], [14, 19], [14, 22], [14, 23], [15, 16], [15, 17], [15, 50], [15, 20], [16, 18], [16, 51], [16, 25], [16, 53], [17, 18], [17, 19], [18, 19], [19, 21], [19, 25], [19, 44], [19, 45], [19, 30], [20, 39], [20, 22], [21, 54], [21, 22], [21, 23], [22, 23], [22, 46], [23, 41], [23, 24], [23, 25], [24, 25], [24, 39], [24, 38], [25, 27], [26, 44], [26, 28], [27, 44], [27, 29], [27, 37], [28, 37], [29, 52], [29, 30], [29, 31], [31, 32], [31, 38], [32, 34], [33, 34], [33, 55], [34, 39], [35, 36], [35, 37], [36, 44], [37, 38], [37, 55], [39, 40], [40, 42], [41, 54], [41, 42], [42, 43], [42, 44], [42, 53], [43, 52], [43, 56], [43, 44], [45, 46], [46, 48], [47, 48], [47, 56], [48, 49], [49, 50], [49, 51], [50, 51], [51, 52], [51, 53], [52, 55]]}