{"label": 1, "features": {"53": ["cc_33", "deg_2"], "47": ["cc_0", "deg_3"], "68": ["cc_0", "deg_3"], "21": ["cc_0", "deg_4"], "34": ["cc_5", "deg_4"], "67": ["cc_5", "deg_4"], "41": ["cc_0", "deg_5"], "4": ["cc_0", "deg_5"], "42": ["cc_0", "deg_4"], "12": ["cc_0", "deg_3"], "28": ["cc_3", "deg_5"], "66": ["cc_0", "deg_4"], "5": ["cc_0", "deg_4"], "65": ["cc_0", "deg_4"], "61": ["cc_0", "deg_3"], "3": ["cc_0", "deg_6"], "64": ["cc_0", "deg_2"], "51": ["cc_3", "deg_5"], "24": ["cc_5", "deg_4"], "56": ["cc_33", "deg_2"], "55": ["cc_4", "deg_7"], "19": ["cc_3", "deg_5"], "54": ["cc_6", "deg_5"], "36": ["cc_0", "deg_4"], "17": ["cc_5", "deg_4"], "11": ["cc_0", "deg_4"], "22": ["cc_11", "deg_3"], "71": ["cc_0", "deg_2"], "18": ["cc_3", "deg_5"], "59": ["cc_0", "deg_2"], "2": ["cc_0", "deg_4"], "46": ["cc_0", "deg_3"], "37": ["cc_5", "deg_4"], "38": ["cc_0", "deg_4"], "73": ["cc_0", "deg_3"], "9": ["cc_0", "deg_4"], "27": ["cc_5", "deg_4"], "58": ["cc_3", "deg_5"], "35": ["cc_0", "deg_3"], "1": ["cc_0", "deg_4"], "16": ["cc_3", "deg_5"], "25": ["cc_0", "deg_4"], "7": ["cc_0", "deg_3"], "39": ["cc_0", "deg_3"], "0": ["cc_0", "deg_3"], "29": ["cc_0", "deg_6"], "63": ["cc_0", "deg_3"], "13": ["cc_0", "deg_4"], "6": ["cc_0", "deg_4"], "30": ["cc_5", "deg_4"], "14": ["cc_5", "deg_4"], "32": ["cc_0", "deg_2"], "45": ["cc_0", "deg_2"], "10": ["cc_0", "deg_3"], "33": ["cc_0", "deg_3"], "23": ["cc_3", "deg_8"], "69": ["cc_2", "deg_6"], "48": ["cc_0", "deg_5"], "40": ["cc_0", "deg_6"], "72": ["cc_0", "deg_4"], "8": ["cc_0", "deg_4"], "44": ["cc_0", "deg_3"], "31": ["cc_3", "deg_8"], "26": ["cc_11", "deg_3"], "43": ["cc_0", "deg_3"], "57": ["cc_6", "deg_5"], "20": ["cc_0", "deg_3"], "50": ["cc_0", "deg_3"], "62": ["cc_0", "deg_4"], "60": ["cc_0", "deg_6"], "52": ["cc_0", "deg_3"], "15": ["cc_3", "deg_5"], "70": ["cc_0", "deg_3"], "49": ["cc_0", "deg_6"]}, "edges": [[0, 8], [0, 52], [0, 46], [1, 73], [1, 2], [1, 51], [1, 52], [2, 3], [2, 4], [2, 47], [3, 48], [3, 68], [3, 5], [3, 45], [3, 63], [4, 32], [4, 16], [4, 5], [4, 6], [5, 25], [5, 29], [6, 65], [6, 7], [6, 63], [7, 58], [7, 62], [8, 10], [8, 11], [8, 28], [9, 50], [9, 36], [9, 23], [9, 29], [10, 72], [10, 24], [11, 23], [11, 26], [11, 15], [12, 13], [12, 14], [12, 21], [13, 54], [13, 60], [13, 42], [14, 16], [14, 33], [14, 15], [15, 16], [15, 65], [15, 72], [16, 48], [16, 36], [17, 18], [17, 19], [17, 41], [17, 34], [18, 19], [18, 20], [18, 44], [18, 61], [19, 35], [19, 21], [19, 49], [20, 21], [20, 22], [21, 42], [22, 31], [22, 23], [23, 67], [23, 51], [23, 24], [23, 58], [23, 31], [24, 51], [24, 47], [25, 40], [25, 27], [25, 60], [26, 27], [26, 28], [27, 28], [27, 29], [28, 49], [28, 58], [29, 43], [29, 72], [29, 30], [30, 34], [30, 60], [30, 31], [31, 33], [31, 34], [31, 67], [31, 70], [31, 45], [32, 34], [33, 54], [35, 67], [35, 37], [36, 37], [36, 38], [37, 55], [37, 57], [38, 40], [38, 57], [38, 39], [39, 72], [39, 41], [40, 50], [40, 41], [40, 42], [40, 43], [41, 69], [41, 62], [42, 69], [43, 66], [44, 46], [44, 55], [46, 48], [47, 48], [48, 49], [49, 51], [49, 50], [49, 70], [51, 60], [52, 55], [53, 54], [53, 55], [54, 55], [54, 69], [55, 57], [55, 69], [56, 57], [56, 58], [57, 58], [59, 60], [59, 61], [60, 65], [61, 62], [62, 63], [64, 65], [64, 66], [66, 73], [66, 67], [68, 69], [68, 71], [69, 70], [71, 73]]}