{"label": 1, "edges": [[0, 17], [0, 36], [0, 87], [0, 60], [0, 93], [0, 46], [1, 41], [1, 2], [2, 3], [2, 84], [2, 75], [3, 40], [3, 59], [3, 93], [3, 79], [4, 93], [4, 6], [5, 6], [5, 7], [6, 38], [6, 68], [7, 65], [7, 67], [8, 32], [8, 22], [9, 23], [9, 10], [9, 30], [10, 20], [10, 70], [10, 60], [11, 25], [11, 20], [11, 13], [11, 53], [12, 65], [12, 14], [12, 45], [12, 62], [13, 14], [13, 15], [14, 16], [14, 81], [14, 62], [15, 16], [15, 68], [16, 17], [16, 21], [16, 38], [17, 32], [17, 46], [18, 72], [18, 20], [18, 29], [19, 48], [19, 41], [19, 66], [19, 20], [20, 37], [20, 91], [20, 93], [21, 32], [21, 23], [22, 44], [22, 23], [23, 25], [24, 72], [24, 89], [24, 56], [25, 43], [25, 69], [26, 57], [26, 66], [26, 28], [27, 81], [27, 53], [27, 29], [27, 63], [28, 34], [28, 29], [28, 86], [28, 63], [29, 30], [29, 31], [30, 32], [30, 62], [30, 31], [31, 68], [31, 52], [31, 73], [32, 33], [32, 41], [33, 34], [33, 68], [34, 36], [35, 36], [35, 37], [36, 51], [36, 38], [37, 75], [37, 39], [38, 48], [38, 53], [38, 39], [38, 60], [39, 57], [39, 58], [40, 41], [40, 81], [41, 55], [42, 83], [42, 43], [42, 78], [43, 45], [44, 91], [44, 46], [45, 47], [47, 48], [47, 82], [47, 55], [48, 74], [48, 59], [49, 56], [49, 91], [49, 51], [49, 92], [50, 76], [50, 51], [50, 52], [50, 87], [51, 60], [52, 75], [52, 78], [53, 55], [54, 91], [54, 86], [55, 56], [56, 57], [57, 58], [58, 59], [58, 60], [58, 63], [59, 84], [61, 89], [61, 68], [61, 62], [62, 63], [63, 64], [63, 87], [64, 65], [64, 66], [65, 71], [66, 68], [67, 68], [67, 69], [68, 69], [68, 70], [69, 71], [69, 79], [70, 83], [70, 71], [70, 72], [71, 72], [71, 73], [71, 92], [72, 88], [72, 76], [73, 89], [74, 78], [75, 76], [77, 78], [77, 79], [78, 79], [79, 80], [79, 81], [80, 81], [80, 82], [82, 83], [83, 89], [85, 86], [85, 87], [86, 93], [88, 89], [88, 93], [89, 91], [90, 91], [90, 92], [91, 92]], "features": {"27": ["cc_0", "deg_4"], "35": ["cc_0", "deg_2"], "43": ["cc_0", "deg_3"], "47": ["cc_0", "deg_4"], "56": ["cc_0", "deg_4"], "23": ["cc_0", "deg_4"], "9": ["cc_0", "deg_3"], "0": ["cc_2", "deg_6"], "6": ["cc_0", "deg_4"], "18": ["cc_0", "deg_3"], "14": ["cc_3", "deg_5"], "38": ["cc_0", "deg_7"], "82": ["cc_0", "deg_3"], "68": ["cc_0", "deg_9"], "51": ["cc_0", "deg_4"], "77": ["cc_33", "deg_2"], "19": ["cc_0", "deg_4"], "34": ["cc_0", "deg_3"], "75": ["cc_0", "deg_4"], "11": ["cc_0", "deg_4"], "88": ["cc_0", "deg_3"], "17": ["cc_5", "deg_4"], "25": ["cc_0", "deg_4"], "24": ["cc_0", "deg_3"], "70": ["cc_3", "deg_5"], "15": ["cc_0", "deg_3"], "62": ["cc_3", "deg_5"], "40": ["cc_0", "deg_3"], "30": ["cc_3", "deg_5"], "31": ["cc_3", "deg_5"], "66": ["cc_0", "deg_4"], "36": ["cc_0", "deg_5"], "57": ["cc_5", "deg_4"], "10": ["cc_0", "deg_4"], "49": ["cc_5", "deg_4"], "1": ["cc_0", "deg_2"], "46": ["cc_11", "deg_3"], "60": ["cc_0", "deg_5"], "41": ["cc_0", "deg_5"], "29": ["cc_3", "deg_5"], "74": ["cc_0", "deg_2"], "13": ["cc_0", "deg_3"], "2": ["cc_0", "deg_4"], "7": ["cc_0", "deg_3"], "84": ["cc_0", "deg_2"], "79": ["cc_4", "deg_6"], "90": ["cc_33", "deg_2"], "32": ["cc_0", "deg_6"], "33": ["cc_0", "deg_3"], "55": ["cc_0", "deg_4"], "48": ["cc_0", "deg_5"], "85": ["cc_0", "deg_2"], "5": ["cc_0", "deg_2"], "80": ["cc_11", "deg_3"], "81": ["cc_3", "deg_5"], "86": ["cc_0", "deg_4"], "87": ["cc_0", "deg_4"], "44": ["cc_0", "deg_3"], "39": ["cc_5", "deg_4"], "3": ["cc_0", "deg_5"], "92": ["cc_11", "deg_4"], "28": ["cc_0", "deg_5"], "83": ["cc_0", "deg_4"], "76": ["cc_0", "deg_3"], "72": ["cc_2", "deg_6"], "89": ["cc_0", "deg_6"], "12": ["cc_5", "deg_4"], "59": ["cc_0", "deg_4"], "69": ["cc_3", "deg_5"], "22": ["cc_0", "deg_3"], "50": ["cc_0", "deg_4"], "71": ["cc_2", "deg_6"], "4": ["cc_0", "deg_2"], "78": ["cc_3", "deg_5"], "91": ["cc_3", "deg_7"], "45": ["cc_0", "deg_3"], "42": ["cc_0", "deg_3"], "21": ["cc_0", "deg_3"], "8": ["cc_0", "deg_2"], "53": ["cc_0", "deg_4"], "67": ["cc_11", "deg_3"], "37": ["cc_0", "deg_4"], "20": ["cc_0", "deg_7"], "26": ["cc_0", "deg_3"], "93": ["cc_0", "deg_6"], "52": ["cc_0", "deg_4"], "58": ["cc_3", "deg_5"], "63": ["cc_0", "deg_6"], "64": ["cc_0", "deg_3"], "54": ["cc_0", "deg_2"], "65": ["cc_0", "deg_4"], "61": ["cc_0", "deg_3"], "16": ["cc_0", "deg_5"], "73": ["cc_0", "deg_3"]}}