{"label": 2, "edges": [[0, 37], [1, 30], [2, 41], [2, 11], [3, 4], [3, 6], [4, 5], [4, 63], [5, 41], [6, 49], [6, 68], [7, 79], [8, 83], [8, 69], [9, 10], [10, 11], [11, 35], [12, 33], [12, 13], [12, 30], [13, 24], [14, 41], [15, 24], [16, 33], [17, 70], [18, 55], [19, 57], [19, 58], [20, 21], [20, 37], [21, 86], [21, 22], [22, 79], [23, 44], [24, 43], [25, 40], [25, 32], [26, 70], [27, 48], [28, 66], [29, 85], [29, 30], [31, 42], [31, 53], [32, 67], [33, 51], [34, 36], [34, 63], [35, 54], [36, 40], [36, 80], [36, 43], [38, 48], [39, 40], [42, 58], [42, 76], [43, 60], [44, 73], [44, 78], [45, 66], [46, 66], [47, 84], [48, 70], [48, 55], [48, 71], [48, 59], [50, 82], [50, 51], [52, 56], [52, 74], [54, 78], [55, 56], [56, 62], [57, 72], [60, 75], [61, 62], [61, 79], [63, 73], [64, 65], [64, 84], [64, 81], [65, 66], [66, 67], [66, 74], [72, 73], [75, 83], [77, 78]], "features": {"27": ["cc_0", "deg_1"], "35": ["cc_0", "deg_2"], "43": ["cc_0", "deg_3"], "47": ["cc_0", "deg_1"], "56": ["cc_0", "deg_3"], "23": ["cc_0", "deg_1"], "9": ["cc_0", "deg_1"], "0": ["cc_0", "deg_1"], "6": ["cc_0", "deg_3"], "18": ["cc_0", "deg_1"], "14": ["cc_0", "deg_1"], "38": ["cc_0", "deg_1"], "82": ["cc_0", "deg_1"], "68": ["cc_0", "deg_1"], "51": ["cc_0", "deg_2"], "77": ["cc_0", "deg_1"], "19": ["cc_0", "deg_2"], "34": ["cc_0", "deg_2"], "75": ["cc_0", "deg_2"], "11": ["cc_0", "deg_3"], "17": ["cc_0", "deg_1"], "25": ["cc_0", "deg_2"], "24": ["cc_0", "deg_3"], "70": ["cc_0", "deg_3"], "15": ["cc_0", "deg_1"], "62": ["cc_0", "deg_2"], "40": ["cc_0", "deg_3"], "30": ["cc_0", "deg_3"], "31": ["cc_0", "deg_2"], "66": ["cc_0", "deg_6"], "36": ["cc_0", "deg_4"], "57": ["cc_0", "deg_2"], "10": ["cc_0", "deg_2"], "49": ["cc_0", "deg_1"], "1": ["cc_0", "deg_1"], "46": ["cc_0", "deg_1"], "60": ["cc_0", "deg_2"], "41": ["cc_0", "deg_3"], "29": ["cc_0", "deg_2"], "74": ["cc_0", "deg_2"], "13": ["cc_0", "deg_2"], "2": ["cc_0", "deg_2"], "7": ["cc_0", "deg_1"], "84": ["cc_0", "deg_2"], "79": ["cc_0", "deg_3"], "32": ["cc_0", "deg_2"], "33": ["cc_0", "deg_3"], "55": ["cc_0", "deg_3"], "48": ["cc_0", "deg_6"], "85": ["cc_0", "deg_1"], "5": ["cc_0", "deg_2"], "80": ["cc_0", "deg_1"], "81": ["cc_0", "deg_1"], "86": ["cc_0", "deg_1"], "44": ["cc_0", "deg_3"], "39": ["cc_0", "deg_1"], "3": ["cc_0", "deg_2"], "28": ["cc_0", "deg_1"], "83": ["cc_0", "deg_2"], "76": ["cc_0", "deg_1"], "72": ["cc_0", "deg_2"], "12": ["cc_0", "deg_3"], "59": ["cc_0", "deg_1"], "69": ["cc_0", "deg_1"], "22": ["cc_0", "deg_2"], "50": ["cc_0", "deg_2"], "71": ["cc_0", "deg_1"], "4": ["cc_0", "deg_3"], "78": ["cc_0", "deg_3"], "45": ["cc_0", "deg_1"], "42": ["cc_0", "deg_3"], "21": ["cc_0", "deg_3"], "8": ["cc_0", "deg_2"], "53": ["cc_0", "deg_1"], "67": ["cc_0", "deg_2"], "37": ["cc_0", "deg_2"], "20": ["cc_0", "deg_2"], "26": ["cc_0", "deg_1"], "52": ["cc_0", "deg_2"], "58": ["cc_0", "deg_2"], "63": ["cc_0", "deg_3"], "64": ["cc_0", "deg_3"], "54": ["cc_0", "deg_2"], "65": ["cc_0", "deg_2"], "61": ["cc_0", "deg_2"], "16": ["cc_0", "deg_1"], "73": ["cc_0", "deg_3"]}}