{"label": 1, "features": {"53": ["cc_6", "deg_6"], "47": ["cc_3", "deg_7"], "68": ["cc_8", "deg_8"], "21": ["cc_11", "deg_7"], "34": ["cc_11", "deg_3"], "67": ["cc_15", "deg_6"], "41": ["cc_8", "deg_6"], "4": ["cc_0", "deg_4"], "42": ["cc_11", "deg_4"], "12": ["cc_6", "deg_5"], "28": ["cc_0", "deg_4"], "66": ["cc_9", "deg_7"], "5": ["cc_0", "deg_5"], "65": ["cc_13", "deg_6"], "61": ["cc_4", "deg_6"], "3": ["cc_3", "deg_5"], "64": ["cc_16", "deg_5"], "51": ["cc_7", "deg_7"], "24": ["cc_10", "deg_5"], "56": ["cc_11", "deg_7"], "55": ["cc_6", "deg_5"], "19": ["cc_13", "deg_6"], "54": ["cc_4", "deg_6"], "36": ["cc_7", "deg_7"], "17": ["cc_4", "deg_7"], "11": ["cc_2", "deg_6"], "22": ["cc_15", "deg_6"], "18": ["cc_11", "deg_4"], "59": ["cc_8", "deg_8"], "2": ["cc_6", "deg_5"], "46": ["cc_0", "deg_5"], "37": ["cc_4", "deg_8"], "38": ["cc_10", "deg_5"], "9": ["cc_3", "deg_5"], "27": ["cc_0", "deg_5"], "58": ["cc_13", "deg_6"], "35": ["cc_10", "deg_5"], "1": ["cc_10", "deg_5"], "16": ["cc_4", "deg_7"], "25": ["cc_4", "deg_6"], "7": ["cc_3", "deg_5"], "39": ["cc_4", "deg_9"], "0": ["cc_6", "deg_7"], "29": ["cc_2", "deg_6"], "63": ["cc_1", "deg_7"], "13": ["cc_6", "deg_7"], "6": ["cc_0", "deg_9"], "30": ["cc_10", "deg_5"], "14": ["cc_1", "deg_7"], "32": ["cc_10", "deg_5"], "45": ["cc_3", "deg_9"], "10": ["cc_2", "deg_6"], "33": ["cc_6", "deg_7"], "23": ["cc_7", "deg_7"], "69": ["cc_6", "deg_5"], "48": ["cc_6", "deg_6"], "40": ["cc_6", "deg_6"], "8": ["cc_3", "deg_5"], "44": ["cc_4", "deg_6"], "31": ["cc_3", "deg_5"], "26": ["cc_0", "deg_6"], "43": ["cc_4", "deg_6"], "57": ["cc_11", "deg_7"], "20": ["cc_6", "deg_10"], "50": ["cc_8", "deg_6"], "62": ["cc_10", "deg_5"], "60": ["cc_13", "deg_6"], "52": ["cc_2", "deg_6"], "15": ["cc_13", "deg_5"], "49": ["cc_22", "deg_4"]}, "edges": [[0, 1], [0, 2], [0, 59], [0, 68], [0, 69], [0, 67], [0, 5], [1, 2], [1, 3], [1, 4], [1, 68], [2, 3], [2, 20], [2, 33], [3, 5], [3, 6], [3, 63], [4, 5], [4, 7], [4, 40], [5, 10], [5, 39], [6, 27], [6, 7], [6, 8], [6, 55], [6, 23], [6, 12], [6, 61], [6, 29], [7, 23], [7, 9], [7, 10], [8, 34], [8, 9], [8, 10], [8, 11], [9, 19], [9, 20], [9, 14], [10, 20], [10, 38], [10, 11], [11, 48], [11, 21], [11, 25], [11, 13], [12, 46], [12, 13], [12, 14], [12, 15], [13, 16], [13, 18], [13, 51], [13, 14], [13, 15], [14, 17], [14, 36], [14, 26], [14, 31], [15, 16], [15, 17], [15, 18], [16, 17], [16, 19], [16, 46], [16, 47], [16, 69], [17, 33], [17, 19], [17, 20], [17, 37], [18, 20], [18, 21], [19, 20], [19, 21], [19, 22], [20, 58], [20, 21], [20, 22], [20, 23], [21, 22], [21, 23], [21, 24], [22, 23], [22, 24], [22, 25], [23, 26], [23, 58], [24, 25], [24, 26], [24, 45], [25, 68], [25, 27], [25, 45], [26, 66], [26, 27], [26, 29], [27, 28], [27, 30], [28, 44], [28, 29], [28, 31], [29, 32], [29, 63], [29, 30], [30, 32], [30, 33], [30, 31], [31, 33], [31, 68], [32, 33], [32, 35], [32, 52], [33, 35], [33, 36], [34, 36], [34, 37], [35, 36], [35, 37], [35, 38], [36, 37], [36, 39], [36, 47], [37, 39], [37, 57], [37, 63], [37, 47], [38, 39], [38, 40], [38, 41], [39, 65], [39, 40], [39, 41], [39, 43], [39, 54], [40, 51], [40, 41], [40, 42], [41, 59], [41, 43], [41, 44], [42, 43], [42, 44], [42, 45], [43, 50], [43, 45], [43, 46], [44, 45], [44, 46], [44, 47], [45, 48], [45, 52], [45, 61], [45, 47], [46, 48], [47, 50], [47, 56], [48, 49], [48, 50], [48, 51], [49, 50], [49, 51], [49, 52], [50, 51], [50, 53], [51, 52], [51, 53], [52, 54], [52, 55], [53, 69], [53, 54], [53, 55], [53, 56], [54, 56], [54, 57], [54, 63], [55, 56], [55, 57], [56, 57], [56, 58], [56, 59], [57, 58], [57, 59], [57, 60], [58, 59], [58, 60], [59, 60], [59, 61], [59, 62], [60, 61], [60, 62], [60, 63], [61, 64], [61, 67], [62, 64], [62, 65], [62, 63], [63, 66], [64, 65], [64, 66], [64, 67], [65, 66], [65, 67], [65, 68], [66, 67], [66, 68], [66, 69], [67, 68], [68, 69]]}