{"label": 1, "edges": [[0, 1], [0, 2], [0, 92], [0, 21], [1, 64], [1, 2], [1, 54], [2, 50], [2, 76], [3, 43], [3, 5], [4, 6], [4, 54], [4, 57], [4, 90], [4, 63], [5, 6], [5, 7], [6, 8], [6, 32], [7, 8], [7, 9], [8, 9], [8, 10], [8, 23], [9, 10], [9, 11], [10, 11], [10, 12], [11, 12], [11, 28], [12, 49], [12, 86], [12, 89], [12, 14], [13, 14], [13, 15], [14, 80], [14, 68], [14, 15], [15, 16], [15, 17], [16, 17], [16, 18], [16, 70], [17, 18], [17, 19], [18, 19], [18, 20], [18, 46], [19, 32], [19, 38], [20, 21], [20, 22], [21, 23], [21, 61], [22, 24], [22, 85], [22, 23], [23, 58], [23, 43], [23, 46], [24, 85], [24, 26], [24, 91], [25, 26], [25, 27], [26, 81], [26, 75], [26, 27], [26, 28], [27, 28], [27, 29], [28, 52], [28, 29], [28, 30], [29, 92], [29, 30], [29, 31], [30, 76], [30, 77], [31, 32], [31, 33], [32, 33], [32, 34], [33, 87], [33, 35], [34, 36], [34, 78], [35, 40], [35, 37], [36, 37], [36, 38], [37, 72], [37, 38], [38, 39], [38, 40], [38, 76], [39, 40], [39, 41], [40, 41], [40, 42], [41, 42], [41, 43], [42, 43], [42, 53], [43, 44], [44, 45], [44, 46], [45, 46], [45, 47], [46, 47], [47, 48], [47, 49], [48, 49], [48, 50], [49, 50], [49, 83], [49, 69], [49, 75], [50, 51], [50, 52], [51, 80], [51, 52], [52, 53], [53, 54], [53, 55], [54, 58], [55, 56], [55, 57], [56, 57], [56, 58], [57, 59], [58, 60], [59, 60], [59, 61], [60, 61], [60, 62], [61, 62], [62, 78], [62, 63], [63, 74], [64, 65], [64, 66], [64, 76], [65, 79], [65, 67], [66, 67], [66, 68], [67, 68], [67, 73], [68, 89], [68, 70], [69, 70], [69, 77], [70, 72], [71, 72], [71, 73], [71, 74], [72, 73], [72, 74], [73, 81], [73, 84], [73, 75], [74, 75], [77, 79], [78, 80], [78, 79], [79, 80], [79, 81], [80, 81], [81, 83], [82, 83], [82, 84], [83, 84], [83, 85], [84, 85], [85, 86], [86, 88], [87, 88], [87, 89], [88, 89], [88, 90], [89, 90], [90, 91], [91, 92]], "features": {"27": ["cc_16", "deg_4"], "35": ["cc_0", "deg_3"], "43": ["cc_3", "deg_5"], "47": ["cc_11", "deg_4"], "56": ["cc_11", "deg_3"], "23": ["cc_0", "deg_6"], "9": ["cc_16", "deg_4"], "0": ["cc_5", "deg_4"], "6": ["cc_0", "deg_4"], "18": ["cc_6", "deg_5"], "14": ["cc_3", "deg_5"], "38": ["cc_4", "deg_6"], "82": ["cc_33", "deg_2"], "68": ["cc_3", "deg_5"], "51": ["cc_11", "deg_3"], "77": ["cc_0", "deg_3"], "19": ["cc_5", "deg_4"], "34": ["cc_0", "deg_3"], "75": ["cc_0", "deg_4"], "11": ["cc_11", "deg_4"], "88": ["cc_11", "deg_4"], "17": ["cc_16", "deg_4"], "25": ["cc_33", "deg_2"], "24": ["cc_5", "deg_4"], "70": ["cc_0", "deg_4"], "15": ["cc_11", "deg_4"], "62": ["cc_5", "deg_4"], "40": ["cc_10", "deg_5"], "30": ["cc_5", "deg_4"], "31": ["cc_11", "deg_3"], "66": ["cc_11", "deg_3"], "36": ["cc_11", "deg_3"], "57": ["cc_5", "deg_4"], "10": ["cc_16", "deg_4"], "49": ["cc_3", "deg_7"], "1": ["cc_5", "deg_4"], "46": ["cc_6", "deg_5"], "60": ["cc_11", "deg_4"], "41": ["cc_16", "deg_4"], "29": ["cc_6", "deg_5"], "74": ["cc_5", "deg_4"], "13": ["cc_33", "deg_2"], "2": ["cc_5", "deg_4"], "7": ["cc_11", "deg_3"], "84": ["cc_11", "deg_4"], "79": ["cc_6", "deg_5"], "90": ["cc_5", "deg_4"], "32": ["cc_3", "deg_5"], "33": ["cc_5", "deg_4"], "55": ["cc_11", "deg_3"], "48": ["cc_22", "deg_3"], "85": ["cc_6", "deg_5"], "5": ["cc_0", "deg_3"], "80": ["cc_6", "deg_5"], "81": ["cc_3", "deg_5"], "86": ["cc_0", "deg_3"], "87": ["cc_11", "deg_3"], "44": ["cc_11", "deg_3"], "39": ["cc_22", "deg_3"], "3": ["cc_0", "deg_2"], "92": ["cc_0", "deg_3"], "28": ["cc_6", "deg_6"], "83": ["cc_6", "deg_5"], "76": ["cc_0", "deg_4"], "72": ["cc_6", "deg_5"], "89": ["cc_6", "deg_5"], "12": ["cc_2", "deg_6"], "59": ["cc_11", "deg_3"], "69": ["cc_0", "deg_3"], "22": ["cc_5", "deg_4"], "50": ["cc_6", "deg_5"], "71": ["cc_22", "deg_3"], "4": ["cc_0", "deg_5"], "78": ["cc_5", "deg_4"], "91": ["cc_0", "deg_3"], "45": ["cc_22", "deg_3"], "42": ["cc_11", "deg_4"], "21": ["cc_0", "deg_4"], "8": ["cc_6", "deg_5"], "53": ["cc_0", "deg_4"], "67": ["cc_5", "deg_4"], "37": ["cc_5", "deg_4"], "20": ["cc_0", "deg_3"], "26": ["cc_4", "deg_6"], "52": ["cc_5", "deg_4"], "58": ["cc_0", "deg_4"], "63": ["cc_0", "deg_3"], "64": ["cc_0", "deg_4"], "54": ["cc_0", "deg_4"], "65": ["cc_0", "deg_3"], "61": ["cc_11", "deg_4"], "16": ["cc_11", "deg_4"], "73": ["cc_2", "deg_6"]}}