{"label": 2, "edges": [[0, 17], [0, 26], [0, 13], [1, 4], [1, 14], [1, 23], [1, 7], [1, 12], [2, 4], [2, 9], [2, 11], [2, 31], [3, 17], [3, 11], [3, 27], [3, 28], [3, 13], [3, 31], [4, 5], [4, 6], [4, 8], [4, 9], [4, 15], [4, 18], [4, 19], [4, 30], [4, 31], [5, 6], [5, 15], [5, 11], [5, 31], [6, 7], [6, 26], [6, 15], [6, 28], [6, 29], [6, 31], [7, 19], [7, 8], [7, 25], [7, 11], [7, 12], [7, 13], [8, 24], [8, 9], [9, 22], [9, 26], [9, 21], [10, 16], [10, 19], [10, 21], [10, 29], [11, 12], [11, 20], [11, 27], [12, 21], [12, 24], [12, 14], [12, 15], [13, 17], [13, 30], [13, 14], [13, 15], [14, 17], [14, 24], [14, 27], [15, 20], [16, 19], [16, 21], [17, 18], [17, 30], [17, 26], [17, 29], [18, 19], [18, 20], [19, 22], [20, 23], [20, 24], [20, 25], [20, 29], [21, 22], [22, 23], [22, 24], [22, 25], [23, 25], [24, 25], [24, 26], [24, 27], [25, 28], [25, 30], [26, 28], [26, 30], [27, 28], [28, 29], [29, 30], [30, 31]], "features": {"27": ["cc_10", "deg_5"], "22": ["cc_6", "deg_6"], "15": ["cc_6", "deg_6"], "4": ["cc_6", "deg_11"], "30": ["cc_6", "deg_7"], "0": ["cc_22", "deg_3"], "2": ["cc_11", "deg_4"], "6": ["cc_8", "deg_8"], "18": ["cc_5", "deg_4"], "5": ["cc_16", "deg_5"], "10": ["cc_11", "deg_4"], "14": ["cc_8", "deg_6"], "1": ["cc_6", "deg_5"], "29": ["cc_4", "deg_6"], "8": ["cc_5", "deg_4"], "20": ["cc_3", "deg_7"], "26": ["cc_4", "deg_7"], "3": ["cc_6", "deg_6"], "11": ["cc_3", "deg_7"], "28": ["cc_6", "deg_6"], "23": ["cc_11", "deg_4"], "19": ["cc_4", "deg_6"], "13": ["cc_6", "deg_7"], "16": ["cc_22", "deg_3"], "7": ["cc_2", "deg_8"], "17": ["cc_8", "deg_8"], "12": ["cc_6", "deg_7"], "31": ["cc_11", "deg_6"], "25": ["cc_6", "deg_7"], "24": ["cc_4", "deg_8"], "9": ["cc_6", "deg_6"], "21": ["cc_6", "deg_5"]}}