{"label": 2, "features": {"1": ["cc_14", "deg_7"], "16": ["cc_4", "deg_7"], "4": ["cc_0", "deg_4"], "21": ["cc_4", "deg_7"], "7": ["cc_7", "deg_7"], "0": ["cc_7", "deg_7"], "12": ["cc_3", "deg_5"], "13": ["cc_13", "deg_5"], "6": ["cc_8", "deg_6"], "5": ["cc_0", "deg_4"], "3": ["cc_6", "deg_6"], "24": ["cc_2", "deg_6"], "23": ["cc_9", "deg_7"], "19": ["cc_4", "deg_7"], "10": ["cc_6", "deg_10"], "17": ["cc_10", "deg_5"], "11": ["cc_7", "deg_8"], "22": ["cc_11", "deg_6"], "18": ["cc_0", "deg_6"], "2": ["cc_0", "deg_4"], "20": ["cc_3", "deg_5"], "14": ["cc_8", "deg_6"], "9": ["cc_22", "deg_3"], "8": ["cc_0", "deg_4"], "15": ["cc_8", "deg_8"]}, "edges": [[0, 16], [0, 1], [0, 2], [0, 6], [0, 23], [0, 24], [0, 10], [1, 3], [1, 6], [1, 10], [1, 11], [1, 13], [1, 15], [2, 8], [2, 12], [2, 15], [3, 4], [3, 6], [3, 17], [3, 24], [3, 10], [4, 20], [4, 21], [4, 13], [5, 19], [5, 21], [5, 24], [5, 18], [6, 16], [6, 13], [6, 20], [7, 19], [7, 21], [7, 22], [7, 23], [7, 24], [7, 10], [7, 14], [8, 16], [8, 22], [8, 18], [9, 11], [9, 14], [9, 15], [10, 15], [10, 16], [10, 17], [10, 18], [10, 20], [10, 23], [11, 13], [11, 15], [11, 18], [11, 21], [11, 22], [11, 23], [12, 16], [12, 21], [12, 24], [12, 18], [13, 15], [14, 17], [14, 18], [14, 19], [14, 15], [15, 19], [16, 19], [16, 21], [17, 19], [17, 23], [19, 20], [20, 23], [21, 22], [22, 23], [22, 24]]}