{"label": 2, "edges": [[0, 1], [0, 7], [0, 24], [0, 43], [0, 61], [1, 2], [1, 21], [1, 62], [1, 13], [2, 50], [2, 5], [2, 40], [2, 9], [2, 10], [2, 59], [3, 16], [3, 18], [3, 5], [3, 6], [3, 7], [3, 9], [3, 58], [4, 43], [4, 52], [4, 37], [4, 56], [4, 59], [5, 16], [5, 36], [5, 37], [5, 60], [5, 62], [5, 53], [6, 38], [6, 7], [6, 42], [6, 11], [6, 44], [6, 55], [6, 26], [7, 47], [7, 12], [7, 31], [8, 38], [8, 55], [8, 53], [9, 54], [9, 57], [9, 11], [9, 29], [9, 14], [10, 27], [10, 38], [10, 42], [10, 11], [10, 12], [10, 13], [11, 51], [11, 62], [11, 39], [11, 45], [11, 61], [12, 34], [12, 37], [12, 45], [12, 13], [12, 49], [12, 22], [12, 57], [12, 61], [13, 19], [13, 25], [13, 57], [13, 44], [13, 62], [13, 15], [14, 17], [14, 33], [14, 44], [14, 55], [15, 21], [15, 28], [15, 46], [15, 45], [16, 22], [16, 41], [16, 57], [16, 58], [17, 50], [17, 19], [17, 39], [17, 27], [17, 44], [18, 38], [18, 47], [18, 52], [18, 57], [18, 61], [18, 31], [19, 35], [19, 43], [19, 22], [19, 23], [19, 25], [19, 28], [20, 48], [20, 23], [20, 39], [20, 46], [21, 37], [21, 22], [21, 41], [21, 44], [22, 49], [22, 23], [22, 40], [22, 28], [23, 25], [23, 62], [23, 53], [24, 33], [24, 43], [24, 39], [24, 25], [24, 60], [24, 61], [25, 32], [25, 27], [25, 46], [26, 50], [26, 59], [26, 28], [26, 34], [27, 28], [28, 35], [29, 48], [29, 57], [29, 31], [30, 51], [30, 42], [30, 58], [30, 31], [31, 33], [31, 57], [32, 49], [32, 43], [33, 48], [33, 42], [34, 45], [34, 37], [34, 56], [34, 53], [35, 52], [35, 49], [35, 60], [36, 50], [36, 37], [37, 59], [38, 59], [39, 43], [40, 41], [40, 44], [41, 44], [41, 61], [42, 52], [42, 55], [42, 56], [42, 44], [43, 51], [43, 48], [43, 53], [45, 57], [46, 54], [47, 50], [47, 58], [48, 49], [48, 51], [49, 60], [52, 55], [52, 56], [52, 60], [53, 54], [53, 55], [53, 56], [54, 62], [54, 55], [55, 56], [58, 60], [60, 61]], "features": {"27": ["cc_0", "deg_4"], "35": ["cc_10", "deg_5"], "43": ["cc_2", "deg_9"], "47": ["cc_0", "deg_4"], "32": ["cc_0", "deg_3"], "56": ["cc_13", "deg_6"], "9": ["cc_1", "deg_7"], "33": ["cc_0", "deg_5"], "48": ["cc_2", "deg_6"], "55": ["cc_8", "deg_8"], "0": ["cc_6", "deg_5"], "2": ["cc_0", "deg_7"], "18": ["cc_1", "deg_7"], "5": ["cc_2", "deg_8"], "14": ["cc_3", "deg_5"], "38": ["cc_0", "deg_5"], "44": ["cc_4", "deg_8"], "39": ["cc_3", "deg_5"], "3": ["cc_4", "deg_7"], "28": ["cc_4", "deg_6"], "51": ["cc_5", "deg_4"], "23": ["cc_4", "deg_6"], "19": ["cc_5", "deg_8"], "61": ["cc_3", "deg_7"], "34": ["cc_6", "deg_6"], "11": ["cc_0", "deg_8"], "17": ["cc_2", "deg_6"], "12": ["cc_4", "deg_10"], "25": ["cc_3", "deg_7"], "24": ["cc_6", "deg_7"], "62": ["cc_2", "deg_6"], "59": ["cc_3", "deg_5"], "22": ["cc_3", "deg_8"], "60": ["cc_4", "deg_7"], "15": ["cc_0", "deg_5"], "4": ["cc_6", "deg_5"], "37": ["cc_4", "deg_7"], "45": ["cc_6", "deg_5"], "42": ["cc_5", "deg_8"], "30": ["cc_0", "deg_4"], "31": ["cc_4", "deg_6"], "36": ["cc_11", "deg_3"], "57": ["cc_5", "deg_8"], "53": ["cc_4", "deg_8"], "10": ["cc_1", "deg_7"], "49": ["cc_4", "deg_6"], "1": ["cc_3", "deg_5"], "46": ["cc_0", "deg_4"], "26": ["cc_0", "deg_5"], "40": ["cc_5", "deg_4"], "41": ["cc_6", "deg_5"], "20": ["cc_0", "deg_4"], "29": ["cc_11", "deg_4"], "52": ["cc_7", "deg_7"], "58": ["cc_3", "deg_5"], "13": ["cc_3", "deg_9"], "6": ["cc_3", "deg_8"], "7": ["cc_2", "deg_6"], "50": ["cc_0", "deg_5"], "8": ["cc_11", "deg_3"], "16": ["cc_4", "deg_6"], "54": ["cc_3", "deg_5"], "21": ["cc_2", "deg_6"]}}