{"label": 1, "features": {"1": ["cc_11", "deg_6"], "16": ["cc_0", "deg_4"], "4": ["cc_11", "deg_4"], "21": ["cc_3", "deg_5"], "7": ["cc_3", "deg_5"], "0": ["cc_7", "deg_7"], "12": ["cc_6", "deg_7"], "13": ["cc_11", "deg_4"], "6": ["cc_4", "deg_7"], "5": ["cc_6", "deg_6"], "3": ["cc_16", "deg_4"], "24": ["cc_5", "deg_8"], "23": ["cc_4", "deg_6"], "19": ["cc_3", "deg_7"], "10": ["cc_12", "deg_7"], "17": ["cc_11", "deg_4"], "11": ["cc_6", "deg_10"], "22": ["cc_8", "deg_6"], "18": ["cc_5", "deg_4"], "2": ["cc_9", "deg_9"], "20": ["cc_8", "deg_6"], "14": ["cc_10", "deg_5"], "9": ["cc_6", "deg_5"], "8": ["cc_7", "deg_7"], "15": ["cc_6", "deg_7"]}, "edges": [[0, 1], [0, 2], [0, 6], [0, 22], [0, 17], [0, 8], [0, 13], [1, 2], [1, 23], [1, 8], [1, 10], [1, 11], [2, 18], [2, 3], [2, 7], [2, 24], [2, 10], [2, 11], [2, 14], [3, 4], [3, 24], [3, 11], [4, 6], [4, 7], [4, 11], [5, 19], [5, 18], [5, 21], [5, 6], [5, 7], [5, 8], [6, 16], [6, 23], [6, 8], [6, 11], [7, 9], [7, 10], [8, 20], [8, 24], [8, 12], [9, 19], [9, 11], [9, 12], [9, 15], [10, 24], [10, 22], [10, 11], [10, 14], [11, 14], [11, 15], [11, 21], [12, 16], [12, 24], [12, 20], [12, 14], [12, 15], [13, 20], [13, 22], [13, 23], [14, 19], [15, 17], [15, 18], [15, 20], [15, 23], [16, 19], [16, 22], [17, 22], [17, 24], [18, 19], [19, 20], [19, 21], [20, 23], [21, 23], [21, 24], [22, 24]]}