{"label": 2, "edges": [[0, 32], [0, 54], [0, 57], [0, 77], [1, 85], [1, 58], [1, 11], [1, 29], [1, 78], [2, 52], [2, 19], [2, 22], [3, 34], [3, 86], [3, 56], [4, 72], [4, 74], [4, 5], [5, 66], [6, 8], [6, 47], [6, 7], [7, 84], [7, 9], [7, 86], [8, 59], [8, 76], [9, 19], [9, 85], [9, 56], [9, 45], [9, 78], [10, 12], [10, 21], [11, 36], [11, 17], [11, 87], [11, 27], [11, 76], [11, 62], [12, 64], [12, 30], [13, 83], [13, 87], [13, 24], [13, 71], [14, 71], [14, 60], [14, 45], [14, 15], [15, 59], [15, 79], [16, 77], [16, 39], [17, 84], [17, 28], [18, 32], [18, 83], [18, 19], [18, 68], [18, 20], [18, 61], [19, 81], [19, 49], [19, 46], [20, 87], [20, 24], [20, 25], [20, 34], [21, 49], [21, 40], [22, 36], [22, 62], [22, 46], [23, 83], [23, 25], [23, 60], [23, 63], [24, 66], [24, 53], [25, 71], [25, 52], [25, 59], [25, 45], [26, 67], [26, 36], [26, 85], [26, 61], [27, 36], [28, 32], [28, 72], [28, 73], [29, 57], [29, 49], [29, 41], [29, 71], [29, 76], [30, 86], [30, 43], [31, 85], [31, 77], [31, 37], [32, 33], [32, 40], [33, 49], [33, 53], [33, 41], [35, 58], [35, 59], [35, 62], [36, 74], [37, 67], [37, 54], [37, 45], [38, 40], [38, 64], [38, 61], [39, 40], [39, 41], [40, 73], [41, 69], [41, 70], [42, 81], [42, 82], [42, 58], [43, 46], [43, 86], [43, 44], [44, 80], [44, 86], [44, 55], [44, 78], [45, 67], [47, 48], [47, 58], [47, 70], [48, 50], [49, 69], [50, 63], [50, 78], [50, 79], [51, 56], [51, 71], [51, 68], [51, 79], [53, 82], [53, 54], [54, 56], [55, 73], [55, 57], [56, 59], [57, 73], [57, 75], [58, 81], [60, 65], [62, 63], [64, 65], [64, 72], [65, 67], [66, 82], [66, 76], [66, 79], [67, 69], [67, 81], [68, 87], [69, 84], [71, 82], [71, 73], [72, 74], [73, 84], [74, 79], [75, 76], [76, 78], [77, 80], [79, 81], [80, 81]], "features": {"27": ["cc_33", "deg_2"], "35": ["cc_0", "deg_3"], "43": ["cc_11", "deg_4"], "47": ["cc_0", "deg_4"], "56": ["cc_0", "deg_5"], "23": ["cc_0", "deg_4"], "9": ["cc_0", "deg_6"], "0": ["cc_0", "deg_4"], "6": ["cc_0", "deg_3"], "18": ["cc_0", "deg_6"], "14": ["cc_0", "deg_4"], "38": ["cc_0", "deg_3"], "82": ["cc_0", "deg_4"], "68": ["cc_0", "deg_3"], "51": ["cc_0", "deg_4"], "77": ["cc_0", "deg_4"], "19": ["cc_0", "deg_6"], "34": ["cc_0", "deg_2"], "75": ["cc_0", "deg_2"], "11": ["cc_1", "deg_7"], "17": ["cc_0", "deg_3"], "25": ["cc_0", "deg_6"], "24": ["cc_0", "deg_4"], "70": ["cc_0", "deg_2"], "15": ["cc_0", "deg_3"], "62": ["cc_0", "deg_4"], "40": ["cc_0", "deg_5"], "30": ["cc_11", "deg_3"], "31": ["cc_0", "deg_3"], "66": ["cc_0", "deg_5"], "36": ["cc_3", "deg_5"], "57": ["cc_3", "deg_5"], "10": ["cc_0", "deg_2"], "49": ["cc_0", "deg_5"], "1": ["cc_0", "deg_5"], "46": ["cc_0", "deg_3"], "60": ["cc_0", "deg_3"], "41": ["cc_0", "deg_5"], "29": ["cc_0", "deg_6"], "74": ["cc_5", "deg_4"], "13": ["cc_0", "deg_4"], "2": ["cc_0", "deg_3"], "7": ["cc_0", "deg_4"], "84": ["cc_0", "deg_4"], "79": ["cc_0", "deg_6"], "32": ["cc_0", "deg_5"], "33": ["cc_0", "deg_4"], "55": ["cc_11", "deg_3"], "48": ["cc_0", "deg_2"], "85": ["cc_0", "deg_4"], "5": ["cc_0", "deg_2"], "80": ["cc_0", "deg_3"], "81": ["cc_2", "deg_6"], "86": ["cc_6", "deg_5"], "87": ["cc_0", "deg_4"], "44": ["cc_3", "deg_5"], "39": ["cc_0", "deg_3"], "3": ["cc_0", "deg_3"], "28": ["cc_0", "deg_4"], "83": ["cc_0", "deg_3"], "76": ["cc_0", "deg_6"], "72": ["cc_5", "deg_4"], "12": ["cc_0", "deg_3"], "59": ["cc_0", "deg_5"], "69": ["cc_0", "deg_4"], "22": ["cc_0", "deg_4"], "50": ["cc_0", "deg_4"], "71": ["cc_0", "deg_7"], "4": ["cc_11", "deg_3"], "78": ["cc_0", "deg_5"], "45": ["cc_3", "deg_5"], "42": ["cc_11", "deg_3"], "21": ["cc_0", "deg_3"], "8": ["cc_0", "deg_3"], "53": ["cc_0", "deg_4"], "67": ["cc_2", "deg_6"], "37": ["cc_5", "deg_4"], "20": ["cc_0", "deg_5"], "26": ["cc_0", "deg_4"], "52": ["cc_0", "deg_2"], "58": ["cc_3", "deg_5"], "63": ["cc_0", "deg_3"], "64": ["cc_0", "deg_4"], "54": ["cc_0", "deg_4"], "65": ["cc_0", "deg_3"], "61": ["cc_0", "deg_3"], "16": ["cc_0", "deg_2"], "73": ["cc_2", "deg_6"]}}