{"label": 1, "edges": [[0, 9], [0, 2], [1, 36], [1, 9], [1, 30], [2, 24], [2, 3], [2, 21], [3, 5], [3, 6], [3, 17], [3, 37], [4, 18], [4, 6], [4, 31], [5, 32], [5, 6], [5, 24], [6, 39], [7, 18], [7, 36], [7, 9], [8, 41], [8, 34], [8, 38], [8, 22], [9, 36], [9, 24], [10, 11], [10, 12], [10, 14], [11, 12], [11, 13], [11, 39], [12, 16], [12, 33], [12, 42], [13, 21], [13, 27], [13, 15], [14, 26], [15, 24], [15, 17], [15, 23], [16, 17], [16, 18], [16, 42], [16, 43], [17, 19], [17, 40], [18, 38], [18, 27], [19, 35], [19, 24], [19, 29], [20, 21], [20, 22], [21, 36], [21, 43], [22, 28], [23, 28], [24, 25], [25, 26], [25, 27], [26, 27], [26, 28], [27, 29], [28, 29], [28, 30], [29, 34], [29, 30], [30, 32], [30, 31], [31, 33], [31, 37], [32, 34], [32, 36], [33, 34], [33, 35], [33, 37], [34, 35], [34, 42], [35, 36], [37, 38], [38, 42], [39, 41], [40, 41], [41, 42]], "features": {"27": ["cc_3", "deg_5"], "35": ["cc_5", "deg_4"], "43": ["cc_0", "deg_2"], "32": ["cc_0", "deg_4"], "9": ["cc_6", "deg_5"], "33": ["cc_6", "deg_5"], "0": ["cc_0", "deg_2"], "2": ["cc_0", "deg_4"], "18": ["cc_0", "deg_5"], "5": ["cc_5", "deg_4"], "14": ["cc_0", "deg_2"], "38": ["cc_0", "deg_4"], "39": ["cc_0", "deg_3"], "3": ["cc_3", "deg_5"], "28": ["cc_3", "deg_5"], "23": ["cc_0", "deg_2"], "19": ["cc_0", "deg_4"], "34": ["cc_2", "deg_6"], "11": ["cc_5", "deg_4"], "17": ["cc_0", "deg_5"], "12": ["cc_6", "deg_5"], "25": ["cc_11", "deg_3"], "24": ["cc_0", "deg_6"], "22": ["cc_0", "deg_3"], "15": ["cc_0", "deg_4"], "4": ["cc_0", "deg_3"], "37": ["cc_5", "deg_4"], "42": ["cc_3", "deg_5"], "30": ["cc_3", "deg_5"], "31": ["cc_5", "deg_4"], "36": ["cc_4", "deg_6"], "10": ["cc_11", "deg_3"], "1": ["cc_11", "deg_3"], "26": ["cc_5", "deg_4"], "40": ["cc_0", "deg_2"], "41": ["cc_0", "deg_4"], "20": ["cc_0", "deg_2"], "29": ["cc_3", "deg_5"], "13": ["cc_0", "deg_4"], "6": ["cc_5", "deg_4"], "7": ["cc_11", "deg_3"], "8": ["cc_0", "deg_4"], "16": ["cc_3", "deg_5"], "21": ["cc_0", "deg_5"]}}