{"label": 0, "features": {"47": ["cc_11", "deg_4"], "21": ["cc_5", "deg_4"], "34": ["cc_22", "deg_3"], "41": ["cc_3", "deg_5"], "4": ["cc_11", "deg_4"], "42": ["cc_0", "deg_3"], "12": ["cc_16", "deg_4"], "28": ["cc_22", "deg_3"], "5": ["cc_22", "deg_3"], "3": ["cc_11", "deg_3"], "24": ["cc_6", "deg_6"], "19": ["cc_16", "deg_4"], "36": ["cc_16", "deg_4"], "17": ["cc_16", "deg_4"], "11": ["cc_16", "deg_4"], "22": ["cc_11", "deg_3"], "18": ["cc_16", "deg_4"], "2": ["cc_11", "deg_4"], "46": ["cc_11", "deg_3"], "37": ["cc_11", "deg_4"], "38": ["cc_11", "deg_4"], "9": ["cc_11", "deg_4"], "27": ["cc_16", "deg_4"], "35": ["cc_6", "deg_7"], "1": ["cc_6", "deg_5"], "16": ["cc_10", "deg_5"], "25": ["cc_16", "deg_4"], "7": ["cc_16", "deg_4"], "39": ["cc_5", "deg_4"], "0": ["cc_16", "deg_4"], "29": ["cc_16", "deg_4"], "13": ["cc_16", "deg_4"], "6": ["cc_16", "deg_4"], "30": ["cc_5", "deg_4"], "14": ["cc_6", "deg_6"], "32": ["cc_11", "deg_3"], "45": ["cc_5", "deg_4"], "10": ["cc_22", "deg_3"], "33": ["cc_6", "deg_5"], "23": ["cc_11", "deg_4"], "48": ["cc_11", "deg_4"], "40": ["cc_0", "deg_2"], "8": ["cc_6", "deg_5"], "44": ["cc_5", "deg_4"], "31": ["cc_0", "deg_4"], "26": ["cc_10", "deg_5"], "43": ["cc_11", "deg_3"], "20": ["cc_11", "deg_4"], "50": ["cc_22", "deg_3"], "15": ["cc_16", "deg_4"], "49": ["cc_11", "deg_4"]}, "edges": [[0, 1], [0, 50], [0, 2], [0, 49], [1, 2], [1, 35], [1, 50], [1, 21], [2, 3], [2, 4], [3, 24], [3, 4], [4, 5], [4, 6], [5, 6], [5, 7], [6, 8], [6, 7], [7, 8], [7, 9], [8, 24], [8, 9], [8, 45], [9, 10], [9, 11], [10, 11], [10, 12], [11, 12], [11, 13], [12, 13], [12, 14], [13, 14], [13, 15], [14, 16], [14, 37], [14, 26], [14, 15], [15, 16], [15, 17], [16, 48], [16, 17], [16, 18], [17, 18], [17, 19], [18, 19], [18, 20], [19, 20], [19, 21], [20, 33], [20, 21], [21, 22], [22, 24], [22, 23], [23, 24], [23, 25], [23, 41], [24, 25], [24, 26], [25, 26], [25, 27], [26, 27], [26, 29], [27, 28], [27, 29], [28, 29], [28, 30], [29, 30], [30, 32], [30, 31], [31, 33], [31, 41], [31, 44], [32, 33], [32, 35], [33, 34], [33, 35], [34, 35], [34, 36], [35, 36], [35, 37], [35, 39], [36, 37], [36, 38], [37, 38], [38, 41], [38, 39], [39, 41], [39, 42], [40, 41], [40, 42], [42, 43], [43, 44], [43, 45], [44, 45], [44, 46], [45, 47], [46, 48], [46, 47], [47, 48], [47, 49], [48, 49], [49, 50]]}