{"label": 1, "features": {"53": ["cc_22", "deg_3"], "47": ["cc_11", "deg_4"], "21": ["cc_11", "deg_3"], "34": ["cc_0", "deg_5"], "41": ["cc_6", "deg_5"], "4": ["cc_5", "deg_4"], "42": ["cc_11", "deg_4"], "12": ["cc_2", "deg_6"], "28": ["cc_0", "deg_2"], "5": ["cc_5", "deg_4"], "3": ["cc_5", "deg_4"], "51": ["cc_0", "deg_4"], "24": ["cc_6", "deg_5"], "56": ["cc_3", "deg_5"], "55": ["cc_6", "deg_5"], "19": ["cc_5", "deg_4"], "54": ["cc_8", "deg_6"], "36": ["cc_11", "deg_3"], "17": ["cc_5", "deg_4"], "11": ["cc_0", "deg_4"], "22": ["cc_11", "deg_4"], "18": ["cc_33", "deg_2"], "59": ["cc_11", "deg_3"], "2": ["cc_11", "deg_3"], "46": ["cc_33", "deg_2"], "37": ["cc_5", "deg_4"], "38": ["cc_11", "deg_4"], "9": ["cc_3", "deg_5"], "27": ["cc_0", "deg_2"], "58": ["cc_0", "deg_3"], "35": ["cc_0", "deg_5"], "1": ["cc_4", "deg_6"], "16": ["cc_11", "deg_3"], "25": ["cc_3", "deg_7"], "7": ["cc_22", "deg_3"], "39": ["cc_6", "deg_5"], "0": ["cc_5", "deg_4"], "29": ["cc_5", "deg_4"], "13": ["cc_0", "deg_5"], "6": ["cc_11", "deg_4"], "30": ["cc_3", "deg_5"], "14": ["cc_0", "deg_2"], "32": ["cc_0", "deg_2"], "45": ["cc_0", "deg_3"], "10": ["cc_33", "deg_2"], "33": ["cc_0", "deg_2"], "23": ["cc_3", "deg_5"], "48": ["cc_16", "deg_4"], "40": ["cc_16", "deg_4"], "8": ["cc_6", "deg_5"], "44": ["cc_1", "deg_7"], "31": ["cc_0", "deg_2"], "26": ["cc_6", "deg_5"], "43": ["cc_5", "deg_4"], "57": ["cc_0", "deg_4"], "20": ["cc_6", "deg_6"], "50": ["cc_5", "deg_4"], "52": ["cc_11", "deg_4"], "15": ["cc_11", "deg_3"], "49": ["cc_6", "deg_5"]}, "edges": [[0, 1], [0, 59], [0, 58], [0, 5], [1, 51], [1, 2], [1, 3], [1, 59], [1, 14], [2, 3], [2, 4], [3, 22], [3, 55], [4, 16], [4, 5], [4, 6], [5, 6], [5, 12], [6, 8], [6, 7], [7, 8], [7, 9], [8, 56], [8, 9], [8, 13], [9, 34], [9, 11], [9, 30], [10, 25], [10, 12], [11, 32], [11, 59], [11, 12], [12, 33], [12, 25], [12, 13], [13, 55], [13, 58], [13, 44], [14, 44], [15, 16], [15, 17], [15, 45], [16, 17], [17, 35], [17, 19], [18, 19], [18, 20], [19, 20], [19, 21], [20, 22], [20, 23], [20, 24], [20, 28], [21, 52], [21, 54], [22, 24], [22, 23], [23, 25], [23, 27], [23, 44], [24, 25], [24, 26], [24, 43], [25, 57], [25, 26], [25, 39], [26, 44], [26, 29], [26, 30], [27, 29], [28, 29], [29, 30], [30, 50], [30, 51], [31, 49], [31, 39], [32, 34], [33, 34], [34, 35], [34, 36], [35, 37], [35, 56], [35, 43], [36, 37], [36, 38], [37, 41], [37, 38], [38, 40], [38, 39], [39, 40], [39, 41], [40, 41], [40, 42], [41, 54], [41, 42], [42, 43], [42, 44], [43, 44], [44, 45], [45, 47], [46, 48], [46, 47], [47, 48], [47, 49], [48, 49], [48, 50], [49, 50], [49, 51], [50, 52], [51, 57], [52, 53], [52, 54], [53, 54], [53, 55], [54, 55], [54, 56], [55, 56], [56, 57], [57, 58]]}