{"label": 0, "edges": [[0, 1], [0, 36], [0, 7], [0, 25], [1, 2], [1, 3], [1, 36], [2, 3], [2, 4], [3, 4], [3, 5], [4, 16], [4, 6], [5, 18], [5, 7], [6, 8], [6, 18], [7, 8], [7, 9], [7, 33], [8, 9], [8, 10], [9, 10], [9, 11], [10, 11], [10, 12], [10, 24], [11, 12], [11, 13], [12, 13], [12, 14], [13, 14], [13, 15], [14, 16], [14, 29], [15, 16], [15, 17], [15, 18], [15, 26], [16, 17], [16, 18], [17, 18], [17, 19], [18, 34], [18, 20], [19, 35], [19, 20], [19, 21], [19, 22], [20, 21], [20, 22], [21, 22], [21, 23], [22, 24], [23, 24], [23, 25], [24, 25], [25, 26], [26, 28], [27, 32], [27, 29], [28, 29], [28, 30], [29, 30], [29, 31], [30, 32], [30, 31], [31, 32], [31, 33], [32, 33], [32, 34], [33, 35], [34, 36], [35, 36]], "features": {"27": ["cc_0", "deg_2"], "22": ["cc_16", "deg_4"], "32": ["cc_6", "deg_5"], "15": ["cc_10", "deg_5"], "4": ["cc_5", "deg_4"], "33": ["cc_5", "deg_4"], "35": ["cc_0", "deg_3"], "30": ["cc_16", "deg_4"], "0": ["cc_5", "deg_4"], "2": ["cc_22", "deg_3"], "6": ["cc_0", "deg_3"], "18": ["cc_4", "deg_7"], "5": ["cc_0", "deg_3"], "10": ["cc_10", "deg_5"], "14": ["cc_5", "deg_4"], "1": ["cc_11", "deg_4"], "29": ["cc_6", "deg_5"], "8": ["cc_11", "deg_4"], "20": ["cc_16", "deg_4"], "26": ["cc_0", "deg_3"], "3": ["cc_11", "deg_4"], "11": ["cc_16", "deg_4"], "28": ["cc_11", "deg_3"], "23": ["cc_11", "deg_3"], "19": ["cc_10", "deg_5"], "36": ["cc_5", "deg_4"], "34": ["cc_0", "deg_3"], "13": ["cc_11", "deg_4"], "16": ["cc_10", "deg_5"], "7": ["cc_3", "deg_5"], "17": ["cc_16", "deg_4"], "12": ["cc_16", "deg_4"], "31": ["cc_16", "deg_4"], "25": ["cc_5", "deg_4"], "24": ["cc_5", "deg_4"], "9": ["cc_16", "deg_4"], "21": ["cc_16", "deg_4"]}}