{"label": 0, "features": {"1": ["cc_0", "deg_4"], "16": ["cc_11", "deg_3"], "4": ["cc_11", "deg_3"], "21": ["cc_22", "deg_3"], "32": ["cc_11", "deg_4"], "34": ["cc_33", "deg_2"], "7": ["cc_3", "deg_5"], "25": ["cc_11", "deg_3"], "0": ["cc_0", "deg_3"], "12": ["cc_16", "deg_4"], "29": ["cc_5", "deg_4"], "28": ["cc_5", "deg_4"], "13": ["cc_6", "deg_5"], "6": ["cc_6", "deg_5"], "30": ["cc_6", "deg_6"], "5": ["cc_5", "deg_4"], "3": ["cc_0", "deg_4"], "24": ["cc_3", "deg_5"], "33": ["cc_3", "deg_5"], "23": ["cc_2", "deg_6"], "27": ["cc_11", "deg_3"], "19": ["cc_6", "deg_5"], "36": ["cc_5", "deg_4"], "10": ["cc_11", "deg_4"], "17": ["cc_11", "deg_4"], "11": ["cc_16", "deg_4"], "22": ["cc_6", "deg_5"], "18": ["cc_16", "deg_4"], "31": ["cc_16", "deg_4"], "2": ["cc_0", "deg_3"], "26": ["cc_5", "deg_4"], "20": ["cc_11", "deg_4"], "14": ["cc_5", "deg_4"], "35": ["cc_11", "deg_3"], "9": ["cc_11", "deg_3"], "8": ["cc_3", "deg_5"], "15": ["cc_0", "deg_3"]}, "edges": [[0, 1], [0, 2], [0, 35], [1, 3], [1, 36], [1, 7], [2, 3], [2, 4], [3, 5], [3, 29], [4, 5], [4, 6], [5, 6], [5, 23], [6, 8], [6, 28], [6, 7], [7, 19], [7, 33], [7, 8], [8, 9], [8, 22], [8, 13], [9, 10], [9, 11], [10, 11], [10, 12], [10, 23], [11, 12], [11, 13], [12, 13], [12, 14], [13, 14], [13, 15], [14, 16], [14, 30], [15, 17], [15, 29], [16, 17], [16, 18], [17, 18], [17, 19], [18, 19], [18, 20], [19, 20], [19, 24], [20, 21], [20, 22], [21, 22], [21, 23], [22, 33], [22, 23], [23, 36], [23, 24], [24, 32], [24, 25], [24, 26], [25, 26], [25, 27], [26, 28], [26, 33], [27, 28], [27, 30], [28, 30], [29, 30], [29, 31], [30, 32], [30, 31], [31, 32], [31, 33], [32, 33], [34, 35], [34, 36], [35, 36]]}