{"label": 2, "edges": [[0, 64], [0, 56], [0, 3], [0, 69], [0, 88], [0, 74], [0, 27], [0, 29], [1, 33], [1, 3], [1, 9], [1, 86], [1, 55], [1, 76], [1, 20], [2, 49], [2, 4], [2, 39], [2, 89], [2, 7], [2, 14], [2, 79], [3, 34], [3, 19], [3, 38], [3, 23], [3, 64], [3, 42], [3, 63], [4, 40], [4, 86], [4, 24], [4, 41], [4, 75], [4, 82], [5, 53], [5, 6], [5, 55], [5, 31], [6, 33], [6, 82], [6, 36], [6, 55], [6, 74], [6, 59], [6, 62], [7, 64], [7, 51], [7, 60], [7, 28], [7, 37], [8, 63], [8, 11], [8, 13], [8, 85], [9, 32], [9, 19], [9, 36], [9, 10], [9, 63], [10, 51], [10, 35], [10, 11], [10, 13], [11, 49], [11, 52], [11, 38], [11, 26], [12, 72], [12, 47], [12, 60], [12, 61], [12, 14], [13, 16], [13, 78], [13, 14], [13, 53], [14, 70], [14, 74], [14, 77], [14, 88], [14, 56], [14, 58], [15, 34], [15, 67], [15, 68], [15, 69], [15, 78], [15, 30], [16, 20], [16, 46], [16, 22], [16, 27], [16, 21], [17, 20], [17, 73], [17, 72], [17, 25], [17, 44], [18, 81], [18, 82], [18, 19], [18, 27], [18, 44], [19, 21], [19, 37], [20, 64], [20, 52], [20, 68], [21, 85], [21, 89], [21, 73], [22, 49], [22, 86], [22, 23], [22, 30], [23, 32], [23, 25], [23, 90], [24, 73], [24, 76], [25, 70], [25, 89], [25, 87], [25, 81], [25, 61], [25, 73], [26, 35], [26, 69], [26, 43], [26, 29], [27, 30], [28, 68], [28, 54], [28, 45], [29, 82], [29, 75], [29, 53], [29, 50], [30, 82], [30, 85], [30, 39], [30, 57], [30, 89], [31, 34], [31, 69], [31, 81], [31, 60], [31, 75], [31, 37], [31, 47], [32, 51], [32, 82], [32, 38], [33, 82], [33, 40], [34, 50], [34, 40], [34, 60], [34, 46], [35, 37], [35, 76], [35, 45], [35, 62], [36, 38], [36, 89], [37, 67], [37, 84], [37, 58], [37, 44], [38, 67], [38, 41], [38, 42], [39, 43], [39, 69], [39, 42], [39, 47], [39, 79], [40, 81], [40, 54], [40, 42], [40, 53], [41, 81], [41, 55], [41, 43], [41, 46], [42, 52], [42, 53], [42, 63], [43, 54], [43, 57], [44, 45], [45, 48], [45, 84], [45, 46], [45, 47], [46, 51], [48, 65], [48, 50], [48, 52], [48, 84], [48, 67], [49, 70], [49, 71], [49, 50], [49, 89], [50, 52], [50, 65], [50, 56], [52, 73], [52, 75], [52, 77], [52, 59], [53, 70], [53, 78], [54, 76], [54, 80], [54, 86], [54, 87], [56, 80], [56, 70], [57, 58], [57, 60], [58, 65], [58, 66], [58, 83], [58, 85], [59, 82], [59, 61], [59, 62], [60, 76], [60, 90], [61, 90], [62, 64], [62, 90], [62, 76], [62, 63], [63, 66], [63, 68], [64, 66], [65, 83], [66, 81], [66, 86], [67, 84], [67, 80], [67, 78], [68, 69], [68, 81], [69, 73], [69, 74], [71, 72], [71, 73], [72, 73], [72, 75], [73, 74], [74, 75], [74, 76], [75, 86], [77, 80], [78, 87], [78, 79], [79, 82], [80, 84], [83, 84], [83, 85], [84, 90], [85, 86], [85, 87], [85, 88], [85, 90], [87, 88], [87, 89], [88, 90]], "features": {"27": ["cc_0", "deg_4"], "35": ["cc_2", "deg_6"], "43": ["cc_0", "deg_5"], "47": ["cc_0", "deg_4"], "56": ["cc_3", "deg_5"], "23": ["cc_0", "deg_5"], "9": ["cc_0", "deg_6"], "0": ["cc_2", "deg_8"], "6": ["cc_4", "deg_8"], "18": ["cc_0", "deg_5"], "14": ["cc_0", "deg_9"], "38": ["cc_1", "deg_7"], "82": ["cc_1", "deg_9"], "68": ["cc_2", "deg_6"], "51": ["cc_0", "deg_4"], "77": ["cc_0", "deg_3"], "19": ["cc_0", "deg_5"], "34": ["cc_1", "deg_7"], "75": ["cc_1", "deg_7"], "11": ["cc_0", "deg_6"], "88": ["cc_6", "deg_5"], "17": ["cc_6", "deg_5"], "25": ["cc_2", "deg_8"], "24": ["cc_0", "deg_3"], "70": ["cc_3", "deg_5"], "15": ["cc_4", "deg_6"], "62": ["cc_3", "deg_7"], "40": ["cc_1", "deg_7"], "30": ["cc_0", "deg_8"], "31": ["cc_1", "deg_8"], "66": ["cc_0", "deg_5"], "36": ["cc_0", "deg_4"], "57": ["cc_0", "deg_4"], "10": ["cc_0", "deg_5"], "49": ["cc_1", "deg_7"], "1": ["cc_0", "deg_7"], "46": ["cc_0", "deg_5"], "60": ["cc_1", "deg_7"], "41": ["cc_0", "deg_6"], "29": ["cc_0", "deg_6"], "74": ["cc_3", "deg_7"], "13": ["cc_2", "deg_6"], "2": ["cc_3", "deg_7"], "7": ["cc_0", "deg_6"], "84": ["cc_6", "deg_7"], "79": ["cc_5", "deg_4"], "90": ["cc_1", "deg_7"], "32": ["cc_0", "deg_5"], "33": ["cc_5", "deg_4"], "55": ["cc_5", "deg_4"], "48": ["cc_8", "deg_6"], "85": ["cc_2", "deg_9"], "5": ["cc_5", "deg_4"], "80": ["cc_3", "deg_5"], "81": ["cc_0", "deg_7"], "86": ["cc_1", "deg_7"], "87": ["cc_4", "deg_6"], "44": ["cc_0", "deg_4"], "39": ["cc_1", "deg_7"], "3": ["cc_2", "deg_9"], "28": ["cc_0", "deg_4"], "83": ["cc_11", "deg_4"], "76": ["cc_1", "deg_7"], "72": ["cc_6", "deg_5"], "89": ["cc_3", "deg_7"], "12": ["cc_0", "deg_5"], "59": ["cc_6", "deg_5"], "69": ["cc_3", "deg_8"], "22": ["cc_0", "deg_5"], "50": ["cc_3", "deg_7"], "71": ["cc_11", "deg_3"], "4": ["cc_1", "deg_7"], "78": ["cc_4", "deg_6"], "45": ["cc_1", "deg_7"], "42": ["cc_4", "deg_7"], "21": ["cc_0", "deg_5"], "8": ["cc_0", "deg_4"], "53": ["cc_3", "deg_7"], "67": ["cc_6", "deg_7"], "37": ["cc_1", "deg_8"], "20": ["cc_0", "deg_6"], "26": ["cc_0", "deg_5"], "52": ["cc_0", "deg_9"], "58": ["cc_3", "deg_7"], "63": ["cc_1", "deg_7"], "64": ["cc_2", "deg_6"], "54": ["cc_0", "deg_7"], "65": ["cc_11", "deg_4"], "61": ["cc_0", "deg_4"], "16": ["cc_0", "deg_6"], "73": ["cc_3", "deg_9"]}}