{"label": 1, "features": {"68": ["cc_0", "deg_5"], "21": ["cc_1", "deg_8"], "34": ["cc_8", "deg_6"], "58": ["cc_0", "deg_4"], "69": ["cc_4", "deg_6"], "42": ["cc_13", "deg_6"], "12": ["cc_5", "deg_8"], "66": ["cc_3", "deg_5"], "5": ["cc_6", "deg_6"], "61": ["cc_8", "deg_6"], "51": ["cc_11", "deg_3"], "24": ["cc_5", "deg_4"], "56": ["cc_3", "deg_5"], "55": ["cc_4", "deg_8"], "17": ["cc_13", "deg_5"], "22": ["cc_1", "deg_8"], "74": ["cc_6", "deg_6"], "59": ["cc_3", "deg_5"], "46": ["cc_4", "deg_7"], "37": ["cc_15", "deg_6"], "38": ["cc_6", "deg_7"], "81": ["cc_6", "deg_7"], "90": ["cc_6", "deg_7"], "35": ["cc_6", "deg_7"], "47": ["cc_11", "deg_3"], "16": ["cc_13", "deg_5"], "65": ["cc_2", "deg_9"], "23": ["cc_0", "deg_5"], "7": ["cc_3", "deg_5"], "82": ["cc_9", "deg_7"], "29": ["cc_1", "deg_7"], "13": ["cc_2", "deg_8"], "6": ["cc_6", "deg_7"], "30": ["cc_0", "deg_4"], "14": ["cc_10", "deg_5"], "40": ["cc_13", "deg_5"], "33": ["cc_6", "deg_6"], "73": ["cc_10", "deg_5"], "76": ["cc_3", "deg_5"], "8": ["cc_6", "deg_7"], "44": ["cc_4", "deg_6"], "26": ["cc_3", "deg_5"], "43": ["cc_8", "deg_8"], "57": ["cc_0", "deg_6"], "20": ["cc_3", "deg_8"], "89": ["cc_6", "deg_6"], "80": ["cc_13", "deg_5"], "70": ["cc_0", "deg_4"], "84": ["cc_0", "deg_5"], "53": ["cc_9", "deg_7"], "1": ["cc_0", "deg_4"], "54": ["cc_6", "deg_7"], "41": ["cc_22", "deg_4"], "4": ["cc_4", "deg_7"], "39": ["cc_8", "deg_6"], "28": ["cc_0", "deg_7"], "25": ["cc_2", "deg_6"], "78": ["cc_4", "deg_8"], "3": ["cc_13", "deg_5"], "64": ["cc_10", "deg_5"], "72": ["cc_6", "deg_5"], "87": ["cc_6", "deg_6"], "19": ["cc_6", "deg_7"], "86": ["cc_1", "deg_7"], "62": ["cc_6", "deg_7"], "11": ["cc_4", "deg_6"], "18": ["cc_3", "deg_7"], "67": ["cc_0", "deg_4"], "2": ["cc_4", "deg_6"], "9": ["cc_10", "deg_5"], "27": ["cc_3", "deg_5"], "15": ["cc_4", "deg_6"], "71": ["cc_4", "deg_7"], "88": ["cc_16", "deg_5"], "0": ["cc_3", "deg_9"], "63": ["cc_0", "deg_5"], "32": ["cc_2", "deg_8"], "45": ["cc_8", "deg_6"], "36": ["cc_16", "deg_5"], "83": ["cc_5", "deg_4"], "48": ["cc_1", "deg_9"], "79": ["cc_16", "deg_4"], "77": ["cc_3", "deg_7"], "10": ["cc_13", "deg_5"], "85": ["cc_8", "deg_6"], "31": ["cc_2", "deg_6"], "75": ["cc_3", "deg_10"], "50": ["cc_4", "deg_7"], "60": ["cc_6", "deg_5"], "52": ["cc_7", "deg_7"], "49": ["cc_11", "deg_3"]}, "edges": [[0, 82], [0, 4], [0, 21], [0, 88], [0, 89], [0, 90], [0, 12], [0, 52], [0, 69], [1, 2], [1, 6], [1, 89], [1, 58], [2, 3], [2, 4], [2, 5], [2, 90], [2, 30], [3, 4], [3, 5], [3, 6], [3, 68], [4, 6], [4, 7], [4, 27], [4, 13], [5, 6], [5, 8], [5, 13], [5, 46], [6, 8], [6, 9], [6, 75], [7, 38], [7, 86], [7, 8], [7, 27], [8, 51], [8, 9], [8, 10], [8, 11], [9, 22], [9, 10], [9, 12], [10, 11], [10, 12], [10, 13], [11, 20], [11, 44], [11, 12], [11, 46], [12, 18], [12, 85], [12, 82], [12, 15], [13, 16], [13, 83], [13, 38], [13, 14], [13, 15], [14, 16], [14, 17], [14, 32], [14, 15], [15, 18], [15, 62], [15, 74], [16, 17], [16, 18], [16, 19], [17, 18], [17, 19], [17, 20], [18, 66], [18, 52], [18, 21], [19, 20], [19, 21], [19, 22], [19, 68], [19, 63], [20, 21], [20, 22], [20, 23], [20, 49], [20, 28], [21, 81], [21, 55], [21, 24], [21, 43], [22, 66], [22, 25], [22, 76], [22, 77], [22, 31], [23, 48], [23, 32], [23, 86], [23, 25], [24, 25], [24, 26], [24, 27], [25, 26], [25, 55], [25, 28], [26, 68], [26, 69], [26, 29], [27, 28], [27, 29], [28, 32], [28, 81], [28, 47], [28, 30], [29, 32], [29, 65], [29, 80], [29, 30], [29, 31], [30, 33], [31, 32], [31, 34], [31, 50], [31, 46], [32, 33], [32, 35], [32, 72], [33, 34], [33, 35], [33, 36], [33, 58], [34, 35], [34, 36], [34, 37], [34, 70], [35, 37], [35, 38], [35, 54], [35, 44], [36, 37], [36, 38], [36, 39], [37, 38], [37, 39], [37, 40], [38, 48], [38, 39], [39, 65], [39, 40], [39, 57], [40, 41], [40, 42], [40, 43], [41, 42], [41, 43], [41, 44], [42, 56], [42, 43], [42, 44], [42, 45], [43, 78], [43, 75], [43, 45], [43, 46], [44, 53], [44, 45], [45, 48], [45, 86], [45, 46], [46, 48], [46, 78], [47, 48], [47, 50], [48, 50], [48, 74], [48, 90], [48, 63], [49, 50], [49, 52], [50, 52], [50, 53], [50, 57], [51, 53], [51, 54], [52, 53], [52, 54], [52, 55], [53, 54], [53, 55], [53, 56], [54, 55], [54, 57], [54, 75], [55, 84], [55, 56], [55, 87], [56, 57], [56, 59], [57, 60], [57, 63], [58, 59], [58, 60], [59, 75], [59, 61], [59, 62], [60, 71], [60, 61], [60, 62], [61, 64], [61, 71], [61, 62], [61, 63], [62, 64], [62, 65], [62, 89], [63, 65], [64, 65], [64, 66], [64, 78], [65, 66], [65, 69], [65, 71], [65, 76], [66, 67], [67, 68], [67, 69], [67, 70], [68, 71], [69, 71], [69, 72], [70, 73], [70, 90], [71, 72], [71, 77], [72, 73], [72, 75], [73, 74], [73, 75], [73, 76], [74, 75], [74, 76], [74, 77], [75, 84], [75, 77], [75, 78], [76, 78], [77, 87], [77, 78], [77, 79], [78, 80], [78, 81], [79, 80], [79, 81], [79, 82], [80, 81], [80, 82], [81, 82], [81, 84], [82, 83], [82, 85], [83, 84], [83, 85], [84, 86], [85, 86], [85, 87], [85, 88], [86, 87], [86, 89], [87, 88], [87, 90], [88, 89], [88, 90], [89, 90]]}