{"label": 0, "features": {"1": ["cc_15", "deg_6"], "16": ["cc_11", "deg_6"], "4": ["cc_27", "deg_4"], "21": ["cc_10", "deg_5"], "7": ["cc_17", "deg_6"], "25": ["cc_15", "deg_6"], "0": ["cc_15", "deg_6"], "12": ["cc_15", "deg_6"], "29": ["cc_14", "deg_7"], "28": ["cc_11", "deg_6"], "13": ["cc_11", "deg_6"], "6": ["cc_13", "deg_6"], "30": ["cc_6", "deg_7"], "5": ["cc_20", "deg_5"], "3": ["cc_9", "deg_7"], "24": ["cc_20", "deg_5"], "23": ["cc_20", "deg_5"], "27": ["cc_6", "deg_6"], "19": ["cc_8", "deg_6"], "10": ["cc_17", "deg_6"], "17": ["cc_13", "deg_5"], "11": ["cc_9", "deg_7"], "22": ["cc_6", "deg_5"], "18": ["cc_6", "deg_5"], "2": ["cc_9", "deg_9"], "26": ["cc_11", "deg_7"], "20": ["cc_6", "deg_6"], "14": ["cc_6", "deg_7"], "9": ["cc_12", "deg_7"], "8": ["cc_13", "deg_6"], "15": ["cc_6", "deg_5"]}, "edges": [[0, 1], [0, 2], [0, 3], [0, 27], [0, 28], [0, 29], [1, 2], [1, 3], [1, 9], [1, 29], [1, 30], [2, 3], [2, 19], [2, 8], [2, 26], [2, 28], [2, 29], [2, 30], [3, 4], [3, 5], [3, 6], [3, 15], [4, 5], [4, 6], [4, 7], [5, 6], [5, 7], [5, 8], [6, 7], [6, 9], [6, 30], [7, 8], [7, 9], [7, 10], [8, 9], [8, 10], [8, 11], [9, 10], [9, 11], [9, 12], [10, 11], [10, 12], [10, 13], [11, 18], [11, 22], [11, 12], [11, 14], [12, 13], [12, 14], [12, 15], [13, 16], [13, 20], [13, 14], [13, 15], [14, 16], [14, 17], [14, 27], [14, 28], [15, 16], [15, 30], [16, 17], [16, 18], [16, 19], [17, 19], [17, 20], [17, 29], [18, 19], [18, 21], [18, 26], [19, 20], [19, 21], [20, 22], [20, 30], [20, 29], [21, 22], [21, 23], [21, 24], [22, 23], [22, 25], [23, 24], [23, 25], [23, 26], [24, 25], [24, 26], [24, 27], [25, 26], [25, 27], [25, 28], [26, 27], [26, 28], [27, 30], [28, 29], [29, 30]]}