{"label": 0, "features": {"53": ["cc_20", "deg_5"], "47": ["cc_10", "deg_5"], "68": ["cc_8", "deg_6"], "21": ["cc_13", "deg_6"], "34": ["cc_17", "deg_6"], "67": ["cc_5", "deg_8"], "41": ["cc_20", "deg_5"], "4": ["cc_15", "deg_6"], "42": ["cc_15", "deg_6"], "12": ["cc_15", "deg_6"], "28": ["cc_12", "deg_7"], "66": ["cc_15", "deg_6"], "5": ["cc_20", "deg_6"], "65": ["cc_20", "deg_6"], "61": ["cc_12", "deg_7"], "3": ["cc_20", "deg_6"], "64": ["cc_20", "deg_6"], "51": ["cc_10", "deg_5"], "24": ["cc_20", "deg_5"], "56": ["cc_9", "deg_7"], "55": ["cc_11", "deg_7"], "19": ["cc_11", "deg_6"], "54": ["cc_9", "deg_8"], "36": ["cc_7", "deg_7"], "17": ["cc_15", "deg_6"], "11": ["cc_20", "deg_6"], "22": ["cc_6", "deg_6"], "71": ["cc_15", "deg_6"], "18": ["cc_20", "deg_5"], "59": ["cc_11", "deg_6"], "2": ["cc_22", "deg_6"], "46": ["cc_6", "deg_7"], "37": ["cc_17", "deg_6"], "38": ["cc_8", "deg_6"], "73": ["cc_22", "deg_6"], "78": ["cc_15", "deg_6"], "9": ["cc_20", "deg_6"], "27": ["cc_17", "deg_6"], "58": ["cc_8", "deg_6"], "35": ["cc_15", "deg_6"], "1": ["cc_19", "deg_7"], "16": ["cc_17", "deg_6"], "80": ["cc_15", "deg_6"], "25": ["cc_12", "deg_7"], "7": ["cc_15", "deg_6"], "39": ["cc_17", "deg_6"], "0": ["cc_20", "deg_6"], "29": ["cc_11", "deg_6"], "63": ["cc_20", "deg_6"], "13": ["cc_17", "deg_6"], "6": ["cc_16", "deg_5"], "30": ["cc_16", "deg_5"], "14": ["cc_12", "deg_7"], "32": ["cc_17", "deg_6"], "45": ["cc_13", "deg_6"], "10": ["cc_20", "deg_6"], "33": ["cc_11", "deg_7"], "23": ["cc_16", "deg_5"], "69": ["cc_16", "deg_4"], "76": ["cc_11", "deg_8"], "48": ["cc_13", "deg_5"], "79": ["cc_27", "deg_4"], "77": ["cc_13", "deg_6"], "40": ["cc_17", "deg_6"], "81": ["cc_15", "deg_7"], "72": ["cc_14", "deg_8"], "8": ["cc_23", "deg_5"], "44": ["cc_11", "deg_6"], "31": ["cc_17", "deg_6"], "75": ["cc_22", "deg_6"], "26": ["cc_20", "deg_6"], "43": ["cc_12", "deg_7"], "57": ["cc_6", "deg_5"], "20": ["cc_8", "deg_6"], "50": ["cc_6", "deg_6"], "62": ["cc_20", "deg_6"], "60": ["cc_11", "deg_6"], "52": ["cc_13", "deg_6"], "15": ["cc_16", "deg_5"], "74": ["cc_22", "deg_6"], "70": ["cc_16", "deg_4"], "49": ["cc_10", "deg_5"]}, "edges": [[0, 80], [0, 1], [0, 2], [0, 3], [0, 81], [0, 79], [1, 81], [1, 2], [1, 3], [1, 4], [1, 5], [1, 80], [2, 3], [2, 4], [2, 5], [2, 81], [3, 4], [3, 5], [3, 6], [4, 36], [4, 5], [4, 7], [5, 6], [5, 7], [6, 7], [6, 8], [6, 9], [7, 8], [7, 9], [7, 10], [8, 9], [8, 10], [8, 11], [9, 10], [9, 11], [9, 12], [10, 11], [10, 12], [10, 13], [11, 12], [11, 13], [11, 14], [12, 43], [12, 13], [12, 14], [13, 16], [13, 14], [13, 15], [14, 16], [14, 17], [14, 51], [14, 15], [15, 16], [15, 17], [15, 60], [16, 17], [16, 18], [16, 19], [17, 18], [17, 19], [17, 20], [18, 19], [18, 20], [18, 21], [19, 21], [19, 22], [19, 59], [20, 68], [20, 21], [20, 22], [20, 23], [21, 22], [21, 23], [21, 24], [22, 57], [22, 25], [22, 61], [23, 24], [23, 25], [23, 26], [24, 25], [24, 26], [24, 27], [25, 57], [25, 26], [25, 27], [25, 28], [26, 27], [26, 28], [26, 29], [27, 28], [27, 29], [27, 30], [28, 58], [28, 29], [28, 30], [28, 31], [29, 32], [29, 46], [29, 31], [30, 32], [30, 33], [30, 31], [31, 32], [31, 33], [31, 34], [32, 33], [32, 34], [32, 35], [33, 49], [33, 34], [33, 35], [33, 47], [34, 35], [34, 36], [34, 37], [35, 36], [35, 37], [35, 38], [36, 37], [36, 39], [36, 42], [36, 44], [37, 38], [37, 39], [37, 40], [38, 80], [38, 67], [38, 39], [38, 40], [39, 40], [39, 41], [39, 42], [40, 41], [40, 42], [40, 43], [41, 42], [41, 43], [41, 44], [42, 43], [42, 45], [43, 44], [43, 45], [43, 46], [44, 45], [44, 46], [44, 47], [45, 48], [45, 46], [45, 47], [46, 67], [46, 52], [46, 54], [47, 48], [47, 50], [48, 49], [48, 50], [48, 51], [49, 50], [49, 51], [49, 52], [50, 53], [50, 55], [50, 76], [51, 52], [51, 54], [52, 53], [52, 54], [52, 55], [53, 54], [53, 55], [53, 56], [54, 72], [54, 55], [54, 56], [54, 69], [55, 67], [55, 56], [55, 58], [56, 57], [56, 58], [56, 59], [56, 77], [57, 58], [57, 60], [58, 59], [58, 61], [59, 60], [59, 61], [59, 62], [60, 61], [60, 62], [60, 63], [61, 64], [61, 62], [61, 63], [62, 64], [62, 65], [62, 63], [63, 64], [63, 65], [63, 66], [64, 65], [64, 66], [64, 67], [65, 66], [65, 67], [65, 68], [66, 67], [66, 68], [66, 76], [67, 68], [67, 70], [68, 69], [68, 71], [69, 71], [69, 72], [70, 71], [70, 72], [70, 73], [71, 72], [71, 73], [71, 74], [72, 73], [72, 74], [72, 75], [72, 76], [73, 74], [73, 75], [73, 76], [74, 75], [74, 76], [74, 77], [75, 76], [75, 77], [75, 78], [76, 77], [76, 78], [77, 81], [77, 78], [78, 80], [78, 81], [78, 79], [79, 80], [79, 81], [80, 81]]}