{"label": 1, "features": {"68": ["cc_0", "deg_3"], "21": ["cc_2", "deg_6"], "34": ["cc_3", "deg_5"], "58": ["cc_0", "deg_3"], "69": ["cc_0", "deg_5"], "42": ["cc_0", "deg_4"], "12": ["cc_0", "deg_3"], "66": ["cc_0", "deg_2"], "5": ["cc_0", "deg_7"], "61": ["cc_5", "deg_4"], "91": ["cc_3", "deg_5"], "51": ["cc_0", "deg_3"], "24": ["cc_0", "deg_4"], "56": ["cc_0", "deg_5"], "55": ["cc_2", "deg_6"], "17": ["cc_0", "deg_5"], "22": ["cc_0", "deg_2"], "74": ["cc_5", "deg_4"], "59": ["cc_5", "deg_4"], "46": ["cc_5", "deg_4"], "37": ["cc_3", "deg_5"], "38": ["cc_11", "deg_4"], "81": ["cc_0", "deg_5"], "90": ["cc_0", "deg_4"], "35": ["cc_0", "deg_4"], "47": ["cc_2", "deg_6"], "16": ["cc_5", "deg_4"], "65": ["cc_0", "deg_4"], "23": ["cc_0", "deg_3"], "7": ["cc_0", "deg_2"], "82": ["cc_0", "deg_2"], "29": ["cc_0", "deg_3"], "13": ["cc_0", "deg_3"], "6": ["cc_0", "deg_4"], "30": ["cc_0", "deg_2"], "14": ["cc_11", "deg_3"], "40": ["cc_2", "deg_6"], "33": ["cc_3", "deg_5"], "73": ["cc_0", "deg_3"], "76": ["cc_11", "deg_3"], "8": ["cc_5", "deg_4"], "44": ["cc_0", "deg_4"], "26": ["cc_0", "deg_5"], "43": ["cc_0", "deg_3"], "57": ["cc_0", "deg_2"], "20": ["cc_5", "deg_4"], "89": ["cc_0", "deg_4"], "80": ["cc_0", "deg_4"], "70": ["cc_5", "deg_4"], "84": ["cc_11", "deg_3"], "53": ["cc_11", "deg_3"], "1": ["cc_6", "deg_5"], "54": ["cc_2", "deg_6"], "41": ["cc_0", "deg_6"], "4": ["cc_3", "deg_5"], "39": ["cc_6", "deg_5"], "28": ["cc_0", "deg_4"], "25": ["cc_0", "deg_3"], "78": ["cc_4", "deg_6"], "3": ["cc_6", "deg_5"], "64": ["cc_0", "deg_3"], "72": ["cc_3", "deg_5"], "87": ["cc_0", "deg_2"], "19": ["cc_11", "deg_3"], "86": ["cc_0", "deg_3"], "62": ["cc_0", "deg_3"], "11": ["cc_0", "deg_2"], "18": ["cc_0", "deg_3"], "67": ["cc_0", "deg_3"], "2": ["cc_16", "deg_4"], "9": ["cc_5", "deg_4"], "27": ["cc_0", "deg_3"], "15": ["cc_5", "deg_4"], "71": ["cc_5", "deg_4"], "88": ["cc_0", "deg_3"], "0": ["cc_11", "deg_3"], "63": ["cc_0", "deg_4"], "32": ["cc_3", "deg_5"], "45": ["cc_3", "deg_5"], "36": ["cc_0", "deg_5"], "83": ["cc_16", "deg_4"], "48": ["cc_0", "deg_6"], "79": ["cc_0", "deg_3"], "77": ["cc_0", "deg_3"], "10": ["cc_3", "deg_5"], "85": ["cc_16", "deg_4"], "31": ["cc_0", "deg_7"], "75": ["cc_0", "deg_6"], "50": ["cc_0", "deg_3"], "60": ["cc_3", "deg_5"], "52": ["cc_0", "deg_2"], "49": ["cc_0", "deg_5"]}, "edges": [[0, 1], [0, 2], [0, 90], [1, 35], [1, 2], [1, 3], [1, 56], [2, 3], [2, 4], [3, 4], [3, 72], [3, 75], [4, 5], [4, 6], [4, 7], [5, 49], [5, 54], [5, 23], [5, 90], [5, 79], [5, 15], [6, 48], [6, 54], [6, 8], [7, 33], [8, 9], [8, 10], [8, 20], [9, 10], [9, 69], [9, 29], [10, 33], [10, 54], [10, 12], [11, 69], [11, 31], [12, 13], [12, 77], [13, 21], [13, 14], [14, 16], [14, 15], [15, 16], [15, 81], [16, 88], [16, 17], [17, 50], [17, 42], [17, 75], [17, 47], [18, 88], [18, 20], [18, 46], [19, 20], [19, 21], [19, 87], [20, 21], [21, 23], [21, 41], [21, 46], [22, 24], [22, 34], [23, 24], [24, 25], [24, 65], [25, 69], [25, 55], [26, 34], [26, 51], [26, 40], [26, 27], [26, 28], [27, 60], [27, 63], [28, 81], [28, 41], [28, 58], [29, 49], [29, 31], [30, 32], [30, 31], [31, 64], [31, 81], [31, 75], [31, 47], [32, 33], [32, 34], [32, 75], [32, 50], [33, 34], [33, 44], [34, 35], [35, 36], [35, 62], [36, 59], [36, 55], [36, 43], [36, 79], [37, 65], [37, 38], [37, 39], [37, 71], [37, 47], [38, 40], [38, 64], [38, 39], [39, 40], [39, 41], [39, 48], [40, 67], [40, 89], [40, 73], [41, 42], [41, 77], [41, 78], [42, 43], [42, 44], [43, 75], [44, 55], [44, 62], [45, 52], [45, 86], [45, 47], [45, 46], [45, 63], [46, 47], [47, 48], [48, 49], [48, 67], [48, 82], [49, 50], [49, 74], [51, 69], [51, 65], [52, 53], [53, 54], [53, 55], [54, 55], [54, 57], [55, 56], [56, 86], [56, 61], [56, 63], [57, 58], [58, 60], [59, 72], [59, 60], [59, 61], [60, 61], [60, 62], [61, 91], [63, 65], [64, 68], [66, 67], [66, 68], [68, 70], [69, 71], [70, 72], [70, 82], [70, 71], [71, 72], [72, 91], [73, 80], [73, 74], [74, 76], [74, 78], [75, 78], [76, 80], [76, 78], [77, 81], [78, 83], [78, 85], [79, 80], [80, 81], [83, 84], [83, 85], [83, 91], [84, 85], [84, 86], [85, 91], [87, 89], [88, 90], [89, 90], [89, 91]]}