{"label": 1, "edges": [[0, 1], [0, 2], [0, 68], [0, 31], [1, 3], [1, 4], [1, 26], [1, 13], [2, 36], [2, 5], [2, 9], [2, 68], [3, 35], [3, 6], [3, 33], [4, 35], [4, 5], [4, 6], [4, 45], [4, 14], [5, 6], [5, 7], [5, 42], [5, 27], [5, 46], [6, 33], [6, 17], [6, 67], [6, 7], [6, 9], [6, 40], [6, 14], [7, 8], [7, 9], [7, 31], [7, 42], [7, 36], [8, 10], [8, 13], [8, 30], [8, 47], [9, 64], [9, 10], [9, 11], [9, 47], [10, 54], [10, 11], [10, 12], [10, 13], [11, 50], [11, 54], [11, 15], [11, 14], [11, 61], [12, 16], [12, 20], [12, 24], [12, 15], [13, 16], [13, 35], [13, 62], [13, 31], [14, 17], [14, 49], [14, 47], [14, 15], [15, 16], [15, 18], [15, 66], [16, 32], [16, 19], [16, 20], [16, 63], [16, 30], [17, 51], [17, 19], [17, 20], [17, 60], [18, 20], [18, 21], [18, 55], [18, 46], [19, 20], [19, 21], [19, 22], [19, 43], [20, 21], [20, 22], [20, 24], [21, 22], [21, 24], [21, 47], [22, 23], [22, 25], [22, 53], [23, 64], [23, 57], [23, 24], [23, 25], [23, 44], [23, 42], [24, 25], [24, 55], [25, 44], [25, 27], [25, 47], [26, 41], [26, 60], [26, 27], [26, 29], [27, 66], [27, 67], [27, 28], [27, 30], [28, 48], [28, 62], [28, 54], [28, 30], [29, 32], [29, 61], [29, 31], [30, 32], [30, 59], [30, 51], [30, 31], [31, 48], [31, 34], [31, 51], [31, 37], [31, 47], [32, 33], [32, 35], [32, 57], [33, 35], [33, 48], [33, 59], [34, 66], [34, 35], [34, 37], [35, 36], [36, 38], [36, 56], [36, 60], [37, 51], [37, 39], [38, 55], [38, 41], [38, 62], [39, 57], [39, 40], [39, 55], [39, 59], [39, 62], [40, 42], [40, 43], [41, 68], [41, 44], [42, 45], [42, 53], [43, 44], [43, 45], [44, 45], [44, 46], [45, 50], [45, 46], [46, 48], [46, 58], [47, 48], [47, 49], [48, 50], [48, 68], [48, 53], [49, 52], [49, 60], [49, 61], [50, 51], [50, 52], [51, 52], [52, 53], [52, 54], [52, 55], [53, 54], [53, 55], [53, 62], [54, 66], [54, 57], [55, 57], [55, 59], [55, 61], [55, 62], [56, 57], [56, 58], [58, 59], [58, 60], [59, 61], [61, 64], [61, 65], [61, 62], [62, 65], [63, 64], [63, 66], [64, 66], [64, 67], [65, 66], [65, 68], [66, 67], [67, 68]], "features": {"27": ["cc_3", "deg_7"], "35": ["cc_3", "deg_7"], "43": ["cc_5", "deg_4"], "47": ["cc_2", "deg_8"], "32": ["cc_4", "deg_6"], "56": ["cc_0", "deg_3"], "9": ["cc_3", "deg_7"], "33": ["cc_6", "deg_6"], "48": ["cc_1", "deg_8"], "55": ["cc_5", "deg_10"], "0": ["cc_5", "deg_4"], "2": ["cc_3", "deg_5"], "18": ["cc_3", "deg_5"], "5": ["cc_4", "deg_7"], "14": ["cc_6", "deg_7"], "38": ["cc_5", "deg_4"], "44": ["cc_6", "deg_6"], "39": ["cc_6", "deg_6"], "3": ["cc_11", "deg_4"], "68": ["cc_2", "deg_6"], "28": ["cc_3", "deg_5"], "51": ["cc_6", "deg_6"], "23": ["cc_4", "deg_7"], "19": ["cc_11", "deg_6"], "61": ["cc_3", "deg_8"], "34": ["cc_5", "deg_4"], "11": ["cc_4", "deg_7"], "17": ["cc_4", "deg_6"], "12": ["cc_10", "deg_5"], "25": ["cc_6", "deg_6"], "24": ["cc_6", "deg_6"], "62": ["cc_5", "deg_8"], "59": ["cc_4", "deg_6"], "22": ["cc_8", "deg_6"], "60": ["cc_0", "deg_5"], "65": ["cc_5", "deg_4"], "15": ["cc_4", "deg_6"], "4": ["cc_4", "deg_6"], "37": ["cc_11", "deg_4"], "45": ["cc_4", "deg_6"], "42": ["cc_2", "deg_6"], "30": ["cc_3", "deg_8"], "31": ["cc_2", "deg_10"], "66": ["cc_3", "deg_8"], "36": ["cc_0", "deg_6"], "67": ["cc_6", "deg_5"], "57": ["cc_2", "deg_6"], "53": ["cc_4", "deg_7"], "10": ["cc_6", "deg_6"], "49": ["cc_3", "deg_5"], "1": ["cc_0", "deg_5"], "46": ["cc_2", "deg_6"], "26": ["cc_0", "deg_5"], "40": ["cc_0", "deg_4"], "41": ["cc_0", "deg_4"], "20": ["cc_10", "deg_8"], "29": ["cc_0", "deg_4"], "52": ["cc_6", "deg_6"], "58": ["cc_0", "deg_4"], "63": ["cc_11", "deg_3"], "64": ["cc_4", "deg_6"], "13": ["cc_1", "deg_7"], "6": ["cc_4", "deg_10"], "7": ["cc_4", "deg_7"], "50": ["cc_3", "deg_5"], "8": ["cc_3", "deg_5"], "16": ["cc_4", "deg_8"], "54": ["cc_3", "deg_7"], "21": ["cc_11", "deg_6"]}}