{"label": 0, "features": {"1": ["cc_8", "deg_8"], "16": ["cc_7", "deg_7"], "4": ["cc_23", "deg_5"], "21": ["cc_10", "deg_5"], "7": ["cc_6", "deg_7"], "25": ["cc_11", "deg_4"], "0": ["cc_15", "deg_6"], "12": ["cc_11", "deg_4"], "13": ["cc_22", "deg_4"], "6": ["cc_12", "deg_7"], "5": ["cc_9", "deg_8"], "3": ["cc_17", "deg_6"], "24": ["cc_13", "deg_5"], "23": ["cc_8", "deg_8"], "19": ["cc_4", "deg_8"], "10": ["cc_4", "deg_6"], "17": ["cc_6", "deg_5"], "11": ["cc_4", "deg_7"], "22": ["cc_13", "deg_6"], "18": ["cc_7", "deg_7"], "2": ["cc_13", "deg_6"], "20": ["cc_11", "deg_6"], "14": ["cc_13", "deg_5"], "9": ["cc_3", "deg_5"], "8": ["cc_5", "deg_4"], "15": ["cc_12", "deg_7"]}, "edges": [[0, 1], [0, 2], [0, 3], [0, 23], [0, 24], [0, 25], [1, 19], [1, 2], [1, 3], [1, 23], [1, 24], [1, 25], [1, 11], [2, 3], [2, 4], [2, 5], [2, 8], [3, 4], [3, 5], [3, 6], [4, 5], [4, 6], [4, 7], [5, 16], [5, 24], [5, 6], [5, 7], [5, 11], [6, 19], [6, 18], [6, 7], [6, 11], [7, 19], [7, 8], [7, 9], [7, 21], [8, 10], [8, 11], [9, 17], [9, 10], [9, 11], [9, 12], [10, 19], [10, 23], [10, 11], [10, 15], [11, 14], [12, 18], [12, 13], [12, 15], [13, 16], [13, 14], [13, 15], [14, 16], [14, 17], [14, 15], [15, 16], [15, 17], [15, 18], [16, 18], [16, 19], [16, 23], [17, 18], [17, 20], [18, 19], [18, 21], [19, 20], [19, 22], [20, 21], [20, 22], [20, 23], [20, 25], [21, 22], [21, 23], [22, 23], [22, 24], [22, 25], [23, 24]]}