{"label": 0, "features": {"53": ["cc_16", "deg_4"], "47": ["cc_10", "deg_5"], "21": ["cc_11", "deg_4"], "34": ["cc_6", "deg_5"], "41": ["cc_11", "deg_4"], "4": ["cc_16", "deg_4"], "42": ["cc_16", "deg_4"], "12": ["cc_11", "deg_3"], "28": ["cc_16", "deg_4"], "5": ["cc_16", "deg_4"], "3": ["cc_10", "deg_5"], "51": ["cc_11", "deg_4"], "24": ["cc_5", "deg_4"], "19": ["cc_11", "deg_4"], "36": ["cc_0", "deg_3"], "17": ["cc_5", "deg_4"], "11": ["cc_11", "deg_4"], "22": ["cc_5", "deg_4"], "18": ["cc_11", "deg_4"], "2": ["cc_13", "deg_5"], "46": ["cc_22", "deg_3"], "37": ["cc_11", "deg_3"], "38": ["cc_5", "deg_4"], "9": ["cc_10", "deg_5"], "27": ["cc_11", "deg_4"], "35": ["cc_3", "deg_5"], "1": ["cc_22", "deg_3"], "16": ["cc_11", "deg_3"], "25": ["cc_5", "deg_4"], "7": ["cc_16", "deg_4"], "39": ["cc_5", "deg_4"], "0": ["cc_13", "deg_5"], "29": ["cc_16", "deg_4"], "13": ["cc_11", "deg_4"], "6": ["cc_10", "deg_5"], "30": ["cc_16", "deg_4"], "14": ["cc_11", "deg_3"], "32": ["cc_11", "deg_4"], "45": ["cc_11", "deg_3"], "10": ["cc_11", "deg_4"], "33": ["cc_11", "deg_4"], "23": ["cc_11", "deg_3"], "48": ["cc_10", "deg_5"], "40": ["cc_11", "deg_3"], "8": ["cc_10", "deg_5"], "44": ["cc_5", "deg_4"], "31": ["cc_11", "deg_4"], "26": ["cc_5", "deg_4"], "43": ["cc_11", "deg_4"], "20": ["cc_10", "deg_5"], "50": ["cc_11", "deg_4"], "52": ["cc_11", "deg_3"], "15": ["cc_5", "deg_4"], "49": ["cc_16", "deg_4"]}, "edges": [[0, 1], [0, 2], [0, 51], [0, 52], [0, 53], [1, 2], [1, 3], [2, 3], [2, 4], [2, 53], [3, 4], [3, 5], [3, 39], [4, 5], [4, 6], [5, 6], [5, 7], [6, 8], [6, 17], [6, 7], [7, 8], [7, 9], [8, 9], [8, 10], [8, 43], [9, 25], [9, 10], [9, 11], [10, 26], [10, 11], [11, 12], [11, 13], [12, 13], [12, 47], [13, 14], [13, 15], [14, 16], [14, 15], [15, 34], [15, 19], [16, 17], [16, 18], [17, 18], [17, 36], [18, 19], [18, 20], [19, 20], [19, 21], [20, 21], [20, 22], [20, 31], [21, 22], [21, 23], [22, 24], [22, 35], [23, 24], [23, 25], [24, 25], [24, 26], [25, 33], [26, 27], [26, 28], [27, 34], [27, 28], [27, 29], [28, 29], [28, 30], [29, 30], [29, 31], [30, 32], [30, 31], [31, 32], [32, 33], [32, 34], [33, 34], [33, 35], [34, 35], [35, 36], [35, 37], [36, 38], [37, 38], [37, 39], [38, 40], [38, 39], [39, 41], [40, 41], [40, 42], [41, 42], [41, 43], [42, 43], [42, 44], [43, 44], [44, 48], [44, 45], [45, 46], [45, 47], [46, 48], [46, 47], [47, 48], [47, 49], [48, 49], [48, 50], [49, 50], [49, 51], [50, 51], [50, 52], [51, 53], [52, 53]]}