{"label": 2, "edges": [[0, 1], [0, 18], [0, 53], [0, 38], [0, 47], [1, 2], [1, 19], [1, 37], [1, 22], [1, 9], [1, 6], [1, 26], [2, 21], [2, 6], [2, 23], [2, 9], [2, 55], [2, 42], [3, 36], [3, 10], [3, 11], [3, 44], [3, 49], [3, 54], [3, 29], [3, 30], [4, 54], [4, 22], [4, 8], [4, 27], [4, 28], [4, 45], [5, 48], [5, 40], [5, 52], [5, 58], [5, 10], [6, 11], [6, 37], [6, 10], [6, 55], [6, 44], [6, 19], [6, 52], [6, 23], [6, 30], [7, 48], [7, 8], [7, 9], [7, 13], [7, 36], [8, 38], [8, 24], [8, 58], [8, 23], [8, 12], [9, 38], [9, 40], [9, 39], [9, 15], [9, 17], [9, 51], [9, 20], [10, 33], [10, 41], [10, 25], [10, 12], [11, 16], [11, 49], [11, 51], [11, 42], [11, 28], [12, 26], [12, 42], [13, 19], [13, 38], [13, 15], [14, 49], [14, 27], [14, 24], [14, 44], [14, 15], [15, 21], [15, 38], [15, 43], [15, 31], [16, 48], [16, 30], [16, 47], [17, 32], [17, 39], [17, 28], [18, 57], [18, 43], [18, 31], [19, 22], [19, 57], [19, 29], [20, 57], [20, 44], [20, 47], [21, 40], [21, 38], [21, 39], [22, 39], [23, 33], [23, 25], [23, 52], [23, 26], [23, 43], [23, 50], [24, 33], [24, 38], [24, 45], [24, 47], [24, 53], [24, 25], [24, 29], [25, 48], [25, 36], [25, 46], [26, 52], [26, 41], [26, 46], [27, 35], [28, 33], [28, 35], [28, 54], [29, 45], [29, 53], [29, 54], [30, 44], [31, 48], [31, 33], [31, 32], [31, 41], [31, 45], [31, 55], [32, 53], [32, 55], [32, 45], [33, 40], [33, 41], [33, 55], [33, 56], [34, 35], [34, 36], [34, 37], [35, 53], [35, 38], [35, 55], [35, 39], [37, 55], [39, 40], [39, 44], [40, 49], [40, 55], [40, 45], [40, 47], [41, 51], [41, 53], [41, 56], [42, 52], [42, 50], [42, 46], [43, 44], [44, 48], [46, 55], [46, 56], [47, 55], [47, 57], [48, 50], [48, 51], [48, 55], [49, 58], [50, 51], [54, 58]], "features": {"27": ["cc_0", "deg_3"], "35": ["cc_0", "deg_7"], "43": ["cc_0", "deg_4"], "47": ["cc_3", "deg_7"], "32": ["cc_6", "deg_5"], "56": ["cc_11", "deg_3"], "9": ["cc_2", "deg_10"], "33": ["cc_4", "deg_9"], "48": ["cc_1", "deg_9"], "55": ["cc_4", "deg_11"], "0": ["cc_0", "deg_5"], "2": ["cc_6", "deg_7"], "18": ["cc_0", "deg_4"], "5": ["cc_0", "deg_5"], "14": ["cc_0", "deg_5"], "38": ["cc_4", "deg_8"], "44": ["cc_2", "deg_8"], "39": ["cc_4", "deg_7"], "3": ["cc_3", "deg_8"], "28": ["cc_2", "deg_6"], "51": ["cc_3", "deg_5"], "23": ["cc_2", "deg_9"], "19": ["cc_4", "deg_6"], "34": ["cc_0", "deg_3"], "11": ["cc_1", "deg_7"], "17": ["cc_5", "deg_4"], "12": ["cc_0", "deg_4"], "25": ["cc_0", "deg_6"], "24": ["cc_2", "deg_9"], "22": ["cc_5", "deg_4"], "15": ["cc_4", "deg_7"], "4": ["cc_2", "deg_6"], "37": ["cc_11", "deg_4"], "45": ["cc_4", "deg_6"], "42": ["cc_0", "deg_6"], "30": ["cc_11", "deg_4"], "31": ["cc_5", "deg_8"], "36": ["cc_0", "deg_4"], "57": ["cc_5", "deg_4"], "53": ["cc_2", "deg_6"], "10": ["cc_1", "deg_7"], "49": ["cc_3", "deg_5"], "1": ["cc_5", "deg_8"], "46": ["cc_0", "deg_5"], "26": ["cc_2", "deg_6"], "40": ["cc_3", "deg_9"], "41": ["cc_4", "deg_7"], "20": ["cc_5", "deg_4"], "29": ["cc_6", "deg_6"], "52": ["cc_6", "deg_5"], "58": ["cc_0", "deg_4"], "13": ["cc_5", "deg_4"], "6": ["cc_4", "deg_11"], "7": ["cc_0", "deg_5"], "50": ["cc_5", "deg_4"], "8": ["cc_1", "deg_7"], "16": ["cc_0", "deg_4"], "54": ["cc_6", "deg_5"], "21": ["cc_6", "deg_5"]}}