{"label": 1, "features": {"68": ["cc_0", "deg_3"], "21": ["cc_0", "deg_3"], "34": ["cc_5", "deg_4"], "94": ["cc_11", "deg_3"], "58": ["cc_5", "deg_4"], "69": ["cc_0", "deg_4"], "42": ["cc_0", "deg_2"], "12": ["cc_3", "deg_5"], "66": ["cc_0", "deg_5"], "5": ["cc_0", "deg_4"], "61": ["cc_0", "deg_2"], "91": ["cc_3", "deg_5"], "51": ["cc_0", "deg_3"], "24": ["cc_0", "deg_5"], "56": ["cc_0", "deg_3"], "55": ["cc_0", "deg_3"], "17": ["cc_0", "deg_4"], "22": ["cc_0", "deg_4"], "74": ["cc_2", "deg_8"], "59": ["cc_5", "deg_4"], "46": ["cc_0", "deg_2"], "37": ["cc_0", "deg_2"], "38": ["cc_0", "deg_4"], "81": ["cc_0", "deg_4"], "95": ["cc_3", "deg_5"], "90": ["cc_0", "deg_3"], "35": ["cc_0", "deg_3"], "47": ["cc_0", "deg_2"], "16": ["cc_0", "deg_4"], "65": ["cc_0", "deg_3"], "23": ["cc_0", "deg_3"], "7": ["cc_5", "deg_4"], "82": ["cc_5", "deg_4"], "29": ["cc_3", "deg_5"], "93": ["cc_2", "deg_6"], "13": ["cc_0", "deg_3"], "6": ["cc_3", "deg_5"], "30": ["cc_2", "deg_6"], "14": ["cc_0", "deg_4"], "40": ["cc_3", "deg_5"], "33": ["cc_5", "deg_4"], "73": ["cc_3", "deg_5"], "76": ["cc_0", "deg_4"], "8": ["cc_5", "deg_4"], "44": ["cc_0", "deg_3"], "26": ["cc_11", "deg_3"], "43": ["cc_0", "deg_3"], "57": ["cc_11", "deg_3"], "20": ["cc_3", "deg_5"], "89": ["cc_0", "deg_5"], "97": ["cc_3", "deg_5"], "80": ["cc_2", "deg_6"], "70": ["cc_0", "deg_5"], "84": ["cc_0", "deg_3"], "53": ["cc_0", "deg_4"], "1": ["cc_0", "deg_4"], "54": ["cc_0", "deg_3"], "98": ["cc_0", "deg_4"], "41": ["cc_0", "deg_4"], "4": ["cc_11", "deg_3"], "39": ["cc_3", "deg_5"], "28": ["cc_2", "deg_6"], "25": ["cc_0", "deg_5"], "78": ["cc_5", "deg_4"], "3": ["cc_0", "deg_4"], "64": ["cc_0", "deg_3"], "72": ["cc_0", "deg_3"], "87": ["cc_0", "deg_3"], "19": ["cc_0", "deg_3"], "92": ["cc_0", "deg_2"], "86": ["cc_0", "deg_3"], "62": ["cc_0", "deg_6"], "11": ["cc_0", "deg_4"], "18": ["cc_0", "deg_2"], "67": ["cc_0", "deg_5"], "2": ["cc_5", "deg_4"], "9": ["cc_0", "deg_2"], "27": ["cc_3", "deg_5"], "15": ["cc_0", "deg_3"], "71": ["cc_0", "deg_2"], "88": ["cc_0", "deg_3"], "0": ["cc_0", "deg_4"], "63": ["cc_0", "deg_4"], "32": ["cc_5", "deg_4"], "45": ["cc_0", "deg_3"], "36": ["cc_1", "deg_7"], "83": ["cc_0", "deg_9"], "48": ["cc_0", "deg_2"], "79": ["cc_3", "deg_5"], "77": ["cc_0", "deg_6"], "10": ["cc_0", "deg_6"], "85": ["cc_2", "deg_6"], "31": ["cc_5", "deg_4"], "75": ["cc_0", "deg_5"], "50": ["cc_0", "deg_5"], "60": ["cc_0", "deg_3"], "52": ["cc_0", "deg_5"], "96": ["cc_0", "deg_3"], "49": ["cc_0", "deg_3"]}, "edges": [[0, 1], [0, 98], [0, 39], [0, 2], [1, 3], [1, 63], [1, 15], [2, 66], [2, 20], [2, 36], [3, 16], [3, 4], [3, 24], [4, 73], [4, 74], [5, 65], [5, 98], [5, 85], [5, 6], [6, 34], [6, 7], [6, 8], [6, 71], [7, 96], [7, 8], [7, 54], [8, 17], [8, 77], [9, 68], [9, 63], [10, 32], [10, 98], [10, 73], [10, 24], [10, 41], [10, 62], [11, 18], [11, 88], [11, 59], [11, 13], [12, 14], [12, 54], [12, 93], [12, 46], [12, 95], [13, 91], [13, 41], [14, 16], [14, 75], [14, 71], [15, 17], [15, 44], [16, 83], [16, 66], [17, 25], [17, 67], [18, 20], [19, 20], [19, 21], [19, 47], [20, 36], [20, 78], [21, 83], [21, 22], [22, 52], [22, 92], [22, 77], [23, 24], [23, 40], [23, 52], [24, 69], [24, 25], [25, 36], [25, 26], [25, 75], [26, 27], [26, 28], [27, 60], [27, 28], [27, 58], [27, 87], [28, 64], [28, 74], [28, 30], [28, 95], [29, 96], [29, 39], [29, 45], [29, 30], [29, 31], [30, 67], [30, 38], [30, 76], [30, 31], [31, 33], [31, 49], [32, 33], [32, 34], [32, 35], [33, 34], [33, 79], [34, 36], [35, 67], [35, 81], [36, 51], [36, 69], [36, 58], [37, 62], [37, 38], [38, 40], [38, 77], [39, 53], [39, 40], [39, 85], [40, 85], [40, 41], [41, 43], [42, 72], [42, 91], [43, 75], [43, 93], [44, 55], [44, 60], [45, 67], [45, 72], [46, 50], [47, 85], [48, 74], [48, 83], [49, 50], [49, 83], [50, 52], [50, 77], [50, 78], [51, 97], [51, 61], [52, 56], [52, 74], [53, 80], [53, 91], [53, 54], [55, 56], [55, 57], [56, 80], [57, 58], [57, 59], [58, 59], [59, 70], [60, 62], [61, 62], [62, 80], [62, 63], [63, 65], [64, 75], [64, 93], [65, 67], [66, 70], [66, 89], [66, 77], [68, 74], [68, 69], [69, 76], [70, 82], [70, 90], [70, 93], [72, 73], [73, 74], [73, 75], [74, 97], [74, 94], [76, 90], [76, 77], [78, 80], [78, 79], [79, 80], [79, 81], [79, 88], [80, 94], [81, 83], [81, 89], [82, 83], [82, 86], [82, 91], [83, 95], [83, 85], [83, 91], [84, 85], [84, 86], [84, 95], [86, 87], [87, 89], [88, 89], [89, 90], [92, 93], [93, 95], [94, 97], [96, 97], [97, 98]]}