{"label": 1, "features": {"53": ["cc_0", "deg_1"], "47": ["cc_0", "deg_1"], "68": ["cc_0", "deg_1"], "84": ["cc_0", "deg_2"], "21": ["cc_0", "deg_2"], "34": ["cc_0", "deg_1"], "67": ["cc_0", "deg_3"], "41": ["cc_0", "deg_3"], "4": ["cc_0", "deg_2"], "42": ["cc_0", "deg_2"], "12": ["cc_0", "deg_2"], "28": ["cc_0", "deg_2"], "66": ["cc_0", "deg_2"], "5": ["cc_0", "deg_1"], "65": ["cc_0", "deg_4"], "61": ["cc_0", "deg_2"], "3": ["cc_0", "deg_1"], "64": ["cc_0", "deg_3"], "51": ["cc_0", "deg_2"], "24": ["cc_0", "deg_2"], "56": ["cc_0", "deg_1"], "55": ["cc_0", "deg_3"], "19": ["cc_0", "deg_1"], "54": ["cc_0", "deg_1"], "36": ["cc_0", "deg_2"], "17": ["cc_0", "deg_1"], "11": ["cc_0", "deg_4"], "22": ["cc_0", "deg_1"], "71": ["cc_0", "deg_1"], "18": ["cc_0", "deg_1"], "59": ["cc_0", "deg_1"], "2": ["cc_0", "deg_2"], "46": ["cc_0", "deg_1"], "37": ["cc_0", "deg_3"], "38": ["cc_0", "deg_3"], "73": ["cc_0", "deg_2"], "78": ["cc_0", "deg_1"], "9": ["cc_0", "deg_3"], "27": ["cc_0", "deg_2"], "58": ["cc_0", "deg_1"], "35": ["cc_0", "deg_2"], "1": ["cc_0", "deg_1"], "16": ["cc_0", "deg_2"], "80": ["cc_0", "deg_3"], "25": ["cc_0", "deg_2"], "7": ["cc_0", "deg_3"], "39": ["cc_0", "deg_3"], "0": ["cc_0", "deg_2"], "82": ["cc_0", "deg_3"], "83": ["cc_0", "deg_2"], "29": ["cc_0", "deg_4"], "63": ["cc_0", "deg_2"], "13": ["cc_0", "deg_1"], "6": ["cc_0", "deg_3"], "30": ["cc_0", "deg_1"], "14": ["cc_0", "deg_1"], "32": ["cc_0", "deg_2"], "45": ["cc_0", "deg_2"], "10": ["cc_0", "deg_3"], "33": ["cc_0", "deg_2"], "23": ["cc_0", "deg_2"], "69": ["cc_0", "deg_3"], "76": ["cc_0", "deg_1"], "48": ["cc_0", "deg_1"], "79": ["cc_0", "deg_2"], "77": ["cc_0", "deg_1"], "40": ["cc_0", "deg_2"], "81": ["cc_0", "deg_2"], "72": ["cc_0", "deg_4"], "8": ["cc_0", "deg_2"], "44": ["cc_0", "deg_2"], "31": ["cc_0", "deg_2"], "75": ["cc_0", "deg_3"], "26": ["cc_0", "deg_2"], "43": ["cc_0", "deg_2"], "57": ["cc_0", "deg_2"], "20": ["cc_0", "deg_2"], "50": ["cc_0", "deg_1"], "62": ["cc_0", "deg_3"], "60": ["cc_0", "deg_1"], "52": ["cc_0", "deg_4"], "15": ["cc_0", "deg_2"], "74": ["cc_0", "deg_1"], "70": ["cc_0", "deg_3"], "49": ["cc_0", "deg_2"]}, "edges": [[0, 9], [0, 84], [1, 2], [2, 55], [3, 4], [4, 62], [5, 6], [6, 46], [6, 7], [7, 8], [7, 21], [8, 9], [9, 10], [10, 11], [10, 29], [11, 49], [11, 75], [11, 69], [12, 41], [12, 68], [13, 69], [14, 15], [15, 16], [16, 52], [17, 80], [18, 29], [19, 20], [20, 65], [21, 33], [22, 23], [23, 24], [24, 25], [25, 26], [26, 27], [27, 75], [28, 52], [28, 29], [29, 55], [30, 31], [31, 32], [32, 33], [34, 35], [35, 36], [36, 37], [37, 57], [37, 38], [38, 53], [38, 39], [39, 40], [39, 70], [40, 65], [41, 42], [41, 58], [42, 43], [43, 44], [44, 45], [45, 52], [47, 70], [48, 49], [50, 51], [51, 52], [54, 55], [56, 57], [59, 82], [60, 61], [61, 62], [62, 63], [63, 64], [64, 65], [64, 73], [65, 66], [66, 67], [67, 72], [67, 77], [69, 70], [71, 72], [72, 73], [72, 76], [74, 75], [78, 79], [79, 80], [80, 81], [81, 82], [82, 83], [83, 84]]}