{"label": 2, "edges": [[0, 96], [0, 2], [0, 92], [1, 82], [1, 67], [1, 37], [1, 28], [1, 79], [2, 73], [2, 60], [2, 76], [3, 32], [3, 65], [3, 4], [3, 8], [4, 51], [4, 21], [4, 6], [4, 26], [5, 70], [5, 7], [5, 39], [5, 13], [5, 45], [6, 8], [6, 11], [6, 44], [6, 45], [7, 38], [7, 24], [7, 22], [7, 79], [8, 83], [9, 64], [9, 10], [9, 51], [10, 22], [10, 23], [10, 56], [11, 81], [11, 55], [12, 16], [12, 21], [12, 72], [12, 14], [13, 56], [13, 79], [14, 53], [14, 54], [14, 72], [14, 46], [14, 15], [15, 17], [15, 43], [16, 17], [16, 57], [16, 58], [16, 47], [17, 81], [17, 20], [17, 72], [17, 75], [18, 40], [18, 20], [18, 24], [18, 25], [19, 20], [19, 21], [19, 49], [20, 73], [20, 60], [20, 79], [22, 29], [23, 66], [23, 25], [23, 61], [24, 53], [24, 87], [25, 32], [25, 51], [25, 44], [25, 95], [26, 27], [26, 28], [27, 35], [27, 28], [28, 91], [28, 51], [29, 30], [30, 82], [30, 72], [30, 42], [31, 32], [31, 64], [31, 84], [31, 45], [32, 65], [33, 83], [33, 79], [34, 35], [34, 36], [35, 37], [35, 74], [35, 60], [35, 69], [36, 75], [36, 62], [36, 37], [37, 96], [37, 38], [37, 45], [38, 39], [38, 47], [39, 87], [39, 41], [40, 76], [41, 43], [41, 77], [42, 60], [42, 44], [43, 81], [45, 54], [46, 72], [47, 97], [47, 60], [48, 50], [48, 92], [48, 94], [49, 94], [50, 60], [50, 52], [51, 86], [52, 90], [52, 53], [52, 54], [53, 81], [53, 83], [53, 86], [54, 64], [54, 69], [55, 87], [56, 57], [57, 58], [58, 86], [59, 68], [59, 89], [59, 60], [59, 61], [61, 91], [61, 62], [62, 76], [63, 97], [63, 81], [64, 65], [65, 82], [65, 67], [66, 80], [66, 71], [66, 73], [67, 85], [68, 94], [68, 70], [69, 86], [69, 72], [70, 72], [70, 91], [70, 92], [71, 82], [73, 75], [73, 93], [74, 81], [75, 94], [75, 77], [75, 78], [76, 97], [76, 84], [76, 78], [77, 78], [77, 79], [78, 97], [78, 88], [79, 92], [80, 91], [83, 85], [85, 86], [85, 87], [86, 87], [87, 89], [88, 89], [88, 94], [89, 90], [90, 91], [91, 92], [93, 94], [93, 95], [94, 95]], "features": {"27": ["cc_11", "deg_3"], "35": ["cc_0", "deg_6"], "43": ["cc_0", "deg_3"], "47": ["cc_0", "deg_4"], "56": ["cc_0", "deg_3"], "23": ["cc_0", "deg_4"], "9": ["cc_0", "deg_3"], "94": ["cc_1", "deg_7"], "0": ["cc_0", "deg_3"], "6": ["cc_0", "deg_5"], "18": ["cc_0", "deg_4"], "14": ["cc_4", "deg_6"], "38": ["cc_0", "deg_4"], "82": ["cc_0", "deg_4"], "68": ["cc_0", "deg_3"], "51": ["cc_0", "deg_5"], "77": ["cc_5", "deg_4"], "19": ["cc_0", "deg_3"], "34": ["cc_0", "deg_2"], "75": ["cc_2", "deg_6"], "11": ["cc_0", "deg_3"], "88": ["cc_0", "deg_3"], "17": ["cc_0", "deg_6"], "25": ["cc_0", "deg_6"], "24": ["cc_0", "deg_4"], "70": ["cc_3", "deg_5"], "15": ["cc_0", "deg_3"], "62": ["cc_0", "deg_3"], "40": ["cc_0", "deg_2"], "30": ["cc_0", "deg_4"], "31": ["cc_0", "deg_4"], "66": ["cc_0", "deg_4"], "36": ["cc_0", "deg_4"], "57": ["cc_11", "deg_3"], "10": ["cc_0", "deg_4"], "49": ["cc_0", "deg_2"], "1": ["cc_0", "deg_5"], "46": ["cc_33", "deg_2"], "60": ["cc_0", "deg_7"], "41": ["cc_0", "deg_3"], "29": ["cc_0", "deg_2"], "97": ["cc_5", "deg_4"], "74": ["cc_0", "deg_2"], "13": ["cc_0", "deg_3"], "2": ["cc_0", "deg_4"], "7": ["cc_0", "deg_5"], "84": ["cc_0", "deg_2"], "79": ["cc_0", "deg_7"], "90": ["cc_0", "deg_3"], "32": ["cc_5", "deg_4"], "33": ["cc_0", "deg_2"], "55": ["cc_0", "deg_2"], "48": ["cc_0", "deg_3"], "85": ["cc_5", "deg_4"], "5": ["cc_0", "deg_5"], "80": ["cc_0", "deg_2"], "81": ["cc_0", "deg_6"], "86": ["cc_2", "deg_6"], "87": ["cc_2", "deg_6"], "44": ["cc_0", "deg_3"], "39": ["cc_0", "deg_4"], "3": ["cc_5", "deg_4"], "92": ["cc_3", "deg_5"], "28": ["cc_3", "deg_5"], "83": ["cc_0", "deg_4"], "76": ["cc_2", "deg_6"], "72": ["cc_3", "deg_7"], "96": ["cc_0", "deg_2"], "89": ["cc_0", "deg_4"], "12": ["cc_5", "deg_4"], "59": ["cc_0", "deg_4"], "69": ["cc_0", "deg_4"], "22": ["cc_0", "deg_3"], "50": ["cc_0", "deg_3"], "71": ["cc_0", "deg_2"], "4": ["cc_0", "deg_5"], "78": ["cc_6", "deg_5"], "91": ["cc_2", "deg_6"], "45": ["cc_0", "deg_5"], "42": ["cc_0", "deg_3"], "21": ["cc_0", "deg_3"], "8": ["cc_0", "deg_3"], "53": ["cc_0", "deg_6"], "67": ["cc_0", "deg_3"], "37": ["cc_0", "deg_6"], "95": ["cc_11", "deg_3"], "20": ["cc_0", "deg_6"], "26": ["cc_11", "deg_3"], "93": ["cc_11", "deg_3"], "52": ["cc_0", "deg_4"], "58": ["cc_11", "deg_3"], "63": ["cc_0", "deg_2"], "64": ["cc_0", "deg_4"], "54": ["cc_0", "deg_5"], "65": ["cc_3", "deg_5"], "61": ["cc_0", "deg_4"], "16": ["cc_3", "deg_5"], "73": ["cc_0", "deg_5"]}}