{"label": 1, "edges": [[0, 3], [0, 56], [0, 58], [0, 59], [0, 15], [1, 2], [1, 53], [1, 39], [1, 56], [1, 58], [1, 12], [1, 50], [2, 5], [2, 54], [2, 55], [2, 25], [2, 15], [3, 18], [3, 6], [3, 57], [3, 43], [4, 5], [4, 6], [4, 7], [4, 30], [5, 33], [5, 49], [5, 56], [5, 6], [5, 7], [5, 42], [5, 10], [6, 33], [6, 7], [6, 8], [6, 31], [7, 32], [7, 10], [7, 12], [7, 29], [8, 50], [8, 52], [8, 38], [8, 10], [8, 11], [8, 28], [9, 48], [9, 35], [9, 36], [9, 42], [9, 11], [10, 52], [10, 41], [10, 36], [10, 11], [11, 32], [11, 21], [11, 14], [12, 57], [12, 15], [13, 16], [13, 22], [13, 42], [13, 45], [13, 14], [14, 17], [14, 54], [14, 24], [14, 15], [15, 55], [15, 40], [16, 17], [16, 38], [16, 28], [16, 30], [17, 18], [17, 36], [17, 55], [18, 50], [18, 19], [18, 21], [18, 45], [19, 20], [19, 21], [19, 22], [19, 43], [19, 37], [20, 54], [20, 22], [20, 25], [20, 51], [21, 22], [21, 23], [21, 55], [21, 29], [21, 31], [22, 32], [22, 54], [22, 25], [22, 29], [23, 24], [23, 25], [23, 26], [23, 59], [24, 46], [24, 25], [24, 55], [25, 27], [25, 28], [25, 47], [26, 36], [26, 41], [26, 27], [26, 28], [26, 29], [27, 50], [27, 46], [27, 30], [28, 49], [28, 51], [28, 31], [29, 32], [29, 38], [29, 59], [30, 33], [30, 44], [31, 32], [31, 55], [31, 56], [32, 34], [32, 35], [32, 39], [33, 34], [34, 35], [34, 36], [34, 42], [35, 36], [35, 57], [35, 49], [35, 58], [35, 45], [36, 48], [36, 37], [37, 39], [37, 43], [39, 40], [39, 41], [40, 50], [40, 52], [40, 41], [41, 42], [42, 51], [42, 44], [43, 49], [44, 52], [44, 46], [46, 48], [46, 49], [46, 47], [47, 48], [47, 50], [48, 49], [48, 50], [49, 51], [49, 52], [50, 52], [50, 53], [50, 57], [51, 55], [52, 54], [52, 55], [53, 55], [53, 56], [54, 57], [55, 56], [55, 57], [56, 57], [56, 59], [57, 58], [58, 59]], "features": {"27": ["cc_0", "deg_5"], "35": ["cc_4", "deg_8"], "43": ["cc_5", "deg_4"], "47": ["cc_11", "deg_4"], "32": ["cc_3", "deg_8"], "56": ["cc_5", "deg_8"], "9": ["cc_6", "deg_5"], "33": ["cc_5", "deg_4"], "48": ["cc_8", "deg_6"], "55": ["cc_3", "deg_11"], "0": ["cc_6", "deg_5"], "2": ["cc_2", "deg_6"], "18": ["cc_2", "deg_6"], "5": ["cc_4", "deg_9"], "14": ["cc_0", "deg_6"], "38": ["cc_0", "deg_3"], "44": ["cc_0", "deg_4"], "39": ["cc_3", "deg_5"], "3": ["cc_0", "deg_5"], "28": ["cc_1", "deg_7"], "51": ["cc_3", "deg_5"], "23": ["cc_3", "deg_5"], "19": ["cc_8", "deg_6"], "34": ["cc_6", "deg_5"], "11": ["cc_2", "deg_6"], "17": ["cc_0", "deg_5"], "12": ["cc_0", "deg_4"], "25": ["cc_2", "deg_8"], "24": ["cc_3", "deg_5"], "59": ["cc_6", "deg_5"], "22": ["cc_7", "deg_8"], "15": ["cc_2", "deg_6"], "4": ["cc_16", "deg_4"], "37": ["cc_5", "deg_4"], "45": ["cc_0", "deg_3"], "42": ["cc_0", "deg_7"], "30": ["cc_0", "deg_5"], "31": ["cc_4", "deg_6"], "36": ["cc_3", "deg_8"], "57": ["cc_2", "deg_8"], "53": ["cc_16", "deg_4"], "10": ["cc_4", "deg_7"], "49": ["cc_2", "deg_8"], "1": ["cc_3", "deg_7"], "46": ["cc_4", "deg_6"], "26": ["cc_0", "deg_6"], "40": ["cc_6", "deg_5"], "41": ["cc_3", "deg_5"], "20": ["cc_10", "deg_5"], "29": ["cc_4", "deg_7"], "52": ["cc_3", "deg_8"], "58": ["cc_6", "deg_5"], "13": ["cc_0", "deg_5"], "6": ["cc_6", "deg_7"], "7": ["cc_7", "deg_7"], "50": ["cc_2", "deg_10"], "8": ["cc_4", "deg_7"], "16": ["cc_0", "deg_5"], "54": ["cc_2", "deg_6"], "21": ["cc_4", "deg_8"]}}