{"label": 0, "features": {"53": ["cc_22", "deg_4"], "47": ["cc_0", "deg_3"], "68": ["cc_11", "deg_4"], "21": ["cc_0", "deg_4"], "34": ["cc_11", "deg_4"], "67": ["cc_11", "deg_3"], "41": ["cc_11", "deg_3"], "4": ["cc_11", "deg_4"], "42": ["cc_11", "deg_4"], "12": ["cc_0", "deg_4"], "28": ["cc_0", "deg_4"], "66": ["cc_0", "deg_3"], "5": ["cc_5", "deg_4"], "65": ["cc_3", "deg_5"], "61": ["cc_0", "deg_4"], "3": ["cc_16", "deg_4"], "64": ["cc_11", "deg_3"], "51": ["cc_11", "deg_4"], "24": ["cc_0", "deg_3"], "56": ["cc_33", "deg_2"], "55": ["cc_11", "deg_4"], "19": ["cc_0", "deg_2"], "54": ["cc_6", "deg_5"], "36": ["cc_6", "deg_5"], "17": ["cc_11", "deg_4"], "11": ["cc_0", "deg_3"], "22": ["cc_0", "deg_5"], "71": ["cc_11", "deg_4"], "18": ["cc_6", "deg_5"], "59": ["cc_5", "deg_4"], "2": ["cc_22", "deg_3"], "46": ["cc_0", "deg_3"], "37": ["cc_5", "deg_4"], "38": ["cc_3", "deg_5"], "73": ["cc_5", "deg_4"], "9": ["cc_6", "deg_5"], "27": ["cc_3", "deg_5"], "58": ["cc_6", "deg_5"], "35": ["cc_22", "deg_3"], "1": ["cc_11", "deg_4"], "16": ["cc_3", "deg_5"], "25": ["cc_0", "deg_4"], "7": ["cc_11", "deg_3"], "39": ["cc_5", "deg_4"], "0": ["cc_11", "deg_4"], "29": ["cc_0", "deg_3"], "63": ["cc_3", "deg_5"], "13": ["cc_11", "deg_3"], "6": ["cc_11", "deg_3"], "30": ["cc_0", "deg_4"], "14": ["cc_5", "deg_4"], "32": ["cc_11", "deg_4"], "45": ["cc_5", "deg_4"], "10": ["cc_0", "deg_3"], "33": ["cc_11", "deg_4"], "23": ["cc_0", "deg_3"], "69": ["cc_3", "deg_8"], "76": ["cc_16", "deg_4"], "48": ["cc_0", "deg_4"], "77": ["cc_16", "deg_4"], "40": ["cc_5", "deg_4"], "72": ["cc_5", "deg_4"], "8": ["cc_11", "deg_4"], "44": ["cc_11", "deg_4"], "31": ["cc_11", "deg_3"], "75": ["cc_10", "deg_5"], "26": ["cc_0", "deg_5"], "43": ["cc_16", "deg_4"], "57": ["cc_16", "deg_4"], "20": ["cc_0", "deg_5"], "50": ["cc_0", "deg_3"], "62": ["cc_0", "deg_5"], "60": ["cc_11", "deg_4"], "52": ["cc_11", "deg_4"], "15": ["cc_5", "deg_4"], "74": ["cc_11", "deg_4"], "70": ["cc_10", "deg_5"], "49": ["cc_0", "deg_6"]}, "edges": [[0, 1], [0, 76], [0, 77], [0, 62], [1, 2], [1, 3], [1, 77], [2, 3], [2, 4], [3, 4], [3, 5], [4, 5], [4, 63], [5, 54], [5, 7], [6, 8], [6, 9], [6, 33], [7, 8], [7, 9], [8, 9], [8, 10], [9, 69], [9, 11], [10, 12], [10, 63], [11, 12], [11, 13], [12, 59], [12, 14], [13, 14], [13, 15], [14, 16], [14, 15], [15, 17], [15, 20], [16, 17], [16, 18], [16, 29], [16, 37], [17, 18], [17, 27], [18, 27], [18, 20], [18, 69], [19, 20], [19, 21], [20, 38], [20, 22], [21, 48], [21, 22], [21, 30], [22, 24], [22, 66], [22, 23], [23, 25], [23, 73], [24, 25], [24, 26], [25, 32], [25, 27], [26, 44], [26, 27], [26, 28], [26, 48], [27, 29], [28, 65], [28, 61], [28, 30], [29, 75], [30, 62], [30, 31], [31, 32], [31, 33], [32, 33], [32, 34], [33, 34], [34, 35], [34, 36], [35, 36], [35, 37], [36, 72], [36, 37], [36, 38], [37, 39], [38, 39], [38, 40], [38, 58], [39, 40], [39, 41], [40, 42], [40, 61], [41, 42], [41, 43], [42, 43], [42, 44], [43, 44], [43, 45], [44, 45], [45, 46], [45, 47], [46, 48], [46, 69], [47, 49], [47, 69], [48, 49], [49, 65], [49, 50], [49, 51], [49, 54], [50, 52], [50, 70], [51, 52], [51, 53], [51, 55], [52, 53], [52, 54], [53, 54], [53, 55], [54, 55], [55, 58], [56, 57], [56, 58], [57, 58], [57, 59], [57, 60], [58, 60], [59, 60], [59, 61], [60, 62], [61, 62], [62, 63], [63, 64], [63, 65], [64, 65], [64, 66], [65, 68], [66, 67], [67, 68], [67, 69], [68, 69], [68, 70], [69, 70], [69, 71], [70, 72], [70, 71], [71, 72], [71, 73], [72, 74], [73, 74], [73, 75], [74, 75], [74, 76], [75, 76], [75, 77], [76, 77]]}