{"label": 1, "features": {"68": ["cc_0", "deg_3"], "21": ["cc_0", "deg_2"], "34": ["cc_0", "deg_2"], "58": ["cc_0", "deg_1"], "69": ["cc_0", "deg_3"], "42": ["cc_0", "deg_3"], "12": ["cc_0", "deg_2"], "66": ["cc_0", "deg_1"], "5": ["cc_0", "deg_2"], "61": ["cc_0", "deg_1"], "91": ["cc_0", "deg_3"], "51": ["cc_0", "deg_1"], "24": ["cc_0", "deg_1"], "56": ["cc_0", "deg_1"], "55": ["cc_0", "deg_1"], "17": ["cc_0", "deg_3"], "22": ["cc_0", "deg_1"], "74": ["cc_0", "deg_1"], "59": ["cc_0", "deg_1"], "46": ["cc_0", "deg_1"], "37": ["cc_0", "deg_2"], "38": ["cc_0", "deg_3"], "81": ["cc_0", "deg_1"], "90": ["cc_0", "deg_1"], "35": ["cc_0", "deg_1"], "47": ["cc_0", "deg_4"], "16": ["cc_0", "deg_1"], "65": ["cc_0", "deg_2"], "23": ["cc_0", "deg_2"], "7": ["cc_0", "deg_2"], "82": ["cc_0", "deg_3"], "29": ["cc_0", "deg_1"], "13": ["cc_0", "deg_1"], "6": ["cc_0", "deg_2"], "30": ["cc_0", "deg_2"], "14": ["cc_0", "deg_2"], "40": ["cc_0", "deg_3"], "33": ["cc_0", "deg_1"], "73": ["cc_0", "deg_4"], "76": ["cc_0", "deg_2"], "8": ["cc_0", "deg_2"], "44": ["cc_0", "deg_2"], "26": ["cc_0", "deg_3"], "43": ["cc_0", "deg_2"], "57": ["cc_0", "deg_4"], "20": ["cc_0", "deg_2"], "89": ["cc_0", "deg_1"], "80": ["cc_0", "deg_3"], "70": ["cc_0", "deg_5"], "84": ["cc_0", "deg_1"], "53": ["cc_0", "deg_2"], "1": ["cc_0", "deg_2"], "54": ["cc_0", "deg_3"], "41": ["cc_0", "deg_1"], "4": ["cc_0", "deg_3"], "39": ["cc_0", "deg_1"], "28": ["cc_0", "deg_1"], "25": ["cc_0", "deg_1"], "78": ["cc_0", "deg_2"], "3": ["cc_0", "deg_2"], "64": ["cc_0", "deg_1"], "72": ["cc_0", "deg_3"], "87": ["cc_0", "deg_3"], "19": ["cc_0", "deg_2"], "92": ["cc_0", "deg_2"], "86": ["cc_0", "deg_1"], "62": ["cc_0", "deg_1"], "11": ["cc_0", "deg_1"], "18": ["cc_0", "deg_2"], "67": ["cc_0", "deg_1"], "2": ["cc_0", "deg_2"], "9": ["cc_0", "deg_3"], "27": ["cc_0", "deg_3"], "15": ["cc_0", "deg_2"], "71": ["cc_0", "deg_2"], "88": ["cc_0", "deg_1"], "0": ["cc_0", "deg_2"], "63": ["cc_0", "deg_3"], "32": ["cc_0", "deg_1"], "45": ["cc_0", "deg_2"], "36": ["cc_0", "deg_2"], "83": ["cc_0", "deg_1"], "48": ["cc_0", "deg_3"], "79": ["cc_0", "deg_2"], "77": ["cc_0", "deg_3"], "10": ["cc_0", "deg_2"], "85": ["cc_0", "deg_4"], "31": ["cc_0", "deg_1"], "75": ["cc_0", "deg_1"], "50": ["cc_0", "deg_3"], "60": ["cc_0", "deg_5"], "52": ["cc_0", "deg_2"], "49": ["cc_0", "deg_2"]}, "edges": [[0, 92], [0, 85], [1, 2], [1, 42], [2, 3], [3, 91], [4, 80], [4, 82], [4, 92], [5, 16], [5, 6], [6, 69], [7, 8], [7, 60], [8, 9], [9, 80], [9, 63], [10, 28], [10, 70], [11, 12], [12, 26], [13, 14], [14, 15], [15, 57], [17, 65], [17, 18], [17, 75], [18, 60], [19, 20], [19, 79], [20, 21], [21, 68], [22, 23], [23, 54], [24, 69], [25, 26], [26, 27], [27, 73], [27, 62], [29, 30], [30, 63], [31, 68], [32, 76], [33, 47], [34, 40], [34, 42], [35, 36], [36, 37], [37, 38], [38, 57], [38, 70], [39, 40], [40, 85], [41, 42], [43, 44], [43, 53], [44, 45], [45, 87], [46, 47], [47, 48], [47, 68], [48, 49], [48, 58], [49, 50], [50, 54], [50, 81], [51, 70], [52, 53], [52, 54], [55, 63], [56, 57], [57, 74], [59, 60], [60, 83], [60, 89], [61, 80], [64, 65], [66, 73], [67, 78], [69, 70], [70, 71], [71, 72], [72, 73], [72, 91], [73, 77], [76, 77], [77, 82], [78, 79], [82, 88], [84, 85], [85, 87], [86, 87], [90, 91]]}