{"label": 0, "features": {"53": ["cc_10", "deg_5"], "47": ["cc_16", "deg_5"], "68": ["cc_4", "deg_6"], "21": ["cc_11", "deg_6"], "34": ["cc_10", "deg_5"], "67": ["cc_4", "deg_7"], "41": ["cc_16", "deg_5"], "4": ["cc_0", "deg_4"], "42": ["cc_8", "deg_8"], "12": ["cc_8", "deg_6"], "28": ["cc_13", "deg_5"], "66": ["cc_11", "deg_6"], "5": ["cc_3", "deg_5"], "65": ["cc_5", "deg_8"], "61": ["cc_8", "deg_6"], "3": ["cc_5", "deg_4"], "64": ["cc_5", "deg_4"], "51": ["cc_10", "deg_5"], "24": ["cc_13", "deg_5"], "56": ["cc_4", "deg_7"], "55": ["cc_13", "deg_5"], "19": ["cc_11", "deg_6"], "54": ["cc_8", "deg_6"], "36": ["cc_8", "deg_8"], "17": ["cc_0", "deg_4"], "11": ["cc_11", "deg_6"], "22": ["cc_11", "deg_7"], "71": ["cc_10", "deg_5"], "18": ["cc_3", "deg_9"], "59": ["cc_7", "deg_7"], "2": ["cc_0", "deg_3"], "46": ["cc_3", "deg_5"], "37": ["cc_4", "deg_7"], "38": ["cc_7", "deg_7"], "73": ["cc_6", "deg_7"], "9": ["cc_13", "deg_6"], "27": ["cc_14", "deg_7"], "58": ["cc_2", "deg_6"], "35": ["cc_11", "deg_4"], "1": ["cc_6", "deg_6"], "16": ["cc_4", "deg_7"], "25": ["cc_11", "deg_7"], "7": ["cc_3", "deg_5"], "39": ["cc_15", "deg_6"], "0": ["cc_4", "deg_6"], "29": ["cc_7", "deg_7"], "63": ["cc_10", "deg_5"], "13": ["cc_3", "deg_5"], "6": ["cc_2", "deg_6"], "30": ["cc_7", "deg_7"], "14": ["cc_0", "deg_7"], "32": ["cc_3", "deg_5"], "45": ["cc_9", "deg_7"], "10": ["cc_9", "deg_8"], "33": ["cc_3", "deg_7"], "23": ["cc_7", "deg_7"], "69": ["cc_10", "deg_5"], "48": ["cc_16", "deg_5"], "40": ["cc_8", "deg_6"], "72": ["cc_4", "deg_8"], "8": ["cc_8", "deg_6"], "44": ["cc_13", "deg_6"], "31": ["cc_6", "deg_5"], "26": ["cc_11", "deg_6"], "43": ["cc_9", "deg_7"], "57": ["cc_6", "deg_5"], "20": ["cc_13", "deg_6"], "50": ["cc_5", "deg_8"], "62": ["cc_7", "deg_7"], "60": ["cc_11", "deg_6"], "52": ["cc_7", "deg_7"], "15": ["cc_2", "deg_6"], "74": ["cc_0", "deg_5"], "70": ["cc_11", "deg_6"], "49": ["cc_20", "deg_5"]}, "edges": [[0, 16], [0, 1], [0, 18], [0, 51], [0, 73], [0, 74], [1, 71], [1, 73], [1, 59], [1, 60], [1, 15], [2, 32], [2, 18], [2, 3], [3, 5], [3, 6], [3, 45], [4, 33], [4, 7], [4, 73], [4, 58], [5, 65], [5, 6], [5, 8], [5, 26], [6, 38], [6, 7], [6, 9], [6, 46], [7, 8], [7, 10], [7, 62], [8, 71], [8, 9], [8, 10], [8, 11], [9, 10], [9, 11], [9, 12], [9, 30], [10, 21], [10, 11], [10, 12], [10, 13], [10, 30], [11, 65], [11, 12], [11, 42], [12, 13], [12, 14], [12, 15], [13, 16], [13, 68], [13, 72], [14, 16], [14, 52], [14, 21], [14, 72], [14, 57], [14, 37], [15, 16], [15, 64], [15, 18], [15, 43], [16, 17], [16, 18], [16, 19], [17, 20], [17, 40], [17, 74], [18, 19], [18, 20], [18, 37], [18, 54], [18, 60], [19, 33], [19, 20], [19, 21], [19, 22], [20, 21], [20, 22], [20, 23], [21, 22], [21, 23], [22, 23], [22, 24], [22, 25], [22, 53], [23, 67], [23, 25], [23, 26], [23, 59], [24, 25], [24, 26], [24, 27], [24, 58], [25, 72], [25, 26], [25, 27], [25, 46], [26, 27], [26, 29], [27, 72], [27, 28], [27, 29], [27, 30], [28, 74], [28, 29], [28, 30], [28, 31], [29, 32], [29, 50], [29, 30], [29, 31], [30, 68], [30, 72], [31, 33], [31, 34], [31, 35], [32, 33], [32, 34], [32, 42], [33, 34], [33, 74], [33, 59], [34, 36], [34, 37], [35, 36], [35, 37], [35, 38], [36, 37], [36, 38], [36, 39], [36, 40], [36, 58], [36, 44], [37, 39], [37, 67], [38, 39], [38, 40], [38, 41], [38, 62], [39, 40], [39, 41], [39, 42], [40, 56], [40, 42], [41, 42], [41, 43], [41, 44], [42, 43], [42, 44], [42, 45], [43, 69], [43, 44], [43, 45], [43, 46], [44, 45], [44, 47], [45, 48], [45, 46], [45, 47], [46, 56], [47, 48], [47, 49], [47, 50], [48, 49], [48, 50], [48, 51], [49, 50], [49, 51], [49, 52], [50, 52], [50, 53], [50, 56], [50, 63], [51, 52], [51, 54], [52, 53], [52, 54], [52, 73], [53, 54], [53, 55], [54, 55], [54, 56], [55, 56], [55, 57], [55, 58], [56, 57], [56, 58], [57, 59], [57, 60], [58, 67], [59, 60], [59, 61], [59, 62], [60, 61], [60, 62], [61, 64], [61, 74], [61, 62], [61, 63], [62, 65], [62, 63], [63, 65], [63, 66], [64, 65], [64, 66], [65, 66], [65, 67], [65, 68], [66, 67], [66, 68], [66, 69], [67, 69], [67, 70], [68, 70], [68, 71], [69, 70], [69, 72], [70, 71], [70, 72], [70, 73], [71, 73], [72, 73]]}