{"label": 2, "features": {"1": ["cc_0", "deg_2"], "16": ["cc_0", "deg_4"], "4": ["cc_0", "deg_7"], "21": ["cc_0", "deg_4"], "32": ["cc_0", "deg_4"], "34": ["cc_0", "deg_5"], "7": ["cc_5", "deg_4"], "25": ["cc_3", "deg_5"], "0": ["cc_0", "deg_3"], "12": ["cc_0", "deg_3"], "29": ["cc_0", "deg_5"], "28": ["cc_3", "deg_5"], "13": ["cc_0", "deg_5"], "6": ["cc_33", "deg_2"], "30": ["cc_0", "deg_2"], "5": ["cc_0", "deg_3"], "3": ["cc_0", "deg_3"], "24": ["cc_0", "deg_4"], "33": ["cc_0", "deg_3"], "23": ["cc_22", "deg_3"], "27": ["cc_0", "deg_4"], "19": ["cc_0", "deg_4"], "36": ["cc_3", "deg_5"], "10": ["cc_0", "deg_7"], "17": ["cc_1", "deg_7"], "11": ["cc_0", "deg_4"], "22": ["cc_11", "deg_4"], "18": ["cc_0", "deg_3"], "31": ["cc_0", "deg_4"], "2": ["cc_1", "deg_7"], "26": ["cc_0", "deg_6"], "20": ["cc_5", "deg_4"], "14": ["cc_0", "deg_2"], "35": ["cc_0", "deg_4"], "9": ["cc_0", "deg_3"], "8": ["cc_0", "deg_2"], "37": ["cc_0", "deg_3"], "15": ["cc_0", "deg_3"]}, "edges": [[0, 37], [0, 27], [0, 31], [1, 32], [1, 29], [2, 32], [2, 17], [2, 22], [2, 23], [2, 26], [2, 11], [2, 10], [3, 33], [3, 20], [3, 24], [4, 8], [4, 18], [4, 19], [4, 17], [4, 24], [4, 26], [4, 14], [5, 25], [5, 10], [5, 11], [6, 17], [6, 7], [7, 16], [7, 17], [7, 10], [8, 36], [9, 27], [9, 26], [9, 13], [10, 34], [10, 19], [10, 31], [10, 21], [11, 35], [11, 21], [12, 24], [12, 26], [12, 13], [13, 18], [13, 19], [13, 29], [14, 35], [15, 32], [15, 17], [15, 27], [16, 36], [16, 24], [16, 27], [17, 35], [17, 34], [18, 33], [19, 37], [20, 36], [20, 28], [20, 29], [21, 37], [21, 25], [22, 23], [22, 25], [22, 28], [23, 25], [25, 34], [26, 34], [26, 36], [28, 33], [28, 34], [28, 36], [29, 35], [29, 30], [30, 31], [31, 32]]}