{"label": 0, "features": {"68": ["cc_11", "deg_4"], "21": ["cc_11", "deg_4"], "34": ["cc_0", "deg_5"], "58": ["cc_0", "deg_3"], "69": ["cc_10", "deg_5"], "42": ["cc_0", "deg_3"], "12": ["cc_5", "deg_4"], "66": ["cc_0", "deg_5"], "5": ["cc_11", "deg_3"], "61": ["cc_0", "deg_3"], "91": ["cc_6", "deg_5"], "51": ["cc_11", "deg_4"], "24": ["cc_22", "deg_3"], "56": ["cc_6", "deg_6"], "55": ["cc_16", "deg_4"], "17": ["cc_5", "deg_4"], "22": ["cc_11", "deg_4"], "74": ["cc_11", "deg_3"], "59": ["cc_0", "deg_3"], "46": ["cc_0", "deg_3"], "37": ["cc_11", "deg_4"], "38": ["cc_16", "deg_4"], "81": ["cc_0", "deg_3"], "90": ["cc_6", "deg_5"], "35": ["cc_0", "deg_4"], "47": ["cc_0", "deg_4"], "16": ["cc_11", "deg_4"], "65": ["cc_0", "deg_2"], "23": ["cc_6", "deg_5"], "7": ["cc_11", "deg_4"], "82": ["cc_0", "deg_4"], "29": ["cc_0", "deg_3"], "13": ["cc_4", "deg_6"], "6": ["cc_11", "deg_4"], "30": ["cc_0", "deg_3"], "14": ["cc_22", "deg_3"], "40": ["cc_11", "deg_4"], "33": ["cc_2", "deg_6"], "73": ["cc_11", "deg_3"], "76": ["cc_22", "deg_3"], "8": ["cc_10", "deg_5"], "44": ["cc_0", "deg_4"], "26": ["cc_5", "deg_4"], "43": ["cc_0", "deg_5"], "57": ["cc_5", "deg_4"], "20": ["cc_11", "deg_4"], "89": ["cc_4", "deg_6"], "80": ["cc_3", "deg_5"], "70": ["cc_6", "deg_5"], "84": ["cc_11", "deg_3"], "53": ["cc_10", "deg_5"], "1": ["cc_16", "deg_4"], "54": ["cc_22", "deg_4"], "41": ["cc_3", "deg_5"], "4": ["cc_5", "deg_4"], "39": ["cc_16", "deg_4"], "28": ["cc_0", "deg_3"], "25": ["cc_11", "deg_4"], "78": ["cc_16", "deg_4"], "3": ["cc_5", "deg_4"], "64": ["cc_0", "deg_4"], "72": ["cc_0", "deg_2"], "87": ["cc_0", "deg_3"], "19": ["cc_5", "deg_4"], "86": ["cc_3", "deg_5"], "62": ["cc_0", "deg_5"], "11": ["cc_11", "deg_3"], "18": ["cc_11", "deg_3"], "67": ["cc_33", "deg_2"], "2": ["cc_11", "deg_4"], "9": ["cc_11", "deg_4"], "27": ["cc_0", "deg_5"], "15": ["cc_10", "deg_5"], "71": ["cc_5", "deg_4"], "88": ["cc_11", "deg_3"], "0": ["cc_11", "deg_4"], "63": ["cc_0", "deg_5"], "32": ["cc_11", "deg_3"], "45": ["cc_0", "deg_3"], "36": ["cc_11", "deg_3"], "83": ["cc_0", "deg_4"], "48": ["cc_0", "deg_6"], "79": ["cc_11", "deg_4"], "77": ["cc_6", "deg_6"], "10": ["cc_5", "deg_4"], "85": ["cc_3", "deg_5"], "31": ["cc_11", "deg_3"], "75": ["cc_11", "deg_4"], "50": ["cc_5", "deg_4"], "60": ["cc_0", "deg_3"], "52": ["cc_10", "deg_5"], "49": ["cc_5", "deg_4"]}, "edges": [[0, 1], [0, 2], [0, 91], [0, 65], [1, 91], [1, 2], [1, 3], [2, 3], [2, 4], [3, 34], [3, 63], [4, 70], [4, 5], [4, 6], [5, 34], [5, 6], [6, 8], [6, 7], [7, 8], [7, 9], [7, 46], [8, 9], [8, 10], [8, 26], [9, 10], [9, 11], [10, 12], [10, 21], [11, 12], [11, 13], [12, 66], [12, 13], [13, 34], [13, 19], [13, 14], [13, 15], [14, 16], [14, 15], [15, 16], [15, 17], [15, 62], [16, 17], [16, 49], [17, 19], [17, 70], [18, 90], [18, 19], [18, 20], [19, 20], [20, 21], [20, 22], [21, 22], [21, 23], [22, 85], [22, 23], [23, 24], [23, 25], [23, 30], [24, 25], [24, 26], [25, 26], [25, 27], [26, 28], [27, 80], [27, 41], [27, 56], [27, 87], [28, 29], [28, 63], [29, 30], [29, 31], [30, 64], [31, 32], [31, 33], [32, 33], [32, 89], [33, 35], [33, 41], [33, 44], [33, 63], [34, 35], [34, 72], [35, 48], [35, 37], [36, 48], [36, 37], [36, 38], [37, 38], [37, 39], [38, 40], [38, 39], [39, 40], [39, 41], [40, 41], [40, 42], [41, 43], [42, 48], [42, 44], [43, 58], [43, 44], [43, 53], [43, 85], [44, 45], [45, 77], [45, 47], [46, 48], [46, 64], [47, 48], [47, 49], [47, 71], [48, 50], [49, 50], [49, 51], [50, 51], [50, 69], [51, 52], [51, 53], [52, 56], [52, 74], [52, 53], [52, 54], [53, 54], [53, 55], [54, 56], [54, 55], [55, 56], [55, 57], [56, 57], [56, 63], [57, 58], [57, 59], [58, 66], [59, 60], [59, 61], [60, 80], [60, 62], [61, 89], [61, 62], [62, 66], [62, 90], [63, 64], [64, 83], [65, 66], [66, 68], [67, 68], [67, 69], [68, 69], [68, 70], [69, 70], [69, 71], [70, 71], [71, 73], [72, 86], [73, 74], [73, 75], [74, 75], [75, 76], [75, 77], [76, 77], [76, 78], [77, 82], [77, 78], [77, 79], [78, 80], [78, 79], [79, 80], [79, 81], [80, 82], [81, 82], [81, 83], [82, 84], [83, 85], [83, 91], [84, 85], [84, 86], [85, 86], [86, 88], [86, 87], [87, 89], [88, 89], [88, 90], [89, 90], [89, 91], [90, 91]]}