{"label": 2, "edges": [[0, 1], [1, 2], [1, 12], [1, 21], [2, 4], [3, 9], [3, 22], [3, 15], [4, 22], [5, 16], [5, 11], [6, 17], [7, 20], [8, 19], [8, 21], [9, 10], [10, 16], [10, 23], [10, 17], [11, 18], [13, 14], [14, 15], [20, 23], [21, 22], [21, 24]], "features": {"22": ["cc_0", "deg_3"], "15": ["cc_0", "deg_2"], "4": ["cc_0", "deg_2"], "0": ["cc_0", "deg_1"], "2": ["cc_0", "deg_2"], "6": ["cc_0", "deg_1"], "18": ["cc_0", "deg_1"], "5": ["cc_0", "deg_2"], "10": ["cc_0", "deg_4"], "14": ["cc_0", "deg_2"], "1": ["cc_0", "deg_4"], "8": ["cc_0", "deg_2"], "20": ["cc_0", "deg_2"], "3": ["cc_0", "deg_3"], "11": ["cc_0", "deg_2"], "23": ["cc_0", "deg_2"], "19": ["cc_0", "deg_1"], "13": ["cc_0", "deg_1"], "16": ["cc_0", "deg_2"], "7": ["cc_0", "deg_1"], "17": ["cc_0", "deg_2"], "12": ["cc_0", "deg_1"], "24": ["cc_0", "deg_1"], "9": ["cc_0", "deg_2"], "21": ["cc_0", "deg_4"]}}