{"label": 2, "features": {"47": ["cc_0", "deg_1"], "21": ["cc_0", "deg_1"], "34": ["cc_0", "deg_2"], "41": ["cc_0", "deg_2"], "4": ["cc_0", "deg_1"], "42": ["cc_0", "deg_2"], "12": ["cc_0", "deg_4"], "28": ["cc_0", "deg_2"], "5": ["cc_0", "deg_1"], "3": ["cc_0", "deg_2"], "51": ["cc_0", "deg_1"], "24": ["cc_0", "deg_3"], "19": ["cc_0", "deg_1"], "36": ["cc_0", "deg_3"], "17": ["cc_0", "deg_2"], "11": ["cc_0", "deg_4"], "22": ["cc_0", "deg_1"], "18": ["cc_0", "deg_2"], "2": ["cc_0", "deg_1"], "46": ["cc_0", "deg_3"], "37": ["cc_0", "deg_2"], "38": ["cc_0", "deg_2"], "9": ["cc_0", "deg_4"], "27": ["cc_0", "deg_2"], "35": ["cc_0", "deg_1"], "1": ["cc_0", "deg_2"], "16": ["cc_0", "deg_4"], "25": ["cc_0", "deg_2"], "7": ["cc_0", "deg_3"], "39": ["cc_0", "deg_2"], "0": ["cc_0", "deg_1"], "29": ["cc_0", "deg_1"], "13": ["cc_0", "deg_2"], "6": ["cc_0", "deg_1"], "30": ["cc_0", "deg_2"], "14": ["cc_0", "deg_2"], "32": ["cc_0", "deg_3"], "45": ["cc_0", "deg_1"], "10": ["cc_0", "deg_2"], "33": ["cc_0", "deg_2"], "23": ["cc_0", "deg_2"], "48": ["cc_0", "deg_2"], "40": ["cc_0", "deg_3"], "8": ["cc_0", "deg_3"], "44": ["cc_0", "deg_1"], "31": ["cc_0", "deg_3"], "26": ["cc_0", "deg_3"], "43": ["cc_0", "deg_1"], "20": ["cc_0", "deg_3"], "50": ["cc_0", "deg_1"], "52": ["cc_0", "deg_1"], "15": ["cc_0", "deg_1"], "49": ["cc_0", "deg_2"]}, "edges": [[0, 32], [1, 16], [1, 33], [2, 36], [3, 40], [3, 31], [4, 13], [5, 11], [6, 41], [7, 8], [7, 24], [7, 38], [8, 9], [8, 49], [9, 11], [9, 20], [9, 46], [10, 29], [10, 46], [11, 12], [11, 15], [12, 41], [12, 52], [12, 23], [13, 31], [14, 51], [14, 46], [16, 17], [16, 28], [16, 31], [17, 24], [18, 26], [18, 36], [19, 20], [20, 48], [21, 26], [22, 39], [23, 34], [24, 36], [25, 49], [25, 35], [26, 30], [27, 48], [27, 44], [28, 45], [30, 42], [32, 33], [32, 43], [34, 42], [37, 38], [37, 47], [39, 40], [40, 50]]}