{"label": 0, "features": {"53": ["cc_1", "deg_8"], "47": ["cc_0", "deg_4"], "68": ["cc_15", "deg_6"], "21": ["cc_3", "deg_5"], "34": ["cc_3", "deg_7"], "67": ["cc_11", "deg_6"], "41": ["cc_6", "deg_5"], "4": ["cc_2", "deg_6"], "42": ["cc_2", "deg_6"], "12": ["cc_13", "deg_5"], "28": ["cc_11", "deg_6"], "66": ["cc_6", "deg_7"], "5": ["cc_3", "deg_5"], "65": ["cc_3", "deg_5"], "61": ["cc_6", "deg_6"], "3": ["cc_5", "deg_8"], "64": ["cc_4", "deg_6"], "51": ["cc_6", "deg_5"], "24": ["cc_4", "deg_7"], "56": ["cc_15", "deg_6"], "55": ["cc_8", "deg_6"], "19": ["cc_4", "deg_7"], "54": ["cc_6", "deg_5"], "36": ["cc_6", "deg_5"], "17": ["cc_3", "deg_5"], "11": ["cc_1", "deg_7"], "22": ["cc_2", "deg_8"], "71": ["cc_7", "deg_7"], "18": ["cc_1", "deg_8"], "59": ["cc_6", "deg_7"], "2": ["cc_8", "deg_6"], "46": ["cc_2", "deg_9"], "37": ["cc_11", "deg_4"], "38": ["cc_2", "deg_6"], "73": ["cc_8", "deg_6"], "78": ["cc_11", "deg_4"], "9": ["cc_0", "deg_6"], "27": ["cc_6", "deg_6"], "58": ["cc_7", "deg_8"], "35": ["cc_6", "deg_7"], "1": ["cc_3", "deg_5"], "16": ["cc_4", "deg_6"], "80": ["cc_3", "deg_5"], "25": ["cc_22", "deg_4"], "7": ["cc_6", "deg_7"], "39": ["cc_4", "deg_6"], "0": ["cc_6", "deg_6"], "82": ["cc_4", "deg_7"], "29": ["cc_6", "deg_7"], "63": ["cc_6", "deg_5"], "13": ["cc_6", "deg_6"], "6": ["cc_13", "deg_5"], "30": ["cc_5", "deg_4"], "14": ["cc_6", "deg_6"], "32": ["cc_0", "deg_4"], "45": ["cc_6", "deg_6"], "10": ["cc_6", "deg_5"], "33": ["cc_6", "deg_5"], "23": ["cc_5", "deg_4"], "69": ["cc_6", "deg_10"], "76": ["cc_8", "deg_6"], "48": ["cc_6", "deg_5"], "79": ["cc_6", "deg_7"], "77": ["cc_11", "deg_6"], "40": ["cc_0", "deg_6"], "81": ["cc_6", "deg_5"], "72": ["cc_8", "deg_6"], "8": ["cc_4", "deg_6"], "44": ["cc_10", "deg_5"], "31": ["cc_6", "deg_7"], "75": ["cc_11", "deg_6"], "26": ["cc_13", "deg_6"], "43": ["cc_6", "deg_6"], "57": ["cc_9", "deg_7"], "20": ["cc_1", "deg_8"], "50": ["cc_0", "deg_5"], "62": ["cc_0", "deg_6"], "60": ["cc_11", "deg_4"], "52": ["cc_0", "deg_5"], "15": ["cc_2", "deg_8"], "74": ["cc_8", "deg_6"], "70": ["cc_8", "deg_8"], "49": ["cc_0", "deg_5"]}, "edges": [[0, 80], [0, 34], [0, 82], [0, 3], [0, 2], [0, 14], [1, 81], [1, 2], [1, 3], [1, 4], [1, 59], [2, 82], [2, 3], [2, 5], [2, 19], [3, 19], [3, 6], [3, 8], [3, 12], [3, 15], [4, 64], [4, 19], [4, 5], [4, 13], [4, 78], [5, 6], [5, 7], [5, 36], [6, 7], [6, 8], [6, 10], [7, 18], [7, 8], [7, 9], [7, 10], [7, 21], [8, 43], [8, 11], [8, 46], [9, 80], [9, 40], [9, 22], [9, 72], [9, 11], [10, 11], [10, 12], [10, 13], [11, 70], [11, 73], [11, 14], [11, 79], [12, 13], [12, 14], [12, 15], [13, 16], [13, 67], [13, 14], [14, 16], [14, 15], [15, 17], [15, 18], [15, 66], [15, 33], [15, 82], [16, 50], [16, 17], [16, 18], [16, 19], [17, 19], [17, 20], [17, 69], [18, 20], [18, 21], [18, 44], [18, 53], [18, 62], [19, 22], [19, 64], [20, 35], [20, 22], [20, 40], [20, 73], [20, 76], [20, 45], [21, 22], [21, 23], [21, 50], [22, 33], [22, 67], [22, 35], [22, 24], [23, 24], [23, 26], [23, 31], [24, 80], [24, 34], [24, 25], [24, 26], [24, 46], [25, 26], [25, 27], [25, 28], [26, 27], [26, 28], [26, 29], [27, 66], [27, 52], [27, 46], [27, 28], [28, 76], [28, 29], [28, 31], [29, 59], [29, 57], [29, 74], [29, 30], [29, 31], [30, 53], [30, 58], [30, 31], [31, 33], [31, 34], [31, 35], [32, 33], [32, 34], [32, 54], [32, 59], [33, 35], [34, 35], [34, 36], [34, 46], [35, 65], [35, 57], [36, 37], [36, 38], [36, 39], [37, 38], [37, 39], [37, 42], [38, 82], [38, 71], [38, 40], [38, 60], [39, 70], [39, 71], [39, 40], [39, 41], [40, 57], [40, 43], [41, 42], [41, 43], [41, 44], [41, 63], [42, 70], [42, 74], [42, 43], [42, 46], [43, 44], [43, 45], [44, 45], [44, 46], [45, 48], [45, 46], [45, 47], [46, 48], [46, 49], [47, 49], [47, 53], [47, 61], [48, 50], [48, 51], [48, 69], [49, 50], [49, 52], [49, 71], [50, 53], [51, 52], [51, 69], [51, 54], [51, 68], [52, 53], [52, 55], [53, 81], [53, 54], [53, 56], [54, 55], [54, 56], [55, 64], [55, 56], [55, 57], [55, 58], [56, 57], [56, 58], [56, 59], [57, 58], [57, 59], [58, 75], [58, 59], [58, 60], [58, 61], [59, 62], [60, 61], [60, 63], [61, 64], [61, 62], [61, 63], [62, 65], [62, 69], [62, 79], [63, 64], [63, 66], [64, 65], [65, 66], [65, 68], [66, 67], [66, 68], [66, 69], [67, 68], [67, 69], [67, 70], [68, 69], [68, 70], [69, 70], [69, 71], [69, 72], [70, 71], [70, 73], [71, 72], [71, 73], [72, 73], [72, 74], [72, 75], [73, 75], [74, 75], [74, 76], [74, 77], [75, 76], [75, 77], [76, 77], [76, 79], [77, 80], [77, 78], [77, 79], [78, 81], [78, 79], [79, 81], [79, 82], [80, 82], [81, 82]]}