{"label": 0, "features": {"68": ["cc_6", "deg_5"], "21": ["cc_0", "deg_4"], "34": ["cc_6", "deg_6"], "58": ["cc_5", "deg_4"], "69": ["cc_16", "deg_4"], "42": ["cc_11", "deg_3"], "12": ["cc_10", "deg_5"], "66": ["cc_3", "deg_5"], "5": ["cc_16", "deg_4"], "61": ["cc_6", "deg_5"], "91": ["cc_11", "deg_4"], "51": ["cc_11", "deg_3"], "24": ["cc_16", "deg_4"], "56": ["cc_6", "deg_5"], "55": ["cc_10", "deg_5"], "17": ["cc_5", "deg_4"], "22": ["cc_33", "deg_2"], "74": ["cc_6", "deg_5"], "59": ["cc_11", "deg_4"], "46": ["cc_11", "deg_3"], "37": ["cc_16", "deg_4"], "38": ["cc_11", "deg_4"], "81": ["cc_11", "deg_4"], "90": ["cc_16", "deg_4"], "35": ["cc_16", "deg_4"], "47": ["cc_11", "deg_3"], "16": ["cc_11", "deg_4"], "65": ["cc_3", "deg_5"], "23": ["cc_11", "deg_4"], "7": ["cc_11", "deg_4"], "82": ["cc_11", "deg_4"], "29": ["cc_16", "deg_4"], "93": ["cc_11", "deg_3"], "13": ["cc_16", "deg_4"], "6": ["cc_16", "deg_4"], "30": ["cc_11", "deg_4"], "14": ["cc_16", "deg_4"], "40": ["cc_5", "deg_4"], "33": ["cc_16", "deg_4"], "73": ["cc_16", "deg_4"], "76": ["cc_11", "deg_3"], "8": ["cc_5", "deg_4"], "44": ["cc_0", "deg_3"], "26": ["cc_5", "deg_4"], "43": ["cc_5", "deg_4"], "57": ["cc_5", "deg_4"], "20": ["cc_5", "deg_4"], "89": ["cc_10", "deg_5"], "80": ["cc_11", "deg_4"], "70": ["cc_10", "deg_5"], "84": ["cc_5", "deg_4"], "53": ["cc_4", "deg_6"], "1": ["cc_11", "deg_4"], "54": ["cc_13", "deg_5"], "41": ["cc_11", "deg_4"], "4": ["cc_22", "deg_3"], "39": ["cc_6", "deg_5"], "28": ["cc_6", "deg_5"], "25": ["cc_11", "deg_4"], "78": ["cc_16", "deg_4"], "3": ["cc_11", "deg_4"], "64": ["cc_11", "deg_3"], "72": ["cc_16", "deg_4"], "87": ["cc_22", "deg_3"], "19": ["cc_5", "deg_4"], "92": ["cc_5", "deg_4"], "86": ["cc_5", "deg_4"], "62": ["cc_5", "deg_4"], "11": ["cc_16", "deg_4"], "18": ["cc_11", "deg_3"], "67": ["cc_11", "deg_3"], "2": ["cc_5", "deg_4"], "9": ["cc_11", "deg_3"], "27": ["cc_33", "deg_2"], "15": ["cc_16", "deg_4"], "71": ["cc_16", "deg_4"], "88": ["cc_16", "deg_4"], "0": ["cc_5", "deg_4"], "63": ["cc_0", "deg_3"], "32": ["cc_22", "deg_3"], "45": ["cc_0", "deg_3"], "36": ["cc_10", "deg_5"], "83": ["cc_6", "deg_5"], "48": ["cc_11", "deg_4"], "79": ["cc_10", "deg_5"], "77": ["cc_6", "deg_5"], "10": ["cc_11", "deg_4"], "85": ["cc_0", "deg_4"], "31": ["cc_11", "deg_4"], "75": ["cc_5", "deg_4"], "50": ["cc_5", "deg_4"], "60": ["cc_16", "deg_4"], "52": ["cc_11", "deg_4"], "49": ["cc_11", "deg_3"]}, "edges": [[0, 1], [0, 18], [0, 66], [0, 93], [1, 2], [1, 3], [1, 93], [2, 50], [2, 3], [2, 86], [3, 4], [3, 5], [4, 5], [4, 6], [5, 6], [5, 7], [6, 8], [6, 7], [7, 8], [7, 9], [8, 55], [8, 39], [9, 10], [9, 11], [10, 11], [10, 12], [10, 92], [11, 12], [11, 13], [12, 19], [12, 13], [12, 14], [13, 14], [13, 15], [14, 16], [14, 15], [15, 16], [15, 17], [16, 17], [16, 58], [17, 34], [17, 19], [18, 19], [18, 20], [19, 20], [20, 68], [20, 21], [21, 51], [21, 62], [21, 23], [22, 24], [22, 23], [23, 24], [23, 25], [24, 25], [24, 26], [25, 26], [25, 79], [26, 28], [26, 53], [27, 28], [27, 29], [28, 38], [28, 29], [28, 30], [29, 30], [29, 31], [30, 40], [30, 31], [31, 32], [31, 33], [32, 33], [32, 34], [33, 34], [33, 35], [34, 35], [34, 36], [34, 49], [35, 36], [35, 37], [36, 44], [36, 37], [36, 38], [37, 38], [37, 39], [38, 39], [39, 40], [39, 41], [40, 41], [40, 89], [41, 42], [41, 43], [42, 43], [42, 85], [43, 82], [43, 45], [44, 84], [44, 53], [45, 61], [45, 46], [46, 48], [46, 47], [47, 48], [47, 83], [48, 49], [48, 50], [49, 50], [50, 52], [51, 52], [51, 54], [52, 53], [52, 54], [53, 85], [53, 54], [53, 55], [54, 56], [54, 55], [55, 56], [55, 57], [56, 57], [56, 66], [56, 75], [57, 74], [57, 59], [58, 80], [58, 59], [58, 60], [59, 60], [59, 61], [60, 61], [60, 62], [61, 62], [61, 63], [62, 64], [63, 65], [63, 70], [64, 65], [64, 66], [65, 66], [65, 67], [65, 92], [66, 68], [67, 68], [67, 69], [68, 69], [68, 70], [69, 70], [69, 71], [70, 72], [70, 71], [71, 72], [71, 73], [72, 73], [72, 74], [73, 74], [73, 75], [74, 75], [74, 76], [75, 77], [76, 77], [76, 78], [77, 85], [77, 78], [77, 79], [78, 80], [78, 79], [79, 80], [79, 81], [80, 81], [81, 82], [81, 83], [82, 83], [82, 84], [83, 84], [83, 85], [84, 86], [86, 88], [86, 87], [87, 88], [87, 89], [88, 89], [88, 90], [89, 90], [89, 91], [90, 91], [90, 92], [91, 92], [91, 93]]}