{"label": 0, "edges": [[0, 56], [0, 1], [0, 81], [1, 2], [1, 36], [2, 3], [2, 4], [2, 10], [2, 26], [3, 5], [3, 21], [4, 27], [4, 82], [4, 6], [5, 6], [5, 7], [6, 17], [6, 7], [7, 8], [7, 9], [8, 9], [8, 13], [9, 75], [9, 11], [9, 10], [11, 23], [11, 12], [11, 60], [12, 26], [12, 13], [12, 14], [13, 14], [13, 15], [14, 16], [14, 53], [14, 15], [15, 17], [15, 78], [16, 17], [16, 18], [16, 34], [17, 18], [17, 19], [18, 19], [18, 81], [19, 20], [19, 42], [20, 37], [20, 22], [21, 32], [21, 22], [21, 23], [22, 24], [22, 23], [23, 46], [24, 25], [24, 26], [25, 26], [25, 74], [26, 32], [27, 28], [27, 29], [28, 66], [28, 30], [29, 30], [29, 31], [30, 75], [30, 31], [31, 32], [31, 33], [32, 52], [33, 39], [33, 34], [33, 35], [34, 35], [35, 59], [35, 37], [36, 37], [36, 38], [36, 56], [37, 38], [37, 39], [38, 40], [38, 39], [39, 41], [40, 41], [40, 59], [41, 82], [41, 43], [41, 69], [42, 43], [42, 44], [43, 66], [43, 44], [43, 45], [43, 47], [44, 45], [44, 63], [45, 77], [45, 47], [46, 48], [46, 51], [47, 48], [48, 49], [48, 50], [48, 54], [48, 74], [49, 71], [49, 51], [50, 51], [50, 52], [51, 53], [51, 79], [52, 53], [53, 55], [54, 55], [55, 56], [55, 57], [56, 57], [56, 79], [57, 58], [57, 59], [58, 80], [58, 59], [59, 60], [59, 61], [60, 61], [60, 62], [61, 62], [61, 63], [62, 64], [62, 63], [63, 64], [63, 65], [64, 65], [64, 66], [65, 75], [65, 67], [66, 68], [67, 68], [67, 69], [68, 69], [68, 70], [69, 70], [69, 76], [70, 72], [70, 71], [71, 72], [71, 73], [72, 73], [72, 74], [73, 74], [73, 75], [74, 75], [75, 76], [75, 77], [76, 77], [76, 78], [77, 78], [77, 79], [78, 80], [78, 79], [79, 80], [80, 81], [80, 82], [81, 82]], "features": {"27": ["cc_0", "deg_3"], "35": ["cc_5", "deg_4"], "43": ["cc_6", "deg_6"], "47": ["cc_11", "deg_3"], "32": ["cc_0", "deg_4"], "56": ["cc_3", "deg_5"], "77": ["cc_10", "deg_5"], "9": ["cc_3", "deg_5"], "33": ["cc_5", "deg_4"], "48": ["cc_0", "deg_6"], "55": ["cc_5", "deg_4"], "0": ["cc_0", "deg_3"], "2": ["cc_0", "deg_5"], "18": ["cc_11", "deg_4"], "5": ["cc_11", "deg_3"], "76": ["cc_11", "deg_4"], "14": ["cc_6", "deg_5"], "81": ["cc_5", "deg_4"], "38": ["cc_11", "deg_4"], "73": ["cc_16", "deg_4"], "44": ["cc_11", "deg_4"], "39": ["cc_5", "deg_4"], "82": ["cc_5", "deg_4"], "3": ["cc_0", "deg_3"], "68": ["cc_11", "deg_4"], "28": ["cc_0", "deg_3"], "51": ["cc_0", "deg_5"], "23": ["cc_5", "deg_4"], "19": ["cc_5", "deg_4"], "61": ["cc_16", "deg_4"], "34": ["cc_11", "deg_3"], "75": ["cc_3", "deg_7"], "11": ["cc_0", "deg_4"], "72": ["cc_16", "deg_4"], "17": ["cc_6", "deg_5"], "12": ["cc_5", "deg_4"], "25": ["cc_11", "deg_3"], "24": ["cc_11", "deg_3"], "62": ["cc_16", "deg_4"], "59": ["cc_4", "deg_6"], "69": ["cc_6", "deg_5"], "22": ["cc_5", "deg_4"], "60": ["cc_11", "deg_4"], "70": ["cc_11", "deg_4"], "65": ["cc_5", "deg_4"], "71": ["cc_11", "deg_4"], "15": ["cc_5", "deg_4"], "4": ["cc_0", "deg_4"], "78": ["cc_10", "deg_5"], "80": ["cc_6", "deg_5"], "37": ["cc_6", "deg_5"], "45": ["cc_11", "deg_4"], "42": ["cc_11", "deg_3"], "30": ["cc_5", "deg_4"], "31": ["cc_5", "deg_4"], "66": ["cc_0", "deg_4"], "36": ["cc_5", "deg_4"], "67": ["cc_11", "deg_3"], "57": ["cc_11", "deg_4"], "53": ["cc_0", "deg_4"], "10": ["cc_0", "deg_2"], "49": ["cc_0", "deg_3"], "1": ["cc_0", "deg_3"], "46": ["cc_0", "deg_3"], "79": ["cc_6", "deg_5"], "26": ["cc_3", "deg_5"], "40": ["cc_0", "deg_3"], "41": ["cc_0", "deg_5"], "20": ["cc_0", "deg_3"], "29": ["cc_11", "deg_3"], "52": ["cc_0", "deg_3"], "58": ["cc_11", "deg_3"], "63": ["cc_10", "deg_5"], "64": ["cc_11", "deg_4"], "74": ["cc_6", "deg_5"], "13": ["cc_11", "deg_4"], "6": ["cc_5", "deg_4"], "7": ["cc_11", "deg_4"], "50": ["cc_0", "deg_3"], "8": ["cc_11", "deg_3"], "16": ["cc_5", "deg_4"], "54": ["cc_0", "deg_2"], "21": ["cc_5", "deg_4"]}}