{"label": 2, "features": {"53": ["cc_1", "deg_8"], "47": ["cc_3", "deg_5"], "68": ["cc_3", "deg_5"], "21": ["cc_3", "deg_5"], "34": ["cc_0", "deg_3"], "67": ["cc_5", "deg_8"], "41": ["cc_3", "deg_5"], "4": ["cc_6", "deg_6"], "42": ["cc_4", "deg_7"], "12": ["cc_0", "deg_6"], "28": ["cc_0", "deg_3"], "66": ["cc_0", "deg_3"], "5": ["cc_4", "deg_6"], "65": ["cc_3", "deg_8"], "61": ["cc_2", "deg_6"], "3": ["cc_0", "deg_6"], "64": ["cc_6", "deg_5"], "51": ["cc_1", "deg_11"], "24": ["cc_4", "deg_7"], "56": ["cc_11", "deg_4"], "55": ["cc_0", "deg_5"], "19": ["cc_4", "deg_6"], "54": ["cc_3", "deg_7"], "36": ["cc_0", "deg_5"], "17": ["cc_0", "deg_5"], "11": ["cc_0", "deg_6"], "22": ["cc_0", "deg_7"], "71": ["cc_1", "deg_7"], "18": ["cc_1", "deg_8"], "59": ["cc_0", "deg_4"], "2": ["cc_0", "deg_4"], "46": ["cc_0", "deg_4"], "37": ["cc_0", "deg_10"], "38": ["cc_0", "deg_6"], "73": ["cc_3", "deg_8"], "9": ["cc_3", "deg_5"], "27": ["cc_0", "deg_6"], "58": ["cc_0", "deg_7"], "35": ["cc_0", "deg_6"], "1": ["cc_6", "deg_6"], "16": ["cc_0", "deg_9"], "25": ["cc_1", "deg_7"], "7": ["cc_4", "deg_6"], "39": ["cc_4", "deg_7"], "0": ["cc_1", "deg_7"], "29": ["cc_3", "deg_5"], "63": ["cc_0", "deg_6"], "13": ["cc_0", "deg_6"], "6": ["cc_1", "deg_8"], "30": ["cc_3", "deg_5"], "14": ["cc_5", "deg_4"], "32": ["cc_11", "deg_4"], "45": ["cc_6", "deg_6"], "10": ["cc_2", "deg_6"], "33": ["cc_11", "deg_3"], "23": ["cc_0", "deg_7"], "69": ["cc_1", "deg_9"], "76": ["cc_0", "deg_7"], "48": ["cc_0", "deg_6"], "77": ["cc_3", "deg_5"], "40": ["cc_1", "deg_7"], "72": ["cc_0", "deg_4"], "8": ["cc_6", "deg_5"], "44": ["cc_0", "deg_6"], "31": ["cc_5", "deg_4"], "75": ["cc_3", "deg_5"], "26": ["cc_6", "deg_5"], "43": ["cc_3", "deg_8"], "57": ["cc_0", "deg_6"], "20": ["cc_2", "deg_6"], "50": ["cc_5", "deg_8"], "62": ["cc_2", "deg_6"], "60": ["cc_2", "deg_6"], "52": ["cc_5", "deg_4"], "15": ["cc_0", "deg_7"], "74": ["cc_0", "deg_5"], "70": ["cc_2", "deg_8"], "49": ["cc_2", "deg_6"]}, "edges": [[0, 65], [0, 2], [0, 51], [0, 1], [0, 12], [0, 30], [0, 63], [1, 64], [1, 4], [1, 39], [1, 26], [1, 31], [2, 27], [2, 60], [2, 69], [3, 18], [3, 51], [3, 36], [3, 39], [3, 58], [3, 62], [4, 54], [4, 6], [4, 39], [4, 76], [4, 37], [5, 16], [5, 51], [5, 50], [5, 52], [5, 7], [5, 74], [6, 68], [6, 38], [6, 8], [6, 57], [6, 29], [6, 20], [6, 31], [7, 50], [7, 20], [7, 11], [7, 42], [7, 45], [8, 9], [8, 29], [8, 45], [8, 47], [9, 34], [9, 43], [9, 70], [9, 67], [10, 51], [10, 67], [10, 37], [10, 60], [10, 12], [10, 15], [11, 23], [11, 57], [11, 43], [11, 12], [11, 63], [12, 76], [12, 71], [12, 28], [13, 65], [13, 27], [13, 54], [13, 17], [13, 40], [13, 15], [14, 16], [14, 22], [14, 49], [14, 60], [15, 16], [15, 68], [15, 38], [15, 23], [15, 29], [16, 49], [16, 18], [16, 66], [16, 55], [16, 42], [16, 76], [17, 18], [17, 36], [17, 53], [17, 71], [18, 19], [18, 63], [18, 43], [18, 77], [18, 47], [19, 22], [19, 65], [19, 41], [19, 43], [19, 62], [20, 21], [20, 73], [20, 62], [20, 37], [21, 23], [21, 73], [21, 71], [21, 28], [22, 72], [22, 71], [22, 24], [22, 74], [22, 30], [23, 49], [23, 24], [23, 25], [23, 69], [24, 50], [24, 67], [24, 75], [24, 73], [24, 37], [25, 64], [25, 35], [25, 36], [25, 26], [25, 27], [25, 30], [26, 64], [26, 73], [26, 46], [27, 70], [27, 44], [27, 29], [28, 70], [29, 65], [30, 53], [30, 65], [31, 39], [31, 44], [32, 51], [32, 35], [32, 71], [32, 56], [33, 69], [33, 55], [33, 68], [34, 39], [34, 42], [35, 50], [35, 38], [35, 72], [35, 47], [36, 48], [36, 44], [37, 69], [37, 43], [37, 46], [37, 49], [37, 54], [37, 59], [38, 66], [38, 41], [38, 58], [39, 54], [39, 40], [40, 64], [40, 51], [40, 71], [40, 62], [40, 69], [41, 49], [41, 42], [41, 45], [42, 65], [42, 43], [42, 45], [43, 65], [43, 44], [44, 59], [44, 57], [45, 48], [45, 47], [46, 70], [46, 47], [48, 66], [48, 51], [48, 53], [48, 52], [49, 53], [50, 67], [50, 52], [50, 53], [50, 75], [51, 77], [51, 56], [51, 60], [51, 61], [52, 58], [53, 67], [53, 69], [53, 77], [54, 55], [54, 60], [54, 63], [55, 58], [55, 61], [56, 71], [56, 63], [57, 67], [57, 58], [57, 77], [58, 73], [58, 59], [59, 61], [60, 76], [61, 64], [61, 69], [61, 77], [62, 69], [62, 75], [63, 74], [65, 74], [67, 70], [67, 73], [68, 69], [68, 73], [70, 72], [70, 73], [70, 76], [72, 75], [74, 76], [75, 76]]}