{"label": 1, "edges": [[0, 2], [0, 78], [0, 26], [0, 94], [1, 2], [1, 3], [1, 4], [1, 94], [1, 95], [2, 3], [2, 4], [2, 55], [2, 68], [2, 95], [3, 4], [3, 49], [3, 88], [3, 73], [3, 47], [4, 5], [4, 51], [4, 7], [5, 8], [5, 43], [5, 77], [6, 81], [6, 50], [6, 22], [6, 8], [6, 9], [7, 38], [7, 8], [7, 9], [7, 10], [7, 26], [8, 9], [8, 10], [8, 87], [8, 28], [8, 15], [9, 49], [9, 84], [9, 11], [9, 93], [10, 65], [10, 68], [10, 37], [10, 21], [10, 13], [10, 15], [11, 16], [11, 52], [11, 55], [11, 59], [11, 93], [11, 14], [12, 32], [12, 95], [12, 52], [12, 79], [12, 46], [13, 16], [13, 38], [13, 14], [13, 15], [14, 16], [14, 17], [14, 51], [14, 36], [14, 65], [14, 40], [14, 28], [14, 60], [15, 48], [15, 18], [15, 34], [15, 84], [15, 76], [16, 19], [16, 38], [16, 92], [17, 18], [17, 19], [17, 20], [17, 66], [18, 21], [18, 73], [18, 77], [18, 93], [19, 33], [19, 59], [19, 61], [19, 79], [20, 21], [20, 23], [20, 92], [21, 24], [21, 78], [21, 63], [22, 25], [22, 42], [22, 63], [23, 56], [23, 55], [23, 88], [23, 25], [23, 26], [24, 87], [24, 71], [24, 27], [24, 37], [25, 43], [25, 28], [25, 62], [26, 48], [26, 65], [26, 75], [26, 52], [26, 29], [27, 83], [27, 78], [27, 86], [27, 29], [27, 94], [27, 45], [28, 41], [28, 30], [29, 75], [29, 35], [29, 70], [29, 58], [29, 46], [29, 31], [30, 34], [30, 82], [30, 78], [31, 33], [31, 94], [31, 78], [32, 50], [32, 35], [32, 68], [32, 39], [32, 52], [32, 91], [33, 34], [33, 35], [33, 36], [34, 35], [34, 81], [34, 39], [35, 36], [35, 37], [35, 38], [36, 54], [36, 38], [36, 58], [37, 51], [37, 39], [38, 83], [38, 41], [39, 48], [39, 41], [40, 64], [40, 46], [40, 42], [40, 43], [41, 66], [41, 56], [41, 42], [41, 71], [41, 63], [42, 50], [42, 43], [42, 45], [43, 44], [43, 45], [43, 46], [44, 51], [44, 46], [44, 47], [45, 48], [45, 94], [46, 88], [46, 47], [47, 48], [47, 53], [47, 55], [47, 61], [48, 80], [48, 84], [49, 50], [49, 52], [49, 68], [50, 51], [50, 63], [51, 54], [51, 76], [52, 77], [52, 87], [52, 88], [53, 54], [53, 55], [53, 56], [54, 67], [54, 56], [54, 57], [55, 56], [55, 58], [56, 90], [57, 58], [57, 60], [57, 74], [58, 60], [58, 61], [59, 82], [59, 92], [59, 60], [59, 61], [60, 61], [60, 63], [61, 62], [62, 65], [62, 90], [62, 63], [63, 66], [64, 66], [64, 67], [65, 86], [66, 81], [66, 67], [67, 68], [67, 70], [68, 71], [69, 83], [69, 70], [69, 71], [69, 72], [69, 82], [70, 71], [70, 72], [70, 73], [71, 72], [71, 73], [72, 73], [72, 74], [72, 75], [73, 74], [73, 75], [73, 76], [74, 75], [74, 76], [74, 77], [75, 85], [75, 76], [76, 93], [76, 79], [77, 80], [77, 94], [77, 93], [77, 78], [77, 79], [78, 80], [78, 79], [79, 87], [79, 88], [80, 81], [80, 82], [81, 82], [81, 86], [81, 89], [82, 83], [82, 93], [83, 84], [83, 89], [84, 85], [84, 87], [85, 87], [85, 91], [87, 88], [89, 92], [90, 91], [90, 92], [90, 93], [91, 92], [91, 93], [91, 94], [92, 95]], "features": {"27": ["cc_1", "deg_7"], "35": ["cc_4", "deg_7"], "43": ["cc_6", "deg_7"], "47": ["cc_3", "deg_7"], "56": ["cc_6", "deg_6"], "23": ["cc_2", "deg_6"], "9": ["cc_4", "deg_7"], "94": ["cc_1", "deg_7"], "0": ["cc_0", "deg_4"], "6": ["cc_3", "deg_5"], "18": ["cc_2", "deg_6"], "14": ["cc_1", "deg_10"], "38": ["cc_3", "deg_7"], "82": ["cc_3", "deg_7"], "68": ["cc_0", "deg_6"], "51": ["cc_0", "deg_7"], "77": ["cc_2", "deg_9"], "19": ["cc_2", "deg_6"], "34": ["cc_2", "deg_6"], "75": ["cc_9", "deg_7"], "11": ["cc_3", "deg_7"], "88": ["cc_4", "deg_6"], "17": ["cc_0", "deg_5"], "25": ["cc_0", "deg_5"], "24": ["cc_0", "deg_5"], "70": ["cc_11", "deg_6"], "15": ["cc_3", "deg_8"], "62": ["cc_0", "deg_5"], "40": ["cc_6", "deg_5"], "30": ["cc_0", "deg_4"], "31": ["cc_0", "deg_4"], "66": ["cc_4", "deg_6"], "36": ["cc_4", "deg_6"], "57": ["cc_5", "deg_4"], "10": ["cc_3", "deg_8"], "49": ["cc_0", "deg_5"], "1": ["cc_13", "deg_5"], "46": ["cc_4", "deg_7"], "60": ["cc_6", "deg_6"], "41": ["cc_1", "deg_8"], "29": ["cc_1", "deg_8"], "74": ["cc_11", "deg_6"], "13": ["cc_10", "deg_5"], "2": ["cc_6", "deg_7"], "7": ["cc_4", "deg_6"], "84": ["cc_4", "deg_6"], "79": ["cc_3", "deg_7"], "90": ["cc_6", "deg_5"], "32": ["cc_1", "deg_7"], "33": ["cc_6", "deg_5"], "55": ["cc_4", "deg_7"], "48": ["cc_1", "deg_7"], "85": ["cc_5", "deg_4"], "5": ["cc_0", "deg_4"], "80": ["cc_6", "deg_5"], "81": ["cc_1", "deg_7"], "86": ["cc_0", "deg_3"], "87": ["cc_4", "deg_7"], "44": ["cc_11", "deg_4"], "39": ["cc_0", "deg_5"], "3": ["cc_4", "deg_7"], "92": ["cc_1", "deg_7"], "28": ["cc_0", "deg_5"], "83": ["cc_2", "deg_6"], "76": ["cc_4", "deg_7"], "72": ["cc_17", "deg_6"], "89": ["cc_0", "deg_3"], "12": ["cc_3", "deg_5"], "59": ["cc_4", "deg_6"], "69": ["cc_13", "deg_5"], "22": ["cc_0", "deg_4"], "50": ["cc_0", "deg_6"], "71": ["cc_7", "deg_7"], "4": ["cc_6", "deg_6"], "78": ["cc_2", "deg_8"], "91": ["cc_4", "deg_6"], "45": ["cc_6", "deg_5"], "42": ["cc_4", "deg_6"], "21": ["cc_0", "deg_6"], "8": ["cc_4", "deg_8"], "53": ["cc_16", "deg_4"], "67": ["cc_3", "deg_5"], "37": ["cc_0", "deg_5"], "95": ["cc_5", "deg_4"], "20": ["cc_0", "deg_4"], "26": ["cc_1", "deg_8"], "93": ["cc_3", "deg_8"], "52": ["cc_2", "deg_8"], "58": ["cc_4", "deg_6"], "63": ["cc_1", "deg_7"], "64": ["cc_11", "deg_3"], "54": ["cc_2", "deg_6"], "65": ["cc_0", "deg_5"], "61": ["cc_6", "deg_6"], "16": ["cc_6", "deg_6"], "73": ["cc_9", "deg_8"]}}