{"label": 1, "edges": [[0, 1], [0, 65], [1, 52], [1, 30], [1, 22], [2, 52], [2, 47], [3, 9], [3, 4], [4, 56], [5, 41], [5, 35], [5, 28], [5, 49], [6, 52], [6, 14], [6, 39], [7, 63], [7, 15], [8, 22], [9, 59], [10, 11], [11, 59], [11, 34], [12, 13], [13, 14], [14, 57], [14, 60], [14, 15], [16, 36], [17, 18], [18, 32], [18, 41], [19, 62], [20, 21], [21, 50], [21, 22], [22, 34], [22, 31], [23, 62], [24, 33], [25, 29], [26, 27], [27, 28], [28, 38], [29, 30], [31, 40], [32, 53], [33, 60], [33, 62], [36, 64], [36, 45], [37, 51], [37, 38], [41, 42], [42, 56], [42, 43], [43, 61], [44, 61], [46, 62], [46, 55], [48, 49], [49, 58], [54, 55], [56, 61], [64, 65]], "features": {"27": ["cc_0", "deg_2"], "35": ["cc_0", "deg_1"], "43": ["cc_0", "deg_2"], "47": ["cc_0", "deg_1"], "32": ["cc_0", "deg_2"], "56": ["cc_0", "deg_3"], "9": ["cc_0", "deg_2"], "33": ["cc_0", "deg_3"], "48": ["cc_0", "deg_1"], "55": ["cc_0", "deg_2"], "0": ["cc_0", "deg_2"], "2": ["cc_0", "deg_2"], "18": ["cc_0", "deg_3"], "5": ["cc_0", "deg_4"], "14": ["cc_0", "deg_5"], "38": ["cc_0", "deg_2"], "44": ["cc_0", "deg_1"], "39": ["cc_0", "deg_1"], "3": ["cc_0", "deg_2"], "28": ["cc_0", "deg_3"], "51": ["cc_0", "deg_1"], "23": ["cc_0", "deg_1"], "19": ["cc_0", "deg_1"], "61": ["cc_0", "deg_3"], "34": ["cc_0", "deg_2"], "11": ["cc_0", "deg_3"], "17": ["cc_0", "deg_1"], "12": ["cc_0", "deg_1"], "25": ["cc_0", "deg_1"], "24": ["cc_0", "deg_1"], "62": ["cc_0", "deg_4"], "59": ["cc_0", "deg_2"], "22": ["cc_0", "deg_5"], "60": ["cc_0", "deg_2"], "65": ["cc_0", "deg_2"], "15": ["cc_0", "deg_2"], "4": ["cc_0", "deg_2"], "37": ["cc_0", "deg_2"], "45": ["cc_0", "deg_1"], "42": ["cc_0", "deg_3"], "30": ["cc_0", "deg_2"], "31": ["cc_0", "deg_2"], "36": ["cc_0", "deg_3"], "57": ["cc_0", "deg_1"], "53": ["cc_0", "deg_1"], "10": ["cc_0", "deg_1"], "49": ["cc_0", "deg_3"], "1": ["cc_0", "deg_4"], "46": ["cc_0", "deg_2"], "26": ["cc_0", "deg_1"], "40": ["cc_0", "deg_1"], "41": ["cc_0", "deg_3"], "20": ["cc_0", "deg_1"], "29": ["cc_0", "deg_2"], "52": ["cc_0", "deg_3"], "58": ["cc_0", "deg_1"], "63": ["cc_0", "deg_1"], "64": ["cc_0", "deg_2"], "13": ["cc_0", "deg_2"], "6": ["cc_0", "deg_3"], "7": ["cc_0", "deg_2"], "50": ["cc_0", "deg_1"], "8": ["cc_0", "deg_1"], "16": ["cc_0", "deg_1"], "54": ["cc_0", "deg_1"], "21": ["cc_0", "deg_3"]}}