{"label": 0, "features": {"1": ["cc_11", "deg_4"], "16": ["cc_6", "deg_5"], "4": ["cc_2", "deg_6"], "21": ["cc_5", "deg_4"], "32": ["cc_5", "deg_4"], "34": ["cc_11", "deg_4"], "7": ["cc_11", "deg_4"], "25": ["cc_0", "deg_3"], "0": ["cc_11", "deg_4"], "39": ["cc_5", "deg_4"], "12": ["cc_5", "deg_4"], "29": ["cc_10", "deg_5"], "28": ["cc_16", "deg_4"], "13": ["cc_0", "deg_3"], "6": ["cc_16", "deg_4"], "30": ["cc_6", "deg_5"], "5": ["cc_11", "deg_4"], "38": ["cc_5", "deg_4"], "3": ["cc_0", "deg_4"], "24": ["cc_0", "deg_5"], "33": ["cc_33", "deg_2"], "23": ["cc_0", "deg_4"], "27": ["cc_5", "deg_4"], "19": ["cc_0", "deg_3"], "36": ["cc_4", "deg_6"], "10": ["cc_11", "deg_3"], "17": ["cc_11", "deg_3"], "11": ["cc_5", "deg_4"], "22": ["cc_5", "deg_4"], "18": ["cc_5", "deg_4"], "31": ["cc_11", "deg_3"], "2": ["cc_5", "deg_4"], "26": ["cc_5", "deg_4"], "20": ["cc_11", "deg_3"], "14": ["cc_3", "deg_5"], "35": ["cc_6", "deg_5"], "9": ["cc_0", "deg_3"], "8": ["cc_5", "deg_4"], "37": ["cc_3", "deg_5"], "15": ["cc_11", "deg_3"]}, "edges": [[0, 1], [0, 2], [0, 38], [0, 39], [1, 2], [1, 3], [1, 39], [2, 4], [2, 36], [3, 18], [3, 5], [3, 13], [4, 35], [4, 22], [4, 38], [4, 6], [4, 5], [5, 6], [5, 7], [6, 8], [6, 7], [7, 8], [7, 23], [8, 9], [8, 10], [9, 24], [9, 11], [10, 11], [10, 12], [11, 12], [11, 37], [12, 30], [12, 14], [13, 14], [13, 39], [14, 16], [14, 24], [14, 15], [15, 16], [15, 37], [16, 17], [16, 18], [16, 31], [17, 18], [17, 19], [18, 35], [19, 20], [19, 36], [20, 21], [20, 22], [21, 29], [21, 22], [21, 23], [22, 24], [23, 24], [23, 25], [24, 26], [25, 26], [25, 27], [26, 28], [26, 29], [27, 32], [27, 28], [27, 29], [28, 29], [28, 30], [29, 30], [30, 32], [30, 31], [31, 32], [32, 34], [33, 34], [33, 35], [34, 35], [34, 36], [35, 36], [36, 37], [36, 38], [37, 38], [37, 39]]}