{"label": 2, "features": {"1": ["cc_0", "deg_3"], "16": ["cc_6", "deg_5"], "4": ["cc_3", "deg_5"], "21": ["cc_11", "deg_3"], "7": ["cc_0", "deg_3"], "25": ["cc_0", "deg_3"], "0": ["cc_0", "deg_2"], "12": ["cc_0", "deg_2"], "29": ["cc_0", "deg_4"], "28": ["cc_0", "deg_3"], "13": ["cc_0", "deg_4"], "6": ["cc_6", "deg_5"], "30": ["cc_5", "deg_4"], "5": ["cc_3", "deg_5"], "3": ["cc_3", "deg_7"], "24": ["cc_33", "deg_2"], "23": ["cc_0", "deg_3"], "27": ["cc_11", "deg_3"], "19": ["cc_11", "deg_3"], "10": ["cc_5", "deg_4"], "17": ["cc_3", "deg_5"], "11": ["cc_0", "deg_2"], "22": ["cc_3", "deg_7"], "18": ["cc_1", "deg_8"], "31": ["cc_3", "deg_5"], "2": ["cc_0", "deg_5"], "26": ["cc_6", "deg_6"], "20": ["cc_5", "deg_4"], "14": ["cc_0", "deg_3"], "9": ["cc_5", "deg_4"], "8": ["cc_0", "deg_4"], "15": ["cc_0", "deg_2"]}, "edges": [[0, 9], [0, 2], [1, 18], [1, 4], [1, 29], [2, 12], [2, 3], [2, 4], [2, 21], [3, 20], [3, 6], [3, 9], [3, 26], [3, 27], [3, 31], [4, 5], [4, 23], [4, 10], [5, 18], [5, 10], [5, 29], [5, 30], [6, 17], [6, 18], [6, 8], [6, 9], [7, 18], [7, 22], [7, 28], [8, 25], [8, 10], [8, 26], [9, 14], [10, 20], [11, 16], [11, 18], [12, 14], [13, 28], [13, 29], [13, 22], [13, 31], [14, 23], [15, 18], [15, 22], [16, 17], [16, 22], [16, 24], [16, 26], [17, 18], [17, 25], [17, 31], [18, 19], [19, 30], [19, 31], [20, 21], [20, 22], [21, 22], [22, 26], [23, 25], [24, 26], [26, 27], [27, 29], [28, 30], [30, 31]]}