{"label": 2, "features": {"47": ["cc_3", "deg_7"], "21": ["cc_3", "deg_5"], "34": ["cc_0", "deg_6"], "41": ["cc_4", "deg_6"], "4": ["cc_4", "deg_6"], "42": ["cc_1", "deg_7"], "12": ["cc_4", "deg_6"], "28": ["cc_0", "deg_5"], "5": ["cc_6", "deg_5"], "3": ["cc_4", "deg_6"], "24": ["cc_1", "deg_8"], "19": ["cc_2", "deg_8"], "36": ["cc_0", "deg_7"], "17": ["cc_3", "deg_5"], "11": ["cc_3", "deg_5"], "22": ["cc_0", "deg_4"], "18": ["cc_4", "deg_6"], "2": ["cc_2", "deg_6"], "46": ["cc_3", "deg_5"], "37": ["cc_0", "deg_5"], "38": ["cc_0", "deg_6"], "9": ["cc_0", "deg_6"], "27": ["cc_2", "deg_6"], "35": ["cc_3", "deg_5"], "1": ["cc_0", "deg_8"], "16": ["cc_0", "deg_6"], "25": ["cc_0", "deg_6"], "7": ["cc_3", "deg_5"], "39": ["cc_0", "deg_6"], "0": ["cc_0", "deg_6"], "29": ["cc_2", "deg_6"], "13": ["cc_11", "deg_3"], "6": ["cc_0", "deg_5"], "30": ["cc_0", "deg_4"], "14": ["cc_3", "deg_5"], "32": ["cc_1", "deg_9"], "45": ["cc_0", "deg_6"], "10": ["cc_3", "deg_5"], "33": ["cc_3", "deg_7"], "23": ["cc_2", "deg_6"], "40": ["cc_0", "deg_9"], "8": ["cc_2", "deg_9"], "44": ["cc_3", "deg_8"], "31": ["cc_0", "deg_4"], "26": ["cc_4", "deg_6"], "43": ["cc_10", "deg_5"], "20": ["cc_1", "deg_7"], "15": ["cc_2", "deg_6"]}, "edges": [[0, 33], [0, 4], [0, 23], [0, 27], [0, 30], [0, 31], [1, 16], [1, 3], [1, 22], [1, 38], [1, 8], [1, 11], [1, 28], [1, 47], [2, 43], [2, 5], [2, 20], [2, 31], [2, 12], [2, 44], [3, 18], [3, 20], [3, 21], [3, 42], [3, 44], [4, 17], [4, 19], [4, 24], [4, 42], [4, 13], [5, 8], [5, 26], [5, 14], [5, 47], [6, 21], [6, 8], [6, 9], [6, 45], [6, 29], [7, 33], [7, 8], [7, 9], [7, 29], [7, 45], [8, 33], [8, 40], [8, 20], [8, 23], [8, 10], [9, 25], [9, 41], [9, 10], [9, 47], [10, 16], [10, 33], [10, 45], [11, 40], [11, 12], [11, 14], [11, 15], [12, 32], [12, 37], [12, 29], [12, 15], [13, 16], [13, 24], [14, 34], [14, 26], [14, 45], [15, 17], [15, 38], [15, 41], [15, 28], [16, 26], [16, 46], [16, 29], [17, 18], [17, 19], [17, 45], [18, 36], [18, 21], [18, 32], [18, 44], [19, 20], [19, 46], [19, 39], [19, 26], [19, 27], [19, 30], [20, 32], [20, 23], [20, 36], [21, 35], [21, 37], [22, 34], [22, 23], [22, 40], [23, 24], [23, 25], [24, 34], [24, 43], [24, 36], [24, 40], [24, 27], [25, 36], [25, 38], [25, 42], [25, 27], [26, 28], [26, 47], [27, 29], [27, 46], [28, 39], [28, 40], [29, 32], [30, 32], [30, 38], [31, 39], [31, 41], [32, 34], [32, 35], [32, 42], [32, 47], [33, 34], [33, 35], [33, 42], [34, 39], [35, 36], [35, 47], [36, 39], [36, 46], [37, 38], [37, 39], [37, 44], [38, 40], [40, 44], [40, 45], [40, 47], [41, 42], [41, 43], [41, 44], [42, 43], [43, 44], [44, 46]]}