{"label": 1, "features": {"1": ["cc_11", "deg_3"], "16": ["cc_0", "deg_3"], "4": ["cc_0", "deg_5"], "21": ["cc_0", "deg_6"], "32": ["cc_3", "deg_5"], "34": ["cc_6", "deg_7"], "7": ["cc_0", "deg_5"], "25": ["cc_0", "deg_3"], "0": ["cc_10", "deg_5"], "12": ["cc_0", "deg_3"], "29": ["cc_0", "deg_3"], "28": ["cc_3", "deg_5"], "13": ["cc_0", "deg_3"], "6": ["cc_0", "deg_3"], "30": ["cc_0", "deg_7"], "5": ["cc_0", "deg_3"], "3": ["cc_2", "deg_6"], "24": ["cc_0", "deg_5"], "33": ["cc_5", "deg_4"], "23": ["cc_0", "deg_3"], "27": ["cc_11", "deg_3"], "19": ["cc_0", "deg_3"], "36": ["cc_22", "deg_4"], "10": ["cc_11", "deg_3"], "17": ["cc_0", "deg_4"], "11": ["cc_5", "deg_4"], "22": ["cc_0", "deg_5"], "18": ["cc_0", "deg_5"], "31": ["cc_5", "deg_4"], "2": ["cc_5", "deg_4"], "26": ["cc_11", "deg_3"], "20": ["cc_0", "deg_3"], "14": ["cc_0", "deg_4"], "35": ["cc_11", "deg_3"], "9": ["cc_5", "deg_4"], "8": ["cc_0", "deg_2"], "37": ["cc_33", "deg_3"], "15": ["cc_0", "deg_4"]}, "edges": [[0, 16], [0, 1], [0, 34], [0, 36], [0, 37], [1, 2], [1, 3], [2, 3], [2, 11], [2, 15], [3, 4], [3, 5], [3, 33], [3, 30], [4, 22], [4, 7], [4, 12], [4, 13], [5, 6], [5, 7], [6, 12], [6, 21], [7, 17], [7, 18], [7, 9], [8, 9], [8, 18], [9, 10], [9, 11], [10, 34], [10, 11], [11, 13], [12, 14], [13, 34], [14, 20], [14, 28], [14, 15], [15, 16], [15, 17], [16, 32], [17, 24], [17, 30], [18, 19], [18, 20], [18, 25], [19, 21], [19, 31], [20, 22], [21, 22], [21, 23], [21, 25], [21, 28], [22, 24], [22, 30], [23, 24], [23, 30], [24, 26], [24, 35], [25, 33], [26, 27], [26, 28], [27, 28], [27, 29], [28, 30], [29, 30], [29, 31], [30, 32], [31, 32], [31, 33], [32, 33], [32, 34], [34, 35], [34, 36], [34, 37], [35, 36], [36, 37]]}