{"label": 0, "edges": [[0, 48], [0, 3], [0, 46], [0, 25], [0, 14], [0, 47], [1, 49], [1, 2], [1, 3], [1, 4], [2, 3], [2, 4], [2, 49], [2, 39], [2, 28], [3, 4], [3, 5], [3, 6], [3, 23], [3, 38], [4, 6], [4, 7], [4, 28], [5, 21], [5, 6], [5, 7], [5, 8], [6, 7], [6, 8], [6, 9], [7, 8], [7, 9], [7, 10], [8, 9], [8, 10], [8, 11], [8, 29], [9, 19], [9, 10], [9, 11], [9, 12], [10, 11], [10, 12], [10, 28], [11, 12], [11, 13], [11, 14], [12, 17], [12, 40], [12, 44], [12, 14], [13, 18], [13, 22], [13, 26], [13, 28], [13, 14], [14, 17], [14, 37], [14, 49], [14, 15], [15, 16], [15, 17], [15, 18], [16, 17], [16, 18], [16, 19], [16, 41], [16, 45], [17, 18], [17, 20], [18, 19], [18, 33], [19, 20], [19, 21], [20, 21], [20, 22], [20, 39], [21, 22], [21, 24], [22, 23], [22, 24], [22, 25], [23, 25], [23, 26], [24, 41], [24, 25], [24, 26], [24, 27], [24, 30], [25, 41], [25, 26], [25, 27], [26, 27], [26, 45], [27, 28], [27, 29], [27, 30], [28, 44], [28, 45], [28, 30], [28, 31], [29, 32], [29, 42], [29, 30], [30, 33], [30, 31], [31, 32], [31, 34], [31, 39], [31, 45], [32, 33], [32, 34], [32, 35], [33, 34], [33, 35], [33, 36], [34, 36], [34, 37], [34, 48], [35, 36], [35, 37], [35, 38], [36, 48], [36, 37], [36, 38], [36, 39], [37, 38], [37, 39], [37, 40], [37, 47], [38, 39], [38, 41], [39, 41], [39, 47], [40, 41], [40, 42], [40, 43], [41, 44], [42, 44], [42, 45], [43, 44], [43, 45], [43, 46], [44, 45], [44, 46], [45, 46], [46, 48], [46, 47], [47, 48], [48, 49]], "features": {"27": ["cc_13", "deg_6"], "35": ["cc_16", "deg_5"], "43": ["cc_16", "deg_4"], "47": ["cc_13", "deg_5"], "32": ["cc_10", "deg_5"], "9": ["cc_14", "deg_7"], "33": ["cc_8", "deg_6"], "48": ["cc_8", "deg_6"], "0": ["cc_6", "deg_6"], "2": ["cc_11", "deg_6"], "18": ["cc_8", "deg_6"], "5": ["cc_13", "deg_5"], "14": ["cc_4", "deg_8"], "38": ["cc_13", "deg_6"], "44": ["cc_7", "deg_7"], "39": ["cc_5", "deg_8"], "3": ["cc_5", "deg_8"], "28": ["cc_4", "deg_9"], "23": ["cc_11", "deg_4"], "19": ["cc_6", "deg_5"], "34": ["cc_11", "deg_6"], "11": ["cc_15", "deg_6"], "17": ["cc_11", "deg_6"], "12": ["cc_7", "deg_7"], "25": ["cc_11", "deg_7"], "24": ["cc_11", "deg_7"], "22": ["cc_8", "deg_6"], "15": ["cc_22", "deg_4"], "4": ["cc_13", "deg_6"], "37": ["cc_8", "deg_8"], "45": ["cc_7", "deg_8"], "42": ["cc_5", "deg_4"], "30": ["cc_8", "deg_6"], "31": ["cc_6", "deg_6"], "36": ["cc_14", "deg_7"], "10": ["cc_15", "deg_6"], "49": ["cc_5", "deg_4"], "1": ["cc_22", "deg_4"], "46": ["cc_13", "deg_6"], "26": ["cc_8", "deg_6"], "40": ["cc_0", "deg_5"], "41": ["cc_3", "deg_7"], "20": ["cc_6", "deg_5"], "29": ["cc_3", "deg_5"], "13": ["cc_2", "deg_6"], "6": ["cc_17", "deg_6"], "7": ["cc_17", "deg_6"], "8": ["cc_14", "deg_7"], "16": ["cc_8", "deg_6"], "21": ["cc_10", "deg_5"]}}