{"label": 2, "features": {"53": ["cc_0", "deg_4"], "47": ["cc_0", "deg_3"], "21": ["cc_11", "deg_3"], "34": ["cc_5", "deg_4"], "41": ["cc_0", "deg_5"], "4": ["cc_5", "deg_4"], "42": ["cc_0", "deg_3"], "12": ["cc_0", "deg_5"], "28": ["cc_0", "deg_2"], "5": ["cc_0", "deg_5"], "65": ["cc_0", "deg_3"], "61": ["cc_0", "deg_5"], "3": ["cc_0", "deg_7"], "64": ["cc_0", "deg_4"], "51": ["cc_5", "deg_4"], "24": ["cc_0", "deg_2"], "56": ["cc_0", "deg_5"], "55": ["cc_3", "deg_5"], "19": ["cc_0", "deg_6"], "54": ["cc_0", "deg_4"], "36": ["cc_0", "deg_2"], "17": ["cc_0", "deg_4"], "11": ["cc_3", "deg_5"], "22": ["cc_0", "deg_4"], "18": ["cc_3", "deg_5"], "59": ["cc_0", "deg_3"], "2": ["cc_0", "deg_2"], "46": ["cc_0", "deg_5"], "37": ["cc_0", "deg_2"], "38": ["cc_0", "deg_5"], "9": ["cc_0", "deg_4"], "27": ["cc_5", "deg_4"], "58": ["cc_0", "deg_3"], "35": ["cc_0", "deg_2"], "1": ["cc_0", "deg_5"], "16": ["cc_0", "deg_2"], "25": ["cc_5", "deg_4"], "7": ["cc_0", "deg_6"], "39": ["cc_0", "deg_2"], "0": ["cc_0", "deg_4"], "29": ["cc_0", "deg_4"], "63": ["cc_0", "deg_8"], "13": ["cc_0", "deg_4"], "6": ["cc_0", "deg_4"], "30": ["cc_0", "deg_4"], "14": ["cc_0", "deg_3"], "32": ["cc_0", "deg_3"], "45": ["cc_0", "deg_4"], "10": ["cc_1", "deg_7"], "33": ["cc_2", "deg_6"], "23": ["cc_0", "deg_2"], "48": ["cc_5", "deg_4"], "40": ["cc_0", "deg_3"], "8": ["cc_0", "deg_4"], "44": ["cc_0", "deg_4"], "31": ["cc_3", "deg_5"], "26": ["cc_0", "deg_3"], "43": ["cc_0", "deg_3"], "57": ["cc_0", "deg_4"], "20": ["cc_0", "deg_3"], "50": ["cc_0", "deg_3"], "62": ["cc_1", "deg_8"], "60": ["cc_0", "deg_3"], "52": ["cc_2", "deg_6"], "15": ["cc_0", "deg_3"], "49": ["cc_0", "deg_3"]}, "edges": [[0, 32], [0, 50], [0, 8], [0, 41], [1, 64], [1, 49], [1, 56], [1, 41], [1, 11], [2, 62], [2, 63], [3, 52], [3, 65], [3, 7], [3, 56], [3, 44], [3, 46], [3, 21], [4, 51], [4, 35], [4, 33], [4, 63], [5, 6], [5, 57], [5, 12], [5, 13], [5, 62], [6, 64], [6, 33], [6, 65], [7, 33], [7, 34], [7, 17], [7, 41], [7, 11], [8, 45], [8, 14], [8, 15], [9, 64], [9, 19], [9, 52], [9, 63], [10, 16], [10, 56], [10, 21], [10, 48], [10, 41], [10, 61], [10, 62], [11, 51], [11, 55], [11, 27], [12, 37], [12, 60], [12, 61], [12, 31], [13, 22], [13, 37], [13, 31], [14, 18], [14, 46], [15, 65], [15, 60], [16, 57], [17, 38], [17, 24], [17, 31], [18, 64], [18, 52], [18, 53], [18, 25], [19, 62], [19, 40], [19, 43], [19, 60], [19, 46], [20, 48], [20, 35], [20, 30], [21, 48], [22, 52], [22, 42], [22, 28], [23, 46], [23, 54], [24, 25], [25, 59], [25, 52], [26, 44], [26, 43], [26, 29], [27, 57], [27, 52], [27, 55], [28, 62], [29, 54], [29, 55], [29, 30], [30, 49], [30, 45], [31, 34], [31, 62], [32, 45], [32, 61], [33, 51], [33, 40], [33, 62], [34, 50], [34, 62], [36, 58], [36, 43], [38, 54], [38, 56], [38, 44], [38, 63], [39, 57], [39, 63], [40, 55], [41, 53], [42, 49], [42, 45], [44, 58], [46, 61], [47, 56], [47, 59], [47, 63], [48, 63], [50, 53], [51, 58], [53, 54], [55, 63], [59, 61]]}