{"label": 1, "edges": [[0, 1], [0, 2], [0, 19], [0, 21], [0, 88], [1, 82], [1, 14], [2, 3], [2, 4], [2, 69], [3, 83], [3, 20], [3, 78], [4, 40], [4, 5], [5, 22], [5, 7], [6, 60], [6, 7], [7, 19], [7, 55], [7, 9], [7, 58], [8, 64], [8, 9], [8, 40], [9, 10], [9, 76], [10, 51], [10, 22], [10, 74], [10, 14], [11, 48], [11, 36], [12, 40], [12, 13], [13, 14], [13, 15], [14, 16], [14, 15], [15, 16], [15, 74], [16, 84], [16, 21], [16, 38], [16, 39], [17, 72], [17, 18], [17, 61], [18, 32], [18, 19], [18, 35], [19, 43], [19, 89], [19, 41], [19, 23], [19, 82], [20, 24], [20, 22], [21, 22], [22, 72], [22, 24], [22, 47], [23, 24], [24, 34], [24, 25], [24, 77], [25, 67], [25, 27], [25, 30], [26, 28], [26, 86], [27, 42], [27, 75], [28, 71], [28, 88], [28, 62], [29, 52], [29, 44], [29, 31], [30, 58], [31, 55], [31, 60], [31, 79], [32, 41], [32, 42], [33, 34], [33, 35], [34, 68], [34, 41], [34, 44], [35, 46], [36, 37], [36, 38], [37, 84], [37, 38], [38, 39], [38, 40], [38, 57], [39, 41], [40, 77], [40, 47], [42, 43], [42, 61], [43, 67], [43, 44], [44, 84], [45, 50], [45, 54], [45, 47], [46, 48], [46, 47], [47, 71], [48, 49], [48, 84], [49, 50], [49, 51], [50, 52], [50, 55], [51, 52], [51, 53], [52, 60], [53, 54], [53, 55], [53, 58], [53, 61], [54, 56], [54, 55], [55, 89], [55, 78], [56, 58], [56, 69], [57, 68], [57, 58], [57, 75], [58, 72], [58, 61], [59, 80], [59, 70], [59, 60], [59, 61], [60, 65], [60, 87], [60, 76], [60, 61], [61, 62], [62, 63], [63, 64], [63, 65], [63, 81], [64, 66], [64, 87], [65, 67], [66, 67], [66, 68], [67, 69], [68, 69], [69, 71], [70, 72], [71, 73], [73, 74], [73, 79], [73, 84], [74, 75], [75, 76], [76, 77], [77, 84], [77, 89], [79, 80], [79, 81], [80, 81], [81, 83], [83, 84], [83, 85], [84, 86], [85, 86], [85, 87], [86, 88], [86, 87], [87, 88]], "features": {"27": ["cc_0", "deg_3"], "35": ["cc_0", "deg_3"], "43": ["cc_0", "deg_4"], "47": ["cc_0", "deg_5"], "56": ["cc_0", "deg_3"], "23": ["cc_0", "deg_2"], "9": ["cc_0", "deg_4"], "0": ["cc_0", "deg_5"], "6": ["cc_0", "deg_2"], "18": ["cc_0", "deg_4"], "14": ["cc_6", "deg_5"], "38": ["cc_4", "deg_6"], "82": ["cc_0", "deg_2"], "68": ["cc_0", "deg_4"], "51": ["cc_0", "deg_4"], "77": ["cc_0", "deg_5"], "19": ["cc_0", "deg_8"], "34": ["cc_0", "deg_5"], "75": ["cc_0", "deg_4"], "11": ["cc_0", "deg_2"], "88": ["cc_5", "deg_4"], "17": ["cc_0", "deg_3"], "25": ["cc_0", "deg_4"], "24": ["cc_2", "deg_6"], "70": ["cc_0", "deg_2"], "15": ["cc_11", "deg_4"], "62": ["cc_0", "deg_3"], "40": ["cc_0", "deg_6"], "30": ["cc_0", "deg_2"], "31": ["cc_0", "deg_4"], "66": ["cc_0", "deg_3"], "36": ["cc_11", "deg_3"], "57": ["cc_0", "deg_4"], "10": ["cc_0", "deg_5"], "49": ["cc_0", "deg_3"], "1": ["cc_0", "deg_3"], "46": ["cc_0", "deg_3"], "60": ["cc_1", "deg_8"], "41": ["cc_0", "deg_4"], "29": ["cc_0", "deg_3"], "74": ["cc_0", "deg_4"], "13": ["cc_11", "deg_3"], "2": ["cc_0", "deg_4"], "7": ["cc_0", "deg_6"], "84": ["cc_0", "deg_8"], "79": ["cc_5", "deg_4"], "32": ["cc_0", "deg_3"], "33": ["cc_0", "deg_2"], "55": ["cc_1", "deg_7"], "48": ["cc_0", "deg_4"], "85": ["cc_11", "deg_3"], "5": ["cc_0", "deg_3"], "80": ["cc_11", "deg_3"], "81": ["cc_5", "deg_4"], "86": ["cc_6", "deg_5"], "87": ["cc_6", "deg_5"], "44": ["cc_0", "deg_4"], "39": ["cc_11", "deg_3"], "3": ["cc_0", "deg_4"], "28": ["cc_0", "deg_4"], "83": ["cc_0", "deg_4"], "76": ["cc_0", "deg_4"], "72": ["cc_0", "deg_4"], "89": ["cc_0", "deg_3"], "12": ["cc_0", "deg_2"], "59": ["cc_5", "deg_4"], "69": ["cc_0", "deg_5"], "22": ["cc_1", "deg_7"], "50": ["cc_0", "deg_4"], "71": ["cc_0", "deg_4"], "4": ["cc_0", "deg_3"], "78": ["cc_0", "deg_2"], "45": ["cc_0", "deg_3"], "42": ["cc_0", "deg_4"], "21": ["cc_0", "deg_3"], "8": ["cc_0", "deg_3"], "53": ["cc_6", "deg_5"], "67": ["cc_0", "deg_5"], "37": ["cc_11", "deg_3"], "20": ["cc_11", "deg_3"], "26": ["cc_0", "deg_2"], "52": ["cc_0", "deg_4"], "58": ["cc_1", "deg_7"], "63": ["cc_0", "deg_4"], "64": ["cc_0", "deg_4"], "54": ["cc_5", "deg_4"], "65": ["cc_0", "deg_3"], "61": ["cc_3", "deg_7"], "16": ["cc_4", "deg_6"], "73": ["cc_0", "deg_4"]}}