{"label": 2, "features": {"53": ["cc_0", "deg_5"], "47": ["cc_1", "deg_7"], "21": ["cc_2", "deg_8"], "34": ["cc_5", "deg_4"], "41": ["cc_3", "deg_5"], "4": ["cc_4", "deg_6"], "42": ["cc_4", "deg_6"], "12": ["cc_3", "deg_7"], "28": ["cc_0", "deg_5"], "5": ["cc_6", "deg_5"], "65": ["cc_5", "deg_4"], "61": ["cc_1", "deg_8"], "3": ["cc_2", "deg_6"], "64": ["cc_0", "deg_4"], "51": ["cc_0", "deg_4"], "24": ["cc_3", "deg_10"], "56": ["cc_1", "deg_8"], "55": ["cc_3", "deg_7"], "19": ["cc_3", "deg_5"], "54": ["cc_1", "deg_8"], "36": ["cc_0", "deg_4"], "17": ["cc_0", "deg_4"], "11": ["cc_2", "deg_6"], "22": ["cc_0", "deg_5"], "18": ["cc_0", "deg_8"], "59": ["cc_0", "deg_9"], "2": ["cc_4", "deg_8"], "46": ["cc_4", "deg_7"], "37": ["cc_6", "deg_6"], "38": ["cc_4", "deg_9"], "9": ["cc_1", "deg_7"], "27": ["cc_3", "deg_5"], "58": ["cc_3", "deg_5"], "35": ["cc_0", "deg_6"], "1": ["cc_4", "deg_6"], "16": ["cc_0", "deg_4"], "25": ["cc_3", "deg_7"], "7": ["cc_1", "deg_9"], "39": ["cc_10", "deg_5"], "0": ["cc_1", "deg_7"], "29": ["cc_0", "deg_3"], "63": ["cc_2", "deg_6"], "13": ["cc_2", "deg_6"], "6": ["cc_6", "deg_7"], "30": ["cc_0", "deg_4"], "14": ["cc_0", "deg_6"], "32": ["cc_1", "deg_7"], "45": ["cc_0", "deg_5"], "10": ["cc_6", "deg_5"], "33": ["cc_2", "deg_6"], "23": ["cc_2", "deg_10"], "48": ["cc_6", "deg_5"], "40": ["cc_0", "deg_4"], "8": ["cc_3", "deg_7"], "44": ["cc_4", "deg_7"], "31": ["cc_2", "deg_6"], "26": ["cc_3", "deg_5"], "43": ["cc_0", "deg_3"], "57": ["cc_0", "deg_6"], "20": ["cc_0", "deg_5"], "50": ["cc_5", "deg_4"], "62": ["cc_0", "deg_9"], "60": ["cc_0", "deg_4"], "52": ["cc_0", "deg_6"], "15": ["cc_1", "deg_7"], "49": ["cc_5", "deg_4"]}, "edges": [[0, 2], [0, 38], [0, 65], [0, 26], [0, 55], [0, 28], [0, 14], [1, 56], [1, 38], [1, 24], [1, 39], [1, 25], [1, 27], [2, 38], [2, 10], [2, 43], [2, 12], [2, 21], [2, 58], [2, 42], [3, 32], [3, 18], [3, 20], [3, 7], [3, 54], [3, 61], [4, 48], [4, 54], [4, 6], [4, 58], [4, 44], [4, 15], [5, 41], [5, 26], [5, 29], [5, 46], [5, 61], [6, 48], [6, 64], [6, 38], [6, 23], [6, 44], [6, 13], [7, 32], [7, 9], [7, 13], [7, 49], [7, 50], [7, 21], [7, 59], [7, 31], [8, 18], [8, 19], [8, 37], [8, 23], [8, 24], [8, 25], [8, 45], [9, 17], [9, 34], [9, 35], [9, 15], [9, 62], [9, 63], [10, 19], [10, 51], [10, 38], [10, 57], [11, 50], [11, 20], [11, 53], [11, 23], [11, 25], [11, 44], [12, 16], [12, 49], [12, 25], [12, 56], [12, 58], [12, 27], [13, 27], [13, 54], [13, 55], [13, 60], [14, 53], [14, 22], [14, 23], [14, 45], [14, 15], [15, 32], [15, 34], [15, 30], [15, 55], [16, 18], [16, 55], [16, 61], [17, 18], [17, 25], [17, 28], [18, 48], [18, 27], [18, 31], [18, 60], [19, 48], [19, 35], [19, 38], [20, 21], [20, 30], [20, 63], [21, 35], [21, 65], [21, 24], [21, 42], [21, 61], [22, 36], [22, 46], [22, 56], [22, 61], [23, 48], [23, 50], [23, 52], [23, 55], [23, 62], [23, 63], [24, 52], [24, 54], [24, 49], [24, 25], [24, 39], [24, 62], [24, 37], [25, 33], [26, 40], [26, 59], [26, 46], [27, 49], [28, 37], [28, 58], [28, 42], [29, 52], [29, 40], [30, 36], [30, 57], [31, 35], [31, 54], [31, 58], [31, 59], [32, 41], [32, 51], [32, 53], [32, 57], [33, 37], [33, 39], [33, 44], [33, 54], [33, 56], [34, 56], [34, 59], [35, 51], [35, 57], [36, 59], [36, 63], [37, 39], [37, 41], [38, 44], [38, 46], [38, 60], [39, 47], [40, 63], [40, 62], [41, 42], [41, 46], [42, 56], [42, 47], [43, 59], [43, 47], [44, 62], [44, 46], [45, 56], [45, 59], [45, 62], [46, 53], [47, 65], [47, 56], [47, 57], [47, 62], [50, 64], [51, 52], [52, 57], [52, 60], [53, 59], [54, 55], [54, 64], [55, 63], [59, 61], [61, 65], [61, 62], [62, 64]]}