{"label": 1, "edges": [[0, 1], [0, 23], [0, 88], [0, 90], [0, 91], [0, 62], [1, 91], [1, 10], [1, 85], [2, 90], [2, 4], [3, 68], [3, 4], [3, 22], [4, 5], [4, 70], [4, 18], [5, 19], [5, 55], [5, 58], [5, 39], [6, 8], [6, 83], [7, 8], [7, 9], [7, 48], [8, 24], [8, 9], [8, 10], [9, 65], [9, 11], [9, 77], [10, 65], [10, 40], [10, 12], [11, 91], [11, 12], [11, 63], [12, 51], [12, 53], [12, 13], [12, 14], [13, 14], [13, 15], [14, 16], [14, 15], [15, 16], [15, 17], [15, 50], [15, 68], [15, 78], [16, 37], [16, 31], [17, 65], [17, 18], [17, 22], [17, 81], [18, 83], [18, 37], [19, 73], [20, 21], [20, 22], [21, 22], [21, 23], [21, 44], [21, 43], [21, 76], [22, 86], [22, 52], [22, 69], [23, 33], [23, 24], [23, 58], [24, 31], [25, 26], [25, 86], [26, 27], [26, 59], [27, 40], [27, 82], [28, 83], [28, 54], [28, 85], [28, 30], [29, 74], [29, 30], [30, 32], [30, 31], [31, 32], [31, 33], [31, 78], [32, 33], [32, 85], [33, 52], [34, 35], [34, 36], [35, 64], [35, 84], [35, 36], [36, 37], [36, 63], [37, 64], [37, 53], [37, 56], [37, 82], [38, 40], [38, 39], [39, 81], [39, 82], [39, 40], [39, 57], [39, 46], [40, 88], [40, 41], [41, 49], [41, 81], [42, 64], [42, 44], [43, 85], [44, 45], [45, 53], [45, 47], [46, 47], [47, 52], [47, 54], [48, 80], [48, 49], [48, 68], [49, 51], [49, 56], [49, 90], [50, 51], [51, 65], [52, 53], [54, 56], [55, 65], [55, 56], [55, 60], [56, 62], [57, 72], [57, 58], [58, 59], [59, 83], [59, 60], [60, 82], [60, 68], [61, 62], [61, 63], [62, 70], [63, 65], [64, 65], [66, 68], [66, 70], [67, 76], [67, 68], [67, 69], [69, 83], [69, 70], [69, 71], [71, 72], [71, 73], [72, 74], [72, 79], [73, 74], [73, 75], [74, 75], [74, 76], [75, 76], [75, 77], [77, 78], [77, 79], [79, 80], [79, 81], [80, 81], [80, 82], [82, 86], [84, 89], [84, 86], [85, 86], [85, 87], [87, 88], [87, 89], [89, 90], [89, 91]], "features": {"27": ["cc_0", "deg_3"], "35": ["cc_5", "deg_4"], "43": ["cc_0", "deg_2"], "47": ["cc_0", "deg_4"], "56": ["cc_0", "deg_5"], "23": ["cc_0", "deg_5"], "9": ["cc_3", "deg_5"], "0": ["cc_2", "deg_6"], "6": ["cc_0", "deg_2"], "18": ["cc_0", "deg_4"], "14": ["cc_16", "deg_4"], "38": ["cc_33", "deg_2"], "82": ["cc_0", "deg_6"], "68": ["cc_0", "deg_6"], "51": ["cc_0", "deg_4"], "77": ["cc_0", "deg_4"], "19": ["cc_0", "deg_2"], "34": ["cc_33", "deg_2"], "75": ["cc_11", "deg_4"], "11": ["cc_0", "deg_4"], "88": ["cc_0", "deg_3"], "17": ["cc_0", "deg_5"], "25": ["cc_0", "deg_2"], "24": ["cc_0", "deg_3"], "70": ["cc_0", "deg_4"], "15": ["cc_3", "deg_7"], "62": ["cc_0", "deg_4"], "40": ["cc_2", "deg_6"], "30": ["cc_5", "deg_4"], "31": ["cc_4", "deg_6"], "66": ["cc_0", "deg_2"], "36": ["cc_5", "deg_4"], "57": ["cc_0", "deg_3"], "10": ["cc_0", "deg_5"], "49": ["cc_0", "deg_5"], "1": ["cc_5", "deg_4"], "46": ["cc_0", "deg_2"], "60": ["cc_0", "deg_4"], "41": ["cc_0", "deg_3"], "29": ["cc_0", "deg_2"], "74": ["cc_6", "deg_5"], "13": ["cc_22", "deg_3"], "2": ["cc_0", "deg_2"], "7": ["cc_11", "deg_3"], "84": ["cc_0", "deg_3"], "79": ["cc_5", "deg_4"], "90": ["cc_0", "deg_4"], "32": ["cc_11", "deg_4"], "33": ["cc_5", "deg_4"], "55": ["cc_0", "deg_4"], "48": ["cc_0", "deg_4"], "85": ["cc_0", "deg_6"], "5": ["cc_0", "deg_5"], "80": ["cc_5", "deg_4"], "81": ["cc_3", "deg_5"], "86": ["cc_0", "deg_5"], "87": ["cc_0", "deg_3"], "44": ["cc_0", "deg_3"], "39": ["cc_1", "deg_7"], "3": ["cc_0", "deg_3"], "28": ["cc_0", "deg_4"], "83": ["cc_0", "deg_5"], "76": ["cc_5", "deg_4"], "72": ["cc_0", "deg_4"], "89": ["cc_0", "deg_4"], "12": ["cc_2", "deg_6"], "59": ["cc_0", "deg_4"], "69": ["cc_0", "deg_5"], "22": ["cc_1", "deg_7"], "50": ["cc_0", "deg_2"], "71": ["cc_0", "deg_3"], "4": ["cc_0", "deg_5"], "78": ["cc_0", "deg_3"], "91": ["cc_5", "deg_4"], "45": ["cc_0", "deg_3"], "42": ["cc_0", "deg_2"], "21": ["cc_2", "deg_6"], "8": ["cc_3", "deg_5"], "53": ["cc_0", "deg_4"], "67": ["cc_0", "deg_3"], "37": ["cc_0", "deg_7"], "20": ["cc_33", "deg_2"], "26": ["cc_0", "deg_3"], "52": ["cc_0", "deg_4"], "58": ["cc_0", "deg_4"], "63": ["cc_0", "deg_4"], "64": ["cc_0", "deg_4"], "54": ["cc_0", "deg_3"], "65": ["cc_0", "deg_7"], "61": ["cc_0", "deg_2"], "16": ["cc_5", "deg_4"], "73": ["cc_5", "deg_4"]}}