{"label": 1, "features": {"53": ["cc_0", "deg_4"], "47": ["cc_0", "deg_3"], "68": ["cc_5", "deg_4"], "21": ["cc_0", "deg_3"], "34": ["cc_0", "deg_2"], "67": ["cc_0", "deg_3"], "41": ["cc_0", "deg_4"], "4": ["cc_0", "deg_5"], "42": ["cc_0", "deg_2"], "12": ["cc_3", "deg_5"], "28": ["cc_0", "deg_3"], "66": ["cc_3", "deg_5"], "5": ["cc_3", "deg_5"], "65": ["cc_0", "deg_4"], "61": ["cc_0", "deg_5"], "3": ["cc_0", "deg_4"], "64": ["cc_0", "deg_5"], "51": ["cc_0", "deg_4"], "24": ["cc_0", "deg_3"], "56": ["cc_0", "deg_7"], "55": ["cc_0", "deg_3"], "19": ["cc_0", "deg_4"], "54": ["cc_0", "deg_3"], "36": ["cc_0", "deg_2"], "17": ["cc_0", "deg_2"], "11": ["cc_2", "deg_6"], "22": ["cc_0", "deg_5"], "18": ["cc_1", "deg_7"], "59": ["cc_0", "deg_5"], "2": ["cc_0", "deg_2"], "46": ["cc_0", "deg_6"], "37": ["cc_0", "deg_6"], "38": ["cc_0", "deg_3"], "9": ["cc_0", "deg_3"], "27": ["cc_3", "deg_5"], "58": ["cc_0", "deg_2"], "35": ["cc_0", "deg_4"], "1": ["cc_11", "deg_4"], "16": ["cc_0", "deg_4"], "25": ["cc_11", "deg_3"], "7": ["cc_5", "deg_4"], "39": ["cc_0", "deg_3"], "0": ["cc_2", "deg_6"], "29": ["cc_0", "deg_3"], "63": ["cc_2", "deg_6"], "13": ["cc_3", "deg_7"], "6": ["cc_11", "deg_3"], "30": ["cc_5", "deg_4"], "14": ["cc_0", "deg_3"], "32": ["cc_3", "deg_5"], "45": ["cc_0", "deg_3"], "10": ["cc_0", "deg_3"], "33": ["cc_0", "deg_2"], "23": ["cc_0", "deg_4"], "48": ["cc_1", "deg_7"], "40": ["cc_0", "deg_3"], "8": ["cc_11", "deg_3"], "44": ["cc_0", "deg_2"], "31": ["cc_11", "deg_4"], "26": ["cc_6", "deg_5"], "43": ["cc_0", "deg_4"], "57": ["cc_0", "deg_3"], "20": ["cc_3", "deg_5"], "50": ["cc_0", "deg_3"], "62": ["cc_0", "deg_5"], "60": ["cc_0", "deg_5"], "52": ["cc_0", "deg_2"], "15": ["cc_6", "deg_5"], "49": ["cc_0", "deg_5"]}, "edges": [[0, 1], [0, 67], [0, 68], [0, 37], [0, 9], [0, 42], [1, 68], [1, 8], [1, 63], [2, 49], [2, 3], [3, 60], [3, 5], [3, 62], [4, 32], [4, 49], [4, 41], [4, 44], [4, 18], [5, 33], [5, 21], [5, 6], [5, 7], [6, 64], [6, 7], [7, 65], [7, 27], [8, 12], [8, 63], [9, 10], [9, 46], [10, 11], [10, 12], [11, 16], [11, 35], [11, 57], [11, 13], [11, 15], [12, 48], [12, 66], [12, 13], [13, 65], [13, 50], [13, 20], [13, 55], [13, 15], [14, 16], [14, 39], [14, 15], [15, 34], [15, 20], [16, 41], [16, 61], [17, 18], [17, 19], [18, 20], [18, 22], [18, 26], [18, 61], [18, 31], [19, 64], [19, 42], [19, 46], [20, 67], [20, 57], [21, 38], [21, 22], [22, 24], [22, 57], [22, 47], [23, 32], [23, 56], [23, 25], [23, 43], [24, 48], [24, 55], [25, 26], [25, 27], [26, 51], [26, 27], [26, 31], [27, 49], [27, 56], [28, 51], [28, 29], [28, 30], [29, 53], [29, 37], [30, 32], [30, 56], [30, 31], [31, 32], [32, 62], [33, 48], [34, 35], [35, 60], [35, 61], [36, 37], [36, 53], [37, 39], [37, 56], [37, 52], [38, 66], [38, 63], [39, 46], [40, 67], [40, 52], [40, 62], [41, 68], [41, 43], [43, 60], [43, 45], [44, 46], [45, 46], [45, 47], [46, 48], [47, 48], [48, 50], [48, 66], [49, 51], [49, 54], [50, 51], [53, 59], [53, 54], [54, 56], [55, 56], [56, 58], [58, 59], [59, 60], [59, 61], [59, 63], [60, 65], [61, 62], [62, 63], [63, 64], [64, 65], [64, 66], [66, 68]]}