{"label": 1, "edges": [[0, 2], [0, 36], [0, 21], [0, 23], [0, 45], [0, 46], [1, 42], [1, 44], [1, 46], [1, 31], [2, 35], [2, 39], [3, 4], [3, 5], [3, 11], [3, 30], [3, 37], [4, 20], [4, 5], [5, 6], [5, 7], [6, 8], [6, 10], [7, 9], [7, 25], [8, 34], [8, 20], [8, 22], [8, 39], [9, 17], [9, 10], [10, 36], [10, 12], [11, 21], [12, 34], [12, 13], [12, 14], [13, 45], [13, 14], [14, 16], [14, 18], [14, 15], [15, 17], [15, 34], [16, 18], [16, 21], [17, 18], [17, 19], [18, 35], [18, 33], [19, 20], [19, 21], [19, 40], [19, 41], [20, 41], [20, 27], [21, 22], [21, 23], [22, 38], [22, 25], [23, 24], [23, 25], [24, 26], [24, 44], [25, 26], [25, 27], [26, 27], [26, 28], [27, 33], [27, 28], [27, 44], [28, 46], [28, 30], [29, 38], [29, 30], [29, 31], [30, 32], [31, 32], [32, 33], [32, 34], [32, 42], [33, 34], [34, 45], [36, 43], [37, 39], [38, 40], [39, 40], [40, 41], [42, 44], [43, 44], [43, 45], [44, 45], [44, 46], [45, 46]], "features": {"27": ["cc_4", "deg_6"], "35": ["cc_0", "deg_2"], "43": ["cc_11", "deg_3"], "32": ["cc_3", "deg_5"], "9": ["cc_0", "deg_3"], "33": ["cc_5", "deg_4"], "0": ["cc_4", "deg_6"], "2": ["cc_0", "deg_3"], "18": ["cc_3", "deg_5"], "5": ["cc_5", "deg_4"], "14": ["cc_6", "deg_5"], "38": ["cc_0", "deg_3"], "44": ["cc_6", "deg_7"], "39": ["cc_0", "deg_4"], "3": ["cc_3", "deg_5"], "28": ["cc_5", "deg_4"], "23": ["cc_5", "deg_4"], "19": ["cc_6", "deg_5"], "34": ["cc_2", "deg_6"], "11": ["cc_0", "deg_2"], "17": ["cc_0", "deg_4"], "12": ["cc_5", "deg_4"], "25": ["cc_3", "deg_5"], "24": ["cc_0", "deg_3"], "22": ["cc_0", "deg_4"], "15": ["cc_0", "deg_3"], "4": ["cc_11", "deg_3"], "37": ["cc_0", "deg_2"], "45": ["cc_6", "deg_6"], "42": ["cc_11", "deg_3"], "30": ["cc_0", "deg_4"], "31": ["cc_0", "deg_3"], "36": ["cc_0", "deg_3"], "10": ["cc_0", "deg_4"], "1": ["cc_11", "deg_4"], "46": ["cc_10", "deg_5"], "26": ["cc_11", "deg_4"], "40": ["cc_5", "deg_4"], "41": ["cc_22", "deg_3"], "20": ["cc_3", "deg_5"], "29": ["cc_0", "deg_3"], "13": ["cc_11", "deg_3"], "6": ["cc_0", "deg_3"], "7": ["cc_0", "deg_3"], "8": ["cc_0", "deg_5"], "16": ["cc_11", "deg_3"], "21": ["cc_2", "deg_6"]}}