{"label": 2, "edges": [[0, 17], [0, 2], [0, 57], [1, 4], [1, 24], [1, 26], [1, 28], [2, 67], [2, 4], [2, 37], [2, 20], [2, 63], [3, 16], [3, 6], [3, 24], [3, 38], [3, 31], [4, 64], [4, 52], [4, 7], [4, 42], [4, 59], [5, 16], [5, 17], [5, 37], [5, 46], [6, 32], [6, 18], [6, 52], [6, 7], [6, 60], [6, 46], [7, 37], [7, 8], [7, 10], [7, 60], [8, 48], [8, 34], [8, 39], [8, 30], [8, 53], [9, 66], [9, 59], [9, 39], [9, 11], [9, 12], [10, 43], [10, 20], [10, 23], [10, 11], [10, 12], [10, 14], [11, 12], [11, 61], [11, 47], [12, 16], [12, 25], [12, 58], [12, 62], [13, 17], [13, 37], [13, 65], [13, 41], [13, 27], [13, 21], [14, 16], [14, 17], [14, 56], [15, 17], [15, 33], [15, 25], [15, 26], [15, 27], [16, 39], [16, 29], [16, 31], [17, 35], [17, 20], [17, 22], [17, 51], [18, 66], [18, 38], [18, 39], [18, 40], [18, 42], [18, 53], [18, 29], [19, 65], [19, 20], [19, 21], [19, 22], [20, 34], [20, 21], [20, 65], [20, 62], [20, 45], [21, 22], [21, 41], [21, 42], [22, 23], [22, 24], [22, 28], [23, 39], [23, 26], [24, 33], [24, 57], [24, 61], [24, 30], [25, 53], [25, 26], [25, 44], [25, 29], [25, 46], [26, 66], [26, 43], [26, 57], [26, 44], [27, 33], [27, 51], [28, 46], [28, 30], [29, 44], [29, 47], [30, 66], [30, 38], [30, 57], [30, 63], [31, 32], [31, 64], [31, 34], [31, 41], [32, 33], [32, 34], [32, 54], [33, 64], [33, 40], [33, 48], [34, 62], [35, 36], [35, 37], [35, 56], [36, 64], [36, 49], [36, 37], [36, 40], [36, 61], [36, 46], [37, 38], [38, 40], [38, 43], [38, 47], [38, 54], [38, 56], [39, 51], [39, 54], [40, 65], [40, 45], [40, 46], [40, 55], [40, 62], [41, 65], [41, 42], [42, 67], [42, 45], [43, 50], [44, 48], [44, 53], [44, 56], [45, 56], [45, 46], [46, 64], [46, 48], [46, 54], [46, 55], [47, 67], [47, 53], [47, 56], [48, 49], [49, 52], [49, 56], [49, 60], [49, 63], [50, 64], [50, 52], [50, 53], [51, 53], [52, 53], [54, 57], [55, 58], [56, 64], [56, 57], [56, 59], [57, 59], [58, 59], [58, 61], [59, 64], [60, 62], [61, 67], [61, 62], [62, 64], [62, 65], [62, 63], [63, 64], [63, 65]], "features": {"27": ["cc_5", "deg_4"], "35": ["cc_5", "deg_4"], "43": ["cc_0", "deg_4"], "47": ["cc_2", "deg_6"], "32": ["cc_3", "deg_5"], "56": ["cc_2", "deg_10"], "9": ["cc_3", "deg_5"], "33": ["cc_1", "deg_7"], "48": ["cc_0", "deg_5"], "55": ["cc_11", "deg_3"], "0": ["cc_0", "deg_3"], "2": ["cc_0", "deg_6"], "18": ["cc_1", "deg_8"], "5": ["cc_0", "deg_4"], "14": ["cc_0", "deg_4"], "38": ["cc_1", "deg_9"], "44": ["cc_6", "deg_6"], "39": ["cc_0", "deg_7"], "3": ["cc_3", "deg_5"], "28": ["cc_0", "deg_4"], "51": ["cc_0", "deg_4"], "23": ["cc_0", "deg_4"], "19": ["cc_16", "deg_4"], "61": ["cc_0", "deg_6"], "34": ["cc_6", "deg_5"], "11": ["cc_6", "deg_5"], "17": ["cc_0", "deg_9"], "12": ["cc_3", "deg_7"], "25": ["cc_6", "deg_7"], "24": ["cc_1", "deg_7"], "62": ["cc_4", "deg_9"], "59": ["cc_6", "deg_6"], "22": ["cc_2", "deg_6"], "60": ["cc_5", "deg_4"], "65": ["cc_7", "deg_7"], "15": ["cc_6", "deg_5"], "4": ["cc_1", "deg_7"], "37": ["cc_1", "deg_7"], "45": ["cc_3", "deg_5"], "42": ["cc_2", "deg_6"], "30": ["cc_1", "deg_7"], "31": ["cc_4", "deg_6"], "66": ["cc_0", "deg_4"], "36": ["cc_4", "deg_7"], "67": ["cc_0", "deg_4"], "57": ["cc_3", "deg_7"], "53": ["cc_2", "deg_8"], "10": ["cc_1", "deg_7"], "49": ["cc_0", "deg_6"], "1": ["cc_0", "deg_4"], "46": ["cc_2", "deg_11"], "26": ["cc_2", "deg_8"], "40": ["cc_4", "deg_9"], "41": ["cc_10", "deg_5"], "20": ["cc_3", "deg_9"], "29": ["cc_3", "deg_5"], "52": ["cc_3", "deg_5"], "58": ["cc_0", "deg_4"], "63": ["cc_4", "deg_6"], "64": ["cc_2", "deg_10"], "13": ["cc_4", "deg_6"], "6": ["cc_1", "deg_7"], "7": ["cc_2", "deg_6"], "50": ["cc_5", "deg_4"], "8": ["cc_0", "deg_6"], "16": ["cc_1", "deg_7"], "54": ["cc_0", "deg_5"], "21": ["cc_8", "deg_6"]}}