{"label": 2, "features": {"1": ["cc_3", "deg_8"], "16": ["cc_11", "deg_3"], "4": ["cc_5", "deg_4"], "21": ["cc_5", "deg_4"], "7": ["cc_0", "deg_3"], "25": ["cc_5", "deg_4"], "0": ["cc_3", "deg_5"], "12": ["cc_0", "deg_3"], "13": ["cc_33", "deg_2"], "6": ["cc_0", "deg_4"], "5": ["cc_0", "deg_5"], "3": ["cc_6", "deg_5"], "24": ["cc_0", "deg_4"], "23": ["cc_0", "deg_3"], "19": ["cc_11", "deg_4"], "10": ["cc_11", "deg_3"], "17": ["cc_0", "deg_2"], "11": ["cc_0", "deg_4"], "22": ["cc_3", "deg_5"], "18": ["cc_4", "deg_7"], "2": ["cc_0", "deg_4"], "20": ["cc_5", "deg_4"], "14": ["cc_22", "deg_3"], "9": ["cc_0", "deg_4"], "8": ["cc_0", "deg_3"], "15": ["cc_0", "deg_4"]}, "edges": [[0, 5], [0, 6], [0, 18], [0, 14], [0, 15], [1, 3], [1, 2], [1, 19], [1, 9], [1, 25], [1, 10], [1, 13], [1, 15], [2, 20], [2, 21], [2, 6], [3, 4], [3, 21], [3, 11], [3, 13], [4, 21], [4, 23], [4, 12], [5, 17], [5, 22], [5, 8], [5, 12], [6, 17], [6, 7], [7, 8], [7, 18], [8, 25], [9, 18], [9, 24], [9, 12], [10, 19], [10, 11], [11, 16], [11, 24], [14, 18], [14, 20], [15, 22], [15, 23], [16, 18], [16, 22], [18, 20], [18, 22], [19, 24], [19, 25], [20, 25], [21, 22], [23, 24]]}