{"label": 0, "features": {"1": ["cc_11", "deg_6"], "16": ["cc_5", "deg_8"], "4": ["cc_11", "deg_6"], "21": ["cc_6", "deg_5"], "7": ["cc_17", "deg_6"], "25": ["cc_22", "deg_4"], "0": ["cc_11", "deg_7"], "12": ["cc_13", "deg_5"], "28": ["cc_6", "deg_9"], "13": ["cc_10", "deg_5"], "6": ["cc_11", "deg_8"], "5": ["cc_20", "deg_5"], "3": ["cc_13", "deg_5"], "24": ["cc_0", "deg_3"], "23": ["cc_10", "deg_5"], "27": ["cc_10", "deg_5"], "19": ["cc_13", "deg_5"], "10": ["cc_6", "deg_5"], "17": ["cc_4", "deg_8"], "11": ["cc_9", "deg_7"], "22": ["cc_11", "deg_6"], "18": ["cc_8", "deg_6"], "2": ["cc_7", "deg_7"], "26": ["cc_6", "deg_5"], "20": ["cc_13", "deg_5"], "14": ["cc_8", "deg_6"], "9": ["cc_11", "deg_8"], "8": ["cc_13", "deg_8"], "15": ["cc_8", "deg_6"]}, "edges": [[0, 16], [0, 1], [0, 2], [0, 22], [0, 25], [0, 27], [0, 28], [1, 11], [1, 2], [1, 3], [1, 4], [1, 28], [2, 4], [2, 5], [2, 17], [2, 10], [2, 28], [3, 6], [3, 9], [3, 11], [3, 14], [4, 5], [4, 6], [4, 7], [4, 24], [5, 6], [5, 7], [5, 8], [6, 16], [6, 7], [6, 8], [6, 9], [6, 12], [7, 8], [7, 9], [7, 10], [8, 9], [8, 10], [8, 11], [8, 12], [8, 26], [9, 21], [9, 26], [9, 11], [9, 12], [10, 12], [10, 13], [11, 21], [11, 13], [11, 14], [12, 14], [13, 16], [13, 14], [13, 15], [14, 16], [14, 18], [15, 16], [15, 17], [15, 18], [15, 20], [15, 26], [16, 17], [16, 18], [16, 24], [17, 19], [17, 21], [17, 22], [17, 23], [17, 27], [18, 19], [18, 20], [18, 28], [19, 20], [19, 21], [19, 22], [20, 22], [20, 23], [21, 28], [22, 23], [22, 25], [23, 26], [23, 28], [24, 27], [25, 27], [25, 28], [26, 28], [27, 28]]}