{"label": 0, "features": {"53": ["cc_0", "deg_4"], "47": ["cc_0", "deg_2"], "68": ["cc_10", "deg_5"], "21": ["cc_16", "deg_4"], "34": ["cc_11", "deg_4"], "67": ["cc_22", "deg_3"], "41": ["cc_33", "deg_2"], "4": ["cc_0", "deg_4"], "42": ["cc_22", "deg_3"], "12": ["cc_11", "deg_4"], "28": ["cc_4", "deg_6"], "66": ["cc_11", "deg_3"], "5": ["cc_0", "deg_4"], "65": ["cc_0", "deg_3"], "61": ["cc_0", "deg_2"], "3": ["cc_0", "deg_3"], "64": ["cc_0", "deg_4"], "51": ["cc_6", "deg_5"], "24": ["cc_0", "deg_5"], "56": ["cc_11", "deg_3"], "55": ["cc_11", "deg_3"], "19": ["cc_5", "deg_4"], "54": ["cc_0", "deg_4"], "36": ["cc_5", "deg_4"], "17": ["cc_0", "deg_3"], "11": ["cc_10", "deg_5"], "22": ["cc_3", "deg_8"], "71": ["cc_11", "deg_4"], "18": ["cc_0", "deg_4"], "59": ["cc_0", "deg_3"], "2": ["cc_5", "deg_4"], "46": ["cc_0", "deg_2"], "37": ["cc_11", "deg_3"], "38": ["cc_3", "deg_5"], "73": ["cc_11", "deg_4"], "9": ["cc_5", "deg_4"], "27": ["cc_6", "deg_6"], "58": ["cc_0", "deg_5"], "35": ["cc_10", "deg_5"], "1": ["cc_6", "deg_5"], "16": ["cc_0", "deg_5"], "25": ["cc_5", "deg_4"], "7": ["cc_5", "deg_4"], "39": ["cc_5", "deg_4"], "0": ["cc_11", "deg_3"], "29": ["cc_5", "deg_4"], "63": ["cc_0", "deg_2"], "13": ["cc_16", "deg_4"], "6": ["cc_33", "deg_2"], "30": ["cc_0", "deg_6"], "14": ["cc_5", "deg_4"], "32": ["cc_0", "deg_3"], "45": ["cc_5", "deg_4"], "10": ["cc_5", "deg_4"], "33": ["cc_4", "deg_6"], "23": ["cc_3", "deg_5"], "69": ["cc_16", "deg_4"], "76": ["cc_11", "deg_4"], "48": ["cc_0", "deg_3"], "40": ["cc_0", "deg_3"], "72": ["cc_11", "deg_4"], "8": ["cc_5", "deg_4"], "44": ["cc_6", "deg_5"], "31": ["cc_5", "deg_4"], "75": ["cc_0", "deg_4"], "26": ["cc_22", "deg_3"], "43": ["cc_16", "deg_4"], "57": ["cc_0", "deg_2"], "20": ["cc_4", "deg_6"], "50": ["cc_4", "deg_6"], "62": ["cc_0", "deg_4"], "60": ["cc_0", "deg_4"], "52": ["cc_5", "deg_4"], "15": ["cc_11", "deg_3"], "74": ["cc_3", "deg_5"], "70": ["cc_3", "deg_7"], "49": ["cc_11", "deg_3"]}, "edges": [[0, 1], [0, 50], [0, 76], [1, 2], [1, 20], [1, 28], [1, 76], [2, 64], [2, 4], [2, 76], [3, 48], [3, 44], [3, 4], [4, 5], [4, 22], [5, 45], [5, 30], [5, 7], [6, 8], [6, 7], [7, 8], [7, 9], [8, 10], [8, 20], [9, 10], [9, 11], [9, 58], [10, 11], [10, 24], [11, 12], [11, 13], [11, 15], [12, 40], [12, 13], [12, 14], [13, 14], [13, 15], [14, 16], [14, 70], [15, 16], [16, 17], [16, 18], [16, 65], [17, 19], [17, 28], [18, 51], [18, 19], [18, 70], [19, 20], [19, 21], [20, 21], [20, 22], [20, 53], [21, 22], [21, 23], [22, 56], [22, 50], [22, 23], [22, 55], [22, 30], [23, 24], [23, 25], [23, 61], [24, 74], [24, 58], [24, 30], [25, 26], [25, 27], [25, 46], [26, 27], [26, 28], [27, 48], [27, 28], [27, 29], [27, 63], [28, 54], [28, 29], [29, 30], [29, 31], [30, 32], [30, 46], [31, 33], [31, 35], [31, 75], [32, 33], [32, 70], [33, 34], [33, 35], [33, 60], [33, 45], [34, 35], [34, 36], [34, 62], [35, 36], [35, 37], [36, 74], [36, 38], [37, 38], [37, 39], [38, 40], [38, 54], [38, 39], [39, 72], [39, 51], [40, 75], [41, 42], [41, 43], [42, 43], [42, 44], [43, 44], [43, 45], [44, 68], [44, 45], [47, 48], [47, 49], [49, 50], [49, 51], [50, 51], [50, 52], [50, 59], [51, 52], [52, 53], [52, 54], [53, 70], [53, 55], [54, 75], [55, 56], [56, 58], [57, 58], [57, 59], [58, 60], [59, 60], [60, 62], [61, 62], [62, 64], [63, 64], [64, 65], [65, 66], [66, 67], [66, 68], [67, 68], [67, 69], [68, 69], [68, 70], [69, 70], [69, 71], [70, 71], [71, 72], [71, 73], [72, 73], [72, 74], [73, 74], [73, 75], [74, 76]]}