{"label": 2, "edges": [[0, 35], [0, 2], [0, 3], [0, 87], [0, 27], [0, 61], [1, 19], [1, 51], [1, 82], [1, 3], [1, 46], [1, 31], [2, 5], [2, 86], [2, 9], [2, 29], [3, 29], [3, 65], [3, 76], [3, 13], [3, 85], [4, 37], [4, 73], [4, 74], [4, 75], [4, 46], [4, 79], [4, 82], [4, 22], [4, 5], [5, 37], [5, 43], [5, 14], [5, 82], [5, 57], [5, 59], [5, 31], [6, 18], [6, 52], [6, 37], [6, 14], [6, 30], [6, 53], [7, 84], [7, 32], [7, 10], [7, 27], [8, 27], [8, 20], [8, 55], [8, 23], [9, 86], [9, 24], [9, 43], [9, 18], [10, 66], [10, 42], [10, 58], [10, 55], [10, 62], [11, 64], [11, 53], [11, 71], [11, 58], [11, 87], [11, 13], [12, 81], [12, 33], [12, 24], [12, 60], [12, 13], [12, 78], [13, 33], [13, 51], [13, 84], [13, 24], [13, 26], [14, 73], [14, 44], [14, 46], [14, 79], [15, 65], [15, 49], [15, 55], [16, 18], [16, 54], [16, 28], [16, 74], [16, 44], [17, 35], [17, 19], [17, 36], [18, 22], [18, 71], [18, 73], [19, 83], [19, 70], [19, 42], [19, 30], [20, 86], [20, 22], [20, 38], [20, 75], [20, 28], [21, 83], [21, 53], [21, 22], [21, 24], [21, 78], [22, 54], [22, 24], [22, 23], [22, 60], [22, 62], [23, 35], [23, 85], [23, 24], [23, 57], [23, 26], [24, 49], [25, 80], [25, 33], [25, 68], [25, 88], [25, 71], [25, 27], [25, 26], [26, 81], [26, 72], [26, 41], [26, 63], [27, 64], [27, 29], [27, 77], [27, 45], [28, 50], [28, 41], [28, 71], [28, 31], [29, 64], [29, 59], [30, 33], [30, 34], [30, 85], [30, 73], [30, 66], [31, 34], [31, 67], [31, 84], [31, 54], [32, 35], [32, 68], [32, 55], [32, 47], [33, 34], [33, 36], [33, 39], [33, 43], [33, 48], [33, 85], [34, 36], [34, 53], [35, 37], [35, 78], [35, 53], [36, 37], [36, 54], [36, 72], [36, 60], [36, 85], [37, 88], [37, 52], [38, 64], [38, 68], [38, 61], [39, 54], [39, 49], [39, 88], [39, 71], [40, 65], [40, 51], [40, 88], [40, 41], [40, 62], [41, 80], [41, 72], [41, 71], [41, 74], [42, 52], [42, 75], [42, 63], [43, 47], [43, 80], [43, 56], [43, 62], [44, 82], [44, 66], [44, 84], [44, 61], [44, 46], [45, 51], [45, 69], [45, 61], [45, 63], [46, 80], [46, 76], [46, 87], [46, 59], [47, 52], [47, 85], [47, 69], [47, 79], [48, 68], [48, 49], [48, 57], [48, 60], [49, 63], [50, 65], [50, 51], [50, 52], [50, 53], [50, 81], [51, 70], [51, 77], [51, 84], [51, 55], [52, 54], [52, 77], [52, 79], [53, 71], [53, 56], [54, 76], [55, 64], [55, 71], [55, 80], [56, 58], [56, 59], [56, 69], [57, 58], [57, 74], [58, 63], [58, 77], [59, 61], [60, 64], [60, 84], [60, 62], [61, 81], [61, 65], [62, 71], [63, 81], [63, 69], [65, 70], [67, 69], [67, 70], [68, 76], [69, 77], [70, 80], [72, 86], [73, 77], [75, 81], [75, 76], [76, 79], [78, 81], [79, 81], [79, 82], [81, 83], [87, 88]], "features": {"27": ["cc_1", "deg_8"], "35": ["cc_0", "deg_7"], "43": ["cc_0", "deg_7"], "47": ["cc_2", "deg_6"], "56": ["cc_0", "deg_5"], "23": ["cc_1", "deg_7"], "9": ["cc_3", "deg_5"], "0": ["cc_0", "deg_6"], "6": ["cc_2", "deg_6"], "18": ["cc_0", "deg_6"], "14": ["cc_2", "deg_6"], "38": ["cc_0", "deg_4"], "82": ["cc_6", "deg_5"], "68": ["cc_0", "deg_5"], "51": ["cc_0", "deg_9"], "77": ["cc_0", "deg_6"], "19": ["cc_0", "deg_6"], "34": ["cc_6", "deg_5"], "75": ["cc_0", "deg_5"], "11": ["cc_2", "deg_6"], "88": ["cc_0", "deg_5"], "17": ["cc_0", "deg_3"], "25": ["cc_0", "deg_7"], "24": ["cc_4", "deg_7"], "70": ["cc_0", "deg_5"], "15": ["cc_0", "deg_3"], "62": ["cc_2", "deg_6"], "40": ["cc_0", "deg_5"], "30": ["cc_3", "deg_7"], "31": ["cc_0", "deg_7"], "66": ["cc_0", "deg_3"], "36": ["cc_2", "deg_8"], "57": ["cc_0", "deg_5"], "10": ["cc_0", "deg_6"], "49": ["cc_0", "deg_5"], "1": ["cc_0", "deg_6"], "46": ["cc_1", "deg_8"], "60": ["cc_1", "deg_7"], "41": ["cc_3", "deg_7"], "29": ["cc_3", "deg_5"], "74": ["cc_0", "deg_4"], "13": ["cc_3", "deg_8"], "2": ["cc_3", "deg_5"], "7": ["cc_0", "deg_4"], "84": ["cc_2", "deg_6"], "79": ["cc_3", "deg_7"], "32": ["cc_0", "deg_5"], "33": ["cc_3", "deg_10"], "55": ["cc_0", "deg_8"], "48": ["cc_0", "deg_5"], "85": ["cc_4", "deg_6"], "5": ["cc_1", "deg_9"], "80": ["cc_0", "deg_6"], "81": ["cc_1", "deg_9"], "86": ["cc_5", "deg_4"], "87": ["cc_0", "deg_4"], "44": ["cc_1", "deg_7"], "39": ["cc_0", "deg_5"], "3": ["cc_0", "deg_7"], "28": ["cc_2", "deg_6"], "83": ["cc_0", "deg_3"], "76": ["cc_0", "deg_6"], "72": ["cc_5", "deg_4"], "12": ["cc_6", "deg_6"], "59": ["cc_0", "deg_5"], "69": ["cc_2", "deg_6"], "22": ["cc_2", "deg_9"], "50": ["cc_0", "deg_6"], "71": ["cc_1", "deg_9"], "4": ["cc_2", "deg_9"], "78": ["cc_5", "deg_4"], "45": ["cc_3", "deg_5"], "42": ["cc_0", "deg_5"], "21": ["cc_3", "deg_5"], "8": ["cc_0", "deg_4"], "53": ["cc_1", "deg_8"], "67": ["cc_0", "deg_3"], "37": ["cc_3", "deg_7"], "20": ["cc_0", "deg_6"], "26": ["cc_3", "deg_7"], "52": ["cc_2", "deg_8"], "58": ["cc_0", "deg_6"], "63": ["cc_3", "deg_7"], "64": ["cc_2", "deg_6"], "54": ["cc_0", "deg_7"], "65": ["cc_0", "deg_6"], "61": ["cc_0", "deg_7"], "16": ["cc_0", "deg_5"], "73": ["cc_0", "deg_5"]}}