{"label": 2, "features": {"1": ["cc_0", "deg_3"], "16": ["cc_11", "deg_4"], "4": ["cc_0", "deg_5"], "21": ["cc_0", "deg_4"], "32": ["cc_0", "deg_3"], "7": ["cc_0", "deg_2"], "25": ["cc_5", "deg_4"], "0": ["cc_0", "deg_4"], "12": ["cc_3", "deg_5"], "29": ["cc_3", "deg_5"], "28": ["cc_0", "deg_5"], "13": ["cc_5", "deg_4"], "6": ["cc_5", "deg_4"], "30": ["cc_0", "deg_5"], "5": ["cc_3", "deg_5"], "3": ["cc_11", "deg_3"], "24": ["cc_3", "deg_7"], "33": ["cc_0", "deg_3"], "23": ["cc_13", "deg_5"], "27": ["cc_3", "deg_5"], "19": ["cc_3", "deg_5"], "10": ["cc_0", "deg_3"], "17": ["cc_0", "deg_2"], "11": ["cc_0", "deg_4"], "22": ["cc_5", "deg_4"], "18": ["cc_22", "deg_3"], "31": ["cc_0", "deg_2"], "2": ["cc_0", "deg_4"], "26": ["cc_6", "deg_5"], "20": ["cc_0", "deg_3"], "14": ["cc_0", "deg_3"], "9": ["cc_6", "deg_6"], "8": ["cc_0", "deg_4"], "15": ["cc_22", "deg_3"]}, "edges": [[0, 17], [0, 4], [0, 13], [0, 30], [1, 32], [1, 26], [1, 21], [2, 19], [2, 21], [2, 27], [2, 14], [3, 19], [3, 22], [3, 8], [4, 32], [4, 7], [4, 25], [4, 10], [5, 6], [5, 8], [5, 28], [5, 29], [5, 13], [6, 17], [6, 10], [6, 13], [7, 30], [8, 9], [8, 30], [9, 24], [9, 18], [9, 23], [9, 26], [9, 27], [10, 21], [11, 22], [11, 24], [11, 28], [11, 14], [12, 32], [12, 16], [12, 23], [12, 28], [12, 26], [13, 20], [14, 33], [15, 24], [15, 16], [15, 25], [16, 24], [16, 25], [18, 23], [18, 29], [19, 22], [19, 24], [19, 31], [20, 25], [20, 26], [21, 31], [22, 30], [23, 26], [23, 29], [24, 27], [24, 30], [27, 28], [27, 29], [28, 33], [29, 33]]}