{"label": 1, "features": {"53": ["cc_11", "deg_3"], "47": ["cc_0", "deg_4"], "68": ["cc_6", "deg_5"], "84": ["cc_16", "deg_4"], "21": ["cc_0", "deg_5"], "34": ["cc_10", "deg_5"], "67": ["cc_11", "deg_3"], "41": ["cc_5", "deg_4"], "4": ["cc_0", "deg_2"], "42": ["cc_3", "deg_5"], "12": ["cc_0", "deg_4"], "28": ["cc_0", "deg_3"], "66": ["cc_2", "deg_6"], "5": ["cc_5", "deg_4"], "65": ["cc_3", "deg_5"], "61": ["cc_5", "deg_4"], "3": ["cc_6", "deg_5"], "64": ["cc_11", "deg_3"], "51": ["cc_0", "deg_3"], "24": ["cc_11", "deg_3"], "56": ["cc_11", "deg_4"], "55": ["cc_11", "deg_3"], "19": ["cc_3", "deg_5"], "54": ["cc_3", "deg_5"], "36": ["cc_0", "deg_3"], "17": ["cc_11", "deg_4"], "11": ["cc_0", "deg_3"], "22": ["cc_0", "deg_3"], "71": ["cc_0", "deg_3"], "18": ["cc_11", "deg_4"], "59": ["cc_11", "deg_3"], "2": ["cc_22", "deg_4"], "46": ["cc_0", "deg_3"], "37": ["cc_0", "deg_3"], "38": ["cc_0", "deg_5"], "73": ["cc_0", "deg_4"], "78": ["cc_5", "deg_4"], "9": ["cc_3", "deg_5"], "27": ["cc_0", "deg_5"], "58": ["cc_5", "deg_4"], "35": ["cc_10", "deg_5"], "1": ["cc_22", "deg_4"], "16": ["cc_11", "deg_3"], "80": ["cc_0", "deg_4"], "25": ["cc_1", "deg_7"], "7": ["cc_33", "deg_2"], "39": ["cc_0", "deg_5"], "0": ["cc_33", "deg_3"], "82": ["cc_0", "deg_5"], "83": ["cc_2", "deg_6"], "29": ["cc_0", "deg_4"], "63": ["cc_3", "deg_5"], "13": ["cc_11", "deg_3"], "6": ["cc_5", "deg_4"], "30": ["cc_5", "deg_4"], "14": ["cc_11", "deg_3"], "32": ["cc_11", "deg_6"], "45": ["cc_0", "deg_3"], "10": ["cc_0", "deg_3"], "33": ["cc_13", "deg_5"], "23": ["cc_5", "deg_4"], "69": ["cc_4", "deg_6"], "76": ["cc_5", "deg_4"], "48": ["cc_11", "deg_3"], "79": ["cc_0", "deg_4"], "77": ["cc_2", "deg_6"], "40": ["cc_0", "deg_4"], "81": ["cc_0", "deg_3"], "72": ["cc_0", "deg_4"], "8": ["cc_11", "deg_3"], "44": ["cc_0", "deg_4"], "31": ["cc_11", "deg_4"], "75": ["cc_0", "deg_4"], "26": ["cc_0", "deg_3"], "43": ["cc_5", "deg_4"], "57": ["cc_6", "deg_5"], "20": ["cc_2", "deg_6"], "50": ["cc_5", "deg_4"], "62": ["cc_0", "deg_3"], "60": ["cc_5", "deg_4"], "52": ["cc_11", "deg_3"], "15": ["cc_5", "deg_4"], "74": ["cc_0", "deg_2"], "70": ["cc_5", "deg_4"], "49": ["cc_5", "deg_4"]}, "edges": [[0, 1], [0, 2], [0, 84], [1, 2], [1, 3], [1, 84], [2, 3], [2, 84], [3, 20], [3, 5], [3, 6], [4, 80], [4, 5], [5, 66], [5, 6], [6, 51], [6, 77], [7, 8], [7, 9], [8, 9], [8, 27], [9, 15], [9, 10], [9, 11], [10, 66], [10, 12], [11, 21], [11, 23], [12, 44], [12, 22], [12, 38], [13, 63], [13, 14], [13, 15], [14, 16], [14, 15], [15, 17], [16, 17], [16, 18], [17, 18], [17, 19], [18, 19], [18, 52], [19, 40], [19, 20], [19, 21], [20, 35], [20, 72], [20, 83], [20, 63], [21, 22], [21, 73], [21, 79], [22, 23], [23, 24], [23, 25], [24, 25], [24, 26], [25, 36], [25, 54], [25, 70], [25, 27], [25, 44], [26, 27], [26, 28], [27, 83], [27, 29], [28, 29], [28, 30], [29, 46], [29, 31], [30, 32], [30, 42], [30, 31], [31, 32], [31, 33], [32, 33], [32, 34], [32, 35], [32, 50], [33, 34], [33, 35], [33, 44], [34, 83], [34, 35], [34, 72], [35, 37], [36, 77], [36, 38], [37, 79], [37, 39], [38, 65], [38, 39], [38, 40], [39, 73], [39, 41], [39, 76], [40, 42], [40, 58], [41, 80], [41, 42], [41, 43], [42, 43], [42, 47], [43, 44], [43, 45], [45, 54], [45, 47], [46, 48], [46, 47], [47, 49], [48, 49], [48, 50], [49, 50], [49, 51], [50, 69], [51, 56], [52, 53], [52, 54], [53, 67], [53, 54], [54, 55], [55, 56], [55, 57], [56, 57], [56, 58], [57, 75], [57, 58], [57, 59], [58, 60], [59, 60], [59, 61], [60, 61], [60, 62], [61, 80], [61, 63], [62, 64], [62, 82], [63, 65], [63, 83], [64, 65], [64, 66], [65, 66], [65, 73], [66, 68], [66, 75], [67, 68], [67, 69], [68, 82], [68, 69], [68, 70], [69, 70], [69, 71], [69, 78], [70, 72], [71, 72], [71, 73], [74, 75], [74, 76], [75, 77], [76, 77], [76, 78], [77, 78], [77, 79], [78, 83], [79, 81], [80, 82], [81, 82], [81, 83], [82, 84]]}