{"label": 2, "edges": [[0, 4], [0, 20], [0, 27], [0, 28], [0, 15], [1, 16], [1, 26], [1, 13], [2, 3], [2, 6], [2, 10], [2, 31], [3, 16], [3, 7], [4, 20], [4, 8], [4, 12], [5, 19], [5, 6], [5, 8], [5, 28], [6, 9], [6, 11], [7, 17], [7, 25], [7, 10], [8, 18], [8, 22], [8, 27], [8, 15], [9, 24], [9, 18], [10, 21], [10, 23], [10, 27], [10, 13], [10, 14], [11, 19], [11, 21], [11, 22], [11, 25], [11, 27], [12, 25], [12, 15], [13, 16], [13, 31], [14, 23], [15, 25], [15, 28], [15, 31], [16, 24], [16, 31], [17, 25], [19, 25], [21, 27], [21, 23], [22, 31], [23, 28], [24, 28], [24, 29], [25, 26], [28, 30], [29, 30], [30, 31]], "features": {"27": ["cc_6", "deg_5"], "22": ["cc_0", "deg_3"], "15": ["cc_4", "deg_6"], "4": ["cc_5", "deg_4"], "30": ["cc_0", "deg_3"], "0": ["cc_6", "deg_5"], "2": ["cc_0", "deg_4"], "6": ["cc_0", "deg_4"], "18": ["cc_0", "deg_2"], "5": ["cc_0", "deg_4"], "10": ["cc_4", "deg_7"], "14": ["cc_33", "deg_2"], "1": ["cc_11", "deg_3"], "29": ["cc_0", "deg_2"], "8": ["cc_0", "deg_6"], "20": ["cc_33", "deg_2"], "26": ["cc_0", "deg_2"], "3": ["cc_0", "deg_3"], "11": ["cc_4", "deg_6"], "28": ["cc_2", "deg_6"], "23": ["cc_11", "deg_4"], "19": ["cc_11", "deg_3"], "13": ["cc_11", "deg_4"], "16": ["cc_6", "deg_5"], "7": ["cc_5", "deg_4"], "17": ["cc_33", "deg_2"], "12": ["cc_11", "deg_3"], "31": ["cc_2", "deg_6"], "25": ["cc_4", "deg_7"], "24": ["cc_0", "deg_4"], "9": ["cc_0", "deg_3"], "21": ["cc_16", "deg_4"]}}