{"label": 2, "features": {"53": ["cc_0", "deg_4"], "47": ["cc_0", "deg_2"], "21": ["cc_0", "deg_3"], "34": ["cc_0", "deg_4"], "41": ["cc_0", "deg_2"], "4": ["cc_0", "deg_4"], "42": ["cc_0", "deg_3"], "12": ["cc_0", "deg_4"], "28": ["cc_0", "deg_5"], "5": ["cc_11", "deg_3"], "65": ["cc_0", "deg_3"], "61": ["cc_0", "deg_5"], "3": ["cc_3", "deg_5"], "64": ["cc_0", "deg_5"], "51": ["cc_0", "deg_5"], "24": ["cc_0", "deg_4"], "56": ["cc_0", "deg_3"], "55": ["cc_0", "deg_5"], "19": ["cc_0", "deg_3"], "54": ["cc_0", "deg_3"], "36": ["cc_0", "deg_7"], "17": ["cc_0", "deg_4"], "11": ["cc_0", "deg_2"], "22": ["cc_0", "deg_3"], "18": ["cc_0", "deg_4"], "59": ["cc_0", "deg_5"], "2": ["cc_0", "deg_4"], "46": ["cc_0", "deg_3"], "37": ["cc_0", "deg_5"], "38": ["cc_0", "deg_4"], "9": ["cc_0", "deg_5"], "27": ["cc_0", "deg_5"], "58": ["cc_0", "deg_5"], "35": ["cc_0", "deg_4"], "1": ["cc_0", "deg_2"], "16": ["cc_0", "deg_6"], "25": ["cc_0", "deg_5"], "7": ["cc_0", "deg_4"], "39": ["cc_0", "deg_3"], "0": ["cc_5", "deg_4"], "29": ["cc_0", "deg_5"], "63": ["cc_0", "deg_4"], "13": ["cc_0", "deg_5"], "6": ["cc_0", "deg_3"], "30": ["cc_11", "deg_3"], "14": ["cc_0", "deg_2"], "32": ["cc_22", "deg_3"], "45": ["cc_0", "deg_2"], "10": ["cc_0", "deg_4"], "33": ["cc_3", "deg_5"], "23": ["cc_3", "deg_5"], "48": ["cc_0", "deg_2"], "40": ["cc_0", "deg_5"], "8": ["cc_0", "deg_6"], "44": ["cc_5", "deg_4"], "31": ["cc_4", "deg_6"], "26": ["cc_0", "deg_4"], "43": ["cc_0", "deg_3"], "57": ["cc_0", "deg_3"], "20": ["cc_3", "deg_5"], "50": ["cc_0", "deg_4"], "62": ["cc_0", "deg_5"], "60": ["cc_0", "deg_4"], "52": ["cc_0", "deg_5"], "15": ["cc_0", "deg_3"], "49": ["cc_0", "deg_5"]}, "edges": [[0, 65], [0, 23], [0, 44], [0, 47], [1, 40], [1, 2], [2, 64], [2, 43], [2, 13], [3, 20], [3, 42], [3, 28], [3, 5], [3, 45], [4, 7], [4, 56], [4, 61], [4, 46], [5, 20], [5, 62], [6, 55], [6, 9], [6, 63], [7, 53], [7, 9], [7, 36], [8, 34], [8, 38], [8, 24], [8, 9], [8, 18], [8, 53], [9, 43], [9, 29], [10, 21], [10, 39], [10, 12], [10, 60], [11, 59], [11, 19], [12, 52], [12, 40], [12, 13], [13, 25], [13, 41], [13, 28], [14, 37], [14, 15], [15, 64], [15, 39], [16, 40], [16, 41], [16, 58], [16, 27], [16, 44], [16, 42], [17, 64], [17, 48], [17, 53], [17, 62], [18, 42], [18, 44], [18, 29], [19, 20], [19, 21], [20, 49], [20, 36], [21, 52], [22, 52], [22, 38], [22, 23], [23, 49], [23, 36], [23, 44], [24, 51], [24, 35], [24, 25], [25, 40], [25, 26], [25, 27], [26, 50], [26, 29], [26, 46], [27, 51], [27, 55], [27, 31], [28, 35], [28, 46], [28, 61], [29, 33], [29, 34], [30, 32], [30, 45], [30, 31], [31, 32], [31, 33], [31, 34], [31, 61], [32, 33], [33, 35], [33, 59], [34, 51], [35, 62], [36, 43], [36, 37], [36, 55], [36, 58], [37, 53], [37, 38], [37, 57], [38, 65], [39, 58], [40, 60], [47, 51], [48, 50], [49, 50], [49, 57], [49, 59], [50, 52], [51, 63], [52, 55], [54, 56], [54, 58], [54, 55], [56, 57], [58, 63], [59, 60], [59, 61], [60, 62], [61, 62], [63, 64], [64, 65]]}