{"label": 1, "edges": [[0, 1], [0, 2], [1, 17], [1, 2], [1, 10], [1, 28], [1, 29], [1, 13], [2, 4], [2, 22], [2, 25], [3, 25], [3, 12], [3, 5], [3, 13], [4, 19], [4, 5], [4, 13], [4, 15], [5, 21], [5, 6], [5, 28], [6, 24], [6, 12], [6, 14], [7, 8], [7, 9], [7, 18], [7, 14], [8, 24], [8, 10], [8, 23], [9, 25], [9, 26], [10, 11], [10, 12], [11, 16], [11, 13], [13, 26], [14, 27], [15, 20], [16, 21], [16, 26], [17, 18], [17, 19], [17, 29], [18, 20], [18, 25], [19, 20], [19, 21], [20, 27], [21, 23], [21, 29], [22, 23], [23, 25], [23, 26], [24, 28], [25, 27], [27, 28], [27, 29]], "features": {"27": ["cc_0", "deg_5"], "22": ["cc_0", "deg_2"], "15": ["cc_0", "deg_2"], "4": ["cc_0", "deg_5"], "0": ["cc_33", "deg_2"], "2": ["cc_3", "deg_5"], "6": ["cc_0", "deg_4"], "18": ["cc_0", "deg_4"], "5": ["cc_0", "deg_5"], "10": ["cc_0", "deg_4"], "14": ["cc_0", "deg_3"], "1": ["cc_3", "deg_7"], "29": ["cc_5", "deg_4"], "8": ["cc_0", "deg_4"], "20": ["cc_0", "deg_4"], "26": ["cc_0", "deg_4"], "3": ["cc_0", "deg_4"], "11": ["cc_0", "deg_3"], "28": ["cc_0", "deg_4"], "23": ["cc_0", "deg_5"], "19": ["cc_0", "deg_4"], "13": ["cc_0", "deg_5"], "16": ["cc_0", "deg_3"], "7": ["cc_0", "deg_4"], "17": ["cc_5", "deg_4"], "12": ["cc_0", "deg_3"], "25": ["cc_0", "deg_6"], "24": ["cc_0", "deg_3"], "9": ["cc_0", "deg_3"], "21": ["cc_0", "deg_5"]}}