{"label": 2, "features": {"53": ["cc_3", "deg_5"], "47": ["cc_4", "deg_6"], "21": ["cc_0", "deg_5"], "34": ["cc_0", "deg_4"], "41": ["cc_0", "deg_2"], "4": ["cc_5", "deg_4"], "42": ["cc_0", "deg_2"], "12": ["cc_2", "deg_6"], "28": ["cc_0", "deg_5"], "5": ["cc_0", "deg_3"], "61": ["cc_0", "deg_3"], "3": ["cc_0", "deg_2"], "51": ["cc_0", "deg_3"], "24": ["cc_0", "deg_5"], "56": ["cc_0", "deg_4"], "55": ["cc_0", "deg_3"], "19": ["cc_0", "deg_3"], "54": ["cc_0", "deg_5"], "36": ["cc_0", "deg_3"], "17": ["cc_5", "deg_4"], "11": ["cc_0", "deg_3"], "22": ["cc_0", "deg_3"], "18": ["cc_0", "deg_4"], "59": ["cc_2", "deg_6"], "2": ["cc_5", "deg_4"], "46": ["cc_0", "deg_2"], "37": ["cc_0", "deg_5"], "38": ["cc_0", "deg_3"], "9": ["cc_0", "deg_4"], "27": ["cc_0", "deg_4"], "58": ["cc_0", "deg_3"], "35": ["cc_0", "deg_5"], "1": ["cc_0", "deg_6"], "16": ["cc_0", "deg_4"], "25": ["cc_0", "deg_7"], "7": ["cc_0", "deg_4"], "39": ["cc_0", "deg_3"], "0": ["cc_0", "deg_5"], "29": ["cc_0", "deg_4"], "13": ["cc_3", "deg_5"], "6": ["cc_0", "deg_3"], "30": ["cc_0", "deg_4"], "14": ["cc_0", "deg_2"], "32": ["cc_0", "deg_4"], "45": ["cc_0", "deg_5"], "10": ["cc_0", "deg_5"], "33": ["cc_5", "deg_4"], "23": ["cc_0", "deg_5"], "48": ["cc_5", "deg_4"], "40": ["cc_0", "deg_4"], "8": ["cc_0", "deg_4"], "44": ["cc_0", "deg_6"], "31": ["cc_11", "deg_3"], "26": ["cc_0", "deg_3"], "43": ["cc_0", "deg_4"], "57": ["cc_0", "deg_3"], "20": ["cc_3", "deg_5"], "50": ["cc_0", "deg_6"], "62": ["cc_0", "deg_2"], "60": ["cc_0", "deg_3"], "52": ["cc_4", "deg_6"], "15": ["cc_0", "deg_3"], "49": ["cc_0", "deg_3"]}, "edges": [[0, 1], [0, 50], [0, 61], [0, 62], [0, 15], [1, 49], [1, 46], [1, 9], [1, 30], [1, 12], [2, 18], [2, 4], [2, 12], [2, 15], [3, 34], [3, 10], [4, 41], [4, 28], [4, 12], [5, 50], [5, 7], [5, 24], [6, 50], [6, 34], [6, 54], [7, 8], [7, 17], [7, 12], [8, 9], [8, 10], [8, 38], [9, 32], [9, 23], [10, 11], [10, 43], [10, 29], [11, 37], [11, 53], [12, 25], [12, 36], [13, 32], [13, 17], [13, 35], [13, 45], [13, 47], [14, 34], [14, 28], [15, 20], [16, 32], [16, 18], [16, 21], [16, 44], [17, 46], [17, 47], [18, 25], [18, 28], [19, 35], [19, 54], [19, 26], [20, 52], [20, 37], [20, 59], [20, 21], [21, 51], [21, 55], [21, 40], [22, 56], [22, 50], [22, 24], [23, 50], [23, 36], [23, 27], [23, 60], [24, 25], [24, 43], [24, 37], [25, 57], [25, 58], [25, 61], [25, 31], [26, 44], [26, 53], [27, 49], [27, 55], [27, 29], [28, 52], [28, 43], [29, 48], [29, 30], [30, 32], [30, 43], [31, 33], [31, 47], [33, 48], [33, 38], [33, 47], [34, 49], [35, 36], [35, 37], [35, 51], [37, 55], [38, 40], [39, 40], [39, 51], [39, 59], [40, 44], [41, 54], [42, 44], [42, 45], [44, 52], [44, 57], [45, 50], [45, 56], [45, 59], [47, 53], [47, 62], [48, 52], [48, 53], [52, 53], [52, 59], [54, 56], [54, 60], [56, 58], [57, 59], [58, 59], [60, 61]]}