{"label": 2, "edges": [[0, 33], [0, 34], [0, 8], [0, 2], [0, 28], [0, 29], [0, 15], [1, 2], [1, 3], [1, 34], [2, 30], [3, 18], [3, 4], [3, 20], [3, 27], [3, 29], [4, 24], [4, 5], [4, 6], [5, 24], [5, 19], [5, 14], [6, 34], [6, 10], [7, 8], [7, 9], [8, 32], [8, 18], [9, 19], [9, 27], [9, 21], [10, 32], [10, 19], [10, 12], [10, 30], [11, 17], [11, 12], [11, 13], [11, 21], [12, 24], [12, 21], [13, 17], [13, 30], [14, 33], [14, 28], [15, 17], [15, 23], [15, 30], [16, 25], [16, 18], [17, 26], [17, 18], [18, 19], [18, 24], [18, 27], [19, 31], [19, 29], [20, 33], [20, 27], [22, 24], [22, 30], [23, 32], [25, 33], [25, 32], [25, 27], [26, 27], [28, 29], [29, 34], [30, 33], [31, 32]], "features": {"27": ["cc_4", "deg_6"], "22": ["cc_0", "deg_2"], "32": ["cc_0", "deg_5"], "15": ["cc_0", "deg_4"], "4": ["cc_5", "deg_4"], "33": ["cc_0", "deg_5"], "30": ["cc_0", "deg_6"], "0": ["cc_3", "deg_7"], "2": ["cc_0", "deg_3"], "6": ["cc_0", "deg_3"], "18": ["cc_1", "deg_7"], "5": ["cc_5", "deg_4"], "10": ["cc_0", "deg_5"], "14": ["cc_0", "deg_3"], "1": ["cc_0", "deg_3"], "29": ["cc_6", "deg_5"], "8": ["cc_0", "deg_4"], "20": ["cc_11", "deg_3"], "26": ["cc_0", "deg_2"], "3": ["cc_4", "deg_6"], "11": ["cc_11", "deg_4"], "28": ["cc_11", "deg_3"], "23": ["cc_0", "deg_2"], "19": ["cc_0", "deg_6"], "34": ["cc_5", "deg_4"], "13": ["cc_11", "deg_3"], "16": ["cc_0", "deg_2"], "7": ["cc_0", "deg_2"], "17": ["cc_3", "deg_5"], "12": ["cc_5", "deg_4"], "31": ["cc_0", "deg_2"], "25": ["cc_0", "deg_4"], "24": ["cc_3", "deg_5"], "9": ["cc_0", "deg_4"], "21": ["cc_11", "deg_3"]}}