{"label": 0, "features": {"53": ["cc_0", "deg_3"], "47": ["cc_16", "deg_4"], "21": ["cc_16", "deg_4"], "34": ["cc_0", "deg_4"], "41": ["cc_6", "deg_5"], "4": ["cc_5", "deg_4"], "42": ["cc_16", "deg_4"], "12": ["cc_16", "deg_4"], "28": ["cc_11", "deg_3"], "66": ["cc_22", "deg_3"], "5": ["cc_0", "deg_2"], "65": ["cc_11", "deg_3"], "61": ["cc_11", "deg_4"], "3": ["cc_5", "deg_4"], "64": ["cc_0", "deg_3"], "51": ["cc_5", "deg_4"], "24": ["cc_5", "deg_4"], "56": ["cc_3", "deg_5"], "55": ["cc_0", "deg_3"], "19": ["cc_16", "deg_4"], "54": ["cc_0", "deg_3"], "36": ["cc_0", "deg_4"], "17": ["cc_6", "deg_5"], "11": ["cc_6", "deg_5"], "22": ["cc_16", "deg_4"], "18": ["cc_22", "deg_3"], "59": ["cc_11", "deg_4"], "2": ["cc_11", "deg_4"], "46": ["cc_10", "deg_5"], "37": ["cc_11", "deg_3"], "38": ["cc_5", "deg_4"], "9": ["cc_5", "deg_4"], "27": ["cc_11", "deg_4"], "58": ["cc_16", "deg_4"], "35": ["cc_0", "deg_4"], "1": ["cc_11", "deg_4"], "16": ["cc_11", "deg_4"], "25": ["cc_11", "deg_3"], "7": ["cc_4", "deg_6"], "39": ["cc_5", "deg_4"], "0": ["cc_16", "deg_4"], "29": ["cc_11", "deg_4"], "63": ["cc_4", "deg_6"], "13": ["cc_6", "deg_6"], "6": ["cc_11", "deg_3"], "30": ["cc_11", "deg_4"], "14": ["cc_10", "deg_5"], "32": ["cc_5", "deg_4"], "45": ["cc_16", "deg_4"], "10": ["cc_5", "deg_4"], "33": ["cc_0", "deg_3"], "23": ["cc_11", "deg_4"], "48": ["cc_16", "deg_4"], "40": ["cc_11", "deg_3"], "8": ["cc_11", "deg_4"], "44": ["cc_16", "deg_4"], "31": ["cc_11", "deg_4"], "26": ["cc_6", "deg_5"], "43": ["cc_16", "deg_4"], "57": ["cc_5", "deg_4"], "20": ["cc_10", "deg_5"], "50": ["cc_11", "deg_4"], "62": ["cc_5", "deg_4"], "60": ["cc_6", "deg_5"], "52": ["cc_0", "deg_4"], "15": ["cc_16", "deg_4"], "49": ["cc_16", "deg_4"]}, "edges": [[0, 1], [0, 66], [0, 2], [0, 65], [1, 2], [1, 66], [1, 46], [2, 3], [2, 4], [3, 4], [3, 34], [3, 14], [4, 35], [4, 6], [5, 52], [5, 7], [6, 8], [6, 7], [7, 39], [7, 8], [7, 9], [7, 53], [8, 9], [8, 10], [9, 41], [9, 11], [10, 28], [10, 11], [10, 12], [11, 64], [11, 12], [11, 13], [12, 13], [12, 14], [13, 56], [13, 24], [13, 14], [13, 15], [14, 16], [14, 15], [15, 16], [15, 17], [16, 17], [16, 63], [17, 18], [17, 19], [17, 52], [18, 19], [18, 20], [19, 20], [19, 21], [20, 32], [20, 21], [20, 22], [21, 22], [21, 23], [22, 24], [22, 23], [23, 24], [23, 25], [24, 26], [25, 26], [25, 27], [26, 27], [26, 61], [26, 63], [27, 28], [27, 29], [28, 29], [29, 30], [29, 31], [30, 32], [30, 50], [30, 31], [31, 32], [31, 33], [32, 34], [33, 34], [33, 35], [34, 36], [35, 36], [35, 37], [36, 60], [36, 38], [37, 38], [37, 39], [38, 40], [38, 39], [39, 41], [40, 41], [40, 42], [41, 42], [41, 43], [42, 43], [42, 44], [43, 44], [43, 45], [44, 45], [44, 46], [45, 46], [45, 47], [46, 48], [46, 47], [47, 48], [47, 49], [48, 49], [48, 50], [49, 50], [49, 51], [50, 51], [51, 56], [51, 52], [52, 53], [53, 54], [54, 62], [54, 55], [55, 56], [55, 57], [56, 58], [56, 60], [57, 64], [57, 58], [57, 59], [58, 59], [58, 60], [59, 60], [59, 61], [60, 63], [61, 62], [61, 63], [62, 64], [62, 63], [63, 65], [65, 66]]}