{"label": 0, "edges": [[0, 2], [0, 19], [0, 7], [0, 40], [0, 46], [0, 47], [1, 2], [1, 3], [1, 45], [1, 47], [2, 19], [2, 4], [3, 4], [3, 5], [4, 34], [4, 5], [4, 6], [5, 6], [5, 7], [6, 8], [6, 12], [6, 21], [7, 34], [7, 9], [8, 9], [8, 10], [9, 10], [9, 11], [10, 11], [10, 12], [11, 17], [11, 36], [11, 43], [11, 13], [12, 13], [12, 14], [13, 24], [13, 14], [14, 16], [14, 32], [15, 16], [15, 17], [16, 17], [16, 18], [17, 18], [18, 19], [18, 32], [19, 21], [19, 44], [20, 21], [20, 22], [21, 22], [22, 24], [22, 23], [23, 24], [23, 25], [24, 25], [24, 26], [25, 26], [25, 27], [26, 27], [26, 28], [27, 28], [27, 29], [28, 29], [28, 30], [29, 37], [29, 31], [30, 32], [30, 31], [31, 32], [31, 33], [32, 33], [32, 34], [33, 43], [33, 34], [33, 35], [34, 36], [35, 36], [35, 37], [36, 38], [37, 38], [37, 39], [38, 40], [38, 39], [39, 40], [39, 41], [40, 42], [41, 42], [41, 43], [42, 43], [42, 44], [42, 46], [43, 45], [44, 46], [45, 46]], "features": {"27": ["cc_16", "deg_4"], "35": ["cc_0", "deg_3"], "43": ["cc_3", "deg_5"], "47": ["cc_0", "deg_2"], "32": ["cc_6", "deg_6"], "9": ["cc_11", "deg_4"], "33": ["cc_6", "deg_5"], "0": ["cc_2", "deg_6"], "2": ["cc_5", "deg_4"], "18": ["cc_5", "deg_4"], "5": ["cc_11", "deg_4"], "14": ["cc_5", "deg_4"], "38": ["cc_11", "deg_4"], "44": ["cc_11", "deg_3"], "39": ["cc_11", "deg_4"], "3": ["cc_11", "deg_3"], "28": ["cc_11", "deg_4"], "23": ["cc_22", "deg_3"], "19": ["cc_3", "deg_5"], "34": ["cc_3", "deg_5"], "11": ["cc_2", "deg_6"], "17": ["cc_11", "deg_4"], "12": ["cc_5", "deg_4"], "25": ["cc_16", "deg_4"], "24": ["cc_10", "deg_5"], "22": ["cc_11", "deg_4"], "15": ["cc_33", "deg_2"], "4": ["cc_6", "deg_5"], "37": ["cc_5", "deg_4"], "45": ["cc_0", "deg_3"], "42": ["cc_6", "deg_5"], "30": ["cc_11", "deg_3"], "31": ["cc_11", "deg_4"], "36": ["cc_0", "deg_4"], "10": ["cc_11", "deg_4"], "1": ["cc_0", "deg_4"], "46": ["cc_5", "deg_4"], "26": ["cc_16", "deg_4"], "40": ["cc_5", "deg_4"], "41": ["cc_11", "deg_3"], "20": ["cc_33", "deg_2"], "29": ["cc_5", "deg_4"], "13": ["cc_5", "deg_4"], "6": ["cc_3", "deg_5"], "7": ["cc_0", "deg_4"], "8": ["cc_11", "deg_3"], "16": ["cc_11", "deg_4"], "21": ["cc_5", "deg_4"]}}