{"label": 2, "features": {"53": ["cc_2", "deg_6"], "47": ["cc_4", "deg_7"], "21": ["cc_0", "deg_6"], "34": ["cc_6", "deg_7"], "41": ["cc_2", "deg_10"], "4": ["cc_2", "deg_6"], "42": ["cc_0", "deg_5"], "12": ["cc_6", "deg_7"], "28": ["cc_5", "deg_4"], "5": ["cc_0", "deg_4"], "3": ["cc_2", "deg_6"], "51": ["cc_4", "deg_7"], "24": ["cc_2", "deg_6"], "19": ["cc_0", "deg_5"], "36": ["cc_6", "deg_6"], "17": ["cc_2", "deg_6"], "11": ["cc_3", "deg_9"], "22": ["cc_3", "deg_5"], "18": ["cc_2", "deg_6"], "2": ["cc_2", "deg_6"], "46": ["cc_3", "deg_7"], "37": ["cc_10", "deg_5"], "38": ["cc_3", "deg_7"], "9": ["cc_4", "deg_7"], "27": ["cc_3", "deg_5"], "35": ["cc_0", "deg_5"], "1": ["cc_0", "deg_5"], "16": ["cc_11", "deg_4"], "25": ["cc_1", "deg_7"], "7": ["cc_3", "deg_7"], "39": ["cc_2", "deg_6"], "0": ["cc_4", "deg_6"], "29": ["cc_2", "deg_8"], "13": ["cc_0", "deg_4"], "6": ["cc_0", "deg_10"], "30": ["cc_1", "deg_7"], "14": ["cc_4", "deg_10"], "32": ["cc_2", "deg_6"], "45": ["cc_3", "deg_7"], "10": ["cc_1", "deg_8"], "33": ["cc_2", "deg_6"], "23": ["cc_0", "deg_4"], "48": ["cc_2", "deg_6"], "40": ["cc_0", "deg_3"], "8": ["cc_11", "deg_4"], "44": ["cc_6", "deg_5"], "31": ["cc_0", "deg_4"], "26": ["cc_0", "deg_4"], "43": ["cc_2", "deg_8"], "20": ["cc_0", "deg_5"], "50": ["cc_1", "deg_7"], "52": ["cc_3", "deg_5"], "15": ["cc_0", "deg_4"], "49": ["cc_5", "deg_4"]}, "edges": [[0, 21], [0, 38], [0, 41], [0, 10], [0, 43], [0, 14], [1, 3], [1, 53], [1, 6], [1, 10], [1, 43], [2, 4], [2, 6], [2, 7], [2, 27], [2, 12], [2, 53], [3, 17], [3, 33], [3, 24], [3, 12], [3, 14], [4, 49], [4, 6], [4, 18], [4, 46], [4, 31], [5, 53], [5, 38], [5, 26], [5, 21], [6, 33], [6, 13], [6, 19], [6, 21], [6, 23], [6, 25], [6, 28], [7, 41], [7, 11], [7, 14], [7, 17], [7, 51], [7, 26], [8, 20], [8, 36], [8, 10], [8, 53], [9, 32], [9, 33], [9, 37], [9, 38], [9, 42], [9, 12], [9, 14], [10, 36], [10, 46], [10, 17], [10, 19], [10, 31], [11, 34], [11, 46], [11, 47], [11, 50], [11, 51], [11, 53], [11, 29], [11, 31], [12, 25], [12, 14], [12, 41], [12, 46], [13, 20], [13, 26], [13, 47], [14, 48], [14, 41], [14, 43], [14, 44], [14, 15], [15, 35], [15, 30], [15, 22], [16, 48], [16, 18], [16, 25], [16, 29], [17, 35], [17, 47], [17, 44], [18, 41], [18, 25], [18, 42], [18, 20], [19, 51], [19, 22], [19, 32], [20, 39], [20, 29], [21, 24], [21, 39], [21, 30], [22, 41], [22, 24], [22, 43], [23, 32], [23, 34], [23, 47], [24, 48], [24, 50], [24, 43], [25, 43], [25, 50], [25, 27], [26, 27], [27, 28], [27, 30], [28, 45], [28, 30], [29, 33], [29, 34], [29, 35], [29, 48], [29, 52], [30, 50], [30, 51], [30, 42], [31, 38], [32, 33], [32, 35], [32, 41], [33, 43], [34, 37], [34, 38], [34, 39], [34, 50], [35, 37], [36, 48], [36, 51], [36, 49], [36, 53], [37, 38], [37, 39], [38, 52], [39, 41], [39, 52], [40, 41], [40, 42], [40, 44], [41, 46], [42, 43], [44, 45], [44, 47], [45, 48], [45, 50], [45, 52], [45, 46], [45, 47], [46, 52], [47, 51], [49, 50], [49, 51]]}