{"label": 2, "features": {"21": ["cc_0", "deg_4"], "34": ["cc_2", "deg_8"], "41": ["cc_6", "deg_5"], "4": ["cc_0", "deg_4"], "42": ["cc_5", "deg_4"], "12": ["cc_4", "deg_6"], "28": ["cc_1", "deg_7"], "5": ["cc_2", "deg_6"], "3": ["cc_1", "deg_10"], "24": ["cc_0", "deg_9"], "19": ["cc_0", "deg_3"], "36": ["cc_1", "deg_9"], "17": ["cc_3", "deg_5"], "11": ["cc_6", "deg_7"], "22": ["cc_0", "deg_5"], "18": ["cc_2", "deg_6"], "2": ["cc_3", "deg_7"], "46": ["cc_6", "deg_6"], "37": ["cc_3", "deg_9"], "38": ["cc_4", "deg_7"], "9": ["cc_1", "deg_7"], "27": ["cc_3", "deg_5"], "35": ["cc_1", "deg_7"], "1": ["cc_2", "deg_6"], "16": ["cc_8", "deg_6"], "25": ["cc_0", "deg_3"], "7": ["cc_4", "deg_6"], "39": ["cc_4", "deg_6"], "0": ["cc_2", "deg_6"], "29": ["cc_1", "deg_7"], "13": ["cc_3", "deg_5"], "6": ["cc_2", "deg_6"], "30": ["cc_6", "deg_9"], "14": ["cc_4", "deg_8"], "32": ["cc_11", "deg_4"], "45": ["cc_11", "deg_4"], "10": ["cc_3", "deg_8"], "33": ["cc_0", "deg_4"], "23": ["cc_0", "deg_3"], "40": ["cc_8", "deg_6"], "8": ["cc_6", "deg_7"], "44": ["cc_0", "deg_6"], "31": ["cc_0", "deg_4"], "26": ["cc_0", "deg_4"], "43": ["cc_0", "deg_6"], "20": ["cc_4", "deg_6"], "15": ["cc_4", "deg_6"]}, "edges": [[0, 1], [0, 17], [0, 39], [0, 9], [0, 12], [0, 13], [1, 32], [1, 27], [1, 20], [1, 11], [1, 31], [2, 32], [2, 3], [2, 35], [2, 33], [2, 24], [2, 42], [2, 8], [3, 4], [3, 10], [3, 34], [3, 46], [3, 18], [3, 21], [3, 36], [3, 27], [3, 30], [4, 6], [4, 7], [4, 24], [5, 17], [5, 36], [5, 6], [5, 39], [5, 13], [5, 29], [6, 26], [6, 12], [6, 29], [6, 37], [7, 37], [7, 40], [7, 9], [7, 28], [7, 26], [8, 37], [8, 40], [8, 42], [8, 16], [8, 20], [8, 30], [9, 33], [9, 22], [9, 24], [9, 46], [9, 37], [10, 16], [10, 11], [10, 24], [10, 28], [10, 39], [10, 44], [10, 14], [11, 32], [11, 37], [11, 28], [11, 45], [11, 46], [12, 39], [12, 44], [12, 30], [12, 15], [13, 18], [13, 23], [13, 14], [14, 16], [14, 34], [14, 43], [14, 20], [14, 39], [14, 18], [15, 36], [15, 21], [15, 23], [15, 46], [15, 30], [16, 17], [16, 30], [16, 41], [17, 38], [17, 41], [18, 19], [18, 35], [18, 42], [19, 43], [19, 31], [20, 34], [20, 36], [20, 38], [21, 24], [21, 28], [22, 35], [22, 36], [22, 26], [22, 43], [23, 29], [24, 41], [24, 38], [24, 36], [24, 26], [25, 36], [25, 44], [25, 27], [27, 34], [27, 38], [28, 41], [28, 43], [28, 29], [29, 34], [29, 35], [29, 40], [30, 38], [30, 41], [30, 46], [30, 40], [31, 34], [31, 36], [32, 35], [33, 43], [33, 44], [34, 42], [34, 44], [35, 39], [35, 45], [36, 38], [37, 43], [37, 44], [37, 45], [37, 40], [38, 40], [45, 46]]}