{"label": 0, "edges": [[0, 1], [0, 2], [0, 3], [0, 24], [0, 25], [0, 26], [1, 2], [1, 3], [1, 4], [1, 25], [1, 26], [2, 3], [2, 4], [2, 5], [3, 4], [3, 5], [3, 6], [4, 5], [4, 6], [4, 7], [4, 18], [5, 6], [5, 7], [5, 8], [6, 7], [6, 8], [6, 9], [7, 8], [7, 9], [7, 10], [8, 9], [8, 10], [8, 11], [9, 10], [9, 11], [9, 12], [10, 11], [10, 12], [10, 13], [11, 12], [11, 13], [11, 14], [12, 13], [12, 14], [12, 15], [13, 16], [13, 14], [13, 15], [14, 16], [14, 17], [14, 15], [15, 16], [15, 17], [15, 18], [16, 17], [16, 18], [16, 19], [16, 26], [17, 18], [17, 19], [17, 20], [18, 19], [18, 21], [19, 20], [19, 21], [19, 22], [20, 21], [20, 22], [20, 23], [21, 22], [21, 23], [21, 24], [22, 23], [22, 24], [22, 25], [23, 24], [23, 25], [23, 26], [24, 25], [24, 26], [25, 26]], "features": {"22": ["cc_20", "deg_6"], "15": ["cc_20", "deg_6"], "4": ["cc_14", "deg_7"], "0": ["cc_17", "deg_6"], "2": ["cc_23", "deg_5"], "6": ["cc_20", "deg_6"], "18": ["cc_13", "deg_6"], "5": ["cc_20", "deg_6"], "10": ["cc_20", "deg_6"], "14": ["cc_20", "deg_6"], "1": ["cc_17", "deg_6"], "8": ["cc_20", "deg_6"], "20": ["cc_20", "deg_5"], "26": ["cc_15", "deg_6"], "3": ["cc_20", "deg_6"], "11": ["cc_20", "deg_6"], "23": ["cc_20", "deg_6"], "19": ["cc_17", "deg_6"], "13": ["cc_20", "deg_6"], "16": ["cc_14", "deg_7"], "7": ["cc_20", "deg_6"], "17": ["cc_17", "deg_6"], "12": ["cc_20", "deg_6"], "25": ["cc_20", "deg_6"], "24": ["cc_20", "deg_6"], "9": ["cc_20", "deg_6"], "21": ["cc_17", "deg_6"]}}