{"label": 2, "features": {"53": ["cc_0", "deg_1"], "47": ["cc_0", "deg_1"], "21": ["cc_0", "deg_1"], "34": ["cc_0", "deg_2"], "41": ["cc_0", "deg_2"], "4": ["cc_0", "deg_3"], "42": ["cc_0", "deg_1"], "12": ["cc_0", "deg_2"], "28": ["cc_0", "deg_3"], "5": ["cc_0", "deg_3"], "61": ["cc_0", "deg_3"], "3": ["cc_0", "deg_3"], "51": ["cc_0", "deg_1"], "24": ["cc_0", "deg_2"], "56": ["cc_0", "deg_1"], "55": ["cc_0", "deg_3"], "19": ["cc_0", "deg_2"], "54": ["cc_0", "deg_1"], "36": ["cc_0", "deg_5"], "17": ["cc_0", "deg_1"], "11": ["cc_0", "deg_2"], "22": ["cc_0", "deg_3"], "18": ["cc_0", "deg_4"], "59": ["cc_0", "deg_4"], "2": ["cc_0", "deg_2"], "46": ["cc_0", "deg_2"], "37": ["cc_0", "deg_3"], "38": ["cc_0", "deg_2"], "9": ["cc_0", "deg_3"], "27": ["cc_0", "deg_3"], "58": ["cc_0", "deg_1"], "35": ["cc_0", "deg_2"], "1": ["cc_0", "deg_2"], "16": ["cc_0", "deg_1"], "25": ["cc_0", "deg_2"], "7": ["cc_0", "deg_2"], "39": ["cc_0", "deg_3"], "0": ["cc_0", "deg_1"], "29": ["cc_0", "deg_4"], "13": ["cc_0", "deg_2"], "6": ["cc_0", "deg_1"], "30": ["cc_0", "deg_1"], "14": ["cc_0", "deg_3"], "32": ["cc_0", "deg_2"], "45": ["cc_0", "deg_1"], "10": ["cc_0", "deg_1"], "33": ["cc_0", "deg_1"], "23": ["cc_0", "deg_1"], "48": ["cc_0", "deg_3"], "40": ["cc_0", "deg_1"], "8": ["cc_0", "deg_3"], "44": ["cc_0", "deg_2"], "31": ["cc_0", "deg_3"], "26": ["cc_0", "deg_2"], "43": ["cc_0", "deg_2"], "57": ["cc_0", "deg_2"], "20": ["cc_0", "deg_2"], "50": ["cc_0", "deg_1"], "62": ["cc_0", "deg_1"], "60": ["cc_0", "deg_1"], "52": ["cc_0", "deg_1"], "15": ["cc_0", "deg_1"], "49": ["cc_0", "deg_1"]}, "edges": [[0, 18], [1, 59], [1, 46], [2, 9], [2, 31], [3, 41], [3, 62], [3, 14], [4, 47], [4, 52], [4, 31], [5, 8], [5, 25], [5, 34], [6, 38], [7, 40], [7, 11], [8, 13], [8, 55], [9, 57], [9, 23], [10, 18], [11, 61], [12, 39], [12, 55], [13, 29], [14, 26], [14, 22], [15, 19], [16, 36], [17, 18], [18, 22], [19, 37], [20, 49], [20, 39], [21, 22], [24, 28], [24, 55], [25, 36], [26, 39], [27, 48], [27, 28], [27, 37], [28, 58], [29, 32], [29, 56], [29, 44], [30, 43], [31, 48], [32, 51], [33, 48], [34, 59], [35, 59], [35, 61], [36, 53], [36, 38], [36, 57], [37, 54], [41, 42], [43, 44], [45, 46], [50, 59], [60, 61]]}