{"label": 0, "edges": [[0, 2], [0, 3], [0, 55], [0, 23], [1, 2], [1, 3], [1, 4], [1, 59], [2, 3], [2, 4], [2, 5], [2, 60], [2, 21], [3, 4], [3, 5], [3, 36], [3, 13], [4, 5], [4, 6], [4, 7], [5, 6], [5, 36], [5, 46], [5, 31], [6, 7], [6, 40], [6, 9], [6, 53], [7, 41], [7, 8], [7, 9], [7, 10], [7, 45], [8, 10], [8, 11], [8, 12], [9, 34], [9, 59], [9, 42], [9, 11], [9, 12], [9, 15], [10, 18], [10, 21], [10, 42], [10, 11], [10, 12], [10, 13], [11, 41], [11, 13], [11, 14], [11, 45], [12, 47], [12, 14], [12, 15], [13, 53], [13, 44], [13, 58], [14, 16], [14, 17], [14, 53], [14, 15], [15, 36], [15, 20], [15, 26], [16, 17], [16, 18], [16, 26], [17, 18], [17, 20], [17, 60], [18, 19], [18, 29], [19, 48], [19, 20], [19, 21], [19, 22], [19, 41], [19, 54], [20, 21], [20, 35], [21, 35], [21, 24], [22, 23], [22, 24], [22, 41], [23, 25], [23, 26], [24, 48], [24, 51], [24, 43], [24, 25], [25, 26], [25, 27], [25, 28], [26, 43], [26, 27], [26, 28], [26, 29], [27, 53], [27, 28], [27, 29], [27, 30], [28, 59], [28, 43], [28, 37], [28, 30], [28, 31], [29, 32], [29, 30], [29, 31], [30, 32], [30, 33], [30, 54], [30, 58], [30, 31], [31, 33], [31, 34], [31, 35], [32, 34], [32, 35], [32, 37], [33, 34], [33, 35], [33, 36], [34, 36], [34, 37], [34, 56], [35, 50], [35, 52], [35, 37], [36, 38], [36, 39], [36, 51], [36, 50], [37, 38], [37, 40], [38, 39], [38, 40], [38, 41], [39, 40], [39, 41], [39, 42], [40, 41], [40, 43], [40, 60], [42, 45], [43, 44], [43, 46], [44, 45], [44, 46], [45, 56], [45, 46], [45, 47], [46, 48], [46, 49], [46, 47], [47, 48], [47, 49], [47, 50], [47, 58], [48, 49], [49, 50], [49, 51], [49, 52], [49, 60], [50, 52], [50, 53], [51, 52], [51, 55], [52, 54], [52, 55], [53, 54], [54, 57], [55, 56], [55, 57], [55, 58], [56, 58], [57, 58], [57, 59], [57, 60], [58, 59], [59, 60]], "features": {"27": ["cc_13", "deg_6"], "35": ["cc_4", "deg_8"], "43": ["cc_4", "deg_6"], "47": ["cc_7", "deg_7"], "32": ["cc_10", "deg_5"], "56": ["cc_5", "deg_4"], "9": ["cc_2", "deg_8"], "33": ["cc_13", "deg_5"], "48": ["cc_10", "deg_5"], "55": ["cc_6", "deg_6"], "0": ["cc_5", "deg_4"], "2": ["cc_9", "deg_7"], "18": ["cc_3", "deg_5"], "5": ["cc_7", "deg_7"], "14": ["cc_4", "deg_6"], "38": ["cc_16", "deg_5"], "44": ["cc_11", "deg_4"], "39": ["cc_13", "deg_5"], "3": ["cc_11", "deg_7"], "28": ["cc_7", "deg_8"], "51": ["cc_6", "deg_5"], "23": ["cc_5", "deg_4"], "19": ["cc_3", "deg_7"], "34": ["cc_4", "deg_7"], "11": ["cc_3", "deg_7"], "17": ["cc_6", "deg_5"], "12": ["cc_6", "deg_6"], "25": ["cc_13", "deg_5"], "24": ["cc_0", "deg_6"], "59": ["cc_4", "deg_6"], "22": ["cc_5", "deg_4"], "60": ["cc_2", "deg_6"], "15": ["cc_4", "deg_6"], "4": ["cc_15", "deg_6"], "37": ["cc_6", "deg_6"], "45": ["cc_3", "deg_7"], "42": ["cc_0", "deg_4"], "30": ["cc_7", "deg_8"], "31": ["cc_7", "deg_7"], "36": ["cc_2", "deg_9"], "57": ["cc_10", "deg_5"], "53": ["cc_0", "deg_6"], "10": ["cc_4", "deg_8"], "49": ["cc_9", "deg_7"], "1": ["cc_16", "deg_4"], "46": ["cc_9", "deg_7"], "26": ["cc_7", "deg_8"], "40": ["cc_6", "deg_7"], "41": ["cc_6", "deg_7"], "20": ["cc_6", "deg_5"], "29": ["cc_8", "deg_6"], "52": ["cc_8", "deg_6"], "58": ["cc_4", "deg_7"], "13": ["cc_2", "deg_6"], "6": ["cc_6", "deg_6"], "7": ["cc_4", "deg_7"], "50": ["cc_6", "deg_6"], "8": ["cc_16", "deg_4"], "16": ["cc_11", "deg_4"], "54": ["cc_0", "deg_5"], "21": ["cc_4", "deg_6"]}}