{"label": 0, "features": {"53": ["cc_3", "deg_7"], "47": ["cc_0", "deg_4"], "68": ["cc_11", "deg_3"], "21": ["cc_0", "deg_3"], "34": ["cc_0", "deg_3"], "67": ["cc_11", "deg_3"], "41": ["cc_4", "deg_6"], "4": ["cc_11", "deg_4"], "42": ["cc_6", "deg_5"], "12": ["cc_16", "deg_4"], "28": ["cc_0", "deg_4"], "66": ["cc_3", "deg_5"], "5": ["cc_5", "deg_4"], "65": ["cc_11", "deg_3"], "61": ["cc_0", "deg_3"], "3": ["cc_11", "deg_4"], "64": ["cc_11", "deg_3"], "51": ["cc_3", "deg_5"], "24": ["cc_0", "deg_3"], "56": ["cc_0", "deg_3"], "55": ["cc_2", "deg_6"], "19": ["cc_0", "deg_3"], "54": ["cc_11", "deg_3"], "36": ["cc_0", "deg_2"], "17": ["cc_6", "deg_5"], "11": ["cc_16", "deg_4"], "22": ["cc_0", "deg_3"], "71": ["cc_0", "deg_5"], "18": ["cc_2", "deg_6"], "59": ["cc_0", "deg_3"], "2": ["cc_33", "deg_2"], "46": ["cc_0", "deg_3"], "37": ["cc_0", "deg_5"], "38": ["cc_0", "deg_5"], "73": ["cc_0", "deg_5"], "9": ["cc_5", "deg_4"], "27": ["cc_0", "deg_4"], "58": ["cc_0", "deg_5"], "35": ["cc_0", "deg_3"], "1": ["cc_5", "deg_4"], "16": ["cc_6", "deg_6"], "25": ["cc_0", "deg_4"], "7": ["cc_0", "deg_4"], "39": ["cc_5", "deg_4"], "0": ["cc_6", "deg_5"], "29": ["cc_1", "deg_7"], "63": ["cc_0", "deg_3"], "13": ["cc_16", "deg_4"], "6": ["cc_0", "deg_3"], "30": ["cc_11", "deg_3"], "14": ["cc_10", "deg_5"], "32": ["cc_11", "deg_4"], "45": ["cc_0", "deg_4"], "10": ["cc_11", "deg_4"], "33": ["cc_2", "deg_6"], "23": ["cc_0", "deg_3"], "69": ["cc_3", "deg_5"], "76": ["cc_11", "deg_3"], "48": ["cc_0", "deg_3"], "77": ["cc_4", "deg_6"], "40": ["cc_16", "deg_4"], "72": ["cc_0", "deg_3"], "8": ["cc_0", "deg_3"], "44": ["cc_5", "deg_4"], "31": ["cc_11", "deg_4"], "75": ["cc_0", "deg_4"], "26": ["cc_0", "deg_3"], "43": ["cc_0", "deg_2"], "57": ["cc_0", "deg_3"], "20": ["cc_0", "deg_4"], "50": ["cc_0", "deg_4"], "62": ["cc_5", "deg_4"], "60": ["cc_3", "deg_5"], "52": ["cc_11", "deg_3"], "15": ["cc_10", "deg_5"], "74": ["cc_0", "deg_4"], "70": ["cc_0", "deg_4"], "49": ["cc_0", "deg_4"]}, "edges": [[0, 1], [0, 34], [0, 53], [0, 76], [0, 77], [1, 7], [1, 41], [1, 77], [2, 3], [2, 4], [3, 50], [3, 4], [3, 5], [4, 5], [4, 6], [5, 28], [5, 77], [6, 8], [6, 73], [7, 70], [7, 69], [7, 47], [8, 10], [8, 51], [9, 10], [9, 11], [9, 38], [9, 23], [10, 11], [10, 12], [11, 12], [11, 13], [12, 13], [12, 14], [13, 14], [13, 15], [14, 16], [14, 55], [14, 15], [15, 16], [15, 17], [15, 20], [16, 17], [16, 18], [16, 46], [16, 45], [17, 33], [17, 18], [17, 70], [18, 66], [18, 19], [18, 74], [18, 62], [19, 20], [19, 21], [20, 53], [20, 41], [21, 22], [21, 55], [22, 73], [22, 23], [23, 24], [24, 25], [24, 26], [25, 27], [25, 45], [25, 46], [26, 27], [26, 28], [27, 76], [27, 29], [28, 74], [28, 30], [29, 33], [29, 43], [29, 55], [29, 60], [29, 62], [29, 63], [30, 32], [30, 31], [31, 32], [31, 33], [31, 58], [32, 33], [32, 34], [33, 35], [33, 53], [34, 49], [35, 37], [35, 77], [36, 37], [36, 38], [37, 51], [37, 39], [37, 42], [38, 39], [38, 71], [38, 75], [39, 40], [39, 41], [40, 41], [40, 42], [40, 44], [41, 73], [41, 42], [42, 49], [42, 44], [43, 45], [44, 48], [44, 46], [45, 47], [47, 48], [47, 49], [48, 50], [49, 50], [50, 51], [51, 52], [51, 53], [52, 53], [52, 69], [53, 54], [53, 55], [54, 56], [54, 55], [55, 57], [56, 58], [56, 66], [57, 58], [57, 59], [58, 63], [58, 60], [59, 60], [59, 61], [60, 66], [60, 62], [61, 71], [61, 63], [62, 64], [64, 65], [64, 66], [65, 66], [65, 67], [67, 68], [67, 69], [68, 69], [68, 70], [69, 71], [70, 71], [71, 72], [72, 73], [72, 74], [73, 75], [74, 75], [75, 77], [76, 77]]}