{"label": 2, "edges": [[0, 16], [0, 25], [0, 4], [0, 21], [1, 8], [1, 24], [1, 10], [1, 29], [2, 4], [2, 37], [2, 38], [2, 7], [2, 11], [2, 20], [2, 25], [2, 27], [2, 29], [3, 16], [3, 33], [3, 8], [3, 25], [4, 5], [4, 38], [4, 10], [4, 14], [5, 8], [5, 26], [5, 31], [5, 15], [6, 32], [6, 24], [6, 19], [6, 28], [6, 13], [7, 9], [7, 10], [7, 36], [7, 31], [8, 22], [8, 36], [8, 32], [8, 10], [8, 12], [9, 11], [9, 20], [9, 10], [9, 23], [10, 34], [10, 35], [10, 11], [10, 12], [10, 17], [10, 20], [10, 22], [11, 24], [11, 20], [12, 35], [12, 22], [12, 15], [13, 16], [13, 32], [13, 14], [14, 17], [14, 34], [14, 19], [14, 36], [14, 24], [14, 15], [15, 16], [15, 32], [15, 20], [15, 38], [15, 33], [15, 25], [16, 17], [16, 19], [17, 18], [17, 36], [17, 21], [17, 22], [17, 26], [17, 31], [18, 35], [18, 28], [19, 33], [19, 26], [19, 21], [19, 29], [20, 35], [20, 27], [20, 28], [21, 34], [21, 22], [21, 35], [21, 30], [21, 31], [22, 24], [22, 23], [23, 38], [23, 29], [23, 37], [24, 36], [24, 29], [25, 32], [25, 27], [25, 28], [25, 30], [27, 28], [28, 35], [29, 34], [30, 31], [31, 32], [31, 34], [32, 35], [33, 34], [33, 37], [33, 38]], "features": {"27": ["cc_22", "deg_4"], "22": ["cc_7", "deg_7"], "32": ["cc_3", "deg_7"], "15": ["cc_1", "deg_9"], "4": ["cc_2", "deg_6"], "33": ["cc_2", "deg_6"], "35": ["cc_6", "deg_7"], "30": ["cc_11", "deg_3"], "0": ["cc_0", "deg_4"], "2": ["cc_3", "deg_9"], "6": ["cc_3", "deg_5"], "18": ["cc_11", "deg_3"], "5": ["cc_0", "deg_5"], "10": ["cc_5", "deg_12"], "14": ["cc_2", "deg_8"], "1": ["cc_11", "deg_4"], "29": ["cc_2", "deg_6"], "37": ["cc_0", "deg_3"], "8": ["cc_4", "deg_8"], "20": ["cc_9", "deg_8"], "26": ["cc_0", "deg_3"], "3": ["cc_0", "deg_4"], "11": ["cc_13", "deg_5"], "28": ["cc_8", "deg_6"], "23": ["cc_0", "deg_5"], "19": ["cc_0", "deg_7"], "36": ["cc_6", "deg_5"], "38": ["cc_6", "deg_5"], "34": ["cc_2", "deg_6"], "13": ["cc_5", "deg_4"], "16": ["cc_0", "deg_6"], "7": ["cc_3", "deg_5"], "17": ["cc_3", "deg_9"], "12": ["cc_13", "deg_5"], "31": ["cc_4", "deg_7"], "25": ["cc_3", "deg_8"], "24": ["cc_3", "deg_7"], "9": ["cc_13", "deg_5"], "21": ["cc_4", "deg_8"]}}