{"label": 1, "features": {"1": ["cc_6", "deg_5"], "16": ["cc_16", "deg_5"], "4": ["cc_5", "deg_11"], "21": ["cc_4", "deg_6"], "32": ["cc_10", "deg_5"], "34": ["cc_7", "deg_8"], "7": ["cc_10", "deg_5"], "25": ["cc_5", "deg_4"], "0": ["cc_5", "deg_4"], "39": ["cc_3", "deg_7"], "12": ["cc_0", "deg_5"], "29": ["cc_13", "deg_5"], "28": ["cc_4", "deg_7"], "13": ["cc_10", "deg_5"], "6": ["cc_3", "deg_5"], "30": ["cc_7", "deg_10"], "5": ["cc_16", "deg_4"], "38": ["cc_6", "deg_7"], "3": ["cc_6", "deg_6"], "40": ["cc_3", "deg_5"], "24": ["cc_3", "deg_9"], "33": ["cc_10", "deg_8"], "23": ["cc_5", "deg_4"], "27": ["cc_5", "deg_4"], "19": ["cc_8", "deg_8"], "36": ["cc_10", "deg_5"], "10": ["cc_9", "deg_7"], "17": ["cc_0", "deg_5"], "11": ["cc_3", "deg_9"], "22": ["cc_0", "deg_3"], "18": ["cc_7", "deg_7"], "31": ["cc_8", "deg_8"], "2": ["cc_11", "deg_3"], "26": ["cc_4", "deg_7"], "20": ["cc_0", "deg_4"], "14": ["cc_4", "deg_6"], "35": ["cc_7", "deg_7"], "9": ["cc_6", "deg_6"], "8": ["cc_9", "deg_7"], "37": ["cc_7", "deg_7"], "15": ["cc_0", "deg_3"]}, "edges": [[0, 1], [0, 3], [0, 39], [0, 31], [1, 8], [1, 34], [1, 3], [1, 26], [2, 4], [2, 11], [2, 21], [3, 19], [3, 4], [3, 17], [3, 14], [4, 37], [4, 6], [4, 40], [4, 14], [4, 16], [4, 18], [4, 19], [4, 21], [4, 30], [5, 40], [5, 7], [5, 8], [5, 10], [6, 32], [6, 19], [6, 7], [6, 9], [7, 8], [7, 10], [7, 37], [8, 27], [8, 9], [8, 10], [8, 11], [9, 36], [9, 28], [9, 10], [9, 11], [10, 11], [10, 12], [10, 13], [11, 24], [11, 18], [11, 20], [11, 40], [11, 26], [12, 35], [12, 24], [12, 27], [12, 15], [13, 16], [13, 39], [13, 29], [13, 30], [14, 34], [14, 27], [14, 23], [14, 28], [15, 17], [15, 38], [16, 18], [16, 19], [16, 30], [17, 18], [17, 20], [17, 24], [18, 19], [18, 33], [18, 31], [19, 21], [19, 33], [19, 38], [20, 36], [20, 21], [21, 24], [21, 26], [22, 23], [22, 25], [22, 30], [23, 33], [23, 24], [24, 33], [24, 38], [24, 30], [24, 31], [25, 39], [25, 26], [25, 28], [26, 40], [26, 34], [26, 28], [27, 28], [28, 29], [28, 31], [29, 35], [29, 30], [29, 31], [30, 33], [30, 35], [30, 39], [30, 31], [31, 32], [31, 33], [32, 33], [32, 34], [32, 35], [33, 35], [34, 35], [34, 36], [34, 37], [34, 38], [35, 37], [36, 37], [36, 38], [37, 38], [37, 39], [38, 39], [39, 40]]}