{"label": 0, "edges": [[0, 96], [0, 1], [0, 2], [0, 65], [0, 97], [1, 97], [1, 2], [1, 53], [1, 71], [2, 3], [2, 4], [3, 5], [3, 6], [3, 71], [3, 59], [3, 28], [4, 47], [4, 31], [5, 17], [5, 84], [5, 6], [5, 7], [6, 57], [7, 40], [7, 86], [7, 93], [8, 72], [8, 9], [8, 10], [8, 30], [9, 37], [9, 89], [9, 11], [10, 11], [10, 12], [10, 38], [11, 36], [11, 13], [12, 13], [12, 14], [12, 37], [13, 37], [13, 95], [13, 15], [14, 56], [14, 42], [14, 15], [15, 16], [15, 97], [16, 17], [16, 18], [17, 43], [18, 64], [18, 34], [18, 20], [18, 79], [19, 20], [19, 21], [19, 40], [19, 84], [20, 21], [20, 22], [21, 85], [21, 38], [21, 40], [21, 46], [22, 76], [22, 23], [23, 24], [23, 25], [24, 26], [24, 28], [25, 26], [25, 27], [26, 27], [26, 28], [27, 28], [27, 29], [27, 47], [28, 30], [29, 57], [29, 30], [30, 89], [31, 32], [31, 33], [31, 61], [32, 33], [32, 82], [33, 35], [33, 69], [33, 93], [34, 35], [34, 36], [35, 36], [35, 37], [36, 37], [36, 38], [36, 39], [38, 39], [39, 41], [40, 74], [41, 42], [41, 43], [42, 81], [42, 43], [43, 80], [43, 44], [43, 45], [44, 45], [44, 46], [45, 46], [45, 47], [46, 48], [46, 47], [47, 48], [47, 73], [48, 49], [48, 50], [48, 70], [49, 50], [49, 51], [50, 51], [50, 52], [51, 52], [51, 88], [51, 62], [52, 53], [52, 54], [53, 54], [54, 67], [54, 88], [54, 91], [55, 57], [55, 75], [56, 57], [56, 58], [57, 66], [57, 58], [57, 59], [57, 92], [58, 59], [58, 72], [59, 73], [59, 63], [60, 64], [60, 61], [61, 63], [62, 80], [62, 63], [63, 65], [64, 65], [65, 66], [65, 91], [66, 68], [67, 68], [68, 69], [68, 70], [69, 87], [70, 82], [71, 72], [71, 73], [72, 74], [73, 74], [74, 75], [75, 76], [75, 77], [76, 88], [76, 78], [77, 78], [77, 79], [78, 80], [78, 79], [79, 80], [81, 83], [82, 83], [82, 84], [83, 84], [83, 85], [85, 86], [86, 87], [87, 88], [87, 89], [88, 89], [88, 90], [89, 90], [89, 91], [90, 91], [90, 92], [91, 92], [92, 93], [93, 94], [93, 95], [94, 96], [94, 95], [95, 97], [96, 97]], "features": {"27": ["cc_6", "deg_5"], "35": ["cc_11", "deg_4"], "43": ["cc_4", "deg_6"], "47": ["cc_4", "deg_6"], "56": ["cc_11", "deg_3"], "23": ["cc_0", "deg_3"], "9": ["cc_0", "deg_4"], "94": ["cc_11", "deg_3"], "0": ["cc_10", "deg_5"], "6": ["cc_11", "deg_3"], "18": ["cc_0", "deg_5"], "14": ["cc_0", "deg_4"], "38": ["cc_5", "deg_4"], "82": ["cc_5", "deg_4"], "68": ["cc_0", "deg_4"], "51": ["cc_6", "deg_5"], "77": ["cc_11", "deg_3"], "19": ["cc_11", "deg_4"], "34": ["cc_11", "deg_3"], "75": ["cc_0", "deg_4"], "11": ["cc_0", "deg_4"], "88": ["cc_4", "deg_6"], "17": ["cc_0", "deg_3"], "25": ["cc_11", "deg_3"], "24": ["cc_11", "deg_3"], "70": ["cc_0", "deg_3"], "15": ["cc_0", "deg_4"], "62": ["cc_0", "deg_3"], "40": ["cc_5", "deg_4"], "30": ["cc_0", "deg_4"], "31": ["cc_5", "deg_4"], "66": ["cc_0", "deg_3"], "36": ["cc_6", "deg_6"], "57": ["cc_2", "deg_8"], "10": ["cc_0", "deg_4"], "49": ["cc_22", "deg_3"], "1": ["cc_6", "deg_5"], "46": ["cc_10", "deg_5"], "60": ["cc_0", "deg_2"], "41": ["cc_11", "deg_3"], "29": ["cc_0", "deg_3"], "97": ["cc_6", "deg_5"], "74": ["cc_0", "deg_4"], "13": ["cc_3", "deg_5"], "2": ["cc_5", "deg_4"], "7": ["cc_0", "deg_4"], "84": ["cc_5", "deg_4"], "79": ["cc_11", "deg_4"], "90": ["cc_16", "deg_4"], "32": ["cc_11", "deg_3"], "33": ["cc_3", "deg_5"], "55": ["cc_0", "deg_2"], "48": ["cc_6", "deg_5"], "85": ["cc_0", "deg_3"], "5": ["cc_3", "deg_5"], "80": ["cc_5", "deg_4"], "81": ["cc_0", "deg_2"], "86": ["cc_0", "deg_3"], "87": ["cc_5", "deg_4"], "44": ["cc_22", "deg_3"], "39": ["cc_11", "deg_3"], "3": ["cc_2", "deg_6"], "92": ["cc_5", "deg_4"], "28": ["cc_6", "deg_5"], "83": ["cc_5", "deg_4"], "76": ["cc_0", "deg_4"], "72": ["cc_0", "deg_4"], "96": ["cc_11", "deg_3"], "89": ["cc_6", "deg_6"], "12": ["cc_5", "deg_4"], "59": ["cc_3", "deg_5"], "69": ["cc_0", "deg_3"], "22": ["cc_0", "deg_3"], "50": ["cc_16", "deg_4"], "71": ["cc_0", "deg_4"], "4": ["cc_0", "deg_3"], "78": ["cc_11", "deg_4"], "91": ["cc_6", "deg_5"], "45": ["cc_16", "deg_4"], "42": ["cc_5", "deg_4"], "21": ["cc_4", "deg_6"], "8": ["cc_0", "deg_4"], "53": ["cc_11", "deg_3"], "67": ["cc_0", "deg_2"], "37": ["cc_6", "deg_5"], "95": ["cc_5", "deg_4"], "20": ["cc_5", "deg_4"], "26": ["cc_16", "deg_4"], "93": ["cc_3", "deg_5"], "52": ["cc_11", "deg_4"], "58": ["cc_11", "deg_4"], "63": ["cc_0", "deg_4"], "64": ["cc_0", "deg_3"], "54": ["cc_3", "deg_5"], "65": ["cc_0", "deg_5"], "61": ["cc_0", "deg_3"], "16": ["cc_0", "deg_3"], "73": ["cc_0", "deg_4"]}}