{"label": 0, "features": {"53": ["cc_0", "deg_1"], "47": ["cc_0", "deg_2"], "21": ["cc_0", "deg_2"], "34": ["cc_0", "deg_2"], "41": ["cc_0", "deg_2"], "4": ["cc_0", "deg_2"], "42": ["cc_0", "deg_2"], "12": ["cc_0", "deg_2"], "28": ["cc_0", "deg_4"], "66": ["cc_0", "deg_1"], "5": ["cc_0", "deg_2"], "65": ["cc_0", "deg_2"], "61": ["cc_0", "deg_2"], "3": ["cc_0", "deg_3"], "64": ["cc_0", "deg_2"], "51": ["cc_0", "deg_2"], "24": ["cc_0", "deg_2"], "56": ["cc_0", "deg_1"], "55": ["cc_0", "deg_2"], "19": ["cc_0", "deg_2"], "54": ["cc_0", "deg_1"], "36": ["cc_0", "deg_2"], "17": ["cc_0", "deg_4"], "11": ["cc_0", "deg_3"], "22": ["cc_0", "deg_2"], "18": ["cc_0", "deg_1"], "59": ["cc_0", "deg_2"], "2": ["cc_0", "deg_2"], "46": ["cc_0", "deg_2"], "37": ["cc_0", "deg_2"], "38": ["cc_0", "deg_2"], "9": ["cc_0", "deg_2"], "27": ["cc_0", "deg_2"], "58": ["cc_0", "deg_3"], "35": ["cc_0", "deg_2"], "1": ["cc_0", "deg_2"], "16": ["cc_0", "deg_2"], "25": ["cc_0", "deg_2"], "7": ["cc_0", "deg_2"], "39": ["cc_0", "deg_2"], "0": ["cc_0", "deg_2"], "29": ["cc_0", "deg_2"], "63": ["cc_0", "deg_2"], "13": ["cc_0", "deg_1"], "6": ["cc_0", "deg_2"], "30": ["cc_0", "deg_2"], "14": ["cc_0", "deg_2"], "32": ["cc_0", "deg_2"], "45": ["cc_0", "deg_1"], "10": ["cc_0", "deg_2"], "33": ["cc_0", "deg_2"], "23": ["cc_0", "deg_2"], "48": ["cc_0", "deg_2"], "40": ["cc_0", "deg_3"], "8": ["cc_0", "deg_2"], "44": ["cc_0", "deg_2"], "31": ["cc_0", "deg_2"], "26": ["cc_0", "deg_2"], "43": ["cc_0", "deg_2"], "57": ["cc_0", "deg_2"], "20": ["cc_0", "deg_2"], "50": ["cc_0", "deg_2"], "62": ["cc_0", "deg_2"], "60": ["cc_0", "deg_1"], "52": ["cc_0", "deg_2"], "15": ["cc_0", "deg_2"], "49": ["cc_0", "deg_2"]}, "edges": [[0, 1], [0, 66], [1, 2], [2, 3], [3, 44], [3, 4], [4, 5], [5, 6], [6, 7], [7, 8], [8, 9], [9, 10], [10, 11], [11, 65], [11, 12], [12, 40], [13, 14], [14, 15], [15, 16], [16, 17], [17, 52], [17, 59], [17, 28], [18, 19], [19, 20], [20, 21], [21, 22], [22, 23], [23, 24], [24, 25], [25, 26], [26, 27], [27, 28], [28, 29], [28, 55], [29, 30], [30, 31], [31, 32], [32, 33], [33, 34], [34, 35], [35, 36], [36, 37], [37, 38], [38, 39], [39, 40], [40, 41], [41, 42], [42, 43], [43, 44], [45, 46], [46, 47], [47, 48], [48, 49], [49, 50], [50, 51], [51, 52], [53, 58], [54, 55], [56, 57], [57, 58], [58, 59], [60, 61], [61, 62], [62, 63], [63, 64], [64, 65]]}