{"label": 1, "features": {"53": ["cc_5", "deg_4"], "47": ["cc_3", "deg_7"], "68": ["cc_3", "deg_7"], "21": ["cc_3", "deg_8"], "34": ["cc_3", "deg_5"], "67": ["cc_2", "deg_6"], "41": ["cc_0", "deg_9"], "4": ["cc_0", "deg_4"], "42": ["cc_3", "deg_5"], "12": ["cc_6", "deg_7"], "28": ["cc_2", "deg_6"], "66": ["cc_3", "deg_5"], "5": ["cc_1", "deg_9"], "65": ["cc_4", "deg_6"], "61": ["cc_10", "deg_5"], "3": ["cc_4", "deg_6"], "64": ["cc_2", "deg_6"], "51": ["cc_6", "deg_5"], "24": ["cc_6", "deg_5"], "56": ["cc_3", "deg_7"], "55": ["cc_0", "deg_6"], "19": ["cc_11", "deg_3"], "54": ["cc_0", "deg_9"], "36": ["cc_2", "deg_8"], "17": ["cc_6", "deg_5"], "11": ["cc_0", "deg_4"], "22": ["cc_2", "deg_8"], "18": ["cc_3", "deg_5"], "59": ["cc_5", "deg_4"], "2": ["cc_1", "deg_7"], "46": ["cc_11", "deg_4"], "37": ["cc_4", "deg_7"], "38": ["cc_0", "deg_4"], "9": ["cc_4", "deg_6"], "27": ["cc_0", "deg_6"], "58": ["cc_0", "deg_8"], "35": ["cc_3", "deg_5"], "1": ["cc_0", "deg_5"], "16": ["cc_3", "deg_7"], "25": ["cc_4", "deg_6"], "7": ["cc_2", "deg_6"], "39": ["cc_0", "deg_4"], "0": ["cc_6", "deg_5"], "29": ["cc_1", "deg_7"], "63": ["cc_2", "deg_6"], "13": ["cc_2", "deg_6"], "6": ["cc_2", "deg_8"], "30": ["cc_0", "deg_5"], "14": ["cc_3", "deg_5"], "32": ["cc_6", "deg_5"], "45": ["cc_2", "deg_6"], "10": ["cc_10", "deg_5"], "33": ["cc_1", "deg_11"], "23": ["cc_1", "deg_7"], "69": ["cc_11", "deg_4"], "48": ["cc_4", "deg_6"], "40": ["cc_3", "deg_7"], "8": ["cc_2", "deg_6"], "44": ["cc_3", "deg_5"], "31": ["cc_5", "deg_4"], "26": ["cc_4", "deg_7"], "43": ["cc_3", "deg_7"], "57": ["cc_4", "deg_7"], "20": ["cc_3", "deg_7"], "50": ["cc_0", "deg_4"], "62": ["cc_4", "deg_7"], "60": ["cc_5", "deg_4"], "52": ["cc_0", "deg_9"], "15": ["cc_6", "deg_7"], "70": ["cc_2", "deg_6"], "49": ["cc_11", "deg_4"]}, "edges": [[0, 3], [0, 69], [0, 57], [0, 26], [0, 37], [1, 2], [1, 52], [1, 23], [1, 8], [1, 18], [2, 34], [2, 68], [2, 5], [2, 7], [2, 40], [2, 10], [3, 5], [3, 6], [3, 57], [3, 54], [3, 12], [4, 35], [4, 5], [4, 22], [4, 58], [5, 40], [5, 17], [5, 67], [5, 20], [5, 23], [5, 39], [6, 18], [6, 25], [6, 8], [6, 9], [6, 10], [6, 15], [6, 63], [7, 17], [7, 51], [7, 49], [7, 8], [7, 9], [8, 43], [8, 68], [8, 20], [9, 41], [9, 10], [9, 12], [9, 58], [10, 23], [10, 12], [11, 46], [11, 41], [11, 13], [11, 14], [12, 33], [12, 57], [12, 23], [12, 13], [13, 16], [13, 66], [13, 20], [13, 15], [14, 16], [14, 67], [14, 39], [14, 15], [15, 16], [15, 30], [15, 22], [15, 25], [16, 64], [16, 18], [16, 45], [16, 28], [17, 20], [17, 53], [17, 28], [18, 21], [18, 70], [19, 21], [19, 22], [19, 29], [20, 62], [20, 43], [20, 30], [21, 56], [21, 70], [21, 22], [21, 23], [21, 24], [21, 44], [22, 64], [22, 25], [22, 42], [22, 47], [23, 26], [23, 30], [24, 66], [24, 56], [24, 26], [24, 27], [25, 36], [25, 27], [25, 29], [26, 56], [26, 69], [26, 54], [26, 29], [27, 48], [27, 33], [27, 38], [27, 65], [28, 53], [28, 55], [28, 29], [28, 31], [29, 69], [29, 57], [29, 63], [30, 33], [30, 59], [31, 32], [31, 33], [31, 34], [32, 33], [32, 61], [32, 41], [32, 63], [33, 64], [33, 35], [33, 39], [33, 54], [33, 57], [33, 62], [34, 36], [34, 37], [34, 52], [35, 36], [35, 37], [35, 38], [36, 48], [36, 37], [36, 39], [36, 67], [36, 44], [37, 40], [37, 41], [37, 47], [38, 54], [38, 41], [40, 50], [40, 41], [40, 42], [40, 60], [41, 68], [41, 52], [41, 56], [42, 59], [42, 52], [42, 43], [43, 50], [43, 59], [43, 44], [43, 58], [44, 46], [44, 47], [45, 53], [45, 55], [45, 61], [45, 62], [45, 47], [46, 48], [46, 47], [47, 48], [47, 50], [48, 49], [48, 51], [49, 67], [49, 51], [50, 52], [51, 52], [51, 54], [52, 70], [52, 55], [52, 60], [53, 54], [54, 65], [54, 58], [54, 63], [55, 66], [55, 56], [55, 57], [56, 58], [56, 59], [57, 58], [58, 64], [58, 70], [60, 61], [60, 62], [61, 62], [61, 63], [62, 64], [62, 65], [63, 64], [65, 66], [65, 67], [65, 68], [66, 68], [67, 68], [68, 70], [69, 70]]}