{"label": 1, "edges": [[0, 5], [0, 38], [0, 40], [0, 10], [0, 28], [1, 40], [1, 3], [1, 22], [2, 16], [2, 34], [2, 4], [2, 5], [2, 38], [2, 21], [3, 27], [3, 4], [4, 6], [4, 39], [5, 18], [6, 24], [6, 20], [6, 37], [6, 29], [7, 8], [7, 9], [7, 23], [8, 35], [8, 29], [8, 30], [8, 15], [9, 17], [9, 11], [10, 19], [10, 12], [11, 36], [11, 38], [11, 12], [11, 14], [12, 13], [13, 23], [13, 40], [13, 30], [14, 22], [14, 31], [14, 15], [15, 16], [15, 25], [16, 18], [17, 19], [17, 37], [17, 31], [18, 19], [18, 38], [19, 20], [19, 21], [19, 26], [20, 34], [20, 29], [21, 31], [22, 32], [22, 24], [22, 30], [23, 35], [23, 25], [23, 28], [24, 36], [24, 25], [24, 28], [25, 27], [26, 27], [27, 28], [27, 29], [29, 30], [29, 31], [31, 33], [32, 39], [33, 40], [33, 38], [34, 35], [35, 36], [35, 39], [36, 39]], "features": {"27": ["cc_0", "deg_5"], "22": ["cc_0", "deg_5"], "32": ["cc_0", "deg_2"], "15": ["cc_0", "deg_4"], "4": ["cc_0", "deg_4"], "33": ["cc_0", "deg_3"], "40": ["cc_0", "deg_4"], "35": ["cc_3", "deg_5"], "30": ["cc_5", "deg_4"], "0": ["cc_0", "deg_5"], "2": ["cc_0", "deg_6"], "6": ["cc_3", "deg_5"], "18": ["cc_0", "deg_4"], "5": ["cc_0", "deg_3"], "10": ["cc_0", "deg_3"], "14": ["cc_0", "deg_4"], "1": ["cc_0", "deg_3"], "29": ["cc_4", "deg_6"], "37": ["cc_0", "deg_2"], "8": ["cc_3", "deg_5"], "20": ["cc_5", "deg_4"], "26": ["cc_0", "deg_2"], "3": ["cc_0", "deg_3"], "11": ["cc_0", "deg_5"], "28": ["cc_0", "deg_4"], "39": ["cc_5", "deg_4"], "23": ["cc_0", "deg_5"], "19": ["cc_0", "deg_6"], "36": ["cc_5", "deg_4"], "38": ["cc_0", "deg_5"], "34": ["cc_0", "deg_3"], "13": ["cc_0", "deg_4"], "16": ["cc_0", "deg_3"], "7": ["cc_0", "deg_3"], "17": ["cc_0", "deg_4"], "12": ["cc_0", "deg_3"], "31": ["cc_0", "deg_5"], "25": ["cc_0", "deg_4"], "24": ["cc_0", "deg_5"], "9": ["cc_0", "deg_3"], "21": ["cc_0", "deg_3"]}}