{"label": 2, "features": {"53": ["cc_2", "deg_6"], "47": ["cc_3", "deg_5"], "68": ["cc_2", "deg_6"], "21": ["cc_0", "deg_4"], "34": ["cc_0", "deg_6"], "67": ["cc_0", "deg_6"], "41": ["cc_4", "deg_7"], "4": ["cc_1", "deg_9"], "42": ["cc_0", "deg_6"], "12": ["cc_2", "deg_8"], "28": ["cc_0", "deg_5"], "66": ["cc_4", "deg_6"], "5": ["cc_0", "deg_8"], "65": ["cc_0", "deg_6"], "61": ["cc_3", "deg_7"], "3": ["cc_0", "deg_6"], "64": ["cc_0", "deg_5"], "51": ["cc_3", "deg_5"], "24": ["cc_4", "deg_6"], "56": ["cc_5", "deg_4"], "55": ["cc_3", "deg_8"], "19": ["cc_1", "deg_7"], "54": ["cc_0", "deg_6"], "36": ["cc_2", "deg_8"], "17": ["cc_3", "deg_8"], "11": ["cc_0", "deg_9"], "22": ["cc_6", "deg_5"], "18": ["cc_2", "deg_10"], "59": ["cc_10", "deg_5"], "2": ["cc_6", "deg_5"], "46": ["cc_2", "deg_6"], "37": ["cc_4", "deg_9"], "38": ["cc_4", "deg_6"], "9": ["cc_0", "deg_6"], "27": ["cc_3", "deg_5"], "58": ["cc_0", "deg_5"], "35": ["cc_3", "deg_5"], "1": ["cc_0", "deg_5"], "16": ["cc_3", "deg_5"], "25": ["cc_2", "deg_8"], "7": ["cc_6", "deg_6"], "39": ["cc_13", "deg_5"], "0": ["cc_2", "deg_8"], "29": ["cc_0", "deg_4"], "63": ["cc_0", "deg_4"], "13": ["cc_4", "deg_6"], "6": ["cc_0", "deg_6"], "30": ["cc_0", "deg_3"], "14": ["cc_3", "deg_5"], "32": ["cc_5", "deg_4"], "45": ["cc_3", "deg_5"], "10": ["cc_1", "deg_7"], "33": ["cc_5", "deg_4"], "23": ["cc_6", "deg_6"], "69": ["cc_1", "deg_7"], "48": ["cc_0", "deg_5"], "40": ["cc_6", "deg_6"], "8": ["cc_3", "deg_10"], "44": ["cc_0", "deg_5"], "31": ["cc_2", "deg_6"], "26": ["cc_3", "deg_5"], "43": ["cc_0", "deg_8"], "57": ["cc_0", "deg_4"], "20": ["cc_2", "deg_8"], "50": ["cc_2", "deg_6"], "62": ["cc_0", "deg_5"], "60": ["cc_4", "deg_6"], "52": ["cc_0", "deg_3"], "15": ["cc_5", "deg_4"], "49": ["cc_1", "deg_7"]}, "edges": [[0, 17], [0, 18], [0, 19], [0, 65], [0, 55], [0, 9], [0, 13], [0, 46], [1, 49], [1, 52], [1, 22], [1, 6], [1, 60], [2, 8], [2, 31], [2, 37], [2, 14], [2, 69], [3, 36], [3, 5], [3, 10], [3, 59], [3, 28], [3, 61], [4, 32], [4, 64], [4, 36], [4, 7], [4, 14], [4, 25], [4, 58], [4, 61], [4, 63], [5, 66], [5, 35], [5, 50], [5, 18], [5, 62], [5, 57], [5, 30], [6, 19], [6, 48], [6, 67], [6, 55], [6, 42], [7, 51], [7, 69], [7, 25], [7, 36], [7, 44], [8, 66], [8, 67], [8, 37], [8, 44], [8, 43], [8, 12], [8, 14], [8, 20], [8, 22], [9, 51], [9, 37], [9, 57], [9, 27], [9, 45], [10, 35], [10, 67], [10, 19], [10, 52], [10, 60], [10, 23], [11, 56], [11, 50], [11, 20], [11, 25], [11, 58], [11, 27], [11, 12], [11, 29], [11, 46], [12, 18], [12, 62], [12, 37], [12, 26], [12, 21], [12, 13], [13, 18], [13, 69], [13, 38], [13, 29], [14, 21], [14, 15], [15, 18], [15, 33], [15, 29], [16, 17], [16, 18], [16, 19], [16, 36], [16, 56], [17, 39], [17, 40], [17, 41], [17, 42], [17, 44], [17, 50], [18, 51], [18, 20], [18, 22], [18, 33], [19, 56], [19, 57], [19, 44], [20, 66], [20, 36], [20, 52], [20, 53], [20, 57], [21, 66], [21, 45], [22, 37], [22, 24], [23, 34], [23, 38], [23, 59], [23, 60], [23, 58], [24, 41], [24, 56], [24, 54], [24, 43], [24, 37], [25, 33], [25, 43], [25, 45], [25, 47], [25, 51], [26, 49], [26, 53], [26, 28], [26, 61], [27, 49], [27, 55], [27, 62], [28, 50], [28, 43], [28, 60], [29, 67], [30, 43], [30, 36], [31, 32], [31, 54], [31, 38], [31, 44], [31, 59], [32, 39], [32, 40], [33, 68], [34, 49], [34, 51], [34, 68], [34, 54], [34, 63], [35, 65], [35, 47], [35, 61], [36, 66], [36, 37], [37, 38], [37, 41], [38, 59], [38, 68], [39, 50], [39, 40], [39, 41], [40, 68], [40, 58], [40, 45], [41, 69], [41, 55], [41, 47], [42, 65], [42, 43], [42, 46], [42, 47], [43, 64], [43, 49], [45, 68], [46, 48], [46, 55], [46, 62], [47, 61], [48, 69], [48, 63], [48, 61], [49, 67], [49, 55], [50, 54], [53, 64], [53, 68], [53, 60], [53, 61], [54, 65], [54, 67], [55, 69], [55, 63], [58, 62], [59, 60], [64, 65], [64, 66], [65, 69]]}