{"label": 2, "features": {"47": ["cc_5", "deg_4"], "21": ["cc_0", "deg_3"], "34": ["cc_0", "deg_4"], "41": ["cc_11", "deg_3"], "4": ["cc_2", "deg_6"], "42": ["cc_2", "deg_6"], "12": ["cc_0", "deg_5"], "28": ["cc_5", "deg_4"], "5": ["cc_4", "deg_7"], "3": ["cc_5", "deg_4"], "24": ["cc_5", "deg_4"], "19": ["cc_6", "deg_5"], "36": ["cc_0", "deg_6"], "17": ["cc_22", "deg_3"], "11": ["cc_0", "deg_3"], "22": ["cc_5", "deg_4"], "18": ["cc_0", "deg_5"], "2": ["cc_0", "deg_3"], "46": ["cc_3", "deg_5"], "37": ["cc_0", "deg_3"], "38": ["cc_3", "deg_5"], "9": ["cc_3", "deg_5"], "27": ["cc_11", "deg_4"], "35": ["cc_0", "deg_3"], "1": ["cc_0", "deg_2"], "16": ["cc_5", "deg_4"], "25": ["cc_33", "deg_2"], "7": ["cc_5", "deg_4"], "39": ["cc_11", "deg_3"], "0": ["cc_0", "deg_4"], "29": ["cc_0", "deg_3"], "13": ["cc_5", "deg_4"], "6": ["cc_0", "deg_2"], "30": ["cc_0", "deg_2"], "14": ["cc_11", "deg_3"], "32": ["cc_0", "deg_5"], "45": ["cc_5", "deg_4"], "10": ["cc_10", "deg_5"], "33": ["cc_33", "deg_2"], "23": ["cc_3", "deg_5"], "40": ["cc_2", "deg_6"], "8": ["cc_0", "deg_4"], "44": ["cc_0", "deg_3"], "31": ["cc_5", "deg_4"], "26": ["cc_6", "deg_6"], "43": ["cc_0", "deg_4"], "20": ["cc_5", "deg_4"], "15": ["cc_11", "deg_3"]}, "edges": [[0, 2], [0, 23], [0, 12], [0, 46], [1, 15], [1, 12], [2, 3], [2, 4], [3, 5], [3, 7], [3, 11], [4, 32], [4, 22], [4, 23], [4, 39], [4, 13], [5, 33], [5, 6], [5, 7], [5, 24], [5, 13], [5, 14], [6, 18], [7, 18], [7, 8], [8, 9], [8, 34], [8, 37], [9, 40], [9, 38], [9, 42], [9, 29], [10, 17], [10, 19], [10, 39], [10, 26], [10, 29], [11, 32], [11, 43], [12, 40], [12, 28], [12, 42], [13, 33], [13, 45], [14, 24], [14, 38], [15, 16], [15, 41], [16, 41], [16, 18], [16, 21], [17, 19], [17, 26], [18, 34], [18, 46], [19, 32], [19, 39], [19, 44], [20, 40], [20, 42], [20, 28], [20, 31], [21, 36], [21, 23], [22, 23], [22, 24], [22, 31], [23, 40], [24, 36], [25, 26], [25, 27], [26, 36], [26, 42], [26, 27], [27, 42], [27, 29], [28, 31], [28, 47], [30, 32], [30, 38], [31, 34], [32, 37], [34, 35], [35, 36], [35, 37], [36, 40], [36, 43], [38, 40], [38, 47], [41, 43], [42, 44], [43, 45], [44, 46], [45, 46], [45, 47], [46, 47]]}