{"label": 1, "edges": [[0, 1], [0, 2], [0, 3], [0, 4], [0, 9], [0, 24], [0, 25], [0, 26], [0, 27], [1, 11], [1, 3], [1, 6], [1, 9], [1, 26], [2, 17], [2, 5], [2, 22], [3, 21], [3, 23], [3, 25], [3, 10], [4, 20], [4, 6], [4, 10], [5, 6], [5, 7], [5, 26], [6, 16], [6, 8], [6, 9], [6, 12], [7, 8], [7, 10], [7, 12], [7, 13], [8, 24], [8, 11], [8, 13], [8, 21], [9, 20], [9, 24], [9, 10], [10, 12], [10, 15], [11, 21], [11, 12], [11, 13], [12, 16], [12, 18], [12, 27], [13, 16], [13, 14], [14, 16], [14, 17], [14, 23], [14, 15], [15, 18], [15, 20], [15, 24], [16, 17], [16, 18], [16, 19], [17, 18], [17, 19], [17, 23], [18, 19], [18, 20], [19, 20], [19, 21], [19, 22], [19, 26], [20, 22], [21, 22], [21, 23], [21, 24], [21, 25], [21, 27], [22, 23], [22, 24], [22, 25], [22, 27], [23, 26], [25, 26], [25, 27]], "features": {"27": ["cc_13", "deg_5"], "22": ["cc_8", "deg_8"], "15": ["cc_3", "deg_5"], "4": ["cc_0", "deg_4"], "0": ["cc_6", "deg_9"], "2": ["cc_0", "deg_4"], "6": ["cc_3", "deg_7"], "18": ["cc_13", "deg_6"], "5": ["cc_0", "deg_4"], "10": ["cc_2", "deg_6"], "14": ["cc_10", "deg_5"], "1": ["cc_8", "deg_6"], "8": ["cc_8", "deg_6"], "20": ["cc_6", "deg_6"], "26": ["cc_4", "deg_6"], "3": ["cc_8", "deg_6"], "11": ["cc_6", "deg_5"], "23": ["cc_6", "deg_6"], "19": ["cc_9", "deg_7"], "13": ["cc_10", "deg_5"], "16": ["cc_11", "deg_7"], "7": ["cc_6", "deg_5"], "17": ["cc_11", "deg_6"], "12": ["cc_4", "deg_7"], "25": ["cc_15", "deg_6"], "24": ["cc_6", "deg_6"], "9": ["cc_6", "deg_6"], "21": ["cc_9", "deg_9"]}}