{"label": 2, "features": {"68": ["cc_3", "deg_9"], "21": ["cc_5", "deg_4"], "34": ["cc_0", "deg_4"], "58": ["cc_3", "deg_5"], "69": ["cc_3", "deg_5"], "42": ["cc_4", "deg_8"], "12": ["cc_1", "deg_10"], "66": ["cc_5", "deg_4"], "5": ["cc_1", "deg_7"], "61": ["cc_0", "deg_5"], "51": ["cc_2", "deg_6"], "24": ["cc_3", "deg_8"], "56": ["cc_1", "deg_8"], "55": ["cc_0", "deg_6"], "17": ["cc_4", "deg_6"], "22": ["cc_1", "deg_9"], "74": ["cc_2", "deg_9"], "59": ["cc_0", "deg_3"], "46": ["cc_2", "deg_6"], "37": ["cc_3", "deg_5"], "38": ["cc_0", "deg_5"], "81": ["cc_0", "deg_4"], "35": ["cc_0", "deg_5"], "47": ["cc_3", "deg_5"], "16": ["cc_0", "deg_9"], "65": ["cc_3", "deg_5"], "23": ["cc_3", "deg_5"], "7": ["cc_2", "deg_9"], "82": ["cc_0", "deg_5"], "29": ["cc_0", "deg_9"], "13": ["cc_0", "deg_6"], "6": ["cc_0", "deg_6"], "30": ["cc_0", "deg_8"], "14": ["cc_5", "deg_4"], "40": ["cc_0", "deg_5"], "33": ["cc_6", "deg_5"], "73": ["cc_6", "deg_6"], "76": ["cc_4", "deg_6"], "8": ["cc_2", "deg_6"], "44": ["cc_0", "deg_4"], "26": ["cc_0", "deg_4"], "43": ["cc_1", "deg_8"], "57": ["cc_0", "deg_6"], "20": ["cc_11", "deg_3"], "89": ["cc_0", "deg_3"], "80": ["cc_11", "deg_3"], "70": ["cc_5", "deg_4"], "84": ["cc_3", "deg_5"], "53": ["cc_1", "deg_8"], "1": ["cc_2", "deg_9"], "54": ["cc_0", "deg_4"], "41": ["cc_2", "deg_10"], "4": ["cc_0", "deg_6"], "39": ["cc_2", "deg_6"], "28": ["cc_2", "deg_9"], "25": ["cc_1", "deg_8"], "78": ["cc_2", "deg_6"], "3": ["cc_0", "deg_4"], "64": ["cc_3", "deg_7"], "72": ["cc_1", "deg_8"], "87": ["cc_2", "deg_6"], "19": ["cc_2", "deg_6"], "86": ["cc_2", "deg_6"], "62": ["cc_0", "deg_9"], "11": ["cc_0", "deg_7"], "18": ["cc_5", "deg_4"], "67": ["cc_3", "deg_7"], "2": ["cc_0", "deg_4"], "9": ["cc_0", "deg_3"], "27": ["cc_0", "deg_5"], "15": ["cc_2", "deg_6"], "71": ["cc_3", "deg_8"], "88": ["cc_4", "deg_6"], "0": ["cc_0", "deg_6"], "63": ["cc_0", "deg_4"], "32": ["cc_3", "deg_5"], "45": ["cc_3", "deg_7"], "36": ["cc_3", "deg_5"], "83": ["cc_2", "deg_6"], "48": ["cc_0", "deg_4"], "79": ["cc_3", "deg_7"], "77": ["cc_0", "deg_7"], "10": ["cc_1", "deg_7"], "85": ["cc_1", "deg_8"], "31": ["cc_6", "deg_5"], "75": ["cc_0", "deg_5"], "50": ["cc_4", "deg_7"], "60": ["cc_0", "deg_4"], "52": ["cc_0", "deg_6"], "49": ["cc_0", "deg_5"]}, "edges": [[0, 16], [0, 6], [0, 57], [0, 43], [0, 61], [0, 79], [1, 65], [1, 36], [1, 37], [1, 7], [1, 12], [1, 14], [1, 86], [1, 88], [1, 89], [2, 5], [2, 89], [2, 76], [2, 29], [3, 6], [3, 26], [3, 45], [3, 30], [4, 19], [4, 17], [4, 37], [4, 25], [4, 13], [4, 78], [5, 64], [5, 23], [5, 41], [5, 71], [5, 7], [5, 31], [6, 66], [6, 53], [6, 13], [6, 62], [7, 82], [7, 68], [7, 86], [7, 17], [7, 84], [7, 14], [7, 78], [8, 32], [8, 35], [8, 78], [8, 55], [8, 10], [8, 14], [9, 16], [9, 72], [9, 12], [10, 32], [10, 86], [10, 38], [10, 11], [10, 76], [10, 69], [11, 56], [11, 30], [11, 54], [11, 71], [11, 29], [11, 47], [12, 32], [12, 41], [12, 23], [12, 78], [12, 19], [12, 20], [12, 85], [12, 56], [13, 16], [13, 40], [13, 46], [13, 15], [14, 46], [15, 65], [15, 68], [15, 53], [15, 39], [15, 27], [16, 51], [16, 83], [16, 19], [16, 21], [16, 38], [16, 55], [17, 50], [17, 68], [17, 53], [17, 41], [18, 81], [18, 74], [18, 28], [18, 26], [19, 50], [19, 83], [19, 72], [20, 22], [20, 23], [21, 22], [21, 24], [21, 25], [22, 64], [22, 33], [22, 55], [22, 24], [22, 79], [22, 43], [22, 47], [23, 24], [23, 68], [24, 50], [24, 41], [24, 74], [24, 86], [24, 28], [25, 64], [25, 33], [25, 40], [25, 45], [25, 47], [25, 81], [26, 29], [26, 61], [27, 81], [27, 62], [27, 72], [27, 30], [28, 32], [28, 67], [28, 74], [28, 79], [28, 76], [28, 29], [28, 30], [29, 33], [29, 36], [29, 41], [29, 52], [29, 31], [30, 86], [30, 88], [30, 53], [30, 63], [31, 33], [31, 71], [31, 79], [32, 82], [33, 45], [34, 37], [34, 38], [34, 44], [34, 85], [35, 51], [35, 84], [35, 38], [35, 41], [36, 67], [36, 88], [36, 57], [37, 76], [37, 79], [38, 43], [39, 80], [39, 64], [39, 55], [39, 42], [39, 62], [40, 82], [40, 41], [40, 87], [41, 42], [41, 50], [41, 58], [42, 50], [42, 53], [42, 73], [42, 74], [42, 67], [42, 45], [43, 72], [43, 56], [43, 73], [43, 44], [43, 47], [44, 50], [44, 77], [45, 49], [45, 53], [45, 61], [46, 75], [46, 51], [46, 72], [46, 60], [47, 62], [48, 49], [48, 51], [48, 71], [48, 88], [49, 50], [49, 52], [49, 85], [51, 87], [51, 72], [52, 83], [52, 58], [52, 62], [52, 77], [53, 83], [53, 85], [54, 80], [54, 55], [54, 62], [55, 81], [56, 76], [56, 77], [56, 78], [56, 67], [56, 61], [57, 70], [57, 87], [57, 75], [57, 74], [58, 64], [58, 87], [58, 60], [59, 74], [59, 61], [59, 62], [60, 62], [60, 63], [62, 65], [63, 79], [63, 77], [64, 80], [64, 87], [65, 67], [65, 68], [66, 82], [66, 68], [66, 71], [67, 69], [67, 73], [68, 69], [68, 70], [68, 71], [69, 72], [69, 73], [70, 71], [70, 73], [71, 74], [72, 89], [73, 74], [74, 77], [75, 82], [75, 77], [75, 78], [76, 79], [77, 85], [83, 84], [83, 86], [84, 85], [84, 88], [85, 87], [85, 88]]}