{"label": 1, "features": {"53": ["cc_16", "deg_4"], "47": ["cc_5", "deg_4"], "21": ["cc_6", "deg_5"], "34": ["cc_2", "deg_8"], "41": ["cc_5", "deg_4"], "4": ["cc_0", "deg_4"], "42": ["cc_1", "deg_7"], "12": ["cc_6", "deg_5"], "28": ["cc_0", "deg_4"], "5": ["cc_4", "deg_6"], "3": ["cc_4", "deg_6"], "51": ["cc_11", "deg_6"], "24": ["cc_6", "deg_6"], "56": ["cc_5", "deg_4"], "55": ["cc_2", "deg_6"], "19": ["cc_4", "deg_8"], "54": ["cc_2", "deg_10"], "36": ["cc_1", "deg_8"], "17": ["cc_2", "deg_10"], "11": ["cc_3", "deg_7"], "22": ["cc_3", "deg_5"], "18": ["cc_2", "deg_10"], "2": ["cc_5", "deg_4"], "46": ["cc_2", "deg_8"], "37": ["cc_16", "deg_4"], "38": ["cc_3", "deg_8"], "9": ["cc_1", "deg_7"], "27": ["cc_1", "deg_7"], "58": ["cc_5", "deg_4"], "35": ["cc_0", "deg_5"], "1": ["cc_0", "deg_5"], "16": ["cc_3", "deg_5"], "25": ["cc_0", "deg_4"], "7": ["cc_5", "deg_4"], "39": ["cc_1", "deg_7"], "0": ["cc_1", "deg_7"], "29": ["cc_3", "deg_5"], "13": ["cc_4", "deg_6"], "6": ["cc_0", "deg_5"], "30": ["cc_3", "deg_7"], "14": ["cc_5", "deg_8"], "32": ["cc_3", "deg_5"], "45": ["cc_6", "deg_5"], "10": ["cc_4", "deg_6"], "33": ["cc_2", "deg_6"], "23": ["cc_1", "deg_7"], "48": ["cc_6", "deg_6"], "40": ["cc_3", "deg_9"], "8": ["cc_0", "deg_5"], "44": ["cc_5", "deg_4"], "31": ["cc_4", "deg_7"], "26": ["cc_2", "deg_8"], "43": ["cc_0", "deg_4"], "57": ["cc_0", "deg_5"], "20": ["cc_0", "deg_4"], "50": ["cc_6", "deg_6"], "52": ["cc_8", "deg_6"], "15": ["cc_1", "deg_7"], "49": ["cc_6", "deg_7"]}, "edges": [[0, 1], [0, 7], [0, 57], [0, 58], [0, 55], [0, 12], [0, 23], [1, 18], [1, 4], [1, 21], [1, 46], [2, 50], [2, 3], [2, 52], [2, 5], [3, 5], [3, 6], [3, 56], [3, 43], [3, 18], [4, 6], [4, 26], [4, 55], [5, 40], [5, 36], [5, 8], [5, 18], [6, 17], [6, 8], [6, 9], [7, 9], [7, 10], [7, 45], [8, 51], [8, 11], [8, 46], [9, 18], [9, 54], [9, 10], [9, 58], [9, 30], [10, 11], [10, 12], [10, 13], [10, 46], [11, 49], [11, 40], [11, 17], [11, 23], [11, 14], [12, 13], [12, 14], [12, 15], [13, 16], [13, 35], [13, 22], [13, 14], [14, 17], [14, 52], [14, 49], [14, 26], [14, 30], [15, 16], [15, 17], [15, 54], [15, 40], [15, 24], [15, 27], [16, 18], [16, 19], [16, 46], [17, 39], [17, 44], [17, 18], [17, 19], [17, 57], [17, 26], [18, 34], [18, 19], [18, 23], [18, 27], [19, 51], [19, 53], [19, 22], [19, 49], [19, 35], [20, 41], [20, 23], [20, 57], [20, 34], [21, 33], [21, 22], [21, 23], [21, 24], [22, 24], [22, 25], [23, 54], [23, 24], [24, 26], [24, 27], [25, 36], [25, 28], [25, 31], [26, 32], [26, 50], [26, 36], [26, 48], [27, 39], [27, 58], [27, 28], [27, 30], [28, 49], [28, 29], [29, 36], [29, 56], [29, 57], [29, 30], [30, 32], [30, 33], [30, 31], [31, 32], [31, 33], [31, 53], [31, 54], [31, 39], [32, 34], [32, 42], [33, 34], [33, 35], [33, 55], [34, 36], [34, 37], [34, 40], [34, 50], [35, 36], [35, 38], [36, 39], [36, 56], [37, 38], [37, 39], [37, 40], [38, 48], [38, 52], [38, 54], [38, 39], [38, 40], [38, 55], [39, 41], [40, 41], [40, 42], [40, 50], [41, 42], [42, 56], [42, 57], [42, 55], [42, 43], [43, 54], [43, 46], [44, 45], [44, 46], [44, 47], [45, 48], [45, 54], [45, 46], [46, 48], [47, 48], [47, 49], [47, 50], [48, 50], [49, 51], [49, 52], [51, 52], [51, 53], [51, 54], [52, 54], [53, 54], [55, 58]]}