{"label": 0, "features": {"1": ["cc_9", "deg_7"], "16": ["cc_11", "deg_6"], "4": ["cc_13", "deg_6"], "21": ["cc_8", "deg_6"], "7": ["cc_11", "deg_6"], "25": ["cc_15", "deg_6"], "0": ["cc_17", "deg_6"], "12": ["cc_11", "deg_6"], "13": ["cc_6", "deg_6"], "6": ["cc_6", "deg_7"], "5": ["cc_13", "deg_6"], "3": ["cc_0", "deg_4"], "24": ["cc_7", "deg_8"], "23": ["cc_16", "deg_4"], "19": ["cc_14", "deg_7"], "10": ["cc_8", "deg_6"], "17": ["cc_11", "deg_4"], "11": ["cc_10", "deg_5"], "22": ["cc_6", "deg_7"], "18": ["cc_20", "deg_6"], "2": ["cc_9", "deg_8"], "20": ["cc_12", "deg_7"], "14": ["cc_5", "deg_4"], "9": ["cc_5", "deg_4"], "8": ["cc_4", "deg_6"], "15": ["cc_4", "deg_8"]}, "edges": [[0, 1], [0, 2], [0, 5], [0, 23], [0, 24], [0, 25], [1, 2], [1, 4], [1, 9], [1, 24], [1, 25], [1, 15], [2, 3], [2, 4], [2, 5], [2, 7], [2, 25], [2, 14], [3, 6], [3, 8], [3, 10], [4, 5], [4, 6], [4, 7], [4, 21], [5, 6], [5, 7], [5, 8], [6, 19], [6, 17], [6, 7], [6, 11], [7, 24], [7, 10], [8, 22], [8, 24], [8, 12], [8, 15], [9, 22], [9, 10], [9, 12], [10, 11], [10, 12], [10, 13], [11, 12], [11, 13], [11, 14], [12, 13], [12, 15], [13, 16], [13, 22], [13, 25], [14, 16], [14, 15], [15, 16], [15, 17], [15, 18], [15, 21], [16, 18], [16, 19], [16, 20], [17, 19], [17, 20], [18, 19], [18, 20], [18, 21], [18, 22], [19, 20], [19, 21], [19, 22], [20, 21], [20, 22], [20, 23], [21, 24], [22, 24], [23, 24], [23, 25], [24, 25]]}