{"label": 2, "features": {"47": ["cc_0", "deg_2"], "21": ["cc_3", "deg_5"], "34": ["cc_0", "deg_1"], "41": ["cc_0", "deg_2"], "4": ["cc_0", "deg_2"], "42": ["cc_0", "deg_1"], "12": ["cc_0", "deg_1"], "28": ["cc_0", "deg_1"], "5": ["cc_0", "deg_3"], "3": ["cc_0", "deg_3"], "24": ["cc_0", "deg_1"], "19": ["cc_0", "deg_2"], "36": ["cc_0", "deg_1"], "17": ["cc_0", "deg_2"], "11": ["cc_0", "deg_2"], "22": ["cc_0", "deg_2"], "18": ["cc_0", "deg_1"], "2": ["cc_0", "deg_2"], "46": ["cc_0", "deg_3"], "37": ["cc_0", "deg_2"], "38": ["cc_0", "deg_6"], "9": ["cc_0", "deg_2"], "27": ["cc_0", "deg_4"], "35": ["cc_0", "deg_2"], "1": ["cc_0", "deg_2"], "16": ["cc_0", "deg_1"], "25": ["cc_0", "deg_2"], "7": ["cc_0", "deg_1"], "39": ["cc_0", "deg_2"], "0": ["cc_0", "deg_1"], "29": ["cc_0", "deg_1"], "13": ["cc_0", "deg_2"], "6": ["cc_0", "deg_2"], "30": ["cc_0", "deg_1"], "14": ["cc_0", "deg_1"], "32": ["cc_0", "deg_1"], "45": ["cc_0", "deg_3"], "10": ["cc_0", "deg_2"], "33": ["cc_0", "deg_3"], "23": ["cc_33", "deg_2"], "48": ["cc_0", "deg_1"], "40": ["cc_0", "deg_1"], "8": ["cc_0", "deg_2"], "44": ["cc_0", "deg_3"], "31": ["cc_0", "deg_1"], "26": ["cc_0", "deg_1"], "43": ["cc_0", "deg_3"], "20": ["cc_11", "deg_3"], "15": ["cc_0", "deg_4"], "49": ["cc_0", "deg_1"]}, "edges": [[0, 15], [1, 2], [1, 46], [2, 20], [3, 10], [3, 21], [3, 6], [4, 28], [4, 5], [5, 16], [5, 33], [6, 45], [7, 45], [8, 41], [8, 38], [9, 17], [9, 44], [10, 49], [11, 33], [11, 47], [12, 47], [13, 48], [13, 38], [14, 15], [15, 32], [15, 19], [17, 25], [18, 45], [19, 27], [20, 21], [20, 23], [21, 27], [21, 22], [21, 23], [22, 31], [24, 25], [26, 38], [27, 36], [27, 39], [29, 43], [30, 46], [33, 46], [34, 38], [35, 40], [35, 37], [37, 38], [38, 39], [41, 44], [42, 43], [43, 44]]}