{"label": 0, "features": {"53": ["cc_9", "deg_7"], "47": ["cc_4", "deg_6"], "21": ["cc_20", "deg_5"], "34": ["cc_9", "deg_8"], "67": ["cc_6", "deg_7"], "41": ["cc_0", "deg_4"], "4": ["cc_13", "deg_5"], "42": ["cc_16", "deg_5"], "12": ["cc_4", "deg_6"], "28": ["cc_13", "deg_5"], "66": ["cc_13", "deg_6"], "5": ["cc_2", "deg_8"], "65": ["cc_13", "deg_5"], "61": ["cc_13", "deg_5"], "3": ["cc_22", "deg_3"], "64": ["cc_5", "deg_4"], "51": ["cc_15", "deg_6"], "24": ["cc_11", "deg_6"], "56": ["cc_13", "deg_6"], "55": ["cc_10", "deg_5"], "19": ["cc_3", "deg_5"], "54": ["cc_12", "deg_7"], "36": ["cc_9", "deg_8"], "17": ["cc_3", "deg_5"], "11": ["cc_11", "deg_7"], "22": ["cc_13", "deg_6"], "18": ["cc_6", "deg_5"], "59": ["cc_7", "deg_7"], "2": ["cc_1", "deg_7"], "46": ["cc_5", "deg_4"], "37": ["cc_11", "deg_6"], "38": ["cc_11", "deg_3"], "9": ["cc_11", "deg_7"], "27": ["cc_11", "deg_4"], "58": ["cc_4", "deg_9"], "35": ["cc_12", "deg_7"], "1": ["cc_8", "deg_6"], "16": ["cc_6", "deg_5"], "25": ["cc_6", "deg_5"], "7": ["cc_6", "deg_7"], "39": ["cc_7", "deg_7"], "0": ["cc_10", "deg_5"], "29": ["cc_6", "deg_5"], "63": ["cc_5", "deg_10"], "13": ["cc_4", "deg_6"], "6": ["cc_6", "deg_6"], "30": ["cc_4", "deg_7"], "14": ["cc_16", "deg_4"], "32": ["cc_6", "deg_5"], "45": ["cc_5", "deg_9"], "10": ["cc_15", "deg_6"], "33": ["cc_16", "deg_5"], "23": ["cc_6", "deg_10"], "48": ["cc_3", "deg_5"], "40": ["cc_8", "deg_6"], "8": ["cc_16", "deg_4"], "44": ["cc_16", "deg_5"], "31": ["cc_8", "deg_6"], "26": ["cc_4", "deg_6"], "43": ["cc_10", "deg_5"], "57": ["cc_11", "deg_6"], "20": ["cc_16", "deg_5"], "50": ["cc_7", "deg_8"], "62": ["cc_9", "deg_7"], "60": ["cc_9", "deg_8"], "52": ["cc_20", "deg_5"], "15": ["cc_0", "deg_8"], "49": ["cc_4", "deg_7"]}, "edges": [[0, 1], [0, 65], [0, 23], [0, 66], [0, 45], [1, 2], [1, 67], [1, 54], [1, 59], [1, 66], [2, 67], [2, 5], [2, 17], [2, 41], [2, 13], [2, 30], [3, 4], [3, 5], [3, 6], [4, 5], [4, 6], [4, 7], [4, 18], [5, 7], [5, 8], [5, 31], [5, 46], [5, 15], [6, 17], [6, 53], [6, 7], [6, 9], [7, 9], [7, 58], [7, 62], [7, 63], [8, 9], [8, 10], [8, 11], [9, 10], [9, 11], [9, 12], [9, 14], [10, 14], [10, 11], [10, 13], [10, 39], [11, 41], [11, 12], [11, 13], [11, 14], [12, 33], [12, 19], [12, 31], [12, 15], [13, 16], [13, 48], [13, 39], [14, 15], [15, 32], [15, 17], [15, 27], [15, 49], [15, 62], [16, 19], [16, 40], [16, 58], [16, 63], [17, 18], [17, 20], [18, 20], [18, 21], [18, 37], [19, 22], [19, 58], [19, 29], [20, 21], [20, 22], [20, 23], [21, 22], [21, 23], [21, 24], [22, 23], [22, 24], [22, 45], [23, 50], [23, 67], [23, 24], [23, 60], [23, 44], [23, 45], [24, 25], [24, 26], [24, 60], [25, 55], [25, 26], [25, 27], [25, 28], [26, 32], [26, 35], [26, 53], [26, 45], [27, 28], [27, 29], [28, 29], [28, 30], [28, 31], [29, 32], [29, 30], [30, 34], [30, 48], [30, 47], [30, 31], [31, 33], [31, 34], [32, 34], [32, 35], [33, 34], [33, 35], [33, 36], [34, 35], [34, 36], [34, 37], [34, 63], [35, 36], [35, 37], [35, 58], [36, 37], [36, 38], [36, 39], [36, 58], [36, 50], [37, 39], [37, 40], [38, 39], [38, 41], [39, 40], [39, 42], [40, 42], [40, 44], [40, 63], [41, 43], [42, 43], [42, 44], [42, 45], [43, 44], [43, 45], [43, 46], [44, 45], [45, 48], [45, 47], [46, 49], [46, 47], [47, 49], [47, 50], [47, 63], [48, 50], [48, 51], [49, 59], [49, 50], [49, 51], [49, 67], [50, 51], [50, 52], [50, 53], [51, 52], [51, 53], [51, 54], [52, 53], [52, 54], [52, 55], [53, 54], [53, 56], [54, 55], [54, 56], [54, 59], [55, 56], [55, 57], [56, 57], [56, 58], [56, 59], [57, 64], [57, 58], [57, 59], [57, 60], [58, 60], [58, 61], [59, 60], [59, 62], [60, 61], [60, 62], [60, 63], [61, 64], [61, 62], [61, 63], [62, 65], [62, 63], [63, 65], [63, 66], [64, 66], [64, 67], [65, 66], [65, 67], [66, 67]]}