{"label": 2, "edges": [[0, 1], [0, 2], [0, 35], [1, 32], [1, 18], [1, 35], [1, 7], [1, 10], [2, 27], [2, 18], [2, 3], [3, 33], [3, 4], [3, 5], [3, 26], [3, 18], [4, 17], [4, 6], [5, 35], [5, 6], [5, 23], [6, 8], [6, 16], [7, 11], [7, 27], [8, 33], [8, 34], [8, 22], [8, 10], [8, 14], [9, 20], [9, 22], [9, 11], [10, 18], [10, 19], [10, 17], [11, 35], [11, 24], [12, 22], [12, 14], [13, 27], [13, 14], [13, 31], [14, 33], [14, 31], [14, 29], [15, 27], [15, 21], [16, 17], [16, 18], [17, 19], [17, 20], [18, 28], [19, 26], [19, 30], [20, 32], [21, 22], [21, 31], [23, 32], [24, 30], [25, 26], [25, 27], [26, 28], [27, 32], [27, 34], [27, 29], [28, 30], [29, 32], [29, 31], [30, 32], [31, 32], [31, 33]], "features": {"27": ["cc_1", "deg_8"], "22": ["cc_0", "deg_4"], "32": ["cc_3", "deg_7"], "15": ["cc_0", "deg_2"], "4": ["cc_0", "deg_3"], "33": ["cc_11", "deg_4"], "35": ["cc_5", "deg_4"], "30": ["cc_0", "deg_4"], "0": ["cc_11", "deg_3"], "2": ["cc_5", "deg_4"], "6": ["cc_0", "deg_4"], "18": ["cc_4", "deg_6"], "5": ["cc_0", "deg_4"], "10": ["cc_6", "deg_5"], "14": ["cc_8", "deg_6"], "1": ["cc_4", "deg_6"], "29": ["cc_16", "deg_4"], "8": ["cc_2", "deg_6"], "20": ["cc_0", "deg_3"], "26": ["cc_0", "deg_4"], "3": ["cc_2", "deg_6"], "11": ["cc_0", "deg_4"], "28": ["cc_0", "deg_3"], "23": ["cc_0", "deg_2"], "19": ["cc_5", "deg_4"], "34": ["cc_0", "deg_2"], "13": ["cc_11", "deg_3"], "16": ["cc_0", "deg_3"], "7": ["cc_0", "deg_3"], "17": ["cc_3", "deg_5"], "12": ["cc_0", "deg_2"], "31": ["cc_8", "deg_6"], "25": ["cc_0", "deg_2"], "24": ["cc_0", "deg_2"], "9": ["cc_0", "deg_3"], "21": ["cc_0", "deg_3"]}}