{"label": 1, "features": {"1": ["cc_0", "deg_2"], "16": ["cc_6", "deg_5"], "4": ["cc_5", "deg_4"], "21": ["cc_0", "deg_4"], "7": ["cc_5", "deg_4"], "25": ["cc_3", "deg_7"], "0": ["cc_0", "deg_4"], "12": ["cc_0", "deg_5"], "28": ["cc_0", "deg_3"], "13": ["cc_11", "deg_3"], "6": ["cc_33", "deg_2"], "5": ["cc_6", "deg_5"], "3": ["cc_0", "deg_4"], "24": ["cc_11", "deg_3"], "23": ["cc_5", "deg_4"], "27": ["cc_1", "deg_8"], "19": ["cc_0", "deg_2"], "10": ["cc_0", "deg_4"], "17": ["cc_22", "deg_3"], "11": ["cc_0", "deg_4"], "22": ["cc_0", "deg_4"], "18": ["cc_0", "deg_4"], "2": ["cc_5", "deg_4"], "26": ["cc_0", "deg_4"], "20": ["cc_0", "deg_4"], "14": ["cc_5", "deg_4"], "9": ["cc_0", "deg_4"], "8": ["cc_5", "deg_4"], "15": ["cc_0", "deg_4"]}, "edges": [[0, 3], [0, 7], [0, 25], [0, 28], [1, 3], [1, 21], [2, 25], [2, 27], [2, 4], [2, 16], [3, 27], [3, 15], [4, 17], [4, 5], [4, 21], [5, 17], [5, 22], [5, 27], [5, 15], [6, 8], [6, 7], [7, 23], [7, 8], [8, 9], [8, 20], [9, 15], [9, 18], [9, 11], [10, 27], [10, 11], [10, 28], [10, 14], [11, 12], [11, 13], [12, 26], [12, 22], [12, 18], [12, 14], [13, 16], [13, 14], [14, 16], [15, 25], [16, 25], [16, 18], [17, 27], [18, 27], [19, 25], [19, 20], [20, 21], [20, 22], [21, 27], [22, 23], [23, 24], [23, 25], [24, 25], [24, 26], [26, 28], [26, 27]]}