{"label": 2, "features": {"53": ["cc_0", "deg_3"], "47": ["cc_0", "deg_6"], "68": ["cc_0", "deg_4"], "21": ["cc_0", "deg_6"], "34": ["cc_3", "deg_5"], "67": ["cc_2", "deg_6"], "41": ["cc_1", "deg_8"], "4": ["cc_2", "deg_6"], "42": ["cc_3", "deg_5"], "12": ["cc_0", "deg_9"], "28": ["cc_3", "deg_5"], "66": ["cc_0", "deg_5"], "5": ["cc_2", "deg_6"], "65": ["cc_6", "deg_5"], "61": ["cc_0", "deg_6"], "3": ["cc_1", "deg_7"], "64": ["cc_3", "deg_5"], "51": ["cc_0", "deg_4"], "24": ["cc_11", "deg_3"], "56": ["cc_1", "deg_8"], "55": ["cc_6", "deg_6"], "19": ["cc_1", "deg_7"], "54": ["cc_0", "deg_5"], "36": ["cc_4", "deg_7"], "17": ["cc_0", "deg_4"], "11": ["cc_0", "deg_3"], "22": ["cc_1", "deg_9"], "71": ["cc_0", "deg_8"], "18": ["cc_1", "deg_9"], "59": ["cc_4", "deg_6"], "2": ["cc_0", "deg_6"], "46": ["cc_1", "deg_7"], "37": ["cc_6", "deg_6"], "38": ["cc_0", "deg_5"], "73": ["cc_0", "deg_6"], "9": ["cc_5", "deg_4"], "27": ["cc_0", "deg_4"], "58": ["cc_0", "deg_7"], "35": ["cc_5", "deg_4"], "1": ["cc_3", "deg_7"], "16": ["cc_4", "deg_6"], "25": ["cc_11", "deg_4"], "7": ["cc_1", "deg_7"], "39": ["cc_3", "deg_9"], "0": ["cc_6", "deg_5"], "29": ["cc_2", "deg_6"], "63": ["cc_0", "deg_6"], "13": ["cc_3", "deg_8"], "6": ["cc_0", "deg_8"], "30": ["cc_2", "deg_6"], "14": ["cc_0", "deg_4"], "32": ["cc_1", "deg_8"], "45": ["cc_0", "deg_7"], "10": ["cc_0", "deg_5"], "33": ["cc_2", "deg_8"], "23": ["cc_6", "deg_7"], "69": ["cc_1", "deg_7"], "76": ["cc_3", "deg_5"], "48": ["cc_4", "deg_6"], "40": ["cc_4", "deg_6"], "72": ["cc_2", "deg_10"], "8": ["cc_0", "deg_6"], "44": ["cc_0", "deg_4"], "31": ["cc_6", "deg_6"], "75": ["cc_3", "deg_7"], "26": ["cc_2", "deg_9"], "43": ["cc_4", "deg_6"], "57": ["cc_0", "deg_4"], "20": ["cc_6", "deg_5"], "50": ["cc_0", "deg_5"], "62": ["cc_0", "deg_5"], "60": ["cc_2", "deg_6"], "52": ["cc_1", "deg_8"], "15": ["cc_0", "deg_6"], "74": ["cc_0", "deg_3"], "70": ["cc_0", "deg_4"], "49": ["cc_0", "deg_8"]}, "edges": [[0, 32], [0, 33], [0, 18], [0, 48], [0, 71], [1, 19], [1, 34], [1, 3], [1, 56], [1, 58], [1, 75], [1, 76], [2, 4], [2, 22], [2, 6], [2, 41], [2, 52], [2, 15], [3, 48], [3, 52], [3, 5], [3, 39], [3, 64], [3, 74], [4, 20], [4, 37], [4, 55], [4, 50], [4, 14], [5, 69], [5, 7], [5, 24], [5, 46], [5, 62], [6, 51], [6, 21], [6, 71], [6, 57], [6, 76], [6, 13], [6, 53], [7, 40], [7, 71], [7, 24], [7, 41], [7, 28], [7, 12], [8, 40], [8, 51], [8, 56], [8, 11], [8, 29], [8, 63], [9, 16], [9, 33], [9, 66], [9, 12], [10, 32], [10, 69], [10, 70], [10, 12], [10, 30], [11, 54], [11, 47], [12, 64], [12, 33], [12, 38], [12, 23], [12, 27], [12, 60], [13, 37], [13, 39], [13, 40], [13, 18], [13, 19], [13, 70], [13, 61], [14, 21], [14, 38], [14, 42], [15, 18], [15, 50], [15, 72], [15, 57], [15, 30], [16, 18], [16, 22], [16, 55], [16, 59], [16, 30], [17, 62], [17, 42], [17, 75], [17, 29], [18, 51], [18, 66], [18, 19], [18, 48], [18, 58], [19, 36], [19, 22], [19, 71], [19, 63], [20, 21], [20, 22], [20, 23], [20, 37], [21, 68], [21, 41], [21, 45], [22, 51], [22, 74], [22, 76], [22, 23], [22, 26], [23, 65], [23, 67], [23, 28], [23, 26], [24, 75], [25, 52], [25, 26], [25, 28], [25, 31], [26, 32], [26, 61], [26, 66], [26, 43], [26, 29], [26, 31], [27, 56], [27, 49], [27, 57], [28, 32], [28, 65], [29, 67], [29, 30], [29, 31], [30, 55], [30, 41], [31, 58], [31, 52], [31, 71], [32, 48], [32, 59], [32, 50], [32, 47], [33, 35], [33, 40], [33, 45], [33, 46], [33, 49], [34, 66], [34, 36], [34, 75], [34, 45], [35, 38], [35, 40], [35, 61], [36, 37], [36, 39], [36, 72], [36, 43], [36, 46], [37, 49], [37, 39], [38, 41], [38, 52], [39, 68], [39, 64], [39, 73], [39, 40], [39, 41], [41, 42], [41, 43], [42, 69], [42, 43], [43, 72], [43, 45], [44, 67], [44, 45], [44, 46], [44, 47], [45, 58], [45, 63], [46, 48], [46, 54], [46, 72], [47, 49], [47, 65], [47, 62], [48, 49], [49, 50], [49, 52], [49, 73], [50, 75], [52, 69], [52, 56], [53, 72], [53, 56], [54, 71], [54, 56], [54, 73], [55, 62], [55, 56], [55, 59], [56, 59], [57, 73], [58, 65], [58, 69], [58, 61], [59, 73], [59, 60], [60, 68], [60, 69], [60, 72], [60, 76], [61, 64], [61, 63], [62, 74], [63, 75], [63, 67], [64, 66], [65, 67], [67, 70], [68, 71], [69, 72], [70, 72], [71, 72], [72, 73], [75, 76]]}