{"label": 0, "edges": [[0, 1], [0, 2], [0, 3], [0, 53], [0, 54], [0, 55], [0, 13], [1, 2], [1, 3], [1, 54], [1, 55], [1, 46], [2, 3], [2, 4], [2, 5], [2, 55], [3, 5], [3, 6], [3, 34], [4, 5], [4, 6], [4, 7], [5, 6], [5, 7], [5, 8], [5, 39], [6, 50], [6, 7], [6, 47], [7, 19], [7, 8], [7, 9], [7, 10], [8, 9], [8, 10], [8, 11], [9, 10], [9, 11], [9, 28], [10, 20], [10, 11], [10, 13], [11, 18], [11, 12], [11, 14], [12, 13], [12, 14], [12, 15], [13, 14], [13, 15], [14, 16], [14, 17], [14, 34], [14, 35], [14, 15], [15, 16], [15, 17], [15, 38], [15, 33], [16, 17], [16, 18], [16, 19], [17, 18], [17, 20], [17, 46], [18, 19], [18, 20], [18, 21], [19, 20], [19, 21], [19, 40], [20, 21], [20, 22], [20, 23], [20, 34], [20, 37], [21, 22], [21, 23], [21, 24], [22, 23], [22, 24], [22, 25], [23, 24], [23, 52], [23, 26], [24, 25], [24, 26], [24, 27], [25, 41], [25, 26], [25, 27], [25, 28], [26, 41], [26, 27], [26, 28], [26, 44], [27, 28], [27, 29], [27, 30], [28, 29], [28, 30], [28, 31], [29, 32], [29, 51], [29, 47], [29, 31], [30, 32], [30, 33], [30, 31], [31, 32], [31, 33], [31, 34], [32, 33], [32, 34], [32, 35], [33, 34], [33, 35], [33, 36], [33, 42], [34, 35], [35, 36], [35, 37], [36, 37], [36, 38], [36, 39], [37, 38], [37, 40], [37, 52], [38, 39], [38, 41], [39, 40], [39, 42], [39, 46], [40, 41], [40, 42], [41, 54], [41, 43], [42, 44], [42, 45], [43, 44], [43, 45], [43, 46], [44, 45], [44, 46], [45, 48], [45, 46], [45, 47], [46, 48], [46, 49], [47, 48], [47, 49], [47, 50], [48, 49], [48, 50], [48, 51], [49, 50], [49, 51], [49, 52], [50, 51], [50, 52], [50, 53], [51, 52], [51, 53], [52, 54], [52, 55], [53, 54], [53, 55], [54, 55]], "features": {"27": ["cc_15", "deg_6"], "35": ["cc_13", "deg_6"], "43": ["cc_16", "deg_4"], "47": ["cc_11", "deg_6"], "32": ["cc_17", "deg_6"], "9": ["cc_16", "deg_5"], "33": ["cc_9", "deg_8"], "48": ["cc_17", "deg_6"], "55": ["cc_17", "deg_6"], "0": ["cc_14", "deg_7"], "2": ["cc_15", "deg_6"], "18": ["cc_13", "deg_6"], "5": ["cc_11", "deg_7"], "14": ["cc_9", "deg_8"], "38": ["cc_6", "deg_5"], "44": ["cc_13", "deg_5"], "39": ["cc_4", "deg_6"], "3": ["cc_11", "deg_6"], "28": ["cc_11", "deg_7"], "51": ["cc_13", "deg_6"], "23": ["cc_13", "deg_6"], "19": ["cc_8", "deg_6"], "34": ["cc_9", "deg_7"], "11": ["cc_8", "deg_6"], "17": ["cc_11", "deg_6"], "12": ["cc_22", "deg_4"], "25": ["cc_15", "deg_6"], "24": ["cc_17", "deg_6"], "22": ["cc_20", "deg_5"], "15": ["cc_9", "deg_7"], "4": ["cc_22", "deg_4"], "37": ["cc_4", "deg_6"], "45": ["cc_13", "deg_6"], "42": ["cc_6", "deg_5"], "30": ["cc_16", "deg_5"], "31": ["cc_17", "deg_6"], "36": ["cc_13", "deg_5"], "53": ["cc_13", "deg_5"], "10": ["cc_11", "deg_6"], "49": ["cc_17", "deg_6"], "1": ["cc_15", "deg_6"], "46": ["cc_5", "deg_8"], "26": ["cc_11", "deg_7"], "40": ["cc_3", "deg_5"], "41": ["cc_2", "deg_6"], "20": ["cc_6", "deg_9"], "29": ["cc_6", "deg_6"], "52": ["cc_6", "deg_7"], "13": ["cc_10", "deg_5"], "6": ["cc_11", "deg_6"], "7": ["cc_11", "deg_7"], "50": ["cc_14", "deg_7"], "8": ["cc_20", "deg_5"], "16": ["cc_16", "deg_5"], "54": ["cc_13", "deg_6"], "21": ["cc_17", "deg_6"]}}