{"label": 1, "features": {"47": ["cc_4", "deg_6"], "21": ["cc_6", "deg_6"], "34": ["cc_3", "deg_9"], "41": ["cc_6", "deg_5"], "4": ["cc_4", "deg_7"], "42": ["cc_2", "deg_6"], "12": ["cc_5", "deg_8"], "28": ["cc_0", "deg_4"], "5": ["cc_1", "deg_7"], "3": ["cc_11", "deg_4"], "51": ["cc_11", "deg_4"], "24": ["cc_3", "deg_5"], "19": ["cc_6", "deg_5"], "36": ["cc_10", "deg_5"], "17": ["cc_0", "deg_5"], "11": ["cc_4", "deg_6"], "22": ["cc_7", "deg_8"], "18": ["cc_2", "deg_6"], "2": ["cc_6", "deg_5"], "46": ["cc_10", "deg_5"], "37": ["cc_8", "deg_6"], "38": ["cc_15", "deg_6"], "9": ["cc_2", "deg_6"], "27": ["cc_0", "deg_4"], "35": ["cc_4", "deg_6"], "1": ["cc_4", "deg_6"], "16": ["cc_6", "deg_5"], "25": ["cc_5", "deg_4"], "7": ["cc_3", "deg_5"], "39": ["cc_7", "deg_7"], "0": ["cc_6", "deg_7"], "29": ["cc_0", "deg_6"], "13": ["cc_4", "deg_7"], "6": ["cc_6", "deg_6"], "30": ["cc_7", "deg_7"], "14": ["cc_4", "deg_7"], "32": ["cc_1", "deg_7"], "45": ["cc_4", "deg_9"], "10": ["cc_11", "deg_4"], "33": ["cc_11", "deg_6"], "23": ["cc_5", "deg_9"], "48": ["cc_8", "deg_8"], "40": ["cc_7", "deg_9"], "8": ["cc_5", "deg_4"], "44": ["cc_0", "deg_7"], "31": ["cc_8", "deg_6"], "26": ["cc_0", "deg_4"], "43": ["cc_6", "deg_6"], "20": ["cc_6", "deg_5"], "50": ["cc_8", "deg_6"], "15": ["cc_10", "deg_5"], "49": ["cc_11", "deg_6"]}, "edges": [[0, 34], [0, 48], [0, 3], [0, 49], [0, 24], [0, 50], [0, 14], [1, 51], [1, 27], [1, 12], [1, 50], [1, 30], [1, 45], [2, 4], [2, 5], [2, 51], [2, 23], [2, 41], [3, 49], [3, 4], [3, 6], [4, 19], [4, 5], [4, 6], [4, 25], [4, 10], [5, 34], [5, 22], [5, 7], [5, 28], [5, 13], [6, 7], [6, 8], [6, 10], [6, 44], [7, 18], [7, 9], [7, 10], [8, 34], [8, 9], [8, 11], [9, 23], [9, 42], [9, 11], [9, 44], [10, 13], [11, 26], [11, 12], [11, 14], [11, 31], [12, 32], [12, 22], [12, 23], [12, 13], [12, 14], [12, 15], [13, 16], [13, 25], [13, 14], [13, 15], [14, 17], [14, 18], [14, 23], [15, 16], [15, 48], [15, 18], [16, 17], [16, 18], [16, 29], [17, 34], [17, 35], [17, 44], [18, 19], [18, 20], [19, 21], [19, 22], [19, 23], [20, 21], [20, 22], [20, 23], [20, 29], [21, 22], [21, 24], [21, 45], [21, 30], [22, 48], [22, 23], [22, 25], [23, 51], [23, 25], [24, 39], [24, 40], [24, 29], [26, 44], [26, 27], [26, 28], [27, 32], [27, 39], [28, 32], [28, 30], [29, 32], [29, 42], [29, 45], [30, 33], [30, 51], [30, 45], [30, 31], [31, 32], [31, 33], [31, 34], [31, 36], [32, 34], [32, 35], [33, 34], [33, 36], [33, 37], [33, 45], [34, 43], [34, 45], [35, 36], [35, 37], [35, 38], [35, 42], [36, 38], [36, 40], [37, 38], [37, 39], [37, 40], [37, 47], [38, 39], [38, 40], [38, 41], [39, 40], [39, 42], [39, 44], [40, 50], [40, 41], [40, 42], [40, 43], [41, 43], [41, 44], [42, 46], [43, 48], [43, 45], [43, 46], [44, 47], [45, 49], [45, 47], [46, 48], [46, 49], [46, 47], [47, 48], [47, 50], [48, 49], [48, 50], [49, 50]]}