{"label": 1, "edges": [[0, 1], [0, 2], [0, 3], [0, 5], [0, 56], [0, 9], [1, 5], [1, 38], [1, 41], [1, 12], [1, 14], [1, 51], [1, 21], [1, 57], [1, 36], [2, 17], [2, 5], [2, 6], [2, 49], [2, 43], [2, 44], [3, 23], [3, 7], [3, 13], [4, 5], [4, 6], [4, 7], [4, 22], [5, 51], [5, 23], [5, 55], [6, 34], [6, 35], [6, 38], [6, 7], [6, 8], [6, 9], [6, 45], [6, 29], [7, 56], [7, 8], [7, 25], [8, 35], [8, 9], [8, 55], [8, 10], [9, 54], [9, 10], [9, 12], [9, 31], [10, 33], [10, 53], [10, 26], [10, 11], [11, 49], [11, 19], [11, 38], [11, 26], [12, 40], [12, 29], [13, 16], [13, 48], [13, 29], [14, 36], [14, 25], [14, 46], [14, 15], [15, 16], [15, 18], [16, 27], [16, 17], [16, 18], [16, 19], [16, 31], [17, 19], [17, 20], [17, 50], [18, 19], [18, 20], [18, 57], [18, 25], [18, 27], [18, 52], [19, 22], [19, 49], [19, 39], [20, 35], [20, 21], [20, 23], [21, 48], [21, 22], [21, 23], [21, 41], [22, 23], [22, 25], [22, 53], [23, 45], [23, 24], [23, 26], [23, 43], [23, 29], [24, 34], [24, 26], [24, 39], [25, 50], [25, 55], [25, 56], [25, 44], [25, 26], [25, 27], [26, 40], [26, 27], [26, 28], [27, 28], [27, 29], [28, 50], [28, 29], [28, 30], [29, 43], [30, 32], [30, 33], [30, 35], [30, 31], [31, 32], [32, 36], [32, 37], [32, 42], [33, 49], [33, 35], [33, 36], [34, 35], [34, 37], [34, 41], [35, 37], [35, 42], [35, 44], [35, 57], [36, 37], [36, 38], [37, 51], [37, 38], [37, 39], [38, 41], [39, 48], [39, 55], [40, 48], [40, 55], [40, 43], [41, 56], [41, 43], [41, 44], [42, 48], [42, 43], [42, 46], [43, 47], [43, 44], [44, 50], [45, 46], [45, 47], [46, 48], [47, 49], [47, 57], [48, 56], [48, 50], [49, 50], [49, 52], [51, 54], [52, 53], [52, 54], [53, 54], [53, 56], [54, 55], [54, 56], [55, 56]], "features": {"27": ["cc_11", "deg_6"], "35": ["cc_2", "deg_10"], "43": ["cc_3", "deg_8"], "47": ["cc_0", "deg_4"], "32": ["cc_6", "deg_5"], "56": ["cc_4", "deg_8"], "9": ["cc_3", "deg_7"], "33": ["cc_3", "deg_5"], "48": ["cc_1", "deg_8"], "55": ["cc_3", "deg_7"], "0": ["cc_4", "deg_6"], "2": ["cc_3", "deg_7"], "18": ["cc_4", "deg_8"], "5": ["cc_4", "deg_7"], "14": ["cc_3", "deg_5"], "38": ["cc_6", "deg_6"], "44": ["cc_6", "deg_6"], "39": ["cc_0", "deg_5"], "3": ["cc_0", "deg_4"], "28": ["cc_6", "deg_5"], "51": ["cc_5", "deg_4"], "23": ["cc_2", "deg_10"], "19": ["cc_4", "deg_7"], "34": ["cc_6", "deg_5"], "11": ["cc_6", "deg_5"], "17": ["cc_3", "deg_5"], "12": ["cc_0", "deg_4"], "25": ["cc_3", "deg_10"], "24": ["cc_5", "deg_4"], "22": ["cc_2", "deg_6"], "15": ["cc_11", "deg_3"], "4": ["cc_5", "deg_4"], "37": ["cc_4", "deg_7"], "45": ["cc_0", "deg_4"], "42": ["cc_3", "deg_5"], "30": ["cc_6", "deg_5"], "31": ["cc_5", "deg_4"], "36": ["cc_8", "deg_6"], "57": ["cc_0", "deg_4"], "53": ["cc_6", "deg_5"], "10": ["cc_4", "deg_6"], "49": ["cc_1", "deg_7"], "1": ["cc_4", "deg_10"], "46": ["cc_5", "deg_4"], "26": ["cc_4", "deg_8"], "40": ["cc_0", "deg_5"], "41": ["cc_4", "deg_7"], "20": ["cc_3", "deg_5"], "29": ["cc_3", "deg_7"], "52": ["cc_5", "deg_4"], "13": ["cc_0", "deg_4"], "6": ["cc_3", "deg_10"], "7": ["cc_6", "deg_6"], "50": ["cc_2", "deg_6"], "8": ["cc_8", "deg_6"], "16": ["cc_6", "deg_7"], "54": ["cc_6", "deg_6"], "21": ["cc_6", "deg_6"]}}