{"label": 1, "features": {"53": ["cc_11", "deg_4"], "47": ["cc_3", "deg_5"], "21": ["cc_33", "deg_2"], "34": ["cc_11", "deg_3"], "41": ["cc_5", "deg_4"], "4": ["cc_10", "deg_5"], "42": ["cc_5", "deg_4"], "12": ["cc_6", "deg_6"], "28": ["cc_16", "deg_4"], "5": ["cc_11", "deg_4"], "3": ["cc_22", "deg_3"], "51": ["cc_11", "deg_4"], "24": ["cc_6", "deg_5"], "19": ["cc_6", "deg_5"], "54": ["cc_0", "deg_5"], "36": ["cc_11", "deg_4"], "17": ["cc_11", "deg_4"], "11": ["cc_16", "deg_4"], "22": ["cc_11", "deg_4"], "18": ["cc_22", "deg_3"], "2": ["cc_5", "deg_4"], "46": ["cc_3", "deg_5"], "37": ["cc_22", "deg_3"], "38": ["cc_11", "deg_4"], "9": ["cc_33", "deg_2"], "27": ["cc_4", "deg_6"], "35": ["cc_3", "deg_5"], "1": ["cc_0", "deg_2"], "16": ["cc_5", "deg_4"], "25": ["cc_5", "deg_4"], "7": ["cc_6", "deg_5"], "39": ["cc_11", "deg_4"], "0": ["cc_5", "deg_4"], "29": ["cc_6", "deg_5"], "13": ["cc_11", "deg_4"], "6": ["cc_22", "deg_3"], "30": ["cc_6", "deg_5"], "14": ["cc_11", "deg_3"], "32": ["cc_5", "deg_4"], "45": ["cc_11", "deg_3"], "10": ["cc_3", "deg_5"], "33": ["cc_0", "deg_3"], "23": ["cc_16", "deg_4"], "48": ["cc_0", "deg_2"], "40": ["cc_5", "deg_4"], "8": ["cc_5", "deg_4"], "44": ["cc_0", "deg_4"], "31": ["cc_0", "deg_3"], "26": ["cc_11", "deg_3"], "43": ["cc_0", "deg_6"], "20": ["cc_0", "deg_2"], "50": ["cc_5", "deg_4"], "52": ["cc_10", "deg_5"], "15": ["cc_11", "deg_4"], "49": ["cc_0", "deg_6"]}, "edges": [[0, 2], [0, 52], [0, 53], [0, 30], [1, 2], [1, 12], [2, 3], [2, 4], [3, 4], [3, 5], [4, 32], [4, 5], [4, 30], [5, 6], [5, 7], [6, 8], [6, 7], [7, 35], [7, 8], [7, 44], [8, 33], [8, 10], [9, 11], [9, 12], [10, 25], [10, 11], [10, 12], [10, 49], [11, 12], [11, 13], [12, 13], [12, 46], [13, 14], [13, 15], [14, 43], [14, 15], [15, 16], [15, 17], [16, 48], [16, 17], [16, 46], [17, 18], [17, 19], [18, 42], [18, 19], [19, 54], [19, 42], [19, 43], [20, 54], [20, 22], [21, 22], [21, 23], [22, 24], [22, 23], [23, 24], [23, 25], [24, 25], [24, 26], [24, 43], [25, 27], [26, 27], [26, 28], [27, 38], [27, 54], [27, 28], [27, 29], [28, 29], [28, 30], [29, 53], [29, 30], [29, 31], [30, 32], [31, 32], [31, 40], [32, 34], [33, 35], [33, 47], [34, 35], [34, 36], [35, 36], [35, 54], [36, 37], [36, 38], [37, 38], [37, 39], [38, 39], [39, 40], [39, 41], [40, 41], [40, 42], [41, 50], [41, 43], [42, 44], [43, 49], [43, 45], [44, 49], [44, 46], [45, 46], [45, 47], [46, 47], [47, 49], [47, 50], [48, 49], [49, 51], [50, 51], [50, 52], [51, 52], [51, 53], [52, 53], [52, 54]]}