{"label": 2, "features": {"68": ["cc_3", "deg_7"], "21": ["cc_0", "deg_5"], "34": ["cc_3", "deg_5"], "94": ["cc_4", "deg_6"], "58": ["cc_0", "deg_6"], "69": ["cc_0", "deg_7"], "42": ["cc_2", "deg_8"], "12": ["cc_2", "deg_9"], "66": ["cc_1", "deg_8"], "5": ["cc_5", "deg_4"], "61": ["cc_3", "deg_5"], "91": ["cc_4", "deg_6"], "51": ["cc_10", "deg_5"], "24": ["cc_5", "deg_4"], "56": ["cc_0", "deg_4"], "55": ["cc_2", "deg_6"], "17": ["cc_2", "deg_6"], "22": ["cc_1", "deg_9"], "74": ["cc_1", "deg_7"], "59": ["cc_3", "deg_5"], "46": ["cc_2", "deg_8"], "37": ["cc_0", "deg_3"], "38": ["cc_4", "deg_6"], "81": ["cc_2", "deg_6"], "90": ["cc_2", "deg_9"], "35": ["cc_3", "deg_5"], "47": ["cc_1", "deg_7"], "16": ["cc_3", "deg_7"], "65": ["cc_4", "deg_6"], "23": ["cc_5", "deg_4"], "7": ["cc_2", "deg_6"], "82": ["cc_4", "deg_6"], "29": ["cc_2", "deg_6"], "93": ["cc_4", "deg_6"], "13": ["cc_0", "deg_10"], "6": ["cc_1", "deg_7"], "30": ["cc_5", "deg_4"], "14": ["cc_0", "deg_6"], "40": ["cc_2", "deg_6"], "33": ["cc_2", "deg_8"], "73": ["cc_0", "deg_4"], "76": ["cc_1", "deg_7"], "8": ["cc_0", "deg_5"], "44": ["cc_22", "deg_3"], "26": ["cc_6", "deg_6"], "43": ["cc_2", "deg_9"], "57": ["cc_3", "deg_5"], "20": ["cc_0", "deg_7"], "89": ["cc_6", "deg_6"], "80": ["cc_5", "deg_4"], "70": ["cc_0", "deg_6"], "84": ["cc_3", "deg_5"], "53": ["cc_2", "deg_6"], "1": ["cc_6", "deg_5"], "54": ["cc_3", "deg_7"], "41": ["cc_0", "deg_5"], "4": ["cc_2", "deg_8"], "39": ["cc_1", "deg_7"], "28": ["cc_4", "deg_6"], "25": ["cc_4", "deg_7"], "78": ["cc_0", "deg_4"], "3": ["cc_1", "deg_7"], "64": ["cc_3", "deg_5"], "72": ["cc_0", "deg_6"], "87": ["cc_1", "deg_8"], "19": ["cc_1", "deg_7"], "92": ["cc_11", "deg_4"], "86": ["cc_4", "deg_6"], "62": ["cc_0", "deg_8"], "11": ["cc_5", "deg_4"], "18": ["cc_1", "deg_7"], "67": ["cc_11", "deg_3"], "2": ["cc_6", "deg_5"], "9": ["cc_0", "deg_7"], "27": ["cc_0", "deg_6"], "15": ["cc_1", "deg_8"], "71": ["cc_3", "deg_5"], "88": ["cc_13", "deg_5"], "0": ["cc_2", "deg_6"], "63": ["cc_4", "deg_6"], "32": ["cc_6", "deg_5"], "45": ["cc_6", "deg_5"], "36": ["cc_1", "deg_7"], "83": ["cc_1", "deg_7"], "48": ["cc_1", "deg_7"], "79": ["cc_2", "deg_6"], "77": ["cc_0", "deg_3"], "10": ["cc_6", "deg_5"], "85": ["cc_3", "deg_5"], "31": ["cc_3", "deg_5"], "75": ["cc_0", "deg_6"], "50": ["cc_6", "deg_5"], "60": ["cc_2", "deg_6"], "52": ["cc_1", "deg_9"], "49": ["cc_2", "deg_6"]}, "edges": [[0, 80], [0, 64], [0, 3], [0, 22], [0, 93], [0, 31], [1, 2], [1, 4], [1, 46], [1, 24], [1, 94], [2, 4], [2, 80], [2, 89], [2, 12], [3, 85], [3, 23], [3, 58], [3, 29], [3, 30], [3, 47], [4, 69], [4, 6], [4, 25], [4, 62], [4, 78], [4, 94], [5, 69], [5, 6], [5, 87], [5, 7], [6, 81], [6, 70], [6, 7], [6, 9], [6, 86], [7, 39], [7, 8], [7, 10], [7, 52], [8, 9], [8, 43], [8, 70], [8, 13], [9, 16], [9, 69], [9, 79], [9, 29], [9, 47], [10, 67], [10, 68], [10, 76], [10, 13], [11, 36], [11, 42], [11, 43], [11, 13], [12, 53], [12, 70], [12, 89], [12, 22], [12, 61], [12, 13], [12, 69], [12, 15], [13, 80], [13, 67], [13, 86], [13, 56], [13, 92], [13, 46], [14, 76], [14, 72], [14, 57], [14, 93], [14, 78], [14, 15], [15, 16], [15, 84], [15, 22], [15, 74], [15, 59], [15, 47], [16, 35], [16, 19], [16, 42], [16, 43], [16, 58], [17, 65], [17, 18], [17, 20], [17, 38], [17, 36], [17, 29], [18, 48], [18, 67], [18, 21], [18, 81], [18, 42], [18, 53], [19, 81], [19, 50], [19, 20], [19, 48], [19, 92], [19, 37], [20, 53], [20, 22], [20, 33], [20, 25], [20, 42], [21, 83], [21, 22], [21, 91], [21, 45], [22, 76], [22, 58], [22, 61], [22, 63], [23, 24], [23, 25], [23, 60], [24, 52], [24, 25], [25, 66], [25, 90], [25, 28], [26, 32], [26, 33], [26, 82], [26, 83], [26, 87], [26, 62], [27, 65], [27, 55], [27, 75], [27, 28], [27, 29], [27, 62], [28, 66], [28, 70], [28, 90], [28, 31], [29, 30], [29, 31], [30, 33], [30, 69], [31, 32], [31, 33], [32, 48], [32, 33], [32, 66], [33, 34], [33, 35], [33, 72], [34, 51], [34, 36], [34, 85], [34, 90], [35, 43], [35, 36], [35, 59], [36, 68], [36, 38], [36, 73], [37, 71], [37, 40], [38, 39], [38, 40], [38, 71], [38, 93], [39, 70], [39, 40], [39, 42], [39, 77], [39, 46], [40, 82], [40, 41], [40, 54], [41, 72], [41, 66], [41, 42], [41, 75], [42, 43], [42, 52], [43, 57], [43, 90], [43, 91], [43, 62], [44, 45], [44, 46], [44, 47], [45, 48], [45, 46], [45, 47], [46, 49], [46, 65], [46, 63], [47, 49], [47, 50], [48, 52], [48, 63], [48, 79], [49, 51], [49, 54], [49, 87], [49, 75], [50, 84], [50, 92], [50, 94], [51, 52], [51, 54], [51, 90], [52, 66], [52, 68], [52, 79], [52, 54], [53, 81], [53, 66], [53, 91], [54, 83], [54, 81], [54, 55], [55, 71], [55, 58], [55, 93], [55, 94], [56, 68], [56, 57], [56, 58], [57, 59], [57, 60], [58, 60], [59, 60], [59, 61], [60, 94], [60, 62], [61, 64], [61, 83], [62, 72], [62, 73], [62, 79], [63, 64], [63, 65], [63, 66], [64, 65], [64, 75], [65, 74], [66, 74], [68, 71], [68, 76], [68, 74], [69, 81], [69, 82], [70, 87], [71, 74], [72, 74], [72, 77], [73, 82], [73, 76], [74, 75], [75, 76], [76, 79], [77, 89], [78, 84], [78, 79], [80, 93], [82, 83], [82, 87], [83, 90], [83, 85], [84, 87], [84, 92], [85, 86], [85, 88], [86, 87], [86, 88], [86, 91], [87, 90], [88, 89], [88, 90], [88, 91], [89, 90], [89, 91], [93, 94]]}