{"label": 1, "features": {"53": ["cc_0", "deg_1"], "47": ["cc_0", "deg_1"], "68": ["cc_0", "deg_1"], "21": ["cc_0", "deg_2"], "34": ["cc_0", "deg_3"], "67": ["cc_0", "deg_2"], "41": ["cc_0", "deg_2"], "4": ["cc_0", "deg_3"], "42": ["cc_0", "deg_2"], "12": ["cc_0", "deg_1"], "28": ["cc_0", "deg_3"], "66": ["cc_0", "deg_2"], "5": ["cc_0", "deg_1"], "65": ["cc_0", "deg_2"], "61": ["cc_0", "deg_2"], "3": ["cc_0", "deg_1"], "64": ["cc_0", "deg_1"], "51": ["cc_0", "deg_2"], "24": ["cc_0", "deg_1"], "56": ["cc_0", "deg_2"], "55": ["cc_0", "deg_2"], "19": ["cc_0", "deg_1"], "54": ["cc_0", "deg_1"], "36": ["cc_0", "deg_2"], "17": ["cc_0", "deg_2"], "11": ["cc_0", "deg_1"], "22": ["cc_0", "deg_3"], "71": ["cc_0", "deg_1"], "18": ["cc_0", "deg_1"], "59": ["cc_0", "deg_1"], "2": ["cc_0", "deg_3"], "46": ["cc_0", "deg_3"], "37": ["cc_0", "deg_1"], "38": ["cc_0", "deg_2"], "73": ["cc_0", "deg_2"], "78": ["cc_0", "deg_3"], "9": ["cc_0", "deg_2"], "27": ["cc_0", "deg_2"], "58": ["cc_0", "deg_2"], "35": ["cc_0", "deg_2"], "1": ["cc_0", "deg_5"], "16": ["cc_0", "deg_2"], "25": ["cc_0", "deg_2"], "7": ["cc_0", "deg_2"], "39": ["cc_0", "deg_2"], "0": ["cc_0", "deg_1"], "29": ["cc_0", "deg_2"], "63": ["cc_0", "deg_2"], "13": ["cc_0", "deg_5"], "6": ["cc_0", "deg_4"], "30": ["cc_0", "deg_1"], "14": ["cc_0", "deg_1"], "32": ["cc_0", "deg_1"], "45": ["cc_0", "deg_1"], "10": ["cc_0", "deg_1"], "33": ["cc_0", "deg_3"], "23": ["cc_0", "deg_3"], "69": ["cc_0", "deg_1"], "76": ["cc_0", "deg_3"], "48": ["cc_0", "deg_2"], "77": ["cc_0", "deg_2"], "40": ["cc_0", "deg_2"], "72": ["cc_0", "deg_2"], "8": ["cc_0", "deg_2"], "44": ["cc_0", "deg_2"], "31": ["cc_0", "deg_1"], "75": ["cc_0", "deg_2"], "26": ["cc_0", "deg_3"], "43": ["cc_0", "deg_2"], "57": ["cc_0", "deg_2"], "20": ["cc_0", "deg_1"], "50": ["cc_0", "deg_1"], "62": ["cc_0", "deg_2"], "60": ["cc_0", "deg_3"], "52": ["cc_0", "deg_3"], "15": ["cc_0", "deg_2"], "74": ["cc_0", "deg_3"], "70": ["cc_0", "deg_5"], "49": ["cc_0", "deg_2"]}, "edges": [[0, 1], [1, 75], [1, 2], [1, 19], [1, 60], [2, 49], [2, 57], [3, 4], [4, 51], [4, 78], [5, 6], [6, 66], [6, 67], [6, 7], [7, 8], [8, 9], [9, 61], [10, 70], [11, 26], [12, 13], [13, 64], [13, 70], [13, 46], [13, 23], [14, 70], [15, 16], [15, 76], [16, 17], [17, 60], [18, 40], [20, 22], [21, 22], [21, 39], [22, 23], [23, 56], [24, 25], [25, 26], [26, 27], [27, 28], [28, 29], [28, 53], [29, 73], [30, 60], [31, 74], [32, 33], [33, 34], [33, 36], [34, 35], [34, 63], [35, 36], [37, 74], [38, 59], [38, 39], [40, 41], [41, 42], [42, 43], [43, 44], [44, 52], [45, 46], [46, 67], [47, 48], [48, 49], [50, 65], [51, 52], [52, 70], [54, 55], [55, 56], [57, 58], [58, 77], [61, 62], [62, 63], [65, 78], [66, 73], [68, 75], [69, 70], [71, 72], [72, 76], [74, 76], [77, 78]]}