{"label": 2, "features": {"53": ["cc_0", "deg_4"], "47": ["cc_0", "deg_3"], "68": ["cc_0", "deg_3"], "21": ["cc_0", "deg_4"], "34": ["cc_0", "deg_4"], "67": ["cc_0", "deg_3"], "41": ["cc_0", "deg_6"], "4": ["cc_0", "deg_2"], "42": ["cc_0", "deg_3"], "12": ["cc_0", "deg_6"], "28": ["cc_0", "deg_2"], "66": ["cc_0", "deg_5"], "5": ["cc_3", "deg_5"], "65": ["cc_0", "deg_7"], "61": ["cc_3", "deg_5"], "3": ["cc_3", "deg_5"], "64": ["cc_0", "deg_6"], "51": ["cc_0", "deg_4"], "24": ["cc_0", "deg_2"], "56": ["cc_0", "deg_2"], "55": ["cc_5", "deg_4"], "19": ["cc_0", "deg_4"], "54": ["cc_0", "deg_3"], "36": ["cc_0", "deg_3"], "17": ["cc_0", "deg_4"], "11": ["cc_0", "deg_4"], "22": ["cc_3", "deg_5"], "18": ["cc_0", "deg_3"], "59": ["cc_6", "deg_6"], "2": ["cc_11", "deg_3"], "46": ["cc_0", "deg_3"], "37": ["cc_0", "deg_4"], "38": ["cc_0", "deg_4"], "9": ["cc_0", "deg_5"], "27": ["cc_0", "deg_3"], "58": ["cc_11", "deg_3"], "35": ["cc_11", "deg_3"], "1": ["cc_1", "deg_8"], "16": ["cc_0", "deg_7"], "25": ["cc_2", "deg_6"], "7": ["cc_0", "deg_3"], "39": ["cc_0", "deg_3"], "0": ["cc_0", "deg_3"], "29": ["cc_0", "deg_3"], "63": ["cc_5", "deg_4"], "13": ["cc_0", "deg_4"], "6": ["cc_0", "deg_4"], "30": ["cc_3", "deg_5"], "14": ["cc_0", "deg_2"], "32": ["cc_3", "deg_5"], "45": ["cc_0", "deg_2"], "10": ["cc_3", "deg_5"], "33": ["cc_0", "deg_2"], "23": ["cc_0", "deg_4"], "48": ["cc_0", "deg_3"], "40": ["cc_0", "deg_3"], "8": ["cc_0", "deg_4"], "44": ["cc_0", "deg_5"], "31": ["cc_3", "deg_5"], "26": ["cc_5", "deg_4"], "43": ["cc_0", "deg_4"], "57": ["cc_0", "deg_3"], "20": ["cc_0", "deg_4"], "50": ["cc_3", "deg_5"], "62": ["cc_0", "deg_3"], "60": ["cc_0", "deg_4"], "52": ["cc_0", "deg_4"], "15": ["cc_0", "deg_7"], "49": ["cc_11", "deg_3"]}, "edges": [[0, 64], [0, 5], [0, 46], [1, 16], [1, 49], [1, 5], [1, 9], [1, 24], [1, 36], [1, 44], [1, 21], [2, 64], [2, 50], [2, 59], [3, 18], [3, 68], [3, 59], [3, 29], [3, 31], [4, 51], [4, 66], [5, 33], [5, 49], [5, 8], [6, 30], [6, 40], [6, 44], [6, 14], [7, 50], [7, 11], [7, 34], [8, 65], [8, 28], [8, 31], [9, 67], [9, 52], [9, 37], [9, 57], [10, 32], [10, 38], [10, 54], [10, 59], [10, 46], [11, 16], [11, 67], [11, 43], [12, 48], [12, 50], [12, 54], [12, 38], [12, 56], [12, 26], [13, 48], [13, 52], [13, 28], [13, 29], [14, 22], [15, 18], [15, 20], [15, 38], [15, 41], [15, 56], [15, 57], [15, 43], [16, 32], [16, 52], [16, 53], [16, 17], [16, 34], [17, 51], [17, 55], [17, 41], [18, 21], [19, 65], [19, 53], [19, 55], [19, 47], [20, 48], [20, 23], [20, 62], [21, 65], [21, 34], [22, 41], [22, 25], [22, 58], [22, 63], [23, 66], [23, 37], [23, 68], [24, 64], [25, 37], [25, 55], [25, 61], [25, 62], [25, 31], [26, 35], [26, 45], [26, 30], [27, 51], [27, 61], [27, 63], [29, 57], [30, 66], [30, 35], [30, 36], [31, 59], [31, 46], [32, 59], [32, 60], [32, 63], [33, 42], [34, 37], [35, 44], [36, 40], [38, 65], [39, 64], [39, 42], [39, 60], [40, 58], [41, 66], [41, 53], [41, 60], [42, 53], [43, 64], [43, 65], [44, 60], [44, 47], [45, 64], [47, 61], [49, 65], [50, 68], [50, 59], [51, 65], [52, 61], [54, 67], [55, 61], [58, 63], [62, 66]]}