{"label": 1, "features": {"53": ["cc_8", "deg_6"], "47": ["cc_4", "deg_6"], "21": ["cc_3", "deg_5"], "34": ["cc_10", "deg_5"], "41": ["cc_0", "deg_5"], "4": ["cc_0", "deg_4"], "42": ["cc_2", "deg_6"], "12": ["cc_11", "deg_4"], "28": ["cc_6", "deg_6"], "5": ["cc_5", "deg_4"], "3": ["cc_6", "deg_5"], "51": ["cc_5", "deg_4"], "24": ["cc_11", "deg_4"], "56": ["cc_7", "deg_8"], "55": ["cc_9", "deg_7"], "19": ["cc_6", "deg_6"], "54": ["cc_4", "deg_10"], "36": ["cc_6", "deg_6"], "17": ["cc_6", "deg_5"], "11": ["cc_4", "deg_6"], "22": ["cc_3", "deg_5"], "18": ["cc_3", "deg_8"], "2": ["cc_6", "deg_7"], "46": ["cc_3", "deg_7"], "37": ["cc_4", "deg_6"], "38": ["cc_3", "deg_5"], "9": ["cc_6", "deg_6"], "27": ["cc_2", "deg_11"], "35": ["cc_2", "deg_6"], "1": ["cc_1", "deg_7"], "16": ["cc_4", "deg_7"], "25": ["cc_0", "deg_4"], "7": ["cc_3", "deg_5"], "39": ["cc_0", "deg_3"], "0": ["cc_8", "deg_8"], "29": ["cc_0", "deg_5"], "13": ["cc_0", "deg_3"], "6": ["cc_0", "deg_6"], "30": ["cc_0", "deg_6"], "14": ["cc_4", "deg_6"], "32": ["cc_4", "deg_6"], "45": ["cc_7", "deg_9"], "10": ["cc_4", "deg_6"], "33": ["cc_2", "deg_6"], "23": ["cc_3", "deg_5"], "48": ["cc_4", "deg_8"], "40": ["cc_11", "deg_4"], "8": ["cc_6", "deg_5"], "44": ["cc_1", "deg_7"], "31": ["cc_3", "deg_5"], "26": ["cc_3", "deg_5"], "43": ["cc_4", "deg_6"], "20": ["cc_6", "deg_6"], "50": ["cc_7", "deg_7"], "52": ["cc_4", "deg_6"], "15": ["cc_2", "deg_10"], "49": ["cc_7", "deg_8"]}, "edges": [[0, 17], [0, 2], [0, 3], [0, 5], [0, 54], [0, 55], [0, 56], [0, 28], [1, 32], [1, 2], [1, 4], [1, 55], [1, 23], [1, 11], [1, 15], [2, 3], [2, 22], [2, 56], [2, 9], [2, 28], [3, 52], [3, 5], [3, 15], [4, 49], [4, 6], [4, 7], [5, 48], [5, 29], [6, 48], [6, 33], [6, 15], [6, 27], [6, 31], [7, 53], [7, 8], [7, 10], [7, 13], [8, 54], [8, 10], [8, 11], [8, 37], [9, 36], [9, 47], [9, 11], [9, 34], [9, 31], [10, 11], [10, 44], [10, 30], [10, 15], [11, 32], [11, 14], [12, 50], [12, 53], [12, 14], [12, 15], [13, 27], [13, 29], [14, 17], [14, 37], [14, 33], [14, 15], [15, 16], [15, 17], [15, 18], [15, 35], [16, 48], [16, 49], [16, 18], [16, 39], [16, 25], [16, 27], [17, 18], [17, 46], [18, 19], [18, 20], [18, 56], [18, 40], [18, 29], [19, 43], [19, 21], [19, 48], [19, 38], [19, 45], [20, 35], [20, 54], [20, 40], [20, 42], [20, 45], [21, 52], [21, 22], [21, 23], [21, 24], [22, 23], [22, 25], [22, 27], [23, 44], [23, 47], [24, 54], [24, 27], [24, 45], [25, 26], [25, 46], [26, 49], [26, 40], [26, 27], [26, 44], [27, 36], [27, 41], [27, 45], [27, 49], [27, 30], [28, 56], [28, 42], [28, 46], [28, 31], [29, 54], [29, 30], [30, 43], [30, 35], [30, 31], [31, 34], [32, 33], [32, 35], [32, 51], [32, 44], [33, 34], [33, 35], [33, 39], [34, 36], [34, 47], [35, 38], [36, 37], [36, 56], [36, 42], [37, 38], [37, 56], [37, 42], [38, 48], [38, 41], [39, 41], [40, 54], [41, 42], [41, 43], [42, 44], [43, 44], [43, 45], [43, 46], [44, 45], [45, 48], [45, 49], [45, 54], [46, 50], [46, 53], [46, 47], [47, 48], [47, 50], [48, 49], [49, 51], [49, 52], [50, 51], [50, 53], [50, 54], [50, 55], [51, 52], [52, 54], [52, 55], [53, 55], [53, 56], [54, 55], [55, 56]]}