{"label": 0, "features": {"53": ["cc_3", "deg_5"], "47": ["cc_0", "deg_5"], "21": ["cc_11", "deg_3"], "34": ["cc_3", "deg_5"], "41": ["cc_0", "deg_3"], "4": ["cc_11", "deg_3"], "42": ["cc_11", "deg_3"], "12": ["cc_5", "deg_4"], "28": ["cc_0", "deg_5"], "5": ["cc_6", "deg_5"], "3": ["cc_22", "deg_3"], "51": ["cc_11", "deg_4"], "24": ["cc_5", "deg_4"], "56": ["cc_6", "deg_5"], "55": ["cc_22", "deg_3"], "19": ["cc_0", "deg_4"], "54": ["cc_11", "deg_3"], "36": ["cc_11", "deg_4"], "17": ["cc_0", "deg_3"], "11": ["cc_5", "deg_4"], "22": ["cc_11", "deg_3"], "18": ["cc_0", "deg_4"], "59": ["cc_0", "deg_6"], "2": ["cc_0", "deg_2"], "46": ["cc_0", "deg_3"], "37": ["cc_11", "deg_4"], "38": ["cc_4", "deg_6"], "9": ["cc_16", "deg_4"], "27": ["cc_0", "deg_3"], "58": ["cc_0", "deg_3"], "35": ["cc_3", "deg_5"], "1": ["cc_11", "deg_3"], "16": ["cc_0", "deg_5"], "25": ["cc_11", "deg_3"], "7": ["cc_11", "deg_4"], "39": ["cc_11", "deg_3"], "0": ["cc_0", "deg_4"], "29": ["cc_0", "deg_4"], "13": ["cc_6", "deg_5"], "6": ["cc_5", "deg_4"], "30": ["cc_0", "deg_3"], "14": ["cc_5", "deg_4"], "32": ["cc_5", "deg_4"], "45": ["cc_6", "deg_6"], "10": ["cc_11", "deg_4"], "33": ["cc_11", "deg_3"], "23": ["cc_5", "deg_4"], "48": ["cc_0", "deg_5"], "40": ["cc_2", "deg_6"], "8": ["cc_16", "deg_4"], "44": ["cc_6", "deg_5"], "31": ["cc_6", "deg_5"], "26": ["cc_5", "deg_4"], "43": ["cc_22", "deg_3"], "57": ["cc_5", "deg_4"], "20": ["cc_0", "deg_3"], "50": ["cc_11", "deg_3"], "60": ["cc_0", "deg_4"], "52": ["cc_6", "deg_5"], "15": ["cc_3", "deg_5"], "49": ["cc_0", "deg_4"]}, "edges": [[0, 35], [0, 59], [0, 60], [0, 38], [1, 3], [1, 60], [1, 5], [2, 14], [2, 47], [3, 4], [3, 5], [4, 5], [4, 6], [5, 34], [5, 40], [6, 8], [6, 16], [6, 7], [7, 8], [7, 9], [7, 49], [8, 9], [8, 10], [9, 10], [9, 11], [10, 11], [10, 12], [11, 18], [11, 13], [12, 34], [12, 44], [12, 13], [13, 34], [13, 14], [13, 15], [14, 16], [14, 15], [15, 48], [15, 17], [15, 59], [16, 49], [16, 41], [16, 28], [17, 24], [17, 19], [18, 19], [18, 20], [18, 29], [19, 48], [19, 21], [20, 51], [20, 28], [21, 22], [21, 23], [22, 44], [22, 23], [23, 24], [23, 36], [24, 25], [24, 26], [25, 26], [25, 27], [26, 28], [26, 38], [27, 29], [27, 53], [28, 29], [28, 30], [29, 31], [30, 56], [30, 31], [31, 32], [31, 33], [31, 45], [32, 34], [32, 59], [32, 45], [33, 35], [33, 45], [34, 35], [35, 36], [35, 37], [36, 37], [36, 38], [37, 59], [37, 38], [38, 39], [38, 40], [39, 40], [39, 46], [40, 57], [40, 41], [40, 42], [41, 52], [42, 43], [42, 44], [43, 44], [43, 45], [44, 45], [45, 47], [46, 48], [46, 47], [47, 49], [47, 60], [48, 50], [48, 53], [49, 52], [50, 51], [50, 52], [51, 52], [51, 53], [52, 53], [53, 54], [54, 56], [54, 55], [55, 56], [55, 57], [56, 57], [56, 58], [57, 59], [58, 59], [58, 60]]}