{"label": 2, "features": {"53": ["cc_2", "deg_6"], "47": ["cc_3", "deg_5"], "68": ["cc_5", "deg_4"], "21": ["cc_3", "deg_5"], "34": ["cc_3", "deg_10"], "67": ["cc_5", "deg_4"], "41": ["cc_0", "deg_4"], "4": ["cc_2", "deg_6"], "42": ["cc_3", "deg_7"], "12": ["cc_0", "deg_3"], "28": ["cc_5", "deg_4"], "66": ["cc_0", "deg_7"], "5": ["cc_3", "deg_5"], "65": ["cc_0", "deg_6"], "61": ["cc_2", "deg_6"], "3": ["cc_3", "deg_8"], "64": ["cc_4", "deg_6"], "51": ["cc_0", "deg_5"], "24": ["cc_0", "deg_4"], "56": ["cc_0", "deg_4"], "55": ["cc_0", "deg_6"], "19": ["cc_3", "deg_5"], "54": ["cc_0", "deg_6"], "36": ["cc_0", "deg_10"], "17": ["cc_5", "deg_4"], "11": ["cc_3", "deg_7"], "22": ["cc_0", "deg_4"], "71": ["cc_3", "deg_5"], "18": ["cc_0", "deg_5"], "59": ["cc_0", "deg_6"], "2": ["cc_0", "deg_4"], "46": ["cc_6", "deg_6"], "37": ["cc_1", "deg_7"], "38": ["cc_0", "deg_5"], "73": ["cc_0", "deg_5"], "78": ["cc_0", "deg_6"], "9": ["cc_1", "deg_10"], "27": ["cc_0", "deg_4"], "58": ["cc_0", "deg_9"], "35": ["cc_2", "deg_6"], "1": ["cc_0", "deg_5"], "16": ["cc_0", "deg_6"], "80": ["cc_1", "deg_9"], "25": ["cc_1", "deg_8"], "7": ["cc_0", "deg_3"], "39": ["cc_3", "deg_8"], "0": ["cc_1", "deg_11"], "29": ["cc_0", "deg_4"], "63": ["cc_2", "deg_6"], "13": ["cc_2", "deg_8"], "6": ["cc_1", "deg_8"], "30": ["cc_0", "deg_5"], "14": ["cc_0", "deg_9"], "32": ["cc_3", "deg_5"], "45": ["cc_2", "deg_6"], "10": ["cc_0", "deg_7"], "33": ["cc_3", "deg_8"], "23": ["cc_3", "deg_7"], "69": ["cc_0", "deg_4"], "76": ["cc_0", "deg_4"], "48": ["cc_3", "deg_8"], "79": ["cc_4", "deg_7"], "77": ["cc_0", "deg_6"], "40": ["cc_4", "deg_6"], "81": ["cc_5", "deg_4"], "72": ["cc_6", "deg_5"], "8": ["cc_2", "deg_8"], "44": ["cc_3", "deg_5"], "31": ["cc_0", "deg_5"], "75": ["cc_0", "deg_6"], "26": ["cc_0", "deg_3"], "43": ["cc_1", "deg_7"], "57": ["cc_0", "deg_5"], "20": ["cc_3", "deg_8"], "50": ["cc_3", "deg_5"], "62": ["cc_1", "deg_7"], "60": ["cc_0", "deg_4"], "52": ["cc_3", "deg_7"], "15": ["cc_0", "deg_9"], "74": ["cc_0", "deg_4"], "70": ["cc_0", "deg_9"], "49": ["cc_0", "deg_4"]}, "edges": [[0, 3], [0, 68], [0, 69], [0, 70], [0, 10], [0, 14], [0, 79], [0, 67], [0, 46], [0, 56], [0, 62], [1, 66], [1, 8], [1, 40], [1, 52], [1, 77], [2, 3], [2, 54], [2, 6], [2, 77], [3, 11], [3, 35], [3, 36], [3, 33], [3, 38], [3, 34], [4, 35], [4, 20], [4, 9], [4, 57], [4, 26], [4, 55], [5, 32], [5, 7], [5, 8], [5, 58], [5, 50], [6, 41], [6, 44], [6, 78], [6, 80], [6, 52], [6, 60], [6, 61], [7, 51], [7, 78], [8, 32], [8, 20], [8, 73], [8, 42], [8, 59], [8, 46], [9, 64], [9, 70], [9, 71], [9, 76], [9, 50], [9, 19], [9, 20], [9, 53], [9, 73], [10, 75], [10, 36], [10, 43], [10, 13], [10, 78], [10, 45], [11, 66], [11, 41], [11, 48], [11, 52], [11, 23], [11, 20], [12, 52], [12, 14], [12, 15], [13, 64], [13, 65], [13, 73], [13, 79], [13, 21], [13, 25], [13, 26], [14, 36], [14, 42], [14, 53], [14, 57], [14, 28], [14, 74], [14, 63], [15, 65], [15, 68], [15, 41], [15, 16], [15, 81], [15, 24], [15, 26], [15, 60], [16, 34], [16, 71], [16, 57], [16, 42], [16, 62], [17, 20], [17, 23], [17, 58], [17, 47], [18, 19], [18, 22], [18, 56], [18, 63], [18, 44], [19, 48], [19, 21], [19, 79], [20, 25], [20, 23], [20, 77], [21, 25], [21, 58], [21, 67], [22, 23], [22, 25], [22, 77], [23, 37], [23, 55], [23, 40], [24, 72], [24, 38], [24, 27], [25, 32], [25, 63], [25, 76], [25, 37], [27, 36], [27, 68], [27, 42], [28, 34], [28, 50], [28, 53], [29, 36], [29, 69], [29, 43], [29, 31], [30, 32], [30, 33], [30, 69], [30, 54], [30, 56], [31, 34], [31, 70], [31, 61], [31, 77], [32, 80], [33, 81], [33, 34], [33, 51], [33, 55], [33, 72], [33, 39], [34, 80], [34, 35], [34, 36], [34, 40], [34, 45], [35, 39], [35, 58], [35, 75], [36, 70], [36, 61], [36, 51], [36, 55], [37, 71], [37, 39], [37, 42], [37, 44], [37, 62], [38, 70], [38, 40], [38, 47], [39, 72], [39, 44], [39, 45], [39, 81], [39, 50], [40, 80], [40, 45], [41, 62], [42, 43], [42, 46], [43, 48], [43, 58], [43, 54], [43, 46], [44, 49], [45, 57], [45, 59], [46, 70], [46, 65], [47, 48], [47, 72], [47, 59], [48, 72], [48, 52], [48, 79], [48, 60], [49, 78], [49, 55], [49, 73], [50, 71], [51, 74], [51, 65], [52, 80], [52, 53], [53, 54], [53, 66], [54, 70], [54, 79], [55, 65], [56, 80], [57, 66], [58, 74], [58, 77], [58, 78], [58, 59], [59, 69], [59, 61], [60, 62], [61, 64], [61, 63], [62, 64], [62, 68], [63, 64], [63, 70], [64, 79], [65, 76], [66, 80], [66, 81], [66, 67], [67, 79], [70, 75], [71, 78], [73, 75], [74, 75], [75, 80], [76, 80]]}