{"label": 1, "edges": [[0, 1], [0, 47], [1, 12], [1, 23], [2, 31], [2, 47], [3, 4], [4, 5], [5, 42], [5, 38], [6, 7], [7, 8], [7, 14], [8, 27], [8, 31], [8, 38], [9, 27], [10, 26], [10, 39], [11, 41], [11, 18], [13, 14], [15, 16], [16, 17], [17, 18], [18, 36], [19, 32], [19, 30], [20, 21], [21, 22], [22, 23], [23, 24], [24, 25], [24, 43], [24, 33], [25, 26], [28, 29], [29, 45], [30, 36], [32, 36], [34, 35], [35, 36], [37, 38], [39, 40], [40, 41], [44, 45], [45, 46], [46, 47]], "features": {"27": ["cc_0", "deg_2"], "35": ["cc_0", "deg_2"], "43": ["cc_0", "deg_1"], "47": ["cc_0", "deg_3"], "32": ["cc_0", "deg_2"], "9": ["cc_0", "deg_1"], "33": ["cc_0", "deg_1"], "0": ["cc_0", "deg_2"], "2": ["cc_0", "deg_2"], "18": ["cc_0", "deg_3"], "5": ["cc_0", "deg_3"], "14": ["cc_0", "deg_2"], "38": ["cc_0", "deg_3"], "44": ["cc_0", "deg_1"], "39": ["cc_0", "deg_2"], "3": ["cc_0", "deg_1"], "28": ["cc_0", "deg_1"], "23": ["cc_0", "deg_3"], "19": ["cc_0", "deg_2"], "34": ["cc_0", "deg_1"], "11": ["cc_0", "deg_2"], "17": ["cc_0", "deg_2"], "12": ["cc_0", "deg_1"], "25": ["cc_0", "deg_2"], "24": ["cc_0", "deg_4"], "22": ["cc_0", "deg_2"], "15": ["cc_0", "deg_1"], "4": ["cc_0", "deg_2"], "37": ["cc_0", "deg_1"], "45": ["cc_0", "deg_3"], "42": ["cc_0", "deg_1"], "30": ["cc_0", "deg_2"], "31": ["cc_0", "deg_2"], "36": ["cc_0", "deg_4"], "10": ["cc_0", "deg_2"], "1": ["cc_0", "deg_3"], "46": ["cc_0", "deg_2"], "26": ["cc_0", "deg_2"], "40": ["cc_0", "deg_2"], "41": ["cc_0", "deg_2"], "20": ["cc_0", "deg_1"], "29": ["cc_0", "deg_2"], "13": ["cc_0", "deg_1"], "6": ["cc_0", "deg_1"], "7": ["cc_0", "deg_3"], "8": ["cc_0", "deg_4"], "16": ["cc_0", "deg_2"], "21": ["cc_0", "deg_2"]}}