{"label": 2, "features": {"53": ["cc_3", "deg_8"], "47": ["cc_0", "deg_6"], "68": ["cc_2", "deg_6"], "21": ["cc_0", "deg_6"], "34": ["cc_0", "deg_6"], "67": ["cc_0", "deg_5"], "41": ["cc_10", "deg_5"], "4": ["cc_0", "deg_9"], "42": ["cc_0", "deg_4"], "12": ["cc_0", "deg_3"], "28": ["cc_2", "deg_6"], "66": ["cc_4", "deg_6"], "5": ["cc_0", "deg_4"], "65": ["cc_0", "deg_4"], "61": ["cc_0", "deg_6"], "3": ["cc_2", "deg_10"], "64": ["cc_3", "deg_10"], "51": ["cc_0", "deg_6"], "24": ["cc_0", "deg_5"], "56": ["cc_1", "deg_7"], "55": ["cc_6", "deg_6"], "19": ["cc_2", "deg_8"], "54": ["cc_0", "deg_7"], "36": ["cc_0", "deg_6"], "17": ["cc_3", "deg_5"], "11": ["cc_1", "deg_9"], "22": ["cc_0", "deg_4"], "18": ["cc_0", "deg_6"], "59": ["cc_3", "deg_5"], "2": ["cc_0", "deg_3"], "46": ["cc_5", "deg_4"], "37": ["cc_1", "deg_7"], "38": ["cc_1", "deg_7"], "9": ["cc_0", "deg_4"], "27": ["cc_3", "deg_7"], "58": ["cc_2", "deg_6"], "35": ["cc_0", "deg_5"], "1": ["cc_1", "deg_9"], "16": ["cc_2", "deg_9"], "25": ["cc_3", "deg_7"], "7": ["cc_0", "deg_4"], "39": ["cc_0", "deg_5"], "0": ["cc_11", "deg_4"], "29": ["cc_0", "deg_5"], "63": ["cc_2", "deg_10"], "13": ["cc_0", "deg_7"], "6": ["cc_3", "deg_5"], "30": ["cc_5", "deg_4"], "14": ["cc_0", "deg_6"], "32": ["cc_2", "deg_6"], "45": ["cc_3", "deg_5"], "10": ["cc_3", "deg_5"], "33": ["cc_0", "deg_4"], "23": ["cc_1", "deg_8"], "69": ["cc_0", "deg_6"], "48": ["cc_0", "deg_6"], "40": ["cc_4", "deg_6"], "8": ["cc_0", "deg_4"], "44": ["cc_1", "deg_7"], "31": ["cc_11", "deg_4"], "26": ["cc_3", "deg_7"], "43": ["cc_2", "deg_6"], "57": ["cc_3", "deg_7"], "20": ["cc_6", "deg_5"], "50": ["cc_0", "deg_5"], "62": ["cc_1", "deg_8"], "60": ["cc_3", "deg_9"], "52": ["cc_5", "deg_4"], "15": ["cc_0", "deg_5"], "70": ["cc_4", "deg_7"], "49": ["cc_2", "deg_6"]}, "edges": [[0, 70], [0, 56], [0, 26], [0, 13], [1, 64], [1, 70], [1, 40], [1, 44], [1, 13], [1, 54], [1, 58], [1, 27], [1, 60], [2, 4], [2, 40], [2, 36], [3, 64], [3, 66], [3, 4], [3, 37], [3, 55], [3, 12], [3, 17], [3, 53], [3, 25], [3, 57], [4, 65], [4, 6], [4, 9], [4, 48], [4, 27], [4, 61], [4, 62], [5, 19], [5, 67], [5, 34], [5, 14], [6, 56], [6, 43], [6, 20], [6, 63], [7, 64], [7, 65], [7, 8], [7, 58], [8, 54], [8, 61], [8, 62], [9, 38], [9, 39], [9, 11], [10, 65], [10, 69], [10, 23], [10, 55], [10, 11], [11, 68], [11, 45], [11, 48], [11, 53], [11, 22], [11, 23], [11, 62], [12, 24], [12, 14], [13, 16], [13, 34], [13, 49], [13, 42], [13, 29], [14, 35], [14, 36], [14, 49], [14, 52], [15, 48], [15, 16], [15, 68], [15, 22], [15, 23], [16, 17], [16, 50], [16, 20], [16, 46], [16, 28], [16, 44], [16, 31], [17, 18], [17, 37], [17, 38], [18, 19], [18, 51], [18, 43], [18, 44], [18, 62], [19, 64], [19, 68], [19, 24], [19, 41], [19, 59], [19, 37], [20, 41], [20, 46], [20, 63], [21, 36], [21, 37], [21, 70], [21, 23], [21, 52], [21, 45], [22, 54], [22, 47], [23, 35], [23, 47], [23, 24], [23, 42], [24, 56], [24, 40], [25, 32], [25, 48], [25, 26], [25, 28], [25, 45], [25, 30], [26, 49], [26, 67], [26, 70], [26, 27], [26, 45], [27, 68], [27, 38], [27, 39], [27, 60], [28, 33], [28, 39], [28, 61], [28, 31], [29, 66], [29, 51], [29, 43], [29, 62], [30, 32], [30, 50], [30, 64], [31, 36], [31, 44], [32, 37], [32, 42], [32, 60], [32, 47], [33, 34], [33, 68], [33, 50], [34, 48], [34, 60], [34, 69], [35, 51], [35, 38], [35, 44], [36, 56], [36, 55], [37, 39], [37, 46], [38, 69], [38, 54], [38, 60], [39, 48], [40, 64], [40, 55], [40, 42], [41, 64], [41, 59], [41, 55], [43, 52], [43, 53], [43, 57], [44, 57], [44, 63], [45, 58], [46, 61], [47, 67], [47, 58], [47, 61], [49, 60], [49, 69], [49, 63], [50, 51], [50, 63], [51, 54], [51, 64], [52, 53], [53, 70], [53, 54], [53, 60], [53, 63], [54, 57], [55, 64], [56, 66], [56, 59], [56, 70], [57, 66], [57, 58], [57, 60], [58, 66], [59, 67], [59, 62], [60, 63], [61, 63], [62, 69], [62, 68], [63, 64], [63, 70], [65, 66], [67, 69]]}