{"label": 0, "features": {"53": ["cc_0", "deg_3"], "47": ["cc_10", "deg_5"], "21": ["cc_0", "deg_4"], "34": ["cc_6", "deg_5"], "41": ["cc_16", "deg_4"], "4": ["cc_10", "deg_5"], "42": ["cc_16", "deg_4"], "12": ["cc_5", "deg_4"], "28": ["cc_11", "deg_3"], "5": ["cc_16", "deg_4"], "3": ["cc_22", "deg_3"], "51": ["cc_5", "deg_4"], "24": ["cc_5", "deg_4"], "55": ["cc_11", "deg_4"], "19": ["cc_5", "deg_4"], "54": ["cc_11", "deg_3"], "36": ["cc_11", "deg_4"], "17": ["cc_11", "deg_3"], "11": ["cc_11", "deg_3"], "22": ["cc_0", "deg_3"], "18": ["cc_5", "deg_4"], "2": ["cc_6", "deg_5"], "46": ["cc_16", "deg_4"], "37": ["cc_5", "deg_4"], "38": ["cc_11", "deg_3"], "9": ["cc_5", "deg_4"], "27": ["cc_5", "deg_4"], "35": ["cc_22", "deg_3"], "1": ["cc_11", "deg_4"], "16": ["cc_3", "deg_5"], "25": ["cc_11", "deg_4"], "7": ["cc_10", "deg_5"], "39": ["cc_6", "deg_5"], "0": ["cc_16", "deg_4"], "29": ["cc_22", "deg_3"], "13": ["cc_11", "deg_3"], "6": ["cc_16", "deg_4"], "30": ["cc_11", "deg_4"], "14": ["cc_11", "deg_4"], "32": ["cc_11", "deg_4"], "45": ["cc_6", "deg_6"], "10": ["cc_11", "deg_3"], "33": ["cc_6", "deg_5"], "23": ["cc_0", "deg_4"], "48": ["cc_16", "deg_4"], "40": ["cc_16", "deg_4"], "8": ["cc_6", "deg_5"], "44": ["cc_16", "deg_4"], "31": ["cc_11", "deg_4"], "26": ["cc_11", "deg_4"], "43": ["cc_16", "deg_4"], "20": ["cc_0", "deg_4"], "50": ["cc_11", "deg_4"], "52": ["cc_5", "deg_4"], "15": ["cc_11", "deg_4"], "49": ["cc_6", "deg_5"]}, "edges": [[0, 1], [0, 2], [0, 54], [0, 55], [1, 2], [1, 39], [1, 55], [2, 3], [2, 4], [2, 19], [3, 4], [3, 5], [4, 9], [4, 5], [4, 6], [5, 6], [5, 7], [6, 8], [6, 7], [7, 8], [7, 9], [7, 12], [8, 16], [8, 33], [8, 9], [9, 10], [10, 11], [10, 12], [11, 12], [11, 13], [12, 14], [13, 14], [13, 15], [14, 16], [14, 15], [15, 16], [15, 17], [16, 18], [16, 27], [17, 18], [17, 19], [18, 19], [18, 20], [19, 21], [20, 27], [20, 21], [20, 22], [21, 24], [21, 23], [22, 24], [22, 23], [23, 25], [23, 45], [24, 25], [24, 26], [25, 26], [25, 27], [26, 27], [26, 28], [28, 29], [28, 30], [29, 30], [29, 31], [30, 34], [30, 31], [31, 32], [31, 33], [32, 33], [32, 34], [32, 49], [33, 34], [33, 51], [34, 35], [34, 36], [35, 36], [35, 37], [36, 37], [36, 38], [37, 49], [37, 39], [38, 40], [38, 39], [39, 40], [39, 41], [40, 41], [40, 42], [41, 42], [41, 43], [42, 43], [42, 44], [43, 44], [43, 45], [44, 45], [44, 46], [45, 51], [45, 46], [45, 47], [46, 48], [46, 47], [47, 48], [47, 49], [47, 53], [48, 49], [48, 50], [49, 50], [50, 51], [50, 52], [51, 52], [52, 53], [52, 54], [53, 55], [54, 55]]}