{"label": 1, "features": {"68": ["cc_2", "deg_6"], "21": ["cc_5", "deg_4"], "34": ["cc_11", "deg_3"], "58": ["cc_0", "deg_5"], "69": ["cc_0", "deg_3"], "42": ["cc_0", "deg_4"], "12": ["cc_0", "deg_2"], "66": ["cc_0", "deg_2"], "5": ["cc_0", "deg_3"], "61": ["cc_0", "deg_4"], "51": ["cc_0", "deg_5"], "24": ["cc_16", "deg_4"], "56": ["cc_0", "deg_3"], "55": ["cc_0", "deg_3"], "17": ["cc_33", "deg_2"], "22": ["cc_11", "deg_4"], "74": ["cc_11", "deg_4"], "59": ["cc_0", "deg_3"], "46": ["cc_22", "deg_3"], "37": ["cc_0", "deg_3"], "38": ["cc_0", "deg_3"], "81": ["cc_0", "deg_4"], "35": ["cc_5", "deg_4"], "47": ["cc_10", "deg_5"], "16": ["cc_0", "deg_3"], "65": ["cc_0", "deg_4"], "23": ["cc_10", "deg_5"], "7": ["cc_0", "deg_4"], "82": ["cc_0", "deg_3"], "29": ["cc_0", "deg_4"], "13": ["cc_0", "deg_5"], "6": ["cc_0", "deg_4"], "30": ["cc_11", "deg_3"], "14": ["cc_0", "deg_4"], "40": ["cc_0", "deg_4"], "33": ["cc_2", "deg_6"], "73": ["cc_11", "deg_4"], "76": ["cc_4", "deg_7"], "8": ["cc_3", "deg_5"], "44": ["cc_0", "deg_5"], "26": ["cc_5", "deg_4"], "43": ["cc_0", "deg_3"], "57": ["cc_0", "deg_2"], "20": ["cc_0", "deg_2"], "80": ["cc_0", "deg_4"], "70": ["cc_33", "deg_2"], "84": ["cc_0", "deg_3"], "53": ["cc_0", "deg_4"], "1": ["cc_11", "deg_3"], "54": ["cc_0", "deg_5"], "41": ["cc_0", "deg_3"], "4": ["cc_0", "deg_4"], "39": ["cc_0", "deg_7"], "28": ["cc_0", "deg_3"], "25": ["cc_6", "deg_5"], "78": ["cc_3", "deg_5"], "3": ["cc_0", "deg_4"], "64": ["cc_0", "deg_5"], "72": ["cc_10", "deg_5"], "87": ["cc_0", "deg_5"], "19": ["cc_3", "deg_5"], "86": ["cc_0", "deg_5"], "62": ["cc_0", "deg_3"], "11": ["cc_0", "deg_3"], "18": ["cc_2", "deg_6"], "67": ["cc_33", "deg_2"], "2": ["cc_5", "deg_4"], "9": ["cc_5", "deg_4"], "27": ["cc_0", "deg_3"], "15": ["cc_0", "deg_3"], "71": ["cc_6", "deg_5"], "0": ["cc_1", "deg_7"], "63": ["cc_0", "deg_6"], "32": ["cc_6", "deg_5"], "45": ["cc_11", "deg_3"], "36": ["cc_5", "deg_4"], "83": ["cc_0", "deg_2"], "48": ["cc_11", "deg_4"], "79": ["cc_0", "deg_4"], "77": ["cc_11", "deg_4"], "10": ["cc_5", "deg_4"], "85": ["cc_0", "deg_5"], "31": ["cc_4", "deg_6"], "75": ["cc_10", "deg_5"], "50": ["cc_0", "deg_3"], "60": ["cc_0", "deg_3"], "52": ["cc_0", "deg_5"], "49": ["cc_3", "deg_5"]}, "edges": [[0, 1], [0, 2], [0, 68], [0, 86], [0, 87], [0, 11], [0, 44], [1, 2], [1, 3], [2, 4], [2, 47], [3, 4], [3, 5], [3, 53], [4, 6], [4, 31], [5, 87], [5, 7], [6, 16], [6, 51], [6, 8], [7, 23], [7, 39], [7, 79], [8, 9], [8, 10], [8, 53], [8, 79], [9, 10], [9, 26], [9, 31], [10, 18], [10, 11], [11, 13], [12, 13], [12, 14], [13, 81], [13, 54], [13, 41], [14, 52], [14, 85], [14, 15], [15, 16], [15, 50], [16, 18], [17, 18], [17, 19], [18, 19], [18, 85], [18, 54], [19, 76], [19, 21], [19, 29], [20, 42], [20, 21], [21, 22], [21, 23], [22, 24], [22, 61], [22, 23], [23, 24], [23, 25], [24, 25], [24, 26], [25, 33], [25, 38], [25, 26], [26, 74], [27, 85], [27, 54], [27, 56], [28, 29], [28, 30], [28, 55], [29, 37], [29, 31], [30, 32], [30, 31], [31, 32], [31, 33], [32, 64], [32, 33], [32, 34], [33, 35], [33, 39], [33, 41], [34, 35], [34, 36], [35, 36], [35, 37], [36, 38], [36, 63], [37, 39], [38, 39], [39, 65], [39, 40], [39, 86], [40, 42], [40, 76], [40, 58], [41, 84], [42, 80], [42, 44], [43, 60], [43, 75], [43, 44], [44, 45], [44, 62], [45, 46], [45, 47], [46, 48], [46, 47], [47, 48], [47, 49], [48, 49], [48, 63], [49, 59], [49, 87], [49, 51], [50, 51], [50, 52], [51, 53], [51, 63], [52, 66], [52, 53], [52, 54], [54, 68], [55, 56], [55, 77], [56, 58], [57, 58], [57, 59], [58, 64], [58, 63], [59, 60], [60, 61], [61, 81], [61, 63], [62, 64], [62, 78], [63, 65], [64, 65], [64, 69], [65, 71], [66, 68], [67, 72], [67, 68], [68, 69], [68, 72], [69, 71], [70, 72], [70, 71], [71, 72], [71, 73], [72, 73], [73, 74], [73, 75], [74, 75], [74, 76], [75, 76], [75, 77], [76, 81], [76, 77], [76, 78], [77, 78], [78, 83], [78, 79], [79, 80], [80, 81], [80, 82], [82, 86], [82, 87], [83, 85], [84, 86], [84, 87], [85, 86]]}