{"label": 1, "features": {"47": ["cc_0", "deg_2"], "21": ["cc_11", "deg_3"], "34": ["cc_0", "deg_3"], "41": ["cc_0", "deg_4"], "4": ["cc_3", "deg_5"], "42": ["cc_0", "deg_3"], "12": ["cc_11", "deg_3"], "28": ["cc_3", "deg_5"], "5": ["cc_3", "deg_5"], "3": ["cc_3", "deg_7"], "51": ["cc_0", "deg_5"], "24": ["cc_0", "deg_3"], "19": ["cc_11", "deg_3"], "36": ["cc_11", "deg_3"], "17": ["cc_0", "deg_4"], "11": ["cc_5", "deg_4"], "22": ["cc_5", "deg_4"], "18": ["cc_11", "deg_3"], "2": ["cc_2", "deg_6"], "46": ["cc_6", "deg_5"], "37": ["cc_10", "deg_5"], "38": ["cc_10", "deg_5"], "9": ["cc_0", "deg_4"], "27": ["cc_0", "deg_3"], "35": ["cc_5", "deg_4"], "1": ["cc_33", "deg_2"], "16": ["cc_5", "deg_4"], "25": ["cc_0", "deg_6"], "7": ["cc_0", "deg_4"], "39": ["cc_0", "deg_5"], "0": ["cc_0", "deg_4"], "29": ["cc_0", "deg_3"], "13": ["cc_5", "deg_4"], "6": ["cc_11", "deg_3"], "30": ["cc_0", "deg_3"], "14": ["cc_11", "deg_3"], "32": ["cc_1", "deg_7"], "45": ["cc_5", "deg_4"], "10": ["cc_0", "deg_3"], "33": ["cc_0", "deg_2"], "23": ["cc_5", "deg_4"], "48": ["cc_0", "deg_3"], "40": ["cc_0", "deg_2"], "8": ["cc_1", "deg_7"], "44": ["cc_33", "deg_2"], "31": ["cc_0", "deg_3"], "26": ["cc_0", "deg_4"], "43": ["cc_0", "deg_5"], "20": ["cc_2", "deg_6"], "50": ["cc_0", "deg_5"], "52": ["cc_0", "deg_5"], "15": ["cc_11", "deg_4"], "49": ["cc_5", "deg_4"]}, "edges": [[0, 2], [0, 51], [0, 7], [0, 34], [1, 2], [1, 3], [2, 3], [2, 17], [2, 40], [2, 10], [3, 4], [3, 5], [3, 23], [3, 52], [3, 50], [4, 5], [4, 6], [4, 39], [4, 43], [5, 51], [5, 9], [5, 13], [6, 32], [6, 46], [7, 52], [7, 8], [7, 45], [8, 37], [8, 38], [8, 9], [8, 26], [8, 14], [8, 47], [9, 20], [9, 11], [10, 16], [10, 33], [11, 16], [11, 13], [11, 15], [12, 13], [12, 14], [12, 39], [13, 14], [15, 16], [15, 37], [15, 38], [16, 18], [17, 51], [17, 42], [17, 28], [18, 19], [18, 20], [19, 20], [19, 21], [20, 22], [20, 26], [20, 45], [21, 22], [21, 23], [22, 24], [22, 23], [23, 25], [24, 25], [24, 36], [25, 32], [25, 51], [25, 27], [25, 28], [26, 27], [26, 41], [27, 29], [28, 49], [28, 35], [28, 41], [29, 30], [29, 31], [30, 32], [30, 41], [31, 32], [31, 50], [32, 46], [32, 39], [32, 43], [33, 42], [34, 35], [34, 39], [35, 37], [35, 49], [36, 37], [36, 38], [37, 38], [38, 39], [40, 41], [42, 43], [43, 50], [43, 52], [44, 45], [44, 46], [45, 46], [46, 48], [47, 50], [48, 49], [48, 50], [49, 52], [51, 52]]}