{"label": 0, "edges": [[0, 2], [0, 86], [0, 56], [0, 89], [0, 90], [1, 65], [1, 2], [1, 3], [1, 90], [2, 4], [2, 61], [2, 63], [3, 16], [3, 5], [3, 10], [3, 76], [3, 21], [4, 5], [4, 6], [5, 6], [5, 7], [6, 8], [6, 55], [7, 9], [7, 15], [8, 81], [8, 78], [9, 10], [9, 11], [10, 12], [11, 68], [11, 13], [12, 48], [12, 13], [13, 50], [13, 87], [14, 16], [14, 15], [15, 17], [15, 67], [15, 78], [16, 17], [17, 65], [17, 18], [17, 88], [18, 20], [18, 80], [19, 21], [19, 30], [20, 28], [20, 21], [21, 23], [21, 52], [22, 24], [22, 23], [23, 25], [23, 70], [24, 25], [24, 26], [25, 26], [25, 27], [26, 27], [26, 28], [27, 28], [27, 29], [28, 29], [28, 30], [29, 60], [29, 30], [29, 31], [30, 63], [30, 31], [31, 32], [31, 33], [32, 33], [32, 50], [33, 81], [33, 35], [33, 43], [34, 80], [34, 35], [34, 36], [34, 87], [35, 36], [35, 37], [35, 39], [36, 37], [36, 38], [37, 38], [37, 39], [38, 47], [38, 39], [39, 41], [40, 41], [40, 42], [41, 72], [41, 43], [42, 43], [42, 44], [43, 44], [43, 45], [44, 45], [44, 46], [45, 46], [45, 47], [46, 48], [46, 47], [47, 48], [47, 49], [48, 49], [48, 50], [48, 83], [49, 50], [49, 51], [49, 61], [50, 66], [50, 51], [50, 81], [50, 55], [51, 52], [51, 78], [52, 53], [52, 54], [53, 54], [53, 70], [53, 73], [54, 56], [54, 55], [55, 57], [55, 74], [55, 63], [56, 57], [57, 72], [57, 79], [58, 66], [58, 69], [58, 59], [59, 60], [59, 61], [60, 62], [61, 62], [62, 64], [62, 82], [62, 86], [62, 63], [63, 86], [64, 66], [64, 90], [65, 67], [66, 68], [67, 68], [68, 69], [68, 70], [68, 77], [69, 71], [70, 72], [71, 72], [71, 73], [72, 73], [72, 74], [72, 76], [73, 74], [73, 75], [74, 75], [75, 76], [75, 77], [77, 79], [78, 80], [78, 79], [79, 80], [79, 81], [80, 81], [82, 84], [83, 85], [84, 85], [84, 86], [85, 86], [85, 87], [86, 88], [87, 89], [88, 90], [88, 89]], "features": {"27": ["cc_16", "deg_4"], "35": ["cc_10", "deg_5"], "43": ["cc_6", "deg_5"], "47": ["cc_10", "deg_5"], "56": ["cc_0", "deg_3"], "23": ["cc_0", "deg_4"], "9": ["cc_0", "deg_3"], "0": ["cc_0", "deg_5"], "6": ["cc_5", "deg_4"], "18": ["cc_0", "deg_3"], "14": ["cc_0", "deg_2"], "38": ["cc_11", "deg_4"], "82": ["cc_0", "deg_2"], "68": ["cc_0", "deg_6"], "51": ["cc_5", "deg_4"], "77": ["cc_0", "deg_3"], "19": ["cc_0", "deg_2"], "34": ["cc_5", "deg_4"], "75": ["cc_5", "deg_4"], "11": ["cc_0", "deg_3"], "88": ["cc_0", "deg_4"], "17": ["cc_0", "deg_5"], "25": ["cc_11", "deg_4"], "24": ["cc_11", "deg_3"], "70": ["cc_0", "deg_4"], "15": ["cc_0", "deg_5"], "62": ["cc_2", "deg_6"], "40": ["cc_0", "deg_2"], "30": ["cc_6", "deg_5"], "31": ["cc_11", "deg_4"], "66": ["cc_0", "deg_4"], "36": ["cc_16", "deg_4"], "57": ["cc_0", "deg_4"], "10": ["cc_0", "deg_3"], "49": ["cc_10", "deg_5"], "1": ["cc_0", "deg_4"], "46": ["cc_16", "deg_4"], "60": ["cc_0", "deg_3"], "41": ["cc_0", "deg_4"], "29": ["cc_10", "deg_5"], "74": ["cc_11", "deg_4"], "13": ["cc_0", "deg_4"], "2": ["cc_0", "deg_5"], "7": ["cc_0", "deg_3"], "84": ["cc_11", "deg_3"], "79": ["cc_6", "deg_5"], "90": ["cc_0", "deg_4"], "32": ["cc_11", "deg_3"], "33": ["cc_3", "deg_5"], "55": ["cc_0", "deg_6"], "48": ["cc_6", "deg_6"], "85": ["cc_5", "deg_4"], "5": ["cc_5", "deg_4"], "80": ["cc_6", "deg_5"], "81": ["cc_3", "deg_5"], "86": ["cc_4", "deg_6"], "87": ["cc_0", "deg_4"], "44": ["cc_16", "deg_4"], "39": ["cc_11", "deg_4"], "3": ["cc_0", "deg_6"], "28": ["cc_10", "deg_5"], "83": ["cc_0", "deg_2"], "76": ["cc_0", "deg_3"], "72": ["cc_3", "deg_7"], "89": ["cc_0", "deg_3"], "12": ["cc_0", "deg_3"], "59": ["cc_0", "deg_3"], "69": ["cc_0", "deg_3"], "22": ["cc_0", "deg_2"], "50": ["cc_2", "deg_8"], "71": ["cc_11", "deg_3"], "4": ["cc_11", "deg_3"], "78": ["cc_3", "deg_5"], "45": ["cc_16", "deg_4"], "42": ["cc_11", "deg_3"], "21": ["cc_0", "deg_5"], "8": ["cc_0", "deg_3"], "53": ["cc_5", "deg_4"], "67": ["cc_0", "deg_3"], "37": ["cc_22", "deg_4"], "20": ["cc_0", "deg_3"], "26": ["cc_16", "deg_4"], "52": ["cc_5", "deg_4"], "58": ["cc_0", "deg_3"], "63": ["cc_3", "deg_5"], "64": ["cc_0", "deg_3"], "54": ["cc_5", "deg_4"], "65": ["cc_0", "deg_3"], "61": ["cc_0", "deg_4"], "16": ["cc_0", "deg_3"], "73": ["cc_10", "deg_5"]}}