{"label": 1, "features": {"68": ["cc_11", "deg_3"], "21": ["cc_11", "deg_3"], "34": ["cc_0", "deg_3"], "58": ["cc_0", "deg_2"], "69": ["cc_6", "deg_6"], "42": ["cc_3", "deg_5"], "12": ["cc_11", "deg_3"], "66": ["cc_0", "deg_3"], "5": ["cc_3", "deg_5"], "61": ["cc_0", "deg_4"], "51": ["cc_0", "deg_3"], "24": ["cc_2", "deg_6"], "56": ["cc_11", "deg_3"], "55": ["cc_5", "deg_4"], "17": ["cc_3", "deg_5"], "22": ["cc_11", "deg_4"], "74": ["cc_0", "deg_3"], "59": ["cc_3", "deg_5"], "46": ["cc_0", "deg_2"], "37": ["cc_5", "deg_4"], "38": ["cc_11", "deg_3"], "81": ["cc_0", "deg_5"], "90": ["cc_0", "deg_3"], "35": ["cc_0", "deg_4"], "47": ["cc_0", "deg_4"], "16": ["cc_6", "deg_5"], "65": ["cc_0", "deg_4"], "23": ["cc_6", "deg_5"], "7": ["cc_11", "deg_3"], "82": ["cc_2", "deg_6"], "29": ["cc_0", "deg_2"], "13": ["cc_3", "deg_5"], "6": ["cc_3", "deg_5"], "30": ["cc_0", "deg_5"], "14": ["cc_11", "deg_3"], "40": ["cc_4", "deg_6"], "33": ["cc_11", "deg_4"], "73": ["cc_2", "deg_6"], "76": ["cc_3", "deg_5"], "8": ["cc_3", "deg_5"], "44": ["cc_5", "deg_4"], "26": ["cc_6", "deg_5"], "43": ["cc_5", "deg_4"], "57": ["cc_0", "deg_3"], "20": ["cc_5", "deg_4"], "89": ["cc_0", "deg_4"], "80": ["cc_5", "deg_4"], "70": ["cc_10", "deg_5"], "84": ["cc_0", "deg_5"], "53": ["cc_3", "deg_5"], "1": ["cc_0", "deg_3"], "54": ["cc_0", "deg_3"], "41": ["cc_3", "deg_5"], "4": ["cc_0", "deg_5"], "39": ["cc_11", "deg_3"], "28": ["cc_6", "deg_5"], "25": ["cc_0", "deg_3"], "78": ["cc_0", "deg_3"], "3": ["cc_0", "deg_4"], "64": ["cc_3", "deg_5"], "72": ["cc_4", "deg_6"], "87": ["cc_4", "deg_6"], "19": ["cc_11", "deg_3"], "86": ["cc_0", "deg_3"], "62": ["cc_0", "deg_4"], "11": ["cc_11", "deg_4"], "18": ["cc_5", "deg_4"], "67": ["cc_0", "deg_3"], "2": ["cc_0", "deg_3"], "9": ["cc_22", "deg_3"], "27": ["cc_5", "deg_4"], "15": ["cc_4", "deg_6"], "71": ["cc_13", "deg_5"], "88": ["cc_0", "deg_3"], "0": ["cc_0", "deg_3"], "63": ["cc_0", "deg_3"], "32": ["cc_5", "deg_4"], "45": ["cc_3", "deg_5"], "36": ["cc_33", "deg_2"], "83": ["cc_0", "deg_2"], "48": ["cc_0", "deg_3"], "79": ["cc_0", "deg_5"], "77": ["cc_3", "deg_5"], "10": ["cc_6", "deg_5"], "85": ["cc_5", "deg_4"], "31": ["cc_5", "deg_4"], "75": ["cc_33", "deg_2"], "50": ["cc_0", "deg_4"], "60": ["cc_0", "deg_3"], "52": ["cc_5", "deg_4"], "49": ["cc_0", "deg_3"]}, "edges": [[0, 1], [0, 90], [0, 2], [1, 51], [1, 3], [2, 3], [2, 4], [3, 32], [3, 82], [4, 54], [4, 84], [4, 5], [4, 6], [5, 33], [5, 35], [5, 7], [5, 59], [6, 8], [6, 36], [6, 37], [6, 15], [7, 85], [7, 87], [8, 66], [8, 9], [8, 10], [8, 34], [9, 10], [9, 11], [10, 27], [10, 11], [10, 79], [11, 12], [11, 13], [12, 13], [12, 14], [13, 32], [13, 53], [13, 15], [14, 16], [14, 15], [15, 16], [15, 17], [15, 78], [16, 17], [16, 65], [16, 45], [17, 20], [17, 24], [17, 76], [18, 24], [18, 19], [18, 20], [18, 73], [19, 20], [19, 21], [20, 87], [21, 22], [21, 23], [22, 24], [22, 62], [22, 23], [23, 24], [23, 25], [23, 74], [24, 35], [24, 26], [25, 34], [25, 27], [26, 56], [26, 27], [26, 28], [26, 45], [27, 28], [28, 81], [28, 56], [28, 90], [29, 72], [29, 31], [30, 80], [30, 39], [30, 79], [30, 60], [30, 31], [31, 32], [31, 33], [32, 33], [33, 59], [34, 35], [35, 37], [36, 37], [37, 70], [38, 40], [38, 57], [38, 39], [39, 40], [40, 81], [40, 41], [40, 42], [40, 74], [41, 50], [41, 42], [41, 43], [41, 46], [42, 52], [42, 44], [42, 77], [43, 80], [43, 44], [43, 45], [44, 45], [44, 86], [45, 47], [46, 48], [47, 49], [47, 85], [47, 69], [48, 89], [48, 50], [49, 50], [49, 59], [50, 52], [51, 82], [51, 53], [52, 53], [52, 55], [53, 54], [53, 55], [54, 61], [55, 72], [55, 81], [56, 57], [57, 65], [58, 59], [58, 60], [59, 79], [60, 62], [61, 81], [61, 62], [61, 63], [62, 64], [63, 64], [63, 65], [64, 80], [64, 66], [64, 82], [65, 67], [66, 68], [67, 72], [67, 69], [68, 69], [68, 70], [69, 70], [69, 71], [69, 87], [70, 72], [70, 71], [71, 72], [71, 73], [71, 87], [72, 73], [73, 88], [73, 74], [73, 78], [75, 76], [75, 77], [76, 83], [76, 77], [76, 78], [77, 82], [77, 79], [79, 84], [80, 82], [81, 89], [82, 84], [83, 84], [84, 85], [85, 87], [86, 88], [86, 87], [88, 89], [89, 90]]}