{"label": 2, "features": {"53": ["cc_0", "deg_3"], "47": ["cc_0", "deg_6"], "21": ["cc_0", "deg_4"], "34": ["cc_0", "deg_4"], "41": ["cc_0", "deg_4"], "4": ["cc_0", "deg_3"], "42": ["cc_1", "deg_7"], "12": ["cc_0", "deg_4"], "28": ["cc_0", "deg_4"], "5": ["cc_0", "deg_4"], "61": ["cc_6", "deg_5"], "3": ["cc_2", "deg_6"], "51": ["cc_5", "deg_4"], "24": ["cc_0", "deg_4"], "56": ["cc_5", "deg_4"], "55": ["cc_5", "deg_4"], "19": ["cc_0", "deg_4"], "54": ["cc_0", "deg_2"], "36": ["cc_0", "deg_4"], "17": ["cc_0", "deg_3"], "11": ["cc_0", "deg_4"], "22": ["cc_0", "deg_3"], "18": ["cc_0", "deg_3"], "59": ["cc_3", "deg_5"], "2": ["cc_1", "deg_7"], "46": ["cc_0", "deg_2"], "37": ["cc_0", "deg_3"], "38": ["cc_0", "deg_2"], "9": ["cc_2", "deg_6"], "27": ["cc_0", "deg_3"], "58": ["cc_0", "deg_7"], "35": ["cc_0", "deg_3"], "1": ["cc_0", "deg_4"], "16": ["cc_0", "deg_7"], "25": ["cc_3", "deg_5"], "7": ["cc_0", "deg_3"], "39": ["cc_0", "deg_2"], "0": ["cc_0", "deg_3"], "29": ["cc_0", "deg_3"], "63": ["cc_3", "deg_5"], "13": ["cc_0", "deg_5"], "6": ["cc_0", "deg_3"], "30": ["cc_3", "deg_5"], "14": ["cc_0", "deg_2"], "32": ["cc_0", "deg_4"], "45": ["cc_0", "deg_5"], "10": ["cc_0", "deg_5"], "33": ["cc_0", "deg_5"], "23": ["cc_0", "deg_3"], "48": ["cc_5", "deg_4"], "40": ["cc_0", "deg_3"], "8": ["cc_11", "deg_3"], "44": ["cc_0", "deg_2"], "31": ["cc_0", "deg_4"], "26": ["cc_0", "deg_5"], "43": ["cc_0", "deg_4"], "57": ["cc_0", "deg_3"], "20": ["cc_0", "deg_4"], "50": ["cc_0", "deg_3"], "62": ["cc_0", "deg_3"], "60": ["cc_3", "deg_5"], "52": ["cc_3", "deg_5"], "15": ["cc_0", "deg_4"], "49": ["cc_5", "deg_4"]}, "edges": [[0, 2], [0, 45], [0, 47], [1, 40], [1, 34], [1, 36], [1, 63], [2, 32], [2, 18], [2, 51], [2, 52], [2, 53], [2, 20], [3, 4], [3, 21], [3, 55], [3, 25], [3, 12], [3, 31], [4, 16], [4, 13], [5, 7], [5, 59], [5, 45], [5, 15], [6, 9], [6, 43], [6, 28], [7, 33], [7, 60], [8, 24], [8, 42], [8, 63], [9, 32], [9, 17], [9, 59], [9, 57], [9, 30], [10, 34], [10, 35], [10, 57], [10, 61], [10, 46], [11, 35], [11, 20], [11, 42], [11, 29], [12, 23], [12, 24], [12, 58], [13, 18], [13, 37], [13, 56], [13, 52], [14, 37], [14, 63], [15, 16], [15, 39], [15, 42], [16, 18], [16, 58], [16, 26], [16, 47], [16, 34], [17, 58], [17, 19], [19, 34], [19, 27], [19, 20], [20, 62], [21, 51], [21, 22], [21, 29], [22, 31], [22, 47], [23, 52], [23, 47], [24, 36], [24, 55], [25, 33], [25, 26], [25, 35], [25, 55], [26, 54], [26, 28], [26, 60], [27, 52], [27, 63], [28, 36], [28, 56], [29, 45], [30, 49], [30, 59], [30, 55], [30, 39], [31, 32], [31, 38], [32, 33], [33, 42], [33, 58], [36, 50], [37, 43], [38, 42], [40, 41], [40, 42], [41, 51], [41, 53], [41, 47], [42, 63], [43, 59], [43, 45], [44, 45], [44, 53], [46, 58], [47, 59], [48, 49], [48, 58], [48, 54], [48, 61], [49, 50], [49, 61], [50, 62], [51, 52], [56, 60], [56, 61], [57, 60], [58, 62], [60, 61]]}