{"label": 2, "edges": [[0, 3], [0, 19], [0, 4], [0, 23], [0, 20], [1, 20], [1, 22], [1, 12], [2, 3], [2, 4], [3, 16], [3, 5], [3, 7], [3, 22], [4, 17], [4, 19], [4, 13], [5, 20], [5, 14], [6, 18], [6, 19], [6, 8], [7, 20], [7, 22], [7, 25], [7, 14], [7, 15], [8, 25], [8, 15], [9, 10], [9, 11], [10, 11], [10, 12], [10, 16], [11, 12], [12, 13], [12, 14], [12, 15], [13, 18], [14, 18], [14, 23], [15, 16], [16, 19], [17, 18], [17, 22], [17, 24], [18, 25], [21, 22], [21, 23], [22, 24], [23, 25], [24, 25]], "features": {"22": ["cc_4", "deg_6"], "15": ["cc_0", "deg_4"], "4": ["cc_3", "deg_5"], "0": ["cc_3", "deg_5"], "2": ["cc_0", "deg_2"], "6": ["cc_0", "deg_3"], "18": ["cc_0", "deg_5"], "5": ["cc_0", "deg_3"], "10": ["cc_11", "deg_4"], "14": ["cc_0", "deg_5"], "1": ["cc_0", "deg_3"], "8": ["cc_0", "deg_3"], "20": ["cc_0", "deg_4"], "3": ["cc_2", "deg_6"], "11": ["cc_22", "deg_3"], "23": ["cc_0", "deg_4"], "19": ["cc_5", "deg_4"], "13": ["cc_0", "deg_3"], "16": ["cc_0", "deg_4"], "7": ["cc_2", "deg_6"], "17": ["cc_5", "deg_4"], "12": ["cc_2", "deg_6"], "25": ["cc_0", "deg_5"], "24": ["cc_11", "deg_3"], "9": ["cc_33", "deg_2"], "21": ["cc_0", "deg_2"]}}