{"label": 1, "features": {"1": ["cc_11", "deg_3"], "16": ["cc_0", "deg_2"], "4": ["cc_3", "deg_5"], "21": ["cc_2", "deg_6"], "7": ["cc_16", "deg_4"], "25": ["cc_0", "deg_3"], "0": ["cc_11", "deg_4"], "12": ["cc_0", "deg_5"], "29": ["cc_0", "deg_5"], "28": ["cc_0", "deg_4"], "13": ["cc_11", "deg_3"], "6": ["cc_5", "deg_4"], "30": ["cc_0", "deg_2"], "5": ["cc_0", "deg_6"], "3": ["cc_0", "deg_3"], "24": ["cc_4", "deg_6"], "23": ["cc_0", "deg_3"], "27": ["cc_0", "deg_4"], "19": ["cc_3", "deg_5"], "10": ["cc_0", "deg_3"], "17": ["cc_0", "deg_3"], "11": ["cc_33", "deg_2"], "22": ["cc_0", "deg_3"], "18": ["cc_0", "deg_5"], "2": ["cc_6", "deg_6"], "26": ["cc_5", "deg_4"], "20": ["cc_0", "deg_3"], "14": ["cc_11", "deg_3"], "9": ["cc_10", "deg_5"], "8": ["cc_5", "deg_4"], "15": ["cc_2", "deg_6"]}, "edges": [[0, 24], [0, 1], [0, 2], [0, 29], [1, 26], [1, 2], [2, 3], [2, 4], [2, 24], [2, 13], [3, 26], [3, 5], [4, 16], [4, 5], [4, 13], [4, 15], [5, 18], [5, 27], [5, 29], [5, 30], [6, 19], [6, 7], [6, 9], [6, 28], [7, 8], [7, 9], [7, 26], [8, 9], [8, 18], [8, 21], [9, 26], [9, 12], [10, 18], [10, 21], [10, 12], [11, 19], [11, 21], [12, 20], [12, 23], [12, 15], [13, 25], [14, 24], [14, 21], [14, 15], [15, 24], [15, 29], [15, 30], [16, 18], [17, 27], [17, 18], [17, 19], [19, 20], [19, 21], [20, 28], [21, 22], [22, 24], [22, 27], [23, 24], [23, 25], [25, 29], [27, 28], [28, 29]]}