{"label": 2, "edges": [[0, 1], [0, 22], [0, 51], [0, 24], [0, 42], [0, 12], [0, 35], [1, 4], [1, 30], [1, 16], [1, 32], [1, 44], [1, 46], [2, 22], [2, 35], [2, 19], [2, 38], [2, 42], [2, 15], [3, 19], [3, 5], [3, 6], [3, 29], [4, 20], [4, 6], [4, 23], [4, 44], [4, 46], [4, 31], [5, 48], [5, 33], [5, 52], [5, 38], [5, 40], [5, 51], [6, 37], [6, 38], [6, 7], [6, 42], [6, 12], [6, 48], [6, 49], [6, 52], [6, 24], [7, 16], [7, 17], [7, 10], [7, 42], [7, 46], [7, 47], [8, 22], [8, 41], [8, 14], [8, 15], [9, 19], [9, 51], [9, 42], [9, 14], [10, 27], [10, 11], [10, 12], [11, 50], [11, 30], [11, 25], [11, 12], [11, 13], [11, 37], [12, 40], [12, 47], [12, 14], [12, 15], [12, 17], [12, 52], [12, 27], [13, 32], [13, 19], [13, 36], [13, 49], [13, 39], [14, 32], [14, 33], [14, 36], [15, 16], [15, 17], [15, 51], [15, 35], [16, 17], [16, 26], [17, 20], [17, 22], [18, 20], [18, 21], [18, 52], [18, 31], [19, 20], [19, 25], [19, 40], [19, 41], [20, 32], [20, 49], [21, 22], [21, 41], [21, 27], [21, 44], [21, 34], [22, 35], [22, 32], [23, 25], [23, 41], [24, 34], [24, 27], [24, 28], [24, 31], [25, 52], [25, 43], [26, 48], [26, 35], [26, 38], [26, 46], [27, 50], [27, 29], [28, 32], [28, 52], [29, 48], [29, 52], [29, 36], [29, 42], [29, 47], [30, 33], [30, 49], [30, 44], [31, 43], [31, 45], [32, 50], [33, 34], [33, 35], [33, 38], [33, 43], [34, 35], [34, 36], [34, 37], [36, 38], [36, 45], [38, 39], [38, 41], [39, 40], [39, 41], [40, 50], [40, 44], [41, 42], [41, 45], [42, 43], [44, 52], [45, 48], [46, 47], [47, 49], [48, 51], [49, 50], [50, 52]], "features": {"27": ["cc_2", "deg_6"], "35": ["cc_6", "deg_7"], "43": ["cc_0", "deg_4"], "47": ["cc_3", "deg_5"], "32": ["cc_0", "deg_7"], "9": ["cc_0", "deg_4"], "33": ["cc_3", "deg_7"], "48": ["cc_2", "deg_6"], "0": ["cc_1", "deg_7"], "2": ["cc_4", "deg_6"], "18": ["cc_0", "deg_4"], "5": ["cc_3", "deg_7"], "14": ["cc_0", "deg_6"], "38": ["cc_2", "deg_8"], "44": ["cc_4", "deg_6"], "39": ["cc_5", "deg_4"], "3": ["cc_0", "deg_4"], "28": ["cc_0", "deg_3"], "51": ["cc_3", "deg_5"], "23": ["cc_0", "deg_3"], "19": ["cc_0", "deg_8"], "34": ["cc_2", "deg_6"], "11": ["cc_1", "deg_7"], "17": ["cc_6", "deg_6"], "12": ["cc_2", "deg_11"], "25": ["cc_0", "deg_5"], "24": ["cc_0", "deg_6"], "22": ["cc_3", "deg_7"], "15": ["cc_4", "deg_7"], "4": ["cc_3", "deg_7"], "37": ["cc_0", "deg_3"], "45": ["cc_0", "deg_4"], "42": ["cc_1", "deg_8"], "30": ["cc_3", "deg_5"], "31": ["cc_0", "deg_5"], "36": ["cc_0", "deg_6"], "10": ["cc_11", "deg_4"], "49": ["cc_0", "deg_6"], "1": ["cc_4", "deg_7"], "46": ["cc_6", "deg_5"], "26": ["cc_0", "deg_5"], "40": ["cc_0", "deg_6"], "41": ["cc_1", "deg_8"], "20": ["cc_0", "deg_6"], "29": ["cc_0", "deg_7"], "52": ["cc_0", "deg_9"], "13": ["cc_0", "deg_6"], "6": ["cc_1", "deg_11"], "7": ["cc_4", "deg_7"], "50": ["cc_0", "deg_6"], "8": ["cc_0", "deg_4"], "16": ["cc_6", "deg_5"], "21": ["cc_0", "deg_6"]}}