{"label": 0, "edges": [[0, 27], [0, 1], [0, 3], [0, 4], [0, 38], [0, 11], [1, 24], [1, 2], [1, 3], [1, 4], [1, 39], [1, 40], [1, 36], [2, 3], [2, 4], [2, 5], [2, 35], [2, 14], [3, 4], [3, 6], [3, 40], [3, 30], [4, 5], [4, 6], [5, 6], [5, 7], [5, 8], [6, 7], [6, 8], [6, 9], [7, 8], [7, 25], [7, 10], [8, 32], [8, 34], [8, 9], [8, 11], [8, 37], [9, 32], [9, 10], [9, 11], [9, 12], [10, 11], [10, 12], [10, 13], [11, 35], [11, 38], [11, 12], [11, 13], [11, 18], [11, 26], [11, 28], [12, 35], [12, 13], [12, 15], [13, 16], [13, 28], [13, 15], [14, 17], [14, 27], [14, 15], [15, 16], [15, 17], [15, 18], [15, 24], [16, 17], [16, 19], [16, 35], [16, 27], [17, 18], [17, 19], [17, 20], [18, 20], [18, 21], [18, 39], [19, 20], [19, 21], [19, 22], [19, 29], [20, 21], [20, 22], [20, 23], [21, 33], [21, 22], [21, 24], [22, 23], [22, 24], [22, 25], [23, 40], [23, 24], [23, 29], [24, 25], [25, 26], [25, 27], [25, 28], [26, 27], [26, 29], [27, 30], [28, 30], [28, 31], [29, 30], [29, 31], [30, 33], [30, 34], [30, 40], [31, 32], [31, 33], [31, 34], [31, 36], [31, 40], [32, 34], [33, 34], [33, 35], [33, 36], [33, 38], [34, 35], [34, 37], [35, 36], [36, 37], [37, 38], [37, 39], [37, 40], [39, 40]], "features": {"27": ["cc_2", "deg_6"], "22": ["cc_15", "deg_6"], "32": ["cc_16", "deg_4"], "15": ["cc_7", "deg_7"], "4": ["cc_17", "deg_6"], "33": ["cc_7", "deg_7"], "40": ["cc_6", "deg_7"], "35": ["cc_4", "deg_7"], "30": ["cc_3", "deg_7"], "0": ["cc_8", "deg_6"], "2": ["cc_8", "deg_6"], "6": ["cc_13", "deg_6"], "18": ["cc_6", "deg_6"], "5": ["cc_16", "deg_5"], "10": ["cc_16", "deg_5"], "14": ["cc_5", "deg_4"], "1": ["cc_8", "deg_8"], "29": ["cc_0", "deg_5"], "37": ["cc_4", "deg_6"], "8": ["cc_9", "deg_8"], "20": ["cc_15", "deg_6"], "26": ["cc_5", "deg_4"], "3": ["cc_12", "deg_7"], "11": ["cc_5", "deg_11"], "28": ["cc_3", "deg_5"], "39": ["cc_11", "deg_4"], "23": ["cc_6", "deg_5"], "19": ["cc_11", "deg_6"], "36": ["cc_6", "deg_5"], "38": ["cc_5", "deg_4"], "34": ["cc_9", "deg_7"], "13": ["cc_13", "deg_6"], "16": ["cc_6", "deg_6"], "7": ["cc_10", "deg_5"], "17": ["cc_13", "deg_6"], "12": ["cc_15", "deg_6"], "31": ["cc_4", "deg_7"], "25": ["cc_4", "deg_6"], "24": ["cc_6", "deg_6"], "9": ["cc_13", "deg_6"], "21": ["cc_11", "deg_6"]}}