{"label": 0, "features": {"1": ["cc_6", "deg_6"], "16": ["cc_12", "deg_7"], "4": ["cc_6", "deg_10"], "21": ["cc_11", "deg_6"], "7": ["cc_12", "deg_7"], "25": ["cc_4", "deg_8"], "0": ["cc_4", "deg_6"], "12": ["cc_16", "deg_5"], "13": ["cc_23", "deg_5"], "6": ["cc_11", "deg_4"], "5": ["cc_15", "deg_6"], "3": ["cc_13", "deg_5"], "24": ["cc_8", "deg_6"], "23": ["cc_16", "deg_5"], "27": ["cc_6", "deg_6"], "19": ["cc_10", "deg_5"], "10": ["cc_3", "deg_5"], "17": ["cc_11", "deg_6"], "11": ["cc_10", "deg_5"], "22": ["cc_16", "deg_5"], "18": ["cc_10", "deg_5"], "2": ["cc_6", "deg_7"], "26": ["cc_8", "deg_6"], "20": ["cc_6", "deg_5"], "14": ["cc_11", "deg_8"], "9": ["cc_6", "deg_5"], "8": ["cc_3", "deg_8"], "15": ["cc_17", "deg_6"]}, "edges": [[0, 2], [0, 3], [0, 25], [0, 26], [0, 27], [0, 10], [1, 17], [1, 2], [1, 3], [1, 4], [1, 27], [1, 15], [2, 18], [2, 4], [2, 5], [2, 7], [2, 20], [3, 4], [3, 5], [3, 7], [4, 5], [4, 7], [4, 24], [4, 25], [4, 10], [4, 11], [4, 26], [5, 6], [5, 7], [5, 8], [6, 25], [6, 7], [6, 9], [7, 8], [7, 9], [8, 16], [8, 20], [8, 24], [8, 25], [8, 10], [8, 27], [9, 26], [9, 11], [9, 12], [10, 19], [10, 11], [11, 12], [11, 14], [12, 13], [12, 14], [12, 15], [13, 16], [13, 18], [13, 14], [13, 15], [14, 16], [14, 17], [14, 18], [14, 25], [14, 15], [15, 16], [15, 17], [16, 17], [16, 18], [16, 27], [17, 19], [17, 20], [18, 21], [19, 20], [19, 21], [19, 22], [20, 21], [21, 22], [21, 23], [21, 24], [22, 23], [22, 24], [22, 25], [23, 24], [23, 25], [23, 26], [24, 27], [25, 26], [26, 27]]}