{"label": 0, "features": {"1": ["cc_0", "deg_2"], "16": ["cc_0", "deg_2"], "4": ["cc_0", "deg_2"], "21": ["cc_0", "deg_2"], "32": ["cc_0", "deg_2"], "34": ["cc_0", "deg_2"], "7": ["cc_0", "deg_2"], "25": ["cc_0", "deg_3"], "0": ["cc_0", "deg_2"], "12": ["cc_0", "deg_1"], "29": ["cc_0", "deg_2"], "28": ["cc_0", "deg_3"], "13": ["cc_0", "deg_2"], "6": ["cc_0", "deg_1"], "30": ["cc_0", "deg_2"], "5": ["cc_0", "deg_1"], "3": ["cc_0", "deg_2"], "24": ["cc_0", "deg_2"], "33": ["cc_0", "deg_3"], "23": ["cc_0", "deg_2"], "27": ["cc_0", "deg_2"], "19": ["cc_0", "deg_1"], "36": ["cc_0", "deg_2"], "10": ["cc_0", "deg_2"], "17": ["cc_0", "deg_1"], "11": ["cc_0", "deg_2"], "22": ["cc_0", "deg_2"], "18": ["cc_0", "deg_3"], "31": ["cc_0", "deg_2"], "2": ["cc_0", "deg_2"], "26": ["cc_0", "deg_2"], "20": ["cc_0", "deg_2"], "14": ["cc_0", "deg_2"], "35": ["cc_0", "deg_2"], "9": ["cc_0", "deg_3"], "8": ["cc_0", "deg_2"], "15": ["cc_0", "deg_2"]}, "edges": [[0, 1], [0, 36], [1, 2], [2, 3], [3, 4], [4, 18], [5, 33], [6, 7], [7, 8], [8, 25], [9, 16], [9, 24], [9, 10], [10, 11], [11, 25], [12, 13], [13, 14], [14, 15], [15, 16], [17, 18], [18, 28], [19, 20], [20, 21], [21, 22], [22, 23], [23, 24], [25, 26], [26, 27], [27, 28], [28, 29], [29, 30], [30, 31], [31, 32], [32, 33], [33, 34], [34, 35], [35, 36]]}