{"label": 1, "features": {"68": ["cc_0", "deg_4"], "21": ["cc_0", "deg_4"], "34": ["cc_0", "deg_2"], "58": ["cc_0", "deg_5"], "69": ["cc_0", "deg_2"], "42": ["cc_5", "deg_4"], "12": ["cc_5", "deg_4"], "66": ["cc_0", "deg_4"], "5": ["cc_0", "deg_3"], "61": ["cc_0", "deg_2"], "51": ["cc_0", "deg_6"], "24": ["cc_0", "deg_3"], "56": ["cc_0", "deg_2"], "55": ["cc_2", "deg_6"], "17": ["cc_11", "deg_3"], "22": ["cc_0", "deg_5"], "74": ["cc_0", "deg_5"], "59": ["cc_0", "deg_3"], "46": ["cc_5", "deg_4"], "37": ["cc_0", "deg_4"], "38": ["cc_0", "deg_5"], "81": ["cc_11", "deg_4"], "35": ["cc_5", "deg_4"], "47": ["cc_2", "deg_6"], "16": ["cc_11", "deg_4"], "65": ["cc_5", "deg_4"], "23": ["cc_0", "deg_4"], "7": ["cc_11", "deg_3"], "82": ["cc_2", "deg_6"], "29": ["cc_0", "deg_2"], "13": ["cc_0", "deg_5"], "6": ["cc_0", "deg_4"], "30": ["cc_6", "deg_5"], "14": ["cc_11", "deg_3"], "40": ["cc_3", "deg_5"], "33": ["cc_0", "deg_3"], "73": ["cc_0", "deg_4"], "76": ["cc_3", "deg_5"], "8": ["cc_0", "deg_3"], "44": ["cc_0", "deg_4"], "26": ["cc_0", "deg_4"], "43": ["cc_5", "deg_4"], "57": ["cc_0", "deg_5"], "20": ["cc_5", "deg_4"], "80": ["cc_0", "deg_5"], "70": ["cc_0", "deg_2"], "84": ["cc_0", "deg_3"], "53": ["cc_11", "deg_3"], "1": ["cc_0", "deg_4"], "54": ["cc_4", "deg_6"], "41": ["cc_6", "deg_5"], "4": ["cc_0", "deg_6"], "39": ["cc_11", "deg_3"], "28": ["cc_0", "deg_4"], "25": ["cc_0", "deg_4"], "78": ["cc_5", "deg_4"], "3": ["cc_0", "deg_4"], "64": ["cc_3", "deg_5"], "72": ["cc_0", "deg_3"], "87": ["cc_0", "deg_6"], "19": ["cc_3", "deg_5"], "86": ["cc_0", "deg_2"], "62": ["cc_11", "deg_3"], "11": ["cc_0", "deg_5"], "18": ["cc_5", "deg_4"], "67": ["cc_0", "deg_4"], "2": ["cc_0", "deg_3"], "9": ["cc_0", "deg_3"], "27": ["cc_0", "deg_5"], "15": ["cc_11", "deg_4"], "71": ["cc_0", "deg_4"], "0": ["cc_0", "deg_4"], "63": ["cc_0", "deg_3"], "32": ["cc_3", "deg_5"], "45": ["cc_0", "deg_4"], "36": ["cc_0", "deg_6"], "83": ["cc_6", "deg_5"], "48": ["cc_0", "deg_2"], "79": ["cc_0", "deg_4"], "77": ["cc_0", "deg_3"], "10": ["cc_0", "deg_3"], "85": ["cc_0", "deg_3"], "31": ["cc_5", "deg_4"], "75": ["cc_0", "deg_4"], "50": ["cc_0", "deg_6"], "60": ["cc_0", "deg_3"], "52": ["cc_3", "deg_5"], "49": ["cc_0", "deg_4"]}, "edges": [[0, 86], [0, 40], [0, 27], [0, 31], [1, 3], [1, 36], [1, 4], [1, 12], [2, 72], [2, 4], [2, 56], [3, 19], [3, 58], [3, 46], [4, 5], [4, 23], [4, 57], [4, 85], [5, 74], [5, 6], [6, 87], [6, 26], [6, 42], [7, 8], [7, 76], [7, 78], [8, 10], [8, 47], [9, 37], [9, 41], [9, 11], [10, 20], [10, 82], [11, 51], [11, 19], [11, 13], [11, 45], [12, 52], [12, 46], [12, 47], [13, 36], [13, 21], [13, 71], [13, 61], [14, 16], [14, 33], [14, 15], [15, 16], [15, 17], [15, 18], [16, 18], [16, 67], [17, 19], [17, 30], [18, 20], [18, 70], [19, 30], [19, 79], [20, 65], [20, 35], [21, 22], [21, 55], [21, 74], [22, 38], [22, 24], [22, 27], [22, 53], [23, 72], [23, 25], [23, 58], [24, 73], [24, 87], [25, 51], [25, 82], [25, 79], [26, 36], [26, 54], [26, 58], [27, 51], [27, 57], [27, 60], [28, 84], [28, 38], [28, 40], [28, 30], [29, 66], [29, 31], [30, 32], [30, 31], [31, 32], [32, 33], [32, 57], [32, 75], [33, 58], [34, 35], [34, 36], [35, 37], [35, 65], [36, 48], [36, 55], [37, 66], [37, 38], [38, 80], [38, 68], [39, 40], [39, 41], [39, 49], [40, 41], [40, 78], [41, 42], [41, 43], [42, 43], [42, 63], [43, 64], [43, 49], [44, 71], [44, 45], [44, 70], [44, 55], [45, 82], [45, 69], [46, 66], [46, 47], [47, 83], [47, 65], [47, 55], [48, 50], [49, 50], [49, 63], [50, 51], [50, 52], [50, 69], [50, 87], [51, 86], [51, 77], [52, 53], [52, 54], [52, 57], [53, 54], [54, 55], [54, 74], [54, 62], [55, 62], [56, 58], [57, 64], [59, 85], [59, 75], [59, 60], [60, 87], [61, 63], [62, 67], [64, 81], [64, 66], [64, 83], [65, 67], [67, 68], [68, 87], [68, 72], [71, 73], [71, 79], [73, 74], [73, 75], [74, 76], [75, 76], [76, 77], [76, 78], [77, 80], [78, 80], [79, 80], [80, 81], [81, 82], [81, 83], [82, 83], [82, 84], [83, 87], [84, 85]]}