{"label": 1, "features": {"53": ["cc_0", "deg_2"], "47": ["cc_0", "deg_3"], "21": ["cc_0", "deg_2"], "34": ["cc_0", "deg_3"], "41": ["cc_0", "deg_3"], "4": ["cc_0", "deg_2"], "42": ["cc_0", "deg_2"], "12": ["cc_0", "deg_2"], "28": ["cc_0", "deg_2"], "5": ["cc_0", "deg_1"], "3": ["cc_0", "deg_1"], "51": ["cc_0", "deg_2"], "24": ["cc_0", "deg_1"], "56": ["cc_0", "deg_2"], "55": ["cc_0", "deg_2"], "19": ["cc_0", "deg_2"], "54": ["cc_0", "deg_3"], "36": ["cc_0", "deg_2"], "17": ["cc_0", "deg_1"], "11": ["cc_0", "deg_2"], "22": ["cc_0", "deg_1"], "18": ["cc_0", "deg_1"], "2": ["cc_0", "deg_3"], "46": ["cc_0", "deg_1"], "37": ["cc_0", "deg_1"], "38": ["cc_0", "deg_2"], "9": ["cc_0", "deg_1"], "27": ["cc_0", "deg_2"], "35": ["cc_0", "deg_2"], "1": ["cc_0", "deg_2"], "16": ["cc_0", "deg_2"], "25": ["cc_0", "deg_2"], "7": ["cc_0", "deg_1"], "39": ["cc_0", "deg_3"], "0": ["cc_0", "deg_1"], "29": ["cc_0", "deg_2"], "13": ["cc_0", "deg_2"], "6": ["cc_0", "deg_2"], "30": ["cc_0", "deg_4"], "14": ["cc_0", "deg_3"], "32": ["cc_0", "deg_3"], "45": ["cc_0", "deg_2"], "10": ["cc_0", "deg_2"], "33": ["cc_0", "deg_4"], "23": ["cc_0", "deg_1"], "48": ["cc_0", "deg_1"], "40": ["cc_0", "deg_2"], "8": ["cc_0", "deg_2"], "44": ["cc_0", "deg_1"], "31": ["cc_0", "deg_2"], "26": ["cc_0", "deg_4"], "43": ["cc_0", "deg_2"], "57": ["cc_0", "deg_2"], "20": ["cc_0", "deg_3"], "50": ["cc_0", "deg_1"], "52": ["cc_0", "deg_2"], "15": ["cc_0", "deg_1"], "49": ["cc_0", "deg_3"]}, "edges": [[0, 1], [1, 2], [2, 57], [2, 33], [3, 4], [4, 20], [5, 6], [6, 34], [7, 26], [8, 36], [8, 13], [9, 10], [10, 11], [11, 12], [12, 54], [13, 14], [14, 24], [14, 33], [15, 16], [16, 30], [17, 47], [18, 19], [19, 47], [20, 32], [20, 21], [21, 34], [22, 43], [23, 41], [25, 33], [25, 26], [26, 48], [26, 30], [27, 49], [27, 28], [28, 29], [29, 30], [30, 31], [31, 32], [32, 45], [33, 42], [34, 35], [35, 36], [37, 38], [38, 39], [39, 40], [39, 46], [40, 41], [41, 42], [43, 49], [44, 45], [47, 49], [50, 51], [51, 52], [52, 53], [53, 54], [54, 55], [55, 56], [56, 57]]}