{"label": 2, "edges": [[0, 65], [0, 36], [0, 37], [0, 46], [0, 63], [1, 27], [1, 61], [2, 64], [2, 59], [2, 3], [3, 51], [3, 49], [3, 27], [3, 50], [4, 52], [4, 62], [5, 38], [5, 56], [5, 25], [5, 47], [6, 16], [6, 26], [6, 35], [7, 8], [7, 61], [7, 64], [8, 48], [8, 50], [8, 46], [8, 15], [9, 32], [9, 24], [10, 43], [10, 12], [10, 47], [11, 23], [11, 24], [11, 46], [12, 28], [12, 14], [12, 47], [13, 40], [13, 44], [14, 16], [14, 47], [14, 15], [15, 16], [16, 56], [16, 60], [17, 18], [17, 19], [18, 64], [18, 21], [18, 27], [18, 53], [19, 58], [19, 51], [19, 36], [20, 64], [20, 25], [20, 63], [21, 59], [21, 44], [21, 31], [22, 48], [22, 36], [22, 30], [22, 47], [23, 32], [23, 40], [23, 44], [23, 29], [24, 37], [24, 26], [24, 29], [25, 41], [25, 60], [25, 53], [26, 48], [26, 38], [26, 58], [26, 54], [26, 62], [27, 65], [27, 39], [28, 53], [28, 29], [29, 48], [29, 40], [30, 47], [31, 33], [32, 49], [32, 34], [33, 63], [33, 39], [34, 36], [34, 39], [35, 36], [36, 44], [36, 60], [37, 38], [38, 58], [39, 41], [40, 42], [41, 57], [41, 42], [41, 43], [42, 43], [42, 44], [42, 54], [43, 51], [44, 59], [45, 49], [45, 46], [46, 48], [47, 57], [49, 52], [49, 60], [50, 52], [50, 56], [50, 59], [51, 52], [52, 53], [53, 55], [54, 59], [55, 56], [56, 57], [58, 60], [59, 62], [61, 62], [61, 63], [62, 63]], "features": {"27": ["cc_0", "deg_5"], "35": ["cc_0", "deg_2"], "43": ["cc_5", "deg_4"], "47": ["cc_4", "deg_7"], "32": ["cc_0", "deg_4"], "56": ["cc_0", "deg_5"], "9": ["cc_0", "deg_2"], "33": ["cc_0", "deg_3"], "48": ["cc_3", "deg_5"], "55": ["cc_0", "deg_2"], "0": ["cc_0", "deg_5"], "2": ["cc_0", "deg_3"], "18": ["cc_0", "deg_5"], "5": ["cc_0", "deg_4"], "14": ["cc_11", "deg_4"], "38": ["cc_5", "deg_4"], "44": ["cc_2", "deg_6"], "39": ["cc_0", "deg_4"], "3": ["cc_0", "deg_5"], "28": ["cc_0", "deg_3"], "51": ["cc_0", "deg_4"], "23": ["cc_3", "deg_5"], "19": ["cc_0", "deg_4"], "61": ["cc_5", "deg_4"], "34": ["cc_0", "deg_3"], "11": ["cc_0", "deg_3"], "17": ["cc_0", "deg_2"], "12": ["cc_11", "deg_4"], "25": ["cc_0", "deg_5"], "24": ["cc_0", "deg_5"], "62": ["cc_3", "deg_5"], "59": ["cc_2", "deg_6"], "22": ["cc_5", "deg_4"], "60": ["cc_0", "deg_5"], "65": ["cc_0", "deg_2"], "15": ["cc_11", "deg_3"], "4": ["cc_0", "deg_2"], "37": ["cc_0", "deg_3"], "45": ["cc_0", "deg_2"], "42": ["cc_3", "deg_5"], "30": ["cc_33", "deg_2"], "31": ["cc_0", "deg_2"], "36": ["cc_0", "deg_7"], "57": ["cc_0", "deg_3"], "53": ["cc_0", "deg_5"], "10": ["cc_11", "deg_3"], "49": ["cc_0", "deg_5"], "1": ["cc_0", "deg_2"], "46": ["cc_3", "deg_5"], "26": ["cc_1", "deg_7"], "40": ["cc_5", "deg_4"], "41": ["cc_3", "deg_5"], "20": ["cc_0", "deg_3"], "29": ["cc_3", "deg_5"], "52": ["cc_0", "deg_5"], "58": ["cc_5", "deg_4"], "63": ["cc_3", "deg_5"], "64": ["cc_0", "deg_4"], "13": ["cc_0", "deg_2"], "6": ["cc_0", "deg_3"], "7": ["cc_0", "deg_3"], "50": ["cc_0", "deg_5"], "8": ["cc_3", "deg_5"], "16": ["cc_3", "deg_5"], "54": ["cc_0", "deg_3"], "21": ["cc_5", "deg_4"]}}