{"label": 2, "features": {"53": ["cc_0", "deg_4"], "47": ["cc_0", "deg_3"], "68": ["cc_0", "deg_5"], "21": ["cc_0", "deg_3"], "34": ["cc_11", "deg_3"], "67": ["cc_5", "deg_4"], "41": ["cc_0", "deg_2"], "4": ["cc_0", "deg_4"], "42": ["cc_0", "deg_5"], "12": ["cc_2", "deg_6"], "28": ["cc_3", "deg_7"], "66": ["cc_11", "deg_4"], "5": ["cc_0", "deg_4"], "65": ["cc_3", "deg_5"], "61": ["cc_0", "deg_3"], "3": ["cc_0", "deg_2"], "64": ["cc_6", "deg_6"], "51": ["cc_0", "deg_2"], "24": ["cc_0", "deg_4"], "56": ["cc_5", "deg_4"], "55": ["cc_0", "deg_4"], "19": ["cc_0", "deg_5"], "54": ["cc_0", "deg_4"], "36": ["cc_0", "deg_4"], "17": ["cc_0", "deg_6"], "11": ["cc_0", "deg_4"], "22": ["cc_0", "deg_3"], "71": ["cc_0", "deg_3"], "18": ["cc_0", "deg_3"], "59": ["cc_0", "deg_3"], "2": ["cc_0", "deg_3"], "46": ["cc_11", "deg_3"], "37": ["cc_0", "deg_3"], "38": ["cc_0", "deg_4"], "73": ["cc_0", "deg_2"], "9": ["cc_0", "deg_5"], "27": ["cc_0", "deg_6"], "58": ["cc_1", "deg_7"], "35": ["cc_6", "deg_5"], "1": ["cc_0", "deg_6"], "16": ["cc_0", "deg_3"], "25": ["cc_0", "deg_3"], "7": ["cc_0", "deg_3"], "39": ["cc_6", "deg_5"], "0": ["cc_0", "deg_2"], "29": ["cc_0", "deg_5"], "63": ["cc_0", "deg_6"], "13": ["cc_0", "deg_2"], "6": ["cc_0", "deg_5"], "30": ["cc_0", "deg_5"], "14": ["cc_0", "deg_2"], "32": ["cc_0", "deg_3"], "45": ["cc_0", "deg_3"], "10": ["cc_0", "deg_3"], "33": ["cc_0", "deg_5"], "23": ["cc_33", "deg_2"], "69": ["cc_0", "deg_4"], "48": ["cc_0", "deg_5"], "40": ["cc_4", "deg_7"], "72": ["cc_0", "deg_4"], "8": ["cc_0", "deg_2"], "44": ["cc_0", "deg_2"], "31": ["cc_11", "deg_4"], "75": ["cc_5", "deg_4"], "26": ["cc_16", "deg_4"], "43": ["cc_0", "deg_5"], "57": ["cc_11", "deg_4"], "20": ["cc_0", "deg_4"], "50": ["cc_0", "deg_5"], "62": ["cc_0", "deg_4"], "60": ["cc_0", "deg_3"], "52": ["cc_0", "deg_3"], "15": ["cc_0", "deg_3"], "74": ["cc_0", "deg_7"], "70": ["cc_0", "deg_4"], "49": ["cc_0", "deg_6"]}, "edges": [[0, 70], [0, 12], [1, 35], [1, 43], [1, 73], [1, 41], [1, 74], [1, 27], [2, 48], [2, 28], [2, 44], [3, 35], [3, 61], [4, 65], [4, 54], [4, 59], [4, 45], [5, 49], [5, 6], [5, 33], [5, 72], [6, 8], [6, 74], [6, 29], [6, 21], [7, 33], [7, 68], [7, 70], [8, 9], [9, 42], [9, 71], [9, 50], [9, 37], [10, 49], [10, 27], [10, 36], [11, 67], [11, 38], [11, 74], [11, 14], [12, 35], [12, 68], [12, 69], [12, 26], [12, 58], [13, 42], [13, 30], [14, 39], [15, 16], [15, 17], [15, 18], [16, 72], [16, 58], [17, 19], [17, 37], [17, 56], [17, 60], [17, 29], [18, 33], [18, 27], [19, 20], [19, 49], [19, 28], [19, 30], [20, 72], [20, 61], [20, 54], [21, 58], [21, 52], [22, 48], [22, 49], [22, 62], [23, 64], [23, 34], [24, 69], [24, 43], [24, 44], [24, 47], [25, 36], [25, 69], [25, 62], [26, 65], [26, 35], [26, 39], [27, 50], [27, 58], [27, 63], [28, 65], [28, 46], [28, 56], [28, 31], [28, 47], [29, 67], [29, 73], [29, 43], [30, 40], [30, 62], [30, 63], [31, 55], [31, 56], [31, 46], [32, 72], [32, 54], [32, 55], [33, 74], [33, 71], [34, 64], [34, 58], [35, 39], [36, 52], [36, 63], [37, 57], [38, 65], [38, 51], [38, 42], [39, 65], [39, 63], [40, 64], [40, 49], [40, 66], [40, 57], [40, 75], [40, 58], [41, 71], [42, 69], [42, 43], [43, 45], [45, 48], [46, 70], [47, 74], [48, 61], [48, 75], [49, 74], [50, 66], [50, 52], [50, 53], [51, 63], [53, 55], [53, 59], [53, 63], [54, 68], [55, 62], [56, 75], [57, 58], [57, 75], [59, 68], [60, 68], [60, 74], [64, 66], [64, 67], [64, 70], [66, 67]]}