{"label": 2, "edges": [[0, 36], [0, 5], [0, 38], [0, 39], [0, 40], [0, 10], [0, 48], [0, 6], [0, 30], [1, 49], [1, 18], [1, 3], [1, 28], [1, 29], [1, 30], [2, 17], [2, 5], [2, 48], [2, 25], [2, 12], [2, 46], [3, 4], [3, 39], [3, 24], [3, 29], [4, 37], [4, 7], [4, 25], [4, 45], [5, 16], [5, 19], [5, 20], [5, 6], [5, 15], [6, 18], [6, 25], [6, 10], [6, 21], [7, 35], [7, 10], [7, 37], [8, 35], [8, 50], [8, 22], [8, 40], [8, 41], [8, 45], [9, 45], [9, 17], [9, 19], [9, 21], [9, 27], [9, 29], [10, 33], [10, 39], [11, 37], [11, 22], [11, 43], [11, 14], [12, 33], [12, 50], [12, 19], [12, 25], [12, 39], [12, 28], [13, 17], [13, 43], [13, 38], [13, 28], [13, 30], [14, 21], [14, 31], [14, 41], [14, 44], [14, 15], [15, 16], [15, 17], [15, 18], [15, 31], [16, 45], [16, 20], [16, 29], [17, 32], [17, 19], [17, 46], [18, 36], [18, 43], [18, 44], [18, 49], [18, 29], [19, 32], [19, 47], [20, 21], [20, 41], [20, 42], [21, 42], [21, 47], [21, 22], [21, 26], [21, 30], [22, 26], [22, 42], [23, 32], [23, 34], [23, 35], [23, 37], [23, 24], [23, 26], [24, 25], [24, 39], [24, 28], [24, 46], [25, 35], [26, 40], [26, 44], [26, 45], [26, 30], [27, 50], [27, 35], [27, 29], [28, 37], [28, 33], [28, 31], [29, 32], [29, 40], [30, 38], [30, 37], [31, 39], [31, 45], [32, 44], [33, 34], [33, 44], [34, 37], [34, 38], [35, 37], [36, 49], [36, 39], [37, 38], [37, 42], [38, 40], [38, 42], [40, 41], [41, 48], [41, 50], [43, 48], [43, 50], [43, 46], [44, 46], [45, 46], [46, 47], [47, 48], [48, 50], [49, 50]], "features": {"27": ["cc_5", "deg_4"], "35": ["cc_4", "deg_6"], "43": ["cc_2", "deg_6"], "47": ["cc_0", "deg_4"], "32": ["cc_3", "deg_5"], "9": ["cc_4", "deg_6"], "33": ["cc_3", "deg_5"], "48": ["cc_4", "deg_6"], "0": ["cc_5", "deg_9"], "2": ["cc_4", "deg_6"], "18": ["cc_3", "deg_8"], "5": ["cc_4", "deg_7"], "14": ["cc_2", "deg_6"], "38": ["cc_9", "deg_7"], "44": ["cc_0", "deg_6"], "39": ["cc_4", "deg_7"], "3": ["cc_6", "deg_5"], "28": ["cc_1", "deg_7"], "23": ["cc_4", "deg_6"], "19": ["cc_4", "deg_6"], "34": ["cc_11", "deg_4"], "11": ["cc_0", "deg_4"], "17": ["cc_4", "deg_7"], "12": ["cc_3", "deg_7"], "25": ["cc_2", "deg_6"], "24": ["cc_2", "deg_6"], "22": ["cc_6", "deg_5"], "15": ["cc_4", "deg_6"], "4": ["cc_3", "deg_5"], "37": ["cc_5", "deg_10"], "45": ["cc_0", "deg_7"], "42": ["cc_10", "deg_5"], "30": ["cc_6", "deg_7"], "31": ["cc_3", "deg_5"], "36": ["cc_11", "deg_4"], "10": ["cc_6", "deg_5"], "49": ["cc_11", "deg_4"], "1": ["cc_6", "deg_6"], "46": ["cc_1", "deg_7"], "26": ["cc_3", "deg_7"], "40": ["cc_4", "deg_6"], "41": ["cc_6", "deg_6"], "20": ["cc_6", "deg_5"], "29": ["cc_3", "deg_8"], "13": ["cc_3", "deg_5"], "6": ["cc_4", "deg_6"], "7": ["cc_11", "deg_4"], "50": ["cc_4", "deg_7"], "8": ["cc_4", "deg_6"], "16": ["cc_6", "deg_5"], "21": ["cc_3", "deg_9"]}}