{"label": 1, "edges": [[0, 1], [0, 2], [0, 6], [1, 18], [1, 3], [2, 16], [2, 18], [2, 21], [3, 4], [3, 5], [3, 13], [4, 5], [4, 6], [5, 30], [5, 6], [5, 7], [6, 8], [6, 20], [7, 17], [7, 20], [7, 9], [8, 22], [8, 10], [8, 26], [9, 15], [9, 10], [9, 11], [10, 11], [10, 29], [11, 12], [11, 13], [12, 13], [12, 14], [13, 14], [14, 16], [14, 15], [15, 28], [16, 17], [16, 21], [17, 19], [17, 23], [18, 19], [18, 20], [19, 20], [19, 21], [20, 30], [21, 22], [22, 24], [22, 30], [23, 25], [23, 29], [24, 25], [24, 26], [25, 26], [25, 27], [26, 27], [26, 28], [27, 28], [27, 29], [28, 29], [28, 30], [29, 30]], "features": {"27": ["cc_16", "deg_4"], "22": ["cc_0", "deg_4"], "15": ["cc_0", "deg_3"], "4": ["cc_22", "deg_3"], "30": ["cc_3", "deg_5"], "0": ["cc_0", "deg_3"], "2": ["cc_5", "deg_4"], "6": ["cc_3", "deg_5"], "18": ["cc_5", "deg_4"], "5": ["cc_6", "deg_5"], "10": ["cc_5", "deg_4"], "14": ["cc_5", "deg_4"], "1": ["cc_0", "deg_3"], "29": ["cc_6", "deg_5"], "8": ["cc_0", "deg_4"], "20": ["cc_3", "deg_5"], "26": ["cc_10", "deg_5"], "3": ["cc_5", "deg_4"], "11": ["cc_11", "deg_4"], "28": ["cc_10", "deg_5"], "23": ["cc_0", "deg_3"], "19": ["cc_5", "deg_4"], "13": ["cc_11", "deg_4"], "16": ["cc_5", "deg_4"], "7": ["cc_0", "deg_4"], "17": ["cc_0", "deg_4"], "12": ["cc_22", "deg_3"], "25": ["cc_11", "deg_4"], "24": ["cc_11", "deg_3"], "9": ["cc_5", "deg_4"], "21": ["cc_5", "deg_4"]}}