{"label": 0, "features": {"53": ["cc_16", "deg_4"], "47": ["cc_22", "deg_3"], "21": ["cc_3", "deg_5"], "34": ["cc_17", "deg_6"], "41": ["cc_9", "deg_7"], "4": ["cc_11", "deg_6"], "42": ["cc_6", "deg_5"], "12": ["cc_9", "deg_8"], "28": ["cc_3", "deg_5"], "5": ["cc_10", "deg_5"], "65": ["cc_4", "deg_8"], "61": ["cc_4", "deg_7"], "3": ["cc_11", "deg_7"], "64": ["cc_6", "deg_5"], "51": ["cc_6", "deg_5"], "24": ["cc_16", "deg_4"], "56": ["cc_13", "deg_6"], "55": ["cc_11", "deg_7"], "19": ["cc_5", "deg_4"], "54": ["cc_6", "deg_9"], "36": ["cc_10", "deg_5"], "17": ["cc_13", "deg_5"], "11": ["cc_13", "deg_5"], "22": ["cc_4", "deg_8"], "18": ["cc_3", "deg_7"], "59": ["cc_8", "deg_6"], "2": ["cc_2", "deg_8"], "46": ["cc_3", "deg_5"], "37": ["cc_8", "deg_6"], "38": ["cc_11", "deg_6"], "9": ["cc_3", "deg_5"], "27": ["cc_11", "deg_6"], "58": ["cc_6", "deg_6"], "35": ["cc_13", "deg_6"], "1": ["cc_6", "deg_7"], "16": ["cc_13", "deg_5"], "25": ["cc_5", "deg_10"], "7": ["cc_0", "deg_4"], "39": ["cc_16", "deg_5"], "0": ["cc_2", "deg_8"], "29": ["cc_16", "deg_4"], "63": ["cc_0", "deg_5"], "13": ["cc_15", "deg_6"], "6": ["cc_8", "deg_6"], "30": ["cc_6", "deg_6"], "14": ["cc_16", "deg_5"], "32": ["cc_5", "deg_10"], "45": ["cc_0", "deg_5"], "10": ["cc_6", "deg_6"], "33": ["cc_15", "deg_6"], "23": ["cc_22", "deg_4"], "48": ["cc_8", "deg_6"], "40": ["cc_13", "deg_5"], "8": ["cc_0", "deg_4"], "44": ["cc_0", "deg_5"], "31": ["cc_9", "deg_7"], "26": ["cc_5", "deg_9"], "43": ["cc_4", "deg_6"], "57": ["cc_6", "deg_7"], "20": ["cc_3", "deg_5"], "50": ["cc_2", "deg_9"], "62": ["cc_3", "deg_5"], "60": ["cc_3", "deg_7"], "52": ["cc_4", "deg_7"], "15": ["cc_8", "deg_6"], "49": ["cc_8", "deg_6"]}, "edges": [[0, 1], [0, 50], [0, 3], [0, 21], [0, 6], [0, 25], [0, 51], [0, 63], [1, 65], [1, 18], [1, 3], [1, 4], [1, 55], [1, 64], [2, 32], [2, 35], [2, 3], [2, 4], [2, 65], [2, 28], [2, 44], [2, 60], [3, 4], [3, 5], [3, 6], [3, 45], [4, 5], [4, 6], [4, 7], [5, 32], [5, 54], [5, 6], [6, 8], [6, 9], [7, 9], [7, 10], [7, 53], [8, 10], [8, 59], [8, 26], [9, 32], [9, 11], [9, 12], [10, 11], [10, 12], [10, 13], [10, 63], [11, 12], [11, 13], [11, 60], [12, 41], [12, 57], [12, 13], [12, 14], [12, 15], [13, 16], [13, 14], [13, 15], [14, 16], [14, 17], [14, 15], [15, 18], [15, 22], [15, 57], [16, 17], [16, 18], [16, 26], [17, 18], [17, 20], [17, 26], [18, 50], [18, 19], [18, 20], [19, 21], [19, 22], [19, 58], [20, 22], [20, 41], [20, 45], [21, 22], [21, 24], [21, 43], [22, 65], [22, 23], [22, 25], [22, 44], [23, 65], [23, 25], [23, 26], [24, 25], [24, 26], [24, 27], [25, 65], [25, 26], [25, 27], [25, 28], [25, 45], [25, 46], [26, 54], [26, 27], [26, 52], [27, 28], [27, 29], [27, 30], [28, 52], [28, 31], [29, 32], [29, 30], [29, 31], [30, 33], [30, 61], [30, 52], [30, 31], [31, 32], [31, 33], [31, 34], [31, 57], [32, 50], [32, 33], [32, 34], [32, 35], [32, 62], [33, 34], [33, 35], [33, 36], [34, 35], [34, 36], [34, 37], [35, 50], [35, 37], [36, 37], [36, 38], [36, 44], [37, 54], [37, 38], [37, 39], [38, 49], [38, 39], [38, 40], [38, 41], [39, 40], [39, 41], [39, 42], [40, 41], [40, 58], [40, 43], [41, 42], [41, 43], [42, 50], [42, 43], [42, 44], [43, 45], [43, 46], [44, 46], [45, 48], [46, 48], [46, 49], [47, 48], [47, 49], [47, 50], [48, 49], [48, 50], [48, 51], [49, 51], [49, 52], [50, 58], [50, 61], [51, 52], [51, 60], [52, 54], [52, 55], [53, 54], [53, 55], [53, 56], [54, 65], [54, 55], [54, 56], [54, 57], [55, 64], [55, 56], [55, 57], [56, 57], [56, 58], [56, 59], [57, 60], [58, 59], [58, 61], [59, 60], [59, 61], [59, 62], [60, 61], [60, 62], [61, 64], [61, 63], [62, 64], [62, 63], [63, 65], [64, 65]]}