{"label": 1, "features": {"53": ["cc_0", "deg_5"], "47": ["cc_0", "deg_7"], "21": ["cc_5", "deg_4"], "34": ["cc_0", "deg_4"], "41": ["cc_11", "deg_3"], "4": ["cc_0", "deg_4"], "42": ["cc_2", "deg_6"], "12": ["cc_0", "deg_6"], "28": ["cc_0", "deg_5"], "5": ["cc_0", "deg_4"], "3": ["cc_3", "deg_5"], "51": ["cc_0", "deg_2"], "24": ["cc_6", "deg_5"], "56": ["cc_11", "deg_3"], "55": ["cc_0", "deg_3"], "19": ["cc_11", "deg_3"], "54": ["cc_0", "deg_3"], "36": ["cc_5", "deg_4"], "17": ["cc_0", "deg_4"], "11": ["cc_0", "deg_5"], "22": ["cc_11", "deg_3"], "18": ["cc_0", "deg_3"], "2": ["cc_0", "deg_4"], "46": ["cc_11", "deg_3"], "37": ["cc_3", "deg_5"], "38": ["cc_0", "deg_3"], "9": ["cc_0", "deg_3"], "27": ["cc_0", "deg_6"], "58": ["cc_6", "deg_6"], "35": ["cc_0", "deg_4"], "1": ["cc_0", "deg_3"], "16": ["cc_0", "deg_2"], "25": ["cc_11", "deg_4"], "7": ["cc_0", "deg_3"], "39": ["cc_3", "deg_5"], "0": ["cc_0", "deg_3"], "29": ["cc_0", "deg_3"], "13": ["cc_0", "deg_4"], "6": ["cc_3", "deg_5"], "30": ["cc_0", "deg_2"], "14": ["cc_0", "deg_4"], "32": ["cc_0", "deg_3"], "45": ["cc_0", "deg_4"], "10": ["cc_11", "deg_3"], "33": ["cc_0", "deg_2"], "23": ["cc_0", "deg_4"], "48": ["cc_11", "deg_3"], "40": ["cc_0", "deg_4"], "8": ["cc_3", "deg_5"], "44": ["cc_5", "deg_4"], "31": ["cc_0", "deg_4"], "26": ["cc_2", "deg_6"], "43": ["cc_3", "deg_5"], "57": ["cc_3", "deg_5"], "20": ["cc_0", "deg_5"], "50": ["cc_0", "deg_6"], "52": ["cc_0", "deg_2"], "15": ["cc_0", "deg_2"], "49": ["cc_2", "deg_6"]}, "edges": [[0, 1], [0, 2], [0, 57], [1, 11], [1, 50], [2, 47], [2, 3], [2, 55], [3, 8], [3, 42], [3, 10], [3, 18], [4, 34], [4, 14], [4, 5], [4, 6], [5, 7], [5, 20], [5, 27], [6, 50], [6, 37], [6, 39], [6, 12], [7, 45], [7, 37], [8, 49], [8, 35], [8, 10], [8, 28], [9, 24], [9, 11], [9, 44], [10, 11], [11, 26], [11, 13], [12, 51], [12, 20], [12, 38], [12, 53], [12, 47], [13, 33], [13, 50], [13, 14], [14, 17], [14, 35], [15, 40], [15, 46], [16, 17], [16, 18], [17, 38], [17, 39], [18, 20], [19, 56], [19, 58], [19, 20], [20, 30], [21, 22], [21, 54], [21, 57], [21, 58], [22, 24], [22, 25], [23, 40], [23, 53], [23, 54], [23, 41], [24, 56], [24, 25], [24, 26], [25, 26], [25, 27], [26, 32], [26, 51], [26, 28], [27, 50], [27, 39], [27, 28], [27, 45], [28, 57], [28, 44], [29, 34], [29, 53], [29, 31], [30, 31], [31, 43], [31, 47], [32, 34], [32, 47], [33, 35], [34, 36], [35, 37], [36, 48], [36, 42], [36, 58], [37, 38], [37, 39], [39, 40], [40, 42], [41, 43], [41, 44], [42, 49], [42, 58], [42, 43], [43, 44], [43, 45], [45, 47], [46, 48], [46, 49], [47, 49], [47, 52], [48, 49], [49, 50], [50, 54], [52, 53], [53, 55], [55, 57], [56, 58], [57, 58]]}