{"label": 1, "features": {"53": ["cc_6", "deg_5"], "47": ["cc_11", "deg_6"], "68": ["cc_4", "deg_7"], "21": ["cc_4", "deg_6"], "34": ["cc_0", "deg_5"], "67": ["cc_1", "deg_7"], "41": ["cc_6", "deg_6"], "4": ["cc_4", "deg_7"], "42": ["cc_11", "deg_3"], "12": ["cc_5", "deg_8"], "28": ["cc_3", "deg_5"], "66": ["cc_6", "deg_5"], "5": ["cc_3", "deg_7"], "65": ["cc_6", "deg_5"], "61": ["cc_6", "deg_7"], "3": ["cc_5", "deg_4"], "64": ["cc_0", "deg_9"], "51": ["cc_6", "deg_7"], "24": ["cc_3", "deg_5"], "56": ["cc_8", "deg_6"], "55": ["cc_3", "deg_5"], "19": ["cc_3", "deg_5"], "54": ["cc_0", "deg_5"], "36": ["cc_2", "deg_8"], "17": ["cc_6", "deg_6"], "11": ["cc_16", "deg_4"], "22": ["cc_8", "deg_6"], "71": ["cc_6", "deg_7"], "18": ["cc_0", "deg_5"], "59": ["cc_11", "deg_6"], "2": ["cc_1", "deg_7"], "46": ["cc_0", "deg_7"], "37": ["cc_4", "deg_6"], "38": ["cc_6", "deg_7"], "73": ["cc_7", "deg_7"], "9": ["cc_4", "deg_7"], "27": ["cc_2", "deg_6"], "58": ["cc_11", "deg_7"], "35": ["cc_2", "deg_6"], "1": ["cc_1", "deg_7"], "16": ["cc_4", "deg_8"], "25": ["cc_4", "deg_7"], "7": ["cc_7", "deg_7"], "39": ["cc_13", "deg_6"], "0": ["cc_3", "deg_5"], "29": ["cc_5", "deg_4"], "63": ["cc_2", "deg_6"], "13": ["cc_13", "deg_5"], "6": ["cc_13", "deg_5"], "30": ["cc_3", "deg_5"], "14": ["cc_6", "deg_10"], "32": ["cc_0", "deg_4"], "45": ["cc_3", "deg_9"], "10": ["cc_4", "deg_6"], "33": ["cc_3", "deg_5"], "23": ["cc_6", "deg_7"], "69": ["cc_0", "deg_4"], "48": ["cc_7", "deg_7"], "40": ["cc_7", "deg_7"], "72": ["cc_6", "deg_6"], "8": ["cc_2", "deg_8"], "44": ["cc_6", "deg_5"], "31": ["cc_4", "deg_6"], "75": ["cc_2", "deg_6"], "26": ["cc_6", "deg_5"], "43": ["cc_3", "deg_5"], "57": ["cc_22", "deg_4"], "20": ["cc_6", "deg_5"], "50": ["cc_13", "deg_5"], "62": ["cc_4", "deg_7"], "60": ["cc_6", "deg_7"], "52": ["cc_0", "deg_4"], "15": ["cc_8", "deg_6"], "74": ["cc_10", "deg_5"], "70": ["cc_10", "deg_5"], "49": ["cc_6", "deg_6"]}, "edges": [[0, 35], [0, 67], [0, 5], [0, 73], [0, 74], [1, 2], [1, 3], [1, 69], [1, 8], [1, 9], [1, 74], [1, 75], [2, 19], [2, 4], [2, 39], [2, 40], [2, 52], [2, 46], [3, 4], [3, 6], [3, 63], [4, 68], [4, 5], [4, 6], [4, 7], [4, 33], [5, 32], [5, 41], [5, 7], [5, 8], [5, 25], [6, 7], [6, 8], [6, 9], [7, 64], [7, 8], [7, 9], [7, 69], [8, 54], [8, 10], [8, 29], [8, 30], [9, 25], [9, 10], [9, 12], [9, 26], [10, 75], [10, 58], [10, 11], [10, 12], [11, 12], [11, 13], [11, 14], [12, 64], [12, 17], [12, 24], [12, 60], [12, 14], [13, 16], [13, 33], [13, 14], [13, 15], [14, 16], [14, 17], [14, 45], [14, 64], [14, 63], [14, 72], [14, 15], [15, 16], [15, 17], [15, 18], [15, 40], [16, 51], [16, 19], [16, 37], [16, 35], [16, 43], [17, 49], [17, 67], [17, 45], [18, 20], [18, 21], [18, 36], [18, 62], [19, 20], [19, 22], [19, 36], [20, 22], [20, 23], [20, 60], [21, 22], [21, 23], [21, 24], [21, 42], [21, 61], [22, 65], [22, 23], [22, 25], [23, 56], [23, 24], [23, 25], [23, 44], [24, 70], [24, 27], [25, 26], [25, 27], [25, 46], [26, 27], [26, 29], [26, 30], [27, 48], [27, 71], [27, 28], [28, 75], [28, 73], [28, 30], [28, 31], [29, 33], [29, 31], [30, 32], [30, 31], [31, 64], [31, 33], [31, 34], [32, 34], [32, 38], [33, 36], [34, 68], [34, 37], [34, 52], [35, 51], [35, 36], [35, 38], [35, 46], [36, 37], [36, 39], [36, 49], [36, 47], [37, 38], [37, 39], [37, 59], [38, 64], [38, 39], [38, 40], [38, 41], [39, 40], [39, 41], [40, 68], [40, 41], [40, 66], [41, 43], [41, 62], [42, 44], [42, 45], [43, 71], [43, 44], [43, 45], [44, 45], [44, 46], [45, 48], [45, 62], [45, 54], [45, 47], [46, 49], [46, 66], [46, 61], [47, 48], [47, 49], [47, 50], [47, 53], [48, 49], [48, 50], [48, 51], [48, 75], [49, 51], [50, 64], [50, 51], [50, 53], [51, 53], [51, 55], [52, 54], [52, 55], [53, 54], [53, 73], [54, 56], [55, 64], [55, 56], [55, 58], [56, 57], [56, 58], [56, 59], [57, 58], [57, 59], [57, 60], [58, 59], [58, 60], [58, 61], [59, 61], [59, 62], [60, 61], [60, 62], [60, 63], [61, 64], [61, 62], [62, 63], [63, 66], [63, 67], [64, 65], [65, 66], [65, 67], [65, 68], [66, 68], [67, 68], [67, 69], [67, 70], [68, 71], [69, 72], [70, 71], [70, 72], [70, 73], [71, 72], [71, 73], [71, 74], [72, 73], [72, 75], [73, 74], [74, 75]]}