{"label": 0, "edges": [[0, 1], [0, 66], [0, 2], [0, 62], [0, 65], [1, 2], [1, 3], [1, 66], [2, 3], [2, 4], [3, 4], [3, 5], [4, 13], [4, 6], [4, 45], [5, 6], [5, 7], [6, 8], [6, 7], [7, 8], [7, 9], [8, 9], [8, 10], [9, 10], [9, 11], [10, 11], [10, 12], [11, 12], [11, 13], [12, 49], [12, 13], [12, 14], [13, 14], [13, 15], [14, 16], [14, 15], [15, 16], [15, 17], [16, 17], [16, 18], [17, 42], [17, 19], [18, 19], [18, 20], [19, 21], [19, 54], [20, 21], [20, 53], [21, 22], [21, 23], [22, 24], [22, 48], [22, 23], [23, 24], [23, 25], [24, 25], [24, 46], [25, 26], [25, 27], [26, 27], [26, 28], [27, 64], [27, 29], [28, 30], [28, 47], [29, 30], [29, 31], [30, 32], [30, 31], [31, 32], [31, 33], [32, 33], [32, 47], [33, 34], [33, 35], [34, 35], [34, 36], [35, 36], [35, 37], [36, 37], [36, 38], [37, 38], [37, 39], [38, 40], [38, 54], [39, 40], [39, 41], [39, 63], [40, 41], [40, 42], [41, 42], [41, 43], [41, 46], [42, 43], [42, 44], [43, 44], [43, 45], [44, 45], [44, 46], [45, 47], [46, 47], [47, 48], [47, 49], [48, 50], [49, 51], [50, 51], [50, 52], [51, 52], [51, 53], [52, 53], [52, 54], [53, 54], [53, 55], [54, 55], [54, 56], [55, 56], [55, 57], [56, 57], [56, 58], [57, 58], [57, 59], [58, 59], [58, 60], [59, 60], [59, 61], [60, 61], [60, 62], [61, 62], [61, 63], [62, 63], [63, 65], [64, 65], [64, 66], [65, 66]], "features": {"27": ["cc_5", "deg_4"], "35": ["cc_16", "deg_4"], "43": ["cc_16", "deg_4"], "47": ["cc_0", "deg_6"], "32": ["cc_11", "deg_4"], "56": ["cc_16", "deg_4"], "9": ["cc_16", "deg_4"], "33": ["cc_11", "deg_4"], "48": ["cc_0", "deg_3"], "55": ["cc_16", "deg_4"], "0": ["cc_10", "deg_5"], "2": ["cc_16", "deg_4"], "18": ["cc_0", "deg_3"], "5": ["cc_11", "deg_3"], "14": ["cc_16", "deg_4"], "38": ["cc_5", "deg_4"], "44": ["cc_11", "deg_4"], "39": ["cc_5", "deg_4"], "3": ["cc_11", "deg_4"], "28": ["cc_0", "deg_3"], "51": ["cc_11", "deg_4"], "23": ["cc_16", "deg_4"], "19": ["cc_0", "deg_4"], "61": ["cc_16", "deg_4"], "34": ["cc_22", "deg_3"], "11": ["cc_16", "deg_4"], "17": ["cc_5", "deg_4"], "12": ["cc_10", "deg_5"], "25": ["cc_11", "deg_4"], "24": ["cc_11", "deg_4"], "62": ["cc_11", "deg_4"], "59": ["cc_16", "deg_4"], "22": ["cc_11", "deg_4"], "60": ["cc_16", "deg_4"], "65": ["cc_11", "deg_4"], "15": ["cc_16", "deg_4"], "4": ["cc_3", "deg_5"], "37": ["cc_11", "deg_4"], "45": ["cc_5", "deg_4"], "42": ["cc_10", "deg_5"], "30": ["cc_11", "deg_4"], "31": ["cc_16", "deg_4"], "66": ["cc_16", "deg_4"], "36": ["cc_16", "deg_4"], "57": ["cc_16", "deg_4"], "53": ["cc_10", "deg_5"], "10": ["cc_16", "deg_4"], "49": ["cc_0", "deg_3"], "1": ["cc_16", "deg_4"], "46": ["cc_0", "deg_4"], "26": ["cc_11", "deg_3"], "40": ["cc_11", "deg_4"], "41": ["cc_10", "deg_5"], "20": ["cc_0", "deg_3"], "29": ["cc_11", "deg_3"], "52": ["cc_16", "deg_4"], "58": ["cc_16", "deg_4"], "63": ["cc_5", "deg_4"], "64": ["cc_11", "deg_3"], "13": ["cc_10", "deg_5"], "6": ["cc_11", "deg_4"], "7": ["cc_16", "deg_4"], "50": ["cc_11", "deg_3"], "8": ["cc_16", "deg_4"], "16": ["cc_11", "deg_4"], "54": ["cc_6", "deg_6"], "21": ["cc_5", "deg_4"]}}