{"label": 0, "features": {"1": ["cc_16", "deg_4"], "16": ["cc_5", "deg_4"], "4": ["cc_0", "deg_3"], "21": ["cc_33", "deg_2"], "7": ["cc_5", "deg_4"], "25": ["cc_11", "deg_3"], "0": ["cc_10", "deg_5"], "12": ["cc_11", "deg_4"], "13": ["cc_5", "deg_4"], "6": ["cc_0", "deg_3"], "5": ["cc_0", "deg_2"], "3": ["cc_22", "deg_3"], "24": ["cc_5", "deg_4"], "23": ["cc_11", "deg_4"], "27": ["cc_11", "deg_6"], "19": ["cc_11", "deg_4"], "10": ["cc_10", "deg_5"], "17": ["cc_22", "deg_3"], "11": ["cc_16", "deg_4"], "22": ["cc_6", "deg_5"], "18": ["cc_6", "deg_6"], "2": ["cc_5", "deg_4"], "26": ["cc_10", "deg_5"], "20": ["cc_5", "deg_4"], "14": ["cc_0", "deg_4"], "9": ["cc_10", "deg_5"], "8": ["cc_22", "deg_3"], "15": ["cc_0", "deg_5"]}, "edges": [[0, 1], [0, 2], [0, 27], [0, 26], [0, 13], [1, 27], [1, 2], [1, 3], [2, 4], [2, 22], [3, 26], [3, 27], [4, 18], [4, 6], [5, 27], [5, 7], [6, 16], [6, 7], [7, 8], [7, 9], [8, 9], [8, 10], [9, 15], [9, 10], [9, 11], [10, 11], [10, 12], [10, 20], [11, 12], [11, 13], [12, 13], [12, 14], [13, 15], [14, 18], [14, 24], [14, 15], [15, 16], [15, 19], [16, 17], [16, 18], [17, 18], [17, 19], [18, 19], [18, 20], [19, 20], [20, 22], [21, 22], [21, 23], [22, 24], [22, 23], [23, 24], [23, 25], [24, 26], [25, 26], [25, 27], [26, 27]]}