{"label": 2, "edges": [[0, 52], [1, 15], [2, 3], [3, 28], [4, 33], [4, 43], [4, 12], [5, 9], [6, 48], [6, 51], [6, 28], [7, 32], [7, 28], [8, 10], [8, 37], [9, 49], [10, 50], [10, 22], [10, 12], [11, 18], [11, 44], [12, 34], [13, 44], [14, 21], [15, 23], [16, 20], [17, 48], [18, 24], [18, 28], [19, 25], [19, 50], [20, 22], [21, 53], [23, 47], [23, 51], [24, 36], [26, 44], [27, 43], [27, 28], [29, 34], [30, 46], [31, 51], [32, 39], [32, 38], [35, 36], [36, 41], [38, 46], [39, 53], [40, 48], [42, 47], [45, 46], [48, 52], [49, 53], [52, 53]], "features": {"27": ["cc_0", "deg_2"], "35": ["cc_0", "deg_1"], "43": ["cc_0", "deg_2"], "47": ["cc_0", "deg_2"], "32": ["cc_0", "deg_3"], "9": ["cc_0", "deg_2"], "33": ["cc_0", "deg_1"], "48": ["cc_0", "deg_4"], "0": ["cc_0", "deg_1"], "2": ["cc_0", "deg_1"], "18": ["cc_0", "deg_3"], "5": ["cc_0", "deg_1"], "14": ["cc_0", "deg_1"], "38": ["cc_0", "deg_2"], "44": ["cc_0", "deg_3"], "39": ["cc_0", "deg_2"], "3": ["cc_0", "deg_2"], "28": ["cc_0", "deg_5"], "51": ["cc_0", "deg_3"], "23": ["cc_0", "deg_3"], "19": ["cc_0", "deg_2"], "34": ["cc_0", "deg_2"], "11": ["cc_0", "deg_2"], "17": ["cc_0", "deg_1"], "12": ["cc_0", "deg_3"], "25": ["cc_0", "deg_1"], "24": ["cc_0", "deg_2"], "22": ["cc_0", "deg_2"], "15": ["cc_0", "deg_2"], "4": ["cc_0", "deg_3"], "37": ["cc_0", "deg_1"], "45": ["cc_0", "deg_1"], "42": ["cc_0", "deg_1"], "30": ["cc_0", "deg_1"], "31": ["cc_0", "deg_1"], "36": ["cc_0", "deg_3"], "53": ["cc_0", "deg_4"], "10": ["cc_0", "deg_4"], "49": ["cc_0", "deg_2"], "1": ["cc_0", "deg_1"], "46": ["cc_0", "deg_3"], "26": ["cc_0", "deg_1"], "40": ["cc_0", "deg_1"], "41": ["cc_0", "deg_1"], "20": ["cc_0", "deg_2"], "29": ["cc_0", "deg_1"], "52": ["cc_0", "deg_3"], "13": ["cc_0", "deg_1"], "6": ["cc_0", "deg_3"], "7": ["cc_0", "deg_2"], "50": ["cc_0", "deg_2"], "8": ["cc_0", "deg_2"], "16": ["cc_0", "deg_1"], "21": ["cc_0", "deg_2"]}}