{"label": 0, "features": {"53": ["cc_6", "deg_6"], "47": ["cc_11", "deg_4"], "68": ["cc_6", "deg_6"], "21": ["cc_10", "deg_8"], "34": ["cc_2", "deg_6"], "67": ["cc_13", "deg_6"], "41": ["cc_3", "deg_5"], "4": ["cc_8", "deg_6"], "42": ["cc_4", "deg_6"], "12": ["cc_8", "deg_6"], "28": ["cc_3", "deg_5"], "66": ["cc_9", "deg_8"], "5": ["cc_4", "deg_8"], "65": ["cc_7", "deg_8"], "61": ["cc_8", "deg_6"], "3": ["cc_6", "deg_5"], "64": ["cc_3", "deg_5"], "51": ["cc_16", "deg_5"], "24": ["cc_15", "deg_6"], "56": ["cc_4", "deg_7"], "55": ["cc_4", "deg_6"], "19": ["cc_16", "deg_5"], "54": ["cc_11", "deg_6"], "36": ["cc_2", "deg_6"], "17": ["cc_4", "deg_6"], "11": ["cc_8", "deg_6"], "22": ["cc_9", "deg_8"], "18": ["cc_11", "deg_6"], "59": ["cc_0", "deg_3"], "2": ["cc_11", "deg_4"], "46": ["cc_0", "deg_5"], "37": ["cc_4", "deg_6"], "38": ["cc_10", "deg_5"], "9": ["cc_13", "deg_5"], "27": ["cc_6", "deg_7"], "58": ["cc_5", "deg_4"], "35": ["cc_3", "deg_5"], "1": ["cc_6", "deg_6"], "16": ["cc_4", "deg_6"], "25": ["cc_6", "deg_6"], "7": ["cc_6", "deg_7"], "39": ["cc_6", "deg_5"], "0": ["cc_5", "deg_8"], "29": ["cc_2", "deg_6"], "63": ["cc_10", "deg_5"], "13": ["cc_11", "deg_7"], "6": ["cc_6", "deg_5"], "30": ["cc_16", "deg_4"], "14": ["cc_4", "deg_6"], "32": ["cc_11", "deg_6"], "45": ["cc_3", "deg_5"], "10": ["cc_11", "deg_7"], "33": ["cc_2", "deg_9"], "23": ["cc_9", "deg_7"], "69": ["cc_6", "deg_11"], "48": ["cc_2", "deg_9"], "40": ["cc_8", "deg_6"], "8": ["cc_0", "deg_6"], "44": ["cc_2", "deg_6"], "31": ["cc_8", "deg_6"], "26": ["cc_13", "deg_5"], "43": ["cc_3", "deg_5"], "57": ["cc_13", "deg_5"], "20": ["cc_12", "deg_7"], "50": ["cc_11", "deg_6"], "62": ["cc_15", "deg_6"], "60": ["cc_6", "deg_6"], "52": ["cc_7", "deg_7"], "15": ["cc_10", "deg_5"], "70": ["cc_13", "deg_5"], "49": ["cc_13", "deg_5"]}, "edges": [[0, 64], [0, 1], [0, 2], [0, 69], [0, 70], [0, 32], [0, 44], [0, 50], [1, 33], [1, 66], [1, 3], [1, 4], [1, 69], [2, 4], [2, 5], [2, 69], [3, 4], [3, 5], [3, 41], [3, 29], [4, 48], [4, 5], [4, 7], [5, 22], [5, 6], [5, 7], [5, 42], [5, 27], [6, 7], [6, 9], [6, 60], [6, 37], [7, 17], [7, 8], [7, 9], [7, 10], [8, 33], [8, 59], [8, 58], [8, 11], [8, 44], [9, 10], [9, 11], [9, 12], [10, 48], [10, 58], [10, 11], [10, 12], [10, 13], [11, 13], [11, 14], [11, 45], [12, 48], [12, 33], [12, 13], [12, 15], [13, 16], [13, 45], [13, 14], [13, 15], [14, 16], [14, 17], [14, 28], [14, 61], [15, 16], [15, 17], [15, 18], [16, 19], [16, 68], [16, 44], [17, 48], [17, 18], [17, 20], [18, 19], [18, 20], [18, 21], [18, 33], [19, 20], [19, 21], [19, 22], [20, 68], [20, 21], [20, 22], [20, 23], [21, 35], [21, 22], [21, 23], [21, 24], [21, 45], [22, 56], [22, 23], [22, 24], [22, 25], [23, 33], [23, 34], [23, 24], [23, 26], [24, 25], [24, 26], [24, 27], [25, 65], [25, 43], [25, 42], [25, 27], [26, 27], [26, 28], [26, 29], [27, 52], [27, 28], [27, 29], [28, 64], [28, 31], [29, 36], [29, 56], [29, 31], [30, 32], [30, 33], [30, 39], [30, 31], [31, 32], [31, 33], [31, 34], [32, 33], [32, 34], [32, 69], [33, 68], [34, 64], [34, 36], [34, 37], [35, 66], [35, 36], [35, 53], [35, 56], [36, 38], [36, 39], [36, 41], [37, 38], [37, 40], [37, 43], [37, 70], [38, 39], [38, 40], [38, 61], [39, 55], [39, 40], [40, 41], [40, 42], [40, 43], [41, 42], [41, 46], [42, 48], [42, 65], [43, 44], [43, 45], [44, 69], [44, 46], [45, 47], [46, 48], [46, 49], [46, 60], [47, 48], [47, 49], [47, 50], [48, 50], [48, 58], [49, 50], [49, 51], [49, 52], [50, 51], [50, 52], [51, 52], [51, 53], [51, 54], [52, 54], [52, 55], [52, 59], [53, 69], [53, 54], [53, 56], [53, 63], [54, 55], [54, 56], [54, 57], [55, 69], [55, 56], [55, 58], [56, 67], [57, 65], [57, 60], [57, 61], [57, 62], [59, 60], [60, 61], [60, 62], [61, 62], [61, 63], [62, 64], [62, 65], [62, 63], [63, 65], [63, 66], [64, 65], [65, 66], [65, 67], [66, 67], [66, 68], [66, 69], [66, 70], [67, 68], [67, 69], [67, 70], [68, 69], [69, 70]]}