{"label": 1, "features": {"53": ["cc_4", "deg_6"], "47": ["cc_4", "deg_7"], "21": ["cc_7", "deg_7"], "34": ["cc_3", "deg_5"], "41": ["cc_6", "deg_7"], "4": ["cc_2", "deg_6"], "42": ["cc_6", "deg_5"], "12": ["cc_6", "deg_6"], "28": ["cc_13", "deg_5"], "5": ["cc_4", "deg_6"], "3": ["cc_6", "deg_7"], "51": ["cc_6", "deg_5"], "24": ["cc_4", "deg_7"], "56": ["cc_10", "deg_5"], "55": ["cc_3", "deg_5"], "19": ["cc_11", "deg_6"], "54": ["cc_2", "deg_8"], "36": ["cc_3", "deg_7"], "17": ["cc_7", "deg_7"], "11": ["cc_3", "deg_5"], "22": ["cc_6", "deg_7"], "18": ["cc_9", "deg_7"], "2": ["cc_0", "deg_4"], "46": ["cc_6", "deg_7"], "37": ["cc_0", "deg_4"], "38": ["cc_2", "deg_6"], "9": ["cc_6", "deg_7"], "27": ["cc_2", "deg_6"], "58": ["cc_11", "deg_7"], "35": ["cc_6", "deg_5"], "1": ["cc_5", "deg_4"], "16": ["cc_10", "deg_5"], "25": ["cc_2", "deg_6"], "7": ["cc_3", "deg_7"], "39": ["cc_6", "deg_5"], "0": ["cc_6", "deg_5"], "29": ["cc_3", "deg_7"], "13": ["cc_2", "deg_6"], "6": ["cc_8", "deg_6"], "30": ["cc_3", "deg_7"], "14": ["cc_3", "deg_7"], "32": ["cc_0", "deg_5"], "45": ["cc_6", "deg_5"], "10": ["cc_1", "deg_9"], "33": ["cc_3", "deg_5"], "23": ["cc_2", "deg_11"], "48": ["cc_5", "deg_8"], "40": ["cc_10", "deg_5"], "8": ["cc_10", "deg_5"], "44": ["cc_5", "deg_4"], "31": ["cc_0", "deg_4"], "26": ["cc_4", "deg_6"], "43": ["cc_6", "deg_5"], "57": ["cc_11", "deg_4"], "20": ["cc_4", "deg_6"], "50": ["cc_6", "deg_6"], "52": ["cc_10", "deg_5"], "15": ["cc_6", "deg_5"], "49": ["cc_6", "deg_9"]}, "edges": [[0, 2], [0, 3], [0, 56], [0, 58], [0, 10], [1, 3], [1, 4], [1, 58], [1, 13], [2, 16], [2, 4], [2, 25], [3, 38], [3, 6], [3, 23], [3, 57], [3, 58], [4, 20], [4, 5], [4, 6], [4, 46], [5, 17], [5, 54], [5, 6], [5, 7], [5, 25], [6, 7], [6, 8], [6, 9], [7, 24], [7, 51], [7, 55], [7, 8], [7, 10], [8, 23], [8, 9], [8, 11], [9, 24], [9, 27], [9, 10], [9, 11], [9, 12], [10, 17], [10, 12], [10, 49], [10, 53], [10, 22], [10, 57], [11, 46], [11, 26], [11, 14], [12, 48], [12, 49], [12, 54], [12, 15], [13, 30], [13, 33], [13, 24], [13, 41], [13, 14], [14, 16], [14, 17], [14, 27], [14, 49], [14, 15], [15, 32], [15, 17], [15, 18], [16, 17], [16, 18], [16, 20], [17, 18], [17, 19], [18, 50], [18, 19], [18, 20], [18, 21], [19, 20], [19, 21], [19, 22], [19, 25], [20, 23], [20, 47], [21, 35], [21, 36], [21, 22], [21, 23], [21, 24], [22, 41], [22, 23], [22, 25], [22, 42], [23, 48], [23, 40], [23, 24], [23, 26], [23, 28], [23, 30], [24, 33], [24, 27], [25, 33], [25, 29], [26, 55], [26, 27], [26, 28], [26, 29], [27, 52], [27, 30], [28, 36], [28, 29], [28, 30], [29, 32], [29, 44], [29, 30], [29, 31], [30, 35], [30, 37], [31, 33], [31, 53], [31, 47], [32, 48], [32, 54], [32, 39], [33, 34], [34, 35], [34, 36], [34, 37], [34, 42], [35, 36], [35, 38], [36, 54], [36, 43], [36, 47], [37, 39], [37, 45], [38, 41], [38, 58], [38, 44], [38, 46], [39, 40], [39, 41], [39, 42], [40, 41], [40, 43], [40, 44], [41, 42], [41, 43], [42, 45], [43, 49], [43, 44], [45, 48], [45, 46], [45, 47], [46, 48], [46, 49], [46, 47], [47, 49], [47, 50], [48, 49], [48, 50], [48, 51], [49, 50], [49, 51], [50, 52], [50, 53], [51, 52], [51, 54], [52, 53], [52, 54], [53, 54], [53, 55], [54, 56], [55, 56], [55, 58], [56, 57], [56, 58], [57, 58]]}