{"label": 0, "edges": [[0, 1], [0, 2], [0, 77], [0, 78], [1, 2], [1, 3], [1, 78], [2, 4], [2, 64], [3, 4], [3, 49], [3, 23], [3, 41], [4, 16], [4, 5], [4, 9], [5, 6], [5, 7], [6, 15], [6, 7], [7, 67], [7, 75], [8, 9], [8, 10], [8, 55], [9, 10], [9, 11], [10, 11], [10, 12], [11, 12], [11, 13], [12, 13], [12, 45], [13, 51], [13, 78], [13, 14], [14, 41], [14, 44], [15, 24], [15, 17], [15, 73], [16, 17], [17, 33], [17, 18], [17, 19], [18, 19], [18, 20], [18, 63], [19, 74], [19, 21], [20, 21], [20, 22], [21, 22], [21, 23], [22, 24], [22, 53], [23, 24], [24, 26], [24, 75], [25, 26], [25, 27], [26, 27], [26, 28], [27, 28], [27, 29], [27, 45], [28, 29], [28, 30], [28, 53], [29, 30], [29, 31], [30, 32], [30, 74], [31, 32], [31, 33], [32, 33], [32, 34], [33, 42], [33, 35], [34, 50], [34, 35], [34, 58], [35, 37], [35, 38], [36, 61], [36, 38], [36, 63], [37, 38], [37, 39], [38, 40], [38, 39], [39, 41], [39, 51], [40, 42], [40, 66], [41, 42], [41, 43], [42, 44], [43, 44], [43, 45], [44, 70], [44, 46], [45, 46], [46, 48], [46, 63], [46, 47], [47, 48], [47, 49], [47, 72], [48, 49], [48, 50], [49, 50], [50, 51], [50, 52], [51, 53], [52, 53], [52, 54], [53, 55], [54, 56], [54, 55], [55, 56], [56, 57], [56, 58], [57, 58], [57, 59], [58, 60], [59, 60], [59, 61], [60, 61], [60, 62], [61, 63], [62, 64], [62, 63], [64, 65], [64, 66], [65, 66], [65, 67], [66, 67], [66, 68], [67, 68], [67, 69], [68, 69], [68, 70], [69, 70], [69, 71], [70, 72], [70, 71], [71, 72], [71, 73], [72, 73], [73, 74], [74, 75], [74, 76], [75, 76], [75, 77], [76, 77], [76, 78], [77, 78]], "features": {"27": ["cc_10", "deg_5"], "35": ["cc_5", "deg_4"], "43": ["cc_0", "deg_3"], "47": ["cc_11", "deg_4"], "32": ["cc_5", "deg_4"], "56": ["cc_11", "deg_4"], "77": ["cc_16", "deg_4"], "9": ["cc_11", "deg_4"], "33": ["cc_3", "deg_5"], "48": ["cc_16", "deg_4"], "55": ["cc_5", "deg_4"], "0": ["cc_16", "deg_4"], "2": ["cc_5", "deg_4"], "18": ["cc_5", "deg_4"], "5": ["cc_11", "deg_3"], "76": ["cc_16", "deg_4"], "14": ["cc_0", "deg_3"], "38": ["cc_6", "deg_5"], "73": ["cc_5", "deg_4"], "44": ["cc_0", "deg_5"], "39": ["cc_5", "deg_4"], "3": ["cc_0", "deg_5"], "68": ["cc_16", "deg_4"], "28": ["cc_10", "deg_5"], "51": ["cc_0", "deg_4"], "23": ["cc_0", "deg_3"], "19": ["cc_5", "deg_4"], "61": ["cc_11", "deg_4"], "34": ["cc_0", "deg_4"], "75": ["cc_6", "deg_5"], "11": ["cc_16", "deg_4"], "72": ["cc_11", "deg_4"], "17": ["cc_3", "deg_5"], "12": ["cc_11", "deg_4"], "25": ["cc_33", "deg_2"], "24": ["cc_0", "deg_5"], "62": ["cc_0", "deg_3"], "59": ["cc_11", "deg_3"], "69": ["cc_16", "deg_4"], "22": ["cc_5", "deg_4"], "60": ["cc_5", "deg_4"], "70": ["cc_10", "deg_5"], "65": ["cc_22", "deg_3"], "71": ["cc_16", "deg_4"], "15": ["cc_0", "deg_4"], "4": ["cc_0", "deg_5"], "78": ["cc_10", "deg_5"], "37": ["cc_22", "deg_3"], "45": ["cc_0", "deg_4"], "42": ["cc_0", "deg_4"], "30": ["cc_5", "deg_4"], "31": ["cc_11", "deg_3"], "66": ["cc_10", "deg_5"], "36": ["cc_11", "deg_3"], "67": ["cc_10", "deg_5"], "57": ["cc_11", "deg_3"], "53": ["cc_0", "deg_5"], "10": ["cc_16", "deg_4"], "49": ["cc_11", "deg_4"], "1": ["cc_11", "deg_4"], "46": ["cc_3", "deg_5"], "26": ["cc_11", "deg_4"], "40": ["cc_0", "deg_3"], "41": ["cc_0", "deg_5"], "20": ["cc_11", "deg_3"], "29": ["cc_11", "deg_4"], "52": ["cc_0", "deg_3"], "58": ["cc_5", "deg_4"], "63": ["cc_3", "deg_5"], "64": ["cc_5", "deg_4"], "74": ["cc_3", "deg_5"], "13": ["cc_3", "deg_5"], "6": ["cc_11", "deg_3"], "7": ["cc_5", "deg_4"], "50": ["cc_3", "deg_5"], "8": ["cc_11", "deg_3"], "16": ["cc_0", "deg_2"], "54": ["cc_11", "deg_3"], "21": ["cc_5", "deg_4"]}}