{"label": 0, "features": {"53": ["cc_11", "deg_3"], "47": ["cc_16", "deg_4"], "68": ["cc_0", "deg_3"], "21": ["cc_10", "deg_5"], "34": ["cc_0", "deg_2"], "67": ["cc_3", "deg_5"], "41": ["cc_16", "deg_4"], "4": ["cc_11", "deg_3"], "42": ["cc_16", "deg_4"], "12": ["cc_22", "deg_3"], "28": ["cc_16", "deg_4"], "66": ["cc_11", "deg_3"], "5": ["cc_22", "deg_3"], "65": ["cc_11", "deg_4"], "61": ["cc_0", "deg_3"], "3": ["cc_11", "deg_4"], "64": ["cc_11", "deg_4"], "51": ["cc_3", "deg_5"], "24": ["cc_16", "deg_4"], "56": ["cc_0", "deg_3"], "55": ["cc_5", "deg_4"], "19": ["cc_16", "deg_4"], "54": ["cc_2", "deg_6"], "36": ["cc_0", "deg_4"], "17": ["cc_16", "deg_4"], "11": ["cc_6", "deg_5"], "22": ["cc_16", "deg_4"], "71": ["cc_11", "deg_4"], "18": ["cc_16", "deg_4"], "59": ["cc_11", "deg_4"], "2": ["cc_11", "deg_4"], "46": ["cc_16", "deg_4"], "37": ["cc_0", "deg_3"], "38": ["cc_11", "deg_3"], "73": ["cc_10", "deg_5"], "9": ["cc_11", "deg_6"], "27": ["cc_16", "deg_4"], "58": ["cc_11", "deg_4"], "35": ["cc_0", "deg_3"], "1": ["cc_16", "deg_4"], "16": ["cc_16", "deg_4"], "25": ["cc_10", "deg_5"], "7": ["cc_16", "deg_4"], "39": ["cc_22", "deg_3"], "0": ["cc_16", "deg_4"], "29": ["cc_11", "deg_4"], "63": ["cc_11", "deg_4"], "13": ["cc_10", "deg_5"], "6": ["cc_10", "deg_5"], "30": ["cc_5", "deg_4"], "14": ["cc_16", "deg_4"], "32": ["cc_5", "deg_4"], "45": ["cc_10", "deg_5"], "10": ["cc_6", "deg_5"], "33": ["cc_5", "deg_4"], "23": ["cc_16", "deg_4"], "69": ["cc_0", "deg_3"], "48": ["cc_11", "deg_4"], "40": ["cc_10", "deg_5"], "72": ["cc_16", "deg_4"], "8": ["cc_16", "deg_4"], "44": ["cc_16", "deg_4"], "31": ["cc_11", "deg_3"], "26": ["cc_16", "deg_4"], "43": ["cc_16", "deg_4"], "57": ["cc_5", "deg_4"], "20": ["cc_16", "deg_4"], "50": ["cc_11", "deg_3"], "62": ["cc_3", "deg_5"], "60": ["cc_5", "deg_4"], "52": ["cc_3", "deg_5"], "15": ["cc_16", "deg_4"], "70": ["cc_5", "deg_4"], "49": ["cc_5", "deg_4"]}, "edges": [[0, 72], [0, 1], [0, 2], [0, 73], [1, 73], [1, 2], [1, 3], [2, 3], [2, 4], [3, 8], [3, 9], [4, 5], [4, 6], [5, 6], [5, 7], [6, 52], [6, 7], [6, 9], [7, 8], [7, 9], [8, 9], [8, 10], [9, 10], [9, 11], [10, 56], [10, 11], [10, 62], [11, 12], [11, 13], [11, 49], [12, 13], [12, 14], [13, 37], [13, 14], [13, 15], [14, 16], [14, 15], [15, 16], [15, 17], [16, 17], [16, 18], [17, 18], [17, 19], [18, 19], [18, 20], [19, 20], [19, 21], [20, 21], [20, 22], [21, 67], [21, 22], [21, 23], [22, 24], [22, 23], [23, 24], [23, 25], [24, 25], [24, 26], [25, 64], [25, 26], [25, 27], [26, 27], [26, 28], [27, 28], [27, 29], [28, 29], [28, 30], [29, 30], [29, 31], [30, 32], [30, 40], [31, 32], [31, 33], [32, 33], [32, 51], [33, 35], [33, 62], [34, 36], [34, 45], [35, 36], [35, 71], [36, 52], [36, 37], [37, 38], [38, 40], [38, 39], [39, 40], [39, 41], [40, 41], [40, 42], [41, 42], [41, 43], [42, 43], [42, 44], [43, 44], [43, 45], [44, 45], [44, 46], [45, 46], [45, 47], [46, 48], [46, 47], [47, 48], [47, 49], [48, 49], [48, 50], [49, 51], [50, 51], [50, 52], [51, 52], [51, 53], [52, 54], [53, 54], [53, 55], [54, 55], [54, 56], [54, 68], [54, 61], [55, 57], [55, 73], [56, 57], [57, 58], [57, 59], [58, 59], [58, 60], [58, 69], [59, 60], [59, 61], [60, 67], [60, 62], [61, 63], [62, 64], [62, 63], [63, 64], [63, 65], [64, 65], [65, 66], [65, 67], [66, 67], [66, 68], [67, 69], [68, 70], [69, 70], [70, 72], [70, 71], [71, 72], [71, 73], [72, 73]]}