{"label": 2, "features": {"47": ["cc_4", "deg_7"], "21": ["cc_6", "deg_5"], "34": ["cc_0", "deg_6"], "41": ["cc_3", "deg_5"], "4": ["cc_3", "deg_5"], "42": ["cc_4", "deg_6"], "12": ["cc_11", "deg_4"], "28": ["cc_11", "deg_4"], "5": ["cc_3", "deg_8"], "3": ["cc_2", "deg_10"], "51": ["cc_1", "deg_7"], "24": ["cc_4", "deg_6"], "19": ["cc_1", "deg_11"], "36": ["cc_2", "deg_8"], "17": ["cc_0", "deg_7"], "11": ["cc_3", "deg_5"], "22": ["cc_0", "deg_6"], "18": ["cc_4", "deg_6"], "2": ["cc_4", "deg_6"], "46": ["cc_1", "deg_7"], "37": ["cc_2", "deg_6"], "38": ["cc_3", "deg_5"], "9": ["cc_5", "deg_4"], "27": ["cc_2", "deg_9"], "35": ["cc_0", "deg_6"], "1": ["cc_3", "deg_7"], "16": ["cc_1", "deg_7"], "25": ["cc_3", "deg_5"], "7": ["cc_2", "deg_6"], "39": ["cc_4", "deg_6"], "0": ["cc_10", "deg_5"], "29": ["cc_3", "deg_5"], "13": ["cc_3", "deg_8"], "6": ["cc_0", "deg_5"], "30": ["cc_6", "deg_6"], "14": ["cc_11", "deg_4"], "32": ["cc_2", "deg_6"], "45": ["cc_11", "deg_3"], "10": ["cc_8", "deg_6"], "33": ["cc_3", "deg_5"], "23": ["cc_0", "deg_4"], "48": ["cc_3", "deg_5"], "40": ["cc_1", "deg_7"], "8": ["cc_6", "deg_6"], "44": ["cc_5", "deg_4"], "31": ["cc_0", "deg_6"], "26": ["cc_3", "deg_5"], "43": ["cc_2", "deg_6"], "20": ["cc_0", "deg_4"], "50": ["cc_3", "deg_5"], "52": ["cc_4", "deg_6"], "15": ["cc_2", "deg_11"], "49": ["cc_6", "deg_6"]}, "edges": [[0, 19], [0, 2], [0, 8], [0, 10], [0, 18], [1, 51], [1, 2], [1, 3], [1, 35], [1, 7], [1, 11], [1, 46], [2, 3], [2, 36], [2, 37], [2, 31], [3, 5], [3, 7], [3, 10], [3, 15], [3, 16], [3, 52], [3, 25], [3, 33], [4, 20], [4, 5], [4, 7], [4, 42], [4, 27], [5, 51], [5, 6], [5, 8], [5, 42], [5, 39], [5, 13], [6, 22], [6, 31], [6, 43], [6, 15], [7, 19], [7, 17], [7, 23], [8, 9], [8, 10], [8, 13], [8, 31], [9, 40], [9, 10], [9, 15], [10, 19], [10, 33], [11, 38], [11, 27], [11, 12], [11, 15], [12, 36], [12, 52], [12, 15], [13, 49], [13, 47], [13, 17], [13, 40], [13, 27], [13, 30], [14, 16], [14, 18], [14, 19], [14, 41], [15, 44], [15, 50], [15, 47], [15, 52], [15, 23], [15, 30], [16, 48], [16, 49], [16, 23], [16, 41], [16, 26], [17, 18], [17, 51], [17, 46], [17, 38], [17, 43], [18, 19], [18, 52], [18, 35], [19, 34], [19, 37], [19, 51], [19, 20], [19, 26], [19, 29], [20, 22], [20, 46], [21, 49], [21, 24], [21, 26], [21, 45], [21, 47], [22, 33], [22, 24], [22, 27], [22, 45], [23, 32], [24, 43], [24, 36], [24, 25], [24, 38], [25, 42], [25, 43], [25, 28], [26, 39], [26, 45], [27, 36], [27, 48], [27, 52], [27, 28], [27, 30], [28, 48], [28, 30], [29, 49], [29, 39], [29, 40], [29, 42], [30, 33], [30, 50], [31, 40], [31, 34], [31, 41], [32, 35], [32, 37], [32, 42], [32, 44], [32, 46], [33, 51], [34, 48], [34, 35], [34, 38], [34, 46], [35, 50], [35, 36], [36, 37], [36, 38], [36, 44], [37, 41], [37, 47], [39, 51], [39, 40], [39, 47], [40, 52], [40, 43], [41, 43], [42, 44], [46, 49], [46, 47], [47, 49], [48, 50], [50, 51]]}