{"label": 1, "features": {"1": ["cc_6", "deg_5"], "16": ["cc_0", "deg_2"], "4": ["cc_0", "deg_3"], "21": ["cc_5", "deg_4"], "32": ["cc_0", "deg_6"], "34": ["cc_11", "deg_4"], "7": ["cc_0", "deg_4"], "25": ["cc_0", "deg_3"], "0": ["cc_5", "deg_4"], "12": ["cc_0", "deg_3"], "29": ["cc_2", "deg_6"], "28": ["cc_3", "deg_5"], "13": ["cc_0", "deg_2"], "6": ["cc_0", "deg_3"], "30": ["cc_0", "deg_4"], "5": ["cc_0", "deg_3"], "3": ["cc_0", "deg_3"], "24": ["cc_0", "deg_3"], "33": ["cc_3", "deg_5"], "23": ["cc_3", "deg_5"], "27": ["cc_4", "deg_6"], "19": ["cc_5", "deg_4"], "36": ["cc_33", "deg_2"], "10": ["cc_0", "deg_3"], "17": ["cc_0", "deg_6"], "11": ["cc_2", "deg_6"], "22": ["cc_0", "deg_3"], "18": ["cc_5", "deg_4"], "31": ["cc_0", "deg_2"], "2": ["cc_3", "deg_5"], "26": ["cc_0", "deg_3"], "20": ["cc_3", "deg_5"], "14": ["cc_0", "deg_5"], "35": ["cc_6", "deg_5"], "9": ["cc_0", "deg_3"], "8": ["cc_0", "deg_4"], "37": ["cc_5", "deg_4"], "15": ["cc_0", "deg_5"]}, "edges": [[0, 1], [0, 2], [0, 11], [0, 14], [1, 33], [1, 36], [1, 37], [1, 11], [2, 27], [2, 3], [2, 4], [2, 23], [3, 29], [3, 17], [4, 17], [4, 5], [5, 12], [5, 6], [6, 11], [6, 7], [7, 8], [7, 33], [7, 22], [8, 21], [8, 27], [8, 14], [9, 10], [9, 11], [9, 30], [10, 23], [10, 29], [11, 32], [11, 23], [12, 29], [12, 14], [13, 14], [13, 15], [14, 28], [15, 17], [15, 18], [15, 35], [15, 29], [16, 17], [16, 18], [17, 25], [17, 20], [18, 19], [18, 20], [19, 26], [19, 20], [19, 21], [20, 22], [20, 28], [21, 34], [21, 35], [22, 32], [23, 27], [23, 24], [24, 25], [24, 26], [25, 30], [26, 27], [27, 28], [27, 29], [28, 30], [28, 29], [30, 32], [31, 32], [31, 33], [32, 34], [32, 37], [33, 34], [33, 35], [34, 35], [35, 37], [36, 37]]}