{"label": 1, "features": {"53": ["cc_0", "deg_2"], "47": ["cc_0", "deg_2"], "68": ["cc_0", "deg_1"], "21": ["cc_0", "deg_2"], "34": ["cc_0", "deg_2"], "67": ["cc_0", "deg_3"], "41": ["cc_0", "deg_2"], "4": ["cc_0", "deg_4"], "42": ["cc_0", "deg_1"], "12": ["cc_0", "deg_3"], "28": ["cc_0", "deg_2"], "66": ["cc_0", "deg_1"], "5": ["cc_0", "deg_1"], "65": ["cc_0", "deg_1"], "61": ["cc_0", "deg_3"], "3": ["cc_0", "deg_4"], "64": ["cc_0", "deg_2"], "51": ["cc_0", "deg_2"], "24": ["cc_0", "deg_2"], "56": ["cc_0", "deg_3"], "55": ["cc_0", "deg_3"], "19": ["cc_0", "deg_2"], "54": ["cc_0", "deg_3"], "36": ["cc_0", "deg_2"], "17": ["cc_0", "deg_1"], "11": ["cc_0", "deg_1"], "22": ["cc_0", "deg_1"], "18": ["cc_0", "deg_2"], "59": ["cc_0", "deg_2"], "2": ["cc_0", "deg_4"], "46": ["cc_0", "deg_2"], "37": ["cc_0", "deg_1"], "38": ["cc_0", "deg_1"], "9": ["cc_0", "deg_1"], "27": ["cc_0", "deg_1"], "58": ["cc_0", "deg_2"], "35": ["cc_0", "deg_2"], "1": ["cc_0", "deg_2"], "16": ["cc_0", "deg_3"], "25": ["cc_0", "deg_2"], "7": ["cc_0", "deg_1"], "39": ["cc_0", "deg_2"], "0": ["cc_0", "deg_2"], "29": ["cc_0", "deg_3"], "63": ["cc_0", "deg_4"], "13": ["cc_0", "deg_3"], "6": ["cc_0", "deg_2"], "30": ["cc_0", "deg_1"], "14": ["cc_0", "deg_2"], "32": ["cc_0", "deg_1"], "45": ["cc_0", "deg_3"], "10": ["cc_0", "deg_1"], "33": ["cc_0", "deg_2"], "23": ["cc_0", "deg_2"], "69": ["cc_0", "deg_1"], "48": ["cc_0", "deg_2"], "40": ["cc_0", "deg_1"], "8": ["cc_0", "deg_2"], "44": ["cc_0", "deg_2"], "31": ["cc_0", "deg_1"], "26": ["cc_0", "deg_2"], "43": ["cc_0", "deg_4"], "57": ["cc_0", "deg_2"], "20": ["cc_0", "deg_2"], "50": ["cc_0", "deg_1"], "62": ["cc_0", "deg_3"], "60": ["cc_0", "deg_1"], "52": ["cc_0", "deg_1"], "15": ["cc_0", "deg_2"], "49": ["cc_0", "deg_3"]}, "edges": [[0, 1], [0, 65], [1, 2], [2, 16], [2, 3], [2, 68], [3, 25], [3, 51], [3, 29], [4, 9], [4, 29], [4, 54], [4, 49], [5, 6], [6, 43], [7, 55], [8, 23], [8, 55], [10, 12], [11, 12], [12, 13], [13, 20], [13, 14], [14, 15], [15, 16], [16, 31], [17, 18], [18, 19], [19, 29], [20, 24], [21, 25], [21, 28], [22, 23], [24, 67], [26, 67], [26, 36], [27, 49], [28, 41], [30, 63], [32, 33], [33, 34], [34, 35], [35, 36], [37, 67], [38, 39], [39, 54], [40, 61], [41, 62], [42, 43], [43, 59], [43, 44], [44, 45], [45, 66], [45, 46], [46, 47], [47, 63], [48, 49], [48, 60], [50, 51], [52, 53], [53, 54], [55, 56], [56, 64], [56, 57], [57, 58], [58, 59], [61, 69], [61, 62], [62, 63], [63, 64]]}