{"label": 2, "features": {"68": ["cc_0", "deg_1"], "21": ["cc_0", "deg_1"], "34": ["cc_0", "deg_4"], "94": ["cc_0", "deg_1"], "58": ["cc_0", "deg_4"], "69": ["cc_0", "deg_2"], "42": ["cc_0", "deg_2"], "12": ["cc_0", "deg_1"], "66": ["cc_0", "deg_1"], "5": ["cc_0", "deg_1"], "61": ["cc_0", "deg_2"], "91": ["cc_0", "deg_5"], "51": ["cc_0", "deg_3"], "24": ["cc_0", "deg_2"], "56": ["cc_0", "deg_1"], "55": ["cc_0", "deg_1"], "17": ["cc_0", "deg_1"], "22": ["cc_0", "deg_1"], "74": ["cc_0", "deg_2"], "59": ["cc_0", "deg_3"], "46": ["cc_0", "deg_1"], "37": ["cc_0", "deg_1"], "38": ["cc_0", "deg_4"], "81": ["cc_0", "deg_1"], "95": ["cc_0", "deg_3"], "90": ["cc_0", "deg_2"], "35": ["cc_0", "deg_3"], "47": ["cc_0", "deg_2"], "16": ["cc_0", "deg_3"], "65": ["cc_0", "deg_2"], "23": ["cc_0", "deg_2"], "7": ["cc_0", "deg_4"], "82": ["cc_0", "deg_2"], "29": ["cc_0", "deg_1"], "93": ["cc_0", "deg_1"], "13": ["cc_0", "deg_3"], "6": ["cc_0", "deg_1"], "30": ["cc_0", "deg_1"], "14": ["cc_0", "deg_3"], "40": ["cc_0", "deg_2"], "33": ["cc_0", "deg_2"], "73": ["cc_0", "deg_1"], "76": ["cc_0", "deg_1"], "8": ["cc_0", "deg_3"], "44": ["cc_0", "deg_1"], "26": ["cc_0", "deg_2"], "43": ["cc_0", "deg_1"], "57": ["cc_0", "deg_3"], "20": ["cc_0", "deg_2"], "89": ["cc_0", "deg_2"], "97": ["cc_0", "deg_2"], "80": ["cc_0", "deg_2"], "70": ["cc_0", "deg_2"], "84": ["cc_0", "deg_2"], "53": ["cc_0", "deg_5"], "1": ["cc_0", "deg_2"], "54": ["cc_0", "deg_4"], "98": ["cc_0", "deg_1"], "41": ["cc_0", "deg_3"], "4": ["cc_0", "deg_1"], "39": ["cc_0", "deg_2"], "28": ["cc_0", "deg_2"], "25": ["cc_0", "deg_4"], "78": ["cc_0", "deg_1"], "3": ["cc_0", "deg_1"], "64": ["cc_0", "deg_1"], "72": ["cc_0", "deg_2"], "87": ["cc_0", "deg_2"], "19": ["cc_0", "deg_2"], "92": ["cc_0", "deg_1"], "86": ["cc_0", "deg_3"], "62": ["cc_0", "deg_1"], "11": ["cc_0", "deg_1"], "18": ["cc_0", "deg_3"], "67": ["cc_0", "deg_1"], "2": ["cc_0", "deg_1"], "9": ["cc_0", "deg_1"], "27": ["cc_0", "deg_2"], "15": ["cc_0", "deg_3"], "71": ["cc_0", "deg_1"], "88": ["cc_0", "deg_5"], "0": ["cc_0", "deg_5"], "63": ["cc_0", "deg_2"], "32": ["cc_0", "deg_2"], "45": ["cc_0", "deg_3"], "36": ["cc_0", "deg_1"], "83": ["cc_0", "deg_2"], "48": ["cc_0", "deg_1"], "79": ["cc_0", "deg_1"], "77": ["cc_0", "deg_1"], "10": ["cc_0", "deg_2"], "85": ["cc_0", "deg_3"], "31": ["cc_0", "deg_3"], "75": ["cc_0", "deg_2"], "50": ["cc_0", "deg_2"], "60": ["cc_0", "deg_1"], "52": ["cc_0", "deg_2"], "96": ["cc_0", "deg_1"], "49": ["cc_0", "deg_1"]}, "edges": [[0, 32], [0, 80], [0, 71], [0, 18], [0, 79], [1, 80], [1, 89], [2, 88], [3, 95], [4, 45], [5, 82], [6, 14], [7, 24], [7, 83], [7, 35], [7, 54], [8, 92], [8, 37], [8, 38], [9, 10], [10, 57], [11, 41], [12, 31], [13, 25], [13, 38], [13, 63], [14, 34], [14, 15], [15, 42], [15, 51], [16, 50], [16, 66], [16, 62], [17, 34], [18, 72], [18, 53], [19, 85], [19, 94], [20, 48], [20, 45], [21, 72], [22, 27], [23, 65], [23, 58], [24, 88], [25, 97], [25, 58], [25, 70], [26, 73], [26, 54], [27, 33], [28, 41], [28, 95], [29, 88], [30, 31], [31, 91], [32, 47], [33, 34], [34, 50], [35, 84], [35, 93], [36, 51], [38, 56], [38, 69], [39, 82], [39, 87], [40, 91], [40, 78], [41, 90], [42, 77], [43, 91], [44, 59], [45, 53], [46, 53], [47, 74], [49, 58], [51, 58], [52, 64], [52, 74], [53, 81], [53, 54], [54, 57], [55, 97], [57, 86], [59, 61], [59, 70], [60, 90], [61, 91], [63, 76], [65, 87], [67, 86], [68, 75], [69, 75], [83, 98], [84, 95], [85, 96], [85, 86], [88, 89], [88, 91]]}