{"label": 2, "features": {"68": ["cc_5", "deg_4"], "21": ["cc_0", "deg_6"], "34": ["cc_0", "deg_5"], "58": ["cc_0", "deg_3"], "69": ["cc_0", "deg_4"], "42": ["cc_3", "deg_5"], "12": ["cc_0", "deg_9"], "66": ["cc_0", "deg_7"], "5": ["cc_1", "deg_7"], "61": ["cc_0", "deg_3"], "51": ["cc_0", "deg_5"], "24": ["cc_1", "deg_7"], "56": ["cc_2", "deg_6"], "55": ["cc_0", "deg_4"], "17": ["cc_2", "deg_6"], "22": ["cc_0", "deg_7"], "74": ["cc_0", "deg_4"], "59": ["cc_2", "deg_6"], "46": ["cc_1", "deg_7"], "37": ["cc_1", "deg_11"], "38": ["cc_3", "deg_7"], "81": ["cc_0", "deg_5"], "35": ["cc_0", "deg_8"], "47": ["cc_0", "deg_6"], "16": ["cc_1", "deg_9"], "65": ["cc_11", "deg_4"], "23": ["cc_1", "deg_7"], "7": ["cc_0", "deg_9"], "82": ["cc_0", "deg_3"], "29": ["cc_1", "deg_7"], "13": ["cc_0", "deg_5"], "6": ["cc_1", "deg_8"], "30": ["cc_0", "deg_4"], "14": ["cc_0", "deg_6"], "40": ["cc_0", "deg_5"], "33": ["cc_0", "deg_4"], "73": ["cc_1", "deg_7"], "76": ["cc_1", "deg_8"], "8": ["cc_0", "deg_4"], "44": ["cc_0", "deg_5"], "26": ["cc_0", "deg_7"], "43": ["cc_0", "deg_3"], "57": ["cc_2", "deg_11"], "20": ["cc_0", "deg_5"], "89": ["cc_11", "deg_4"], "80": ["cc_0", "deg_4"], "70": ["cc_0", "deg_5"], "84": ["cc_0", "deg_5"], "53": ["cc_3", "deg_8"], "1": ["cc_5", "deg_4"], "54": ["cc_2", "deg_6"], "41": ["cc_0", "deg_4"], "4": ["cc_0", "deg_5"], "39": ["cc_0", "deg_6"], "28": ["cc_0", "deg_6"], "25": ["cc_0", "deg_9"], "78": ["cc_0", "deg_4"], "3": ["cc_4", "deg_8"], "64": ["cc_0", "deg_5"], "72": ["cc_0", "deg_3"], "87": ["cc_0", "deg_4"], "19": ["cc_0", "deg_8"], "86": ["cc_3", "deg_8"], "62": ["cc_1", "deg_11"], "11": ["cc_6", "deg_6"], "18": ["cc_3", "deg_7"], "67": ["cc_5", "deg_4"], "2": ["cc_11", "deg_3"], "9": ["cc_2", "deg_6"], "27": ["cc_1", "deg_10"], "15": ["cc_1", "deg_8"], "71": ["cc_4", "deg_6"], "88": ["cc_2", "deg_6"], "0": ["cc_0", "deg_5"], "63": ["cc_3", "deg_5"], "32": ["cc_0", "deg_6"], "45": ["cc_2", "deg_8"], "36": ["cc_2", "deg_8"], "83": ["cc_5", "deg_4"], "48": ["cc_0", "deg_6"], "79": ["cc_4", "deg_6"], "77": ["cc_2", "deg_6"], "10": ["cc_2", "deg_6"], "85": ["cc_3", "deg_5"], "31": ["cc_0", "deg_7"], "75": ["cc_0", "deg_7"], "50": ["cc_2", "deg_6"], "60": ["cc_1", "deg_7"], "52": ["cc_0", "deg_6"], "49": ["cc_0", "deg_6"]}, "edges": [[0, 11], [0, 36], [0, 5], [0, 8], [0, 27], [1, 73], [1, 9], [1, 42], [1, 47], [2, 12], [2, 62], [2, 15], [3, 65], [3, 83], [3, 4], [3, 6], [3, 17], [3, 57], [3, 11], [3, 45], [4, 7], [4, 27], [4, 13], [4, 78], [5, 88], [5, 7], [5, 56], [5, 77], [5, 62], [5, 79], [6, 81], [6, 36], [6, 20], [6, 12], [6, 60], [6, 77], [6, 63], [7, 71], [7, 8], [7, 83], [7, 21], [7, 87], [7, 53], [7, 69], [8, 49], [8, 50], [9, 48], [9, 37], [9, 24], [9, 12], [9, 79], [10, 24], [10, 83], [10, 67], [10, 17], [10, 89], [10, 27], [11, 17], [11, 83], [11, 84], [11, 57], [12, 38], [12, 16], [12, 21], [12, 54], [12, 55], [12, 31], [13, 16], [13, 88], [13, 75], [13, 62], [14, 80], [14, 18], [14, 55], [14, 73], [14, 74], [14, 62], [15, 35], [15, 40], [15, 72], [15, 20], [15, 23], [15, 57], [15, 62], [16, 19], [16, 35], [16, 68], [16, 38], [16, 71], [16, 44], [16, 51], [17, 19], [17, 21], [17, 39], [18, 49], [18, 67], [18, 19], [18, 57], [18, 58], [18, 53], [19, 70], [19, 22], [19, 72], [19, 28], [19, 31], [20, 85], [20, 22], [20, 69], [21, 32], [21, 51], [21, 47], [22, 40], [22, 35], [22, 23], [22, 62], [22, 36], [23, 49], [23, 37], [23, 39], [23, 25], [23, 79], [24, 49], [24, 54], [24, 42], [24, 60], [24, 31], [25, 66], [25, 70], [25, 87], [25, 45], [25, 48], [25, 51], [25, 86], [25, 61], [26, 75], [26, 37], [26, 85], [26, 27], [26, 60], [26, 62], [26, 47], [27, 39], [27, 76], [27, 82], [27, 58], [27, 89], [27, 29], [28, 69], [28, 80], [28, 50], [28, 51], [28, 54], [29, 66], [29, 55], [29, 88], [29, 89], [29, 45], [29, 62], [30, 35], [30, 42], [30, 77], [30, 78], [31, 33], [31, 66], [31, 84], [31, 78], [32, 34], [32, 66], [32, 76], [32, 82], [32, 79], [33, 35], [33, 76], [33, 45], [34, 35], [34, 38], [34, 88], [34, 57], [35, 87], [35, 46], [36, 38], [36, 39], [36, 86], [36, 85], [36, 63], [37, 65], [37, 43], [37, 68], [37, 38], [37, 46], [37, 79], [37, 50], [37, 41], [38, 65], [38, 76], [39, 64], [39, 73], [40, 66], [40, 52], [40, 50], [41, 81], [41, 75], [41, 45], [42, 56], [42, 73], [43, 56], [43, 44], [44, 80], [44, 55], [44, 88], [45, 46], [45, 86], [45, 56], [46, 48], [46, 75], [46, 76], [46, 62], [47, 86], [47, 76], [47, 53], [48, 69], [48, 71], [48, 59], [49, 66], [49, 52], [50, 53], [50, 59], [51, 73], [52, 68], [52, 70], [52, 54], [52, 86], [53, 64], [53, 71], [53, 57], [53, 59], [54, 84], [54, 60], [56, 87], [56, 86], [57, 65], [57, 73], [57, 75], [57, 67], [57, 60], [58, 64], [59, 73], [59, 74], [59, 60], [60, 71], [61, 75], [61, 76], [62, 76], [62, 81], [63, 80], [63, 66], [63, 74], [64, 86], [64, 77], [67, 70], [68, 71], [70, 77], [72, 81], [74, 78], [75, 84], [77, 88], [79, 89], [81, 85], [82, 84], [85, 86]]}