{"label": 2, "edges": [[0, 32], [0, 2], [0, 52], [0, 21], [0, 56], [0, 46], [0, 15], [1, 32], [1, 50], [1, 5], [1, 54], [1, 45], [1, 29], [2, 51], [2, 3], [2, 32], [2, 19], [2, 49], [2, 11], [3, 38], [3, 6], [3, 41], [4, 54], [4, 29], [4, 15], [5, 42], [5, 28], [6, 51], [6, 37], [6, 7], [6, 8], [6, 9], [6, 11], [6, 53], [7, 41], [7, 24], [7, 42], [7, 44], [7, 45], [7, 14], [7, 36], [8, 37], [8, 38], [8, 25], [8, 10], [8, 46], [9, 24], [9, 25], [9, 11], [10, 40], [10, 30], [10, 31], [11, 55], [11, 27], [12, 33], [12, 35], [12, 38], [12, 31], [12, 30], [13, 16], [13, 32], [13, 22], [13, 14], [14, 40], [14, 41], [14, 15], [14, 51], [14, 52], [14, 21], [14, 27], [15, 53], [15, 37], [16, 49], [16, 18], [16, 30], [16, 25], [16, 28], [16, 53], [17, 35], [17, 22], [17, 28], [17, 43], [17, 44], [18, 22], [18, 43], [18, 28], [19, 35], [19, 37], [19, 47], [20, 48], [20, 36], [20, 21], [20, 22], [20, 23], [21, 48], [21, 41], [21, 31], [22, 23], [22, 43], [23, 49], [23, 53], [23, 24], [23, 25], [23, 43], [24, 39], [24, 26], [24, 27], [24, 55], [25, 26], [25, 28], [25, 44], [26, 56], [26, 34], [26, 55], [26, 47], [27, 53], [28, 33], [28, 46], [29, 49], [29, 37], [29, 44], [29, 30], [29, 31], [30, 32], [30, 40], [31, 32], [31, 49], [31, 37], [31, 35], [31, 53], [32, 37], [32, 42], [32, 44], [32, 48], [33, 52], [34, 35], [34, 38], [34, 40], [34, 47], [35, 36], [35, 37], [35, 54], [36, 38], [36, 50], [37, 39], [38, 41], [38, 52], [39, 41], [39, 42], [39, 45], [40, 42], [41, 55], [41, 46], [42, 44], [42, 46], [42, 47], [43, 47], [43, 55], [43, 56], [44, 53], [44, 45], [45, 48], [45, 46], [46, 53], [47, 50], [47, 52], [50, 51], [50, 53], [51, 54], [53, 54], [54, 55]], "features": {"27": ["cc_0", "deg_4"], "35": ["cc_3", "deg_8"], "43": ["cc_4", "deg_7"], "47": ["cc_1", "deg_7"], "32": ["cc_2", "deg_10"], "56": ["cc_0", "deg_3"], "9": ["cc_5", "deg_4"], "33": ["cc_0", "deg_3"], "48": ["cc_5", "deg_4"], "55": ["cc_2", "deg_6"], "0": ["cc_1", "deg_7"], "2": ["cc_1", "deg_7"], "18": ["cc_11", "deg_4"], "5": ["cc_0", "deg_3"], "14": ["cc_1", "deg_9"], "38": ["cc_1", "deg_7"], "44": ["cc_3", "deg_8"], "39": ["cc_0", "deg_5"], "3": ["cc_5", "deg_4"], "28": ["cc_3", "deg_7"], "51": ["cc_0", "deg_5"], "23": ["cc_3", "deg_7"], "19": ["cc_5", "deg_4"], "34": ["cc_3", "deg_5"], "11": ["cc_3", "deg_5"], "17": ["cc_3", "deg_5"], "12": ["cc_3", "deg_5"], "25": ["cc_1", "deg_7"], "24": ["cc_1", "deg_7"], "22": ["cc_8", "deg_6"], "15": ["cc_0", "deg_5"], "4": ["cc_0", "deg_3"], "37": ["cc_4", "deg_9"], "45": ["cc_2", "deg_6"], "42": ["cc_2", "deg_8"], "30": ["cc_2", "deg_6"], "31": ["cc_4", "deg_9"], "36": ["cc_0", "deg_5"], "53": ["cc_0", "deg_10"], "10": ["cc_5", "deg_4"], "49": ["cc_3", "deg_5"], "1": ["cc_0", "deg_6"], "46": ["cc_0", "deg_7"], "26": ["cc_4", "deg_6"], "40": ["cc_3", "deg_5"], "41": ["cc_3", "deg_8"], "20": ["cc_6", "deg_5"], "29": ["cc_3", "deg_7"], "52": ["cc_0", "deg_5"], "13": ["cc_0", "deg_4"], "6": ["cc_2", "deg_8"], "7": ["cc_3", "deg_8"], "50": ["cc_0", "deg_5"], "8": ["cc_2", "deg_6"], "16": ["cc_3", "deg_7"], "54": ["cc_0", "deg_6"], "21": ["cc_4", "deg_6"]}}