{"label": 2, "features": {"53": ["cc_0", "deg_7"], "47": ["cc_0", "deg_3"], "68": ["cc_5", "deg_4"], "21": ["cc_5", "deg_4"], "34": ["cc_33", "deg_2"], "67": ["cc_0", "deg_3"], "41": ["cc_0", "deg_4"], "4": ["cc_0", "deg_3"], "42": ["cc_0", "deg_3"], "12": ["cc_0", "deg_4"], "28": ["cc_0", "deg_3"], "66": ["cc_0", "deg_5"], "5": ["cc_0", "deg_4"], "65": ["cc_0", "deg_4"], "61": ["cc_0", "deg_4"], "3": ["cc_0", "deg_3"], "64": ["cc_0", "deg_4"], "51": ["cc_0", "deg_3"], "24": ["cc_0", "deg_4"], "56": ["cc_0", "deg_4"], "55": ["cc_0", "deg_5"], "19": ["cc_0", "deg_3"], "54": ["cc_0", "deg_3"], "36": ["cc_3", "deg_5"], "17": ["cc_5", "deg_4"], "11": ["cc_0", "deg_4"], "22": ["cc_0", "deg_5"], "71": ["cc_0", "deg_2"], "18": ["cc_0", "deg_3"], "59": ["cc_3", "deg_5"], "2": ["cc_0", "deg_2"], "46": ["cc_0", "deg_4"], "37": ["cc_0", "deg_4"], "38": ["cc_0", "deg_4"], "9": ["cc_0", "deg_3"], "27": ["cc_0", "deg_5"], "58": ["cc_5", "deg_4"], "35": ["cc_5", "deg_4"], "1": ["cc_0", "deg_4"], "16": ["cc_0", "deg_4"], "25": ["cc_0", "deg_4"], "7": ["cc_0", "deg_4"], "39": ["cc_0", "deg_3"], "0": ["cc_0", "deg_4"], "29": ["cc_0", "deg_4"], "63": ["cc_0", "deg_3"], "13": ["cc_0", "deg_3"], "6": ["cc_0", "deg_5"], "30": ["cc_0", "deg_4"], "14": ["cc_0", "deg_5"], "32": ["cc_0", "deg_5"], "45": ["cc_0", "deg_3"], "10": ["cc_0", "deg_7"], "33": ["cc_5", "deg_4"], "23": ["cc_3", "deg_5"], "69": ["cc_0", "deg_3"], "48": ["cc_0", "deg_2"], "40": ["cc_2", "deg_6"], "8": ["cc_0", "deg_2"], "44": ["cc_0", "deg_5"], "31": ["cc_0", "deg_4"], "26": ["cc_0", "deg_4"], "43": ["cc_0", "deg_4"], "57": ["cc_0", "deg_4"], "20": ["cc_3", "deg_5"], "50": ["cc_0", "deg_2"], "62": ["cc_3", "deg_5"], "60": ["cc_2", "deg_6"], "52": ["cc_0", "deg_4"], "15": ["cc_1", "deg_7"], "70": ["cc_0", "deg_6"], "49": ["cc_0", "deg_4"]}, "edges": [[0, 16], [0, 65], [0, 53], [0, 71], [1, 53], [1, 70], [1, 22], [1, 13], [2, 42], [2, 26], [3, 66], [3, 27], [3, 15], [4, 41], [4, 5], [4, 6], [5, 52], [5, 70], [5, 39], [6, 50], [6, 37], [6, 38], [6, 55], [7, 54], [7, 9], [7, 27], [7, 12], [8, 49], [8, 10], [9, 33], [9, 10], [10, 20], [10, 37], [10, 55], [10, 44], [10, 31], [11, 38], [11, 24], [11, 44], [11, 30], [12, 40], [12, 13], [12, 14], [13, 15], [14, 48], [14, 16], [14, 28], [14, 15], [15, 19], [15, 17], [15, 20], [15, 33], [16, 17], [16, 49], [17, 33], [17, 23], [18, 52], [18, 20], [18, 22], [19, 51], [19, 39], [20, 68], [20, 23], [21, 40], [21, 57], [21, 62], [21, 71], [22, 64], [22, 23], [22, 26], [23, 68], [23, 61], [24, 53], [24, 25], [24, 46], [25, 65], [25, 67], [25, 37], [26, 53], [26, 70], [27, 48], [27, 68], [27, 61], [28, 59], [28, 30], [29, 67], [29, 38], [29, 30], [29, 63], [30, 31], [31, 32], [31, 40], [32, 52], [32, 37], [32, 57], [32, 43], [33, 35], [34, 35], [34, 36], [35, 60], [35, 36], [36, 65], [36, 70], [36, 56], [38, 51], [39, 40], [40, 41], [40, 62], [41, 43], [41, 46], [42, 43], [42, 44], [43, 45], [44, 64], [44, 59], [45, 46], [45, 47], [46, 60], [47, 49], [47, 62], [49, 70], [50, 69], [51, 53], [52, 66], [53, 54], [53, 55], [54, 56], [55, 56], [55, 57], [56, 58], [57, 58], [58, 59], [58, 60], [59, 68], [59, 60], [60, 61], [60, 63], [61, 62], [62, 69], [63, 64], [64, 66], [65, 66], [66, 67], [69, 70]]}