{"label": 0, "edges": [[0, 80], [0, 1], [0, 2], [0, 16], [1, 80], [1, 2], [1, 3], [2, 3], [2, 4], [3, 4], [3, 5], [4, 5], [4, 6], [5, 18], [5, 6], [6, 24], [6, 38], [6, 7], [7, 8], [7, 9], [8, 54], [8, 76], [9, 10], [9, 11], [10, 11], [10, 12], [11, 12], [11, 13], [11, 17], [12, 78], [12, 13], [12, 14], [13, 79], [13, 14], [13, 15], [14, 16], [14, 62], [14, 15], [15, 16], [15, 17], [15, 34], [15, 77], [16, 17], [17, 19], [18, 48], [18, 19], [18, 20], [19, 21], [19, 38], [20, 21], [20, 22], [21, 22], [21, 23], [22, 24], [22, 23], [23, 24], [23, 25], [23, 64], [24, 25], [25, 59], [25, 26], [25, 47], [26, 27], [26, 28], [27, 28], [27, 29], [28, 29], [28, 30], [29, 30], [29, 31], [30, 71], [30, 31], [31, 32], [31, 33], [32, 33], [32, 34], [33, 34], [33, 35], [34, 35], [35, 36], [35, 37], [36, 37], [36, 38], [37, 38], [37, 39], [38, 39], [38, 40], [39, 40], [39, 41], [39, 50], [40, 41], [40, 42], [41, 42], [41, 43], [42, 43], [42, 44], [43, 44], [43, 45], [44, 77], [44, 79], [45, 61], [45, 46], [45, 47], [46, 48], [46, 47], [47, 48], [47, 49], [48, 49], [48, 74], [49, 50], [49, 51], [50, 52], [51, 52], [51, 53], [52, 64], [52, 69], [53, 54], [53, 55], [54, 56], [54, 55], [55, 56], [55, 57], [55, 66], [56, 57], [56, 58], [57, 58], [57, 59], [58, 59], [58, 60], [58, 76], [59, 61], [60, 61], [60, 62], [61, 63], [62, 64], [63, 64], [63, 65], [64, 66], [64, 75], [65, 80], [65, 66], [66, 67], [67, 68], [67, 69], [68, 69], [68, 70], [69, 70], [69, 71], [70, 72], [70, 71], [71, 72], [71, 73], [72, 73], [72, 74], [73, 74], [73, 75], [74, 76], [75, 76], [76, 77], [77, 79], [78, 80], [79, 80]], "features": {"27": ["cc_22", "deg_3"], "35": ["cc_11", "deg_4"], "43": ["cc_11", "deg_4"], "47": ["cc_10", "deg_5"], "32": ["cc_22", "deg_3"], "56": ["cc_16", "deg_4"], "77": ["cc_5", "deg_4"], "9": ["cc_11", "deg_3"], "33": ["cc_16", "deg_4"], "48": ["cc_6", "deg_5"], "55": ["cc_10", "deg_5"], "0": ["cc_11", "deg_4"], "2": ["cc_16", "deg_4"], "18": ["cc_0", "deg_4"], "5": ["cc_11", "deg_4"], "76": ["cc_0", "deg_5"], "14": ["cc_10", "deg_5"], "38": ["cc_6", "deg_6"], "73": ["cc_11", "deg_4"], "44": ["cc_11", "deg_4"], "39": ["cc_10", "deg_5"], "3": ["cc_16", "deg_4"], "68": ["cc_22", "deg_3"], "28": ["cc_16", "deg_4"], "51": ["cc_0", "deg_3"], "23": ["cc_10", "deg_5"], "19": ["cc_0", "deg_4"], "61": ["cc_0", "deg_4"], "34": ["cc_11", "deg_4"], "75": ["cc_0", "deg_3"], "11": ["cc_10", "deg_5"], "72": ["cc_16", "deg_4"], "17": ["cc_5", "deg_4"], "12": ["cc_10", "deg_5"], "25": ["cc_3", "deg_5"], "24": ["cc_11", "deg_4"], "62": ["cc_0", "deg_3"], "59": ["cc_5", "deg_4"], "69": ["cc_10", "deg_5"], "22": ["cc_16", "deg_4"], "60": ["cc_0", "deg_3"], "70": ["cc_16", "deg_4"], "65": ["cc_0", "deg_3"], "71": ["cc_10", "deg_5"], "15": ["cc_6", "deg_6"], "4": ["cc_16", "deg_4"], "78": ["cc_0", "deg_2"], "80": ["cc_3", "deg_5"], "37": ["cc_16", "deg_4"], "45": ["cc_5", "deg_4"], "42": ["cc_16", "deg_4"], "30": ["cc_11", "deg_4"], "31": ["cc_11", "deg_4"], "66": ["cc_0", "deg_4"], "36": ["cc_22", "deg_3"], "67": ["cc_11", "deg_3"], "57": ["cc_16", "deg_4"], "53": ["cc_11", "deg_3"], "10": ["cc_22", "deg_3"], "49": ["cc_5", "deg_4"], "1": ["cc_16", "deg_4"], "46": ["cc_22", "deg_3"], "79": ["cc_5", "deg_4"], "26": ["cc_11", "deg_3"], "40": ["cc_16", "deg_4"], "41": ["cc_16", "deg_4"], "20": ["cc_11", "deg_3"], "29": ["cc_16", "deg_4"], "52": ["cc_0", "deg_4"], "58": ["cc_6", "deg_5"], "63": ["cc_0", "deg_3"], "64": ["cc_0", "deg_6"], "74": ["cc_5", "deg_4"], "13": ["cc_10", "deg_5"], "6": ["cc_3", "deg_5"], "7": ["cc_0", "deg_3"], "50": ["cc_0", "deg_3"], "8": ["cc_0", "deg_3"], "16": ["cc_11", "deg_4"], "54": ["cc_11", "deg_4"], "21": ["cc_11", "deg_4"]}}