{"label": 2, "edges": [[0, 1], [0, 4], [0, 5], [0, 24], [1, 3], [1, 4], [1, 8], [1, 12], [1, 21], [1, 22], [1, 24], [1, 26], [1, 27], [2, 16], [2, 35], [2, 8], [2, 39], [2, 25], [3, 20], [3, 17], [3, 36], [3, 28], [3, 13], [3, 31], [4, 16], [4, 6], [4, 10], [4, 27], [4, 13], [5, 26], [5, 12], [6, 35], [6, 21], [6, 23], [6, 40], [6, 29], [6, 31], [7, 25], [7, 24], [7, 9], [7, 10], [8, 21], [8, 11], [8, 34], [9, 11], [9, 20], [9, 25], [9, 39], [10, 19], [10, 20], [10, 25], [10, 30], [10, 14], [11, 16], [11, 24], [11, 38], [11, 27], [11, 12], [11, 13], [11, 30], [11, 29], [12, 16], [12, 25], [12, 23], [13, 39], [13, 16], [13, 20], [13, 21], [13, 24], [14, 34], [14, 37], [14, 40], [14, 22], [14, 26], [14, 30], [15, 37], [15, 39], [15, 24], [16, 33], [16, 34], [16, 37], [16, 40], [17, 18], [17, 35], [17, 23], [17, 34], [18, 19], [18, 20], [18, 40], [18, 26], [18, 28], [19, 20], [19, 36], [19, 26], [20, 38], [20, 35], [22, 23], [22, 40], [23, 32], [23, 39], [23, 40], [25, 27], [26, 27], [26, 28], [27, 28], [27, 29], [28, 32], [28, 35], [28, 34], [28, 30], [30, 40], [30, 31], [31, 32], [31, 34], [31, 38], [31, 39], [32, 34], [33, 34], [33, 35], [33, 38], [34, 36], [35, 39], [36, 37]], "features": {"27": ["cc_6", "deg_7"], "22": ["cc_11", "deg_4"], "32": ["cc_11", "deg_4"], "15": ["cc_0", "deg_3"], "4": ["cc_4", "deg_7"], "33": ["cc_5", "deg_4"], "40": ["cc_6", "deg_7"], "35": ["cc_1", "deg_7"], "30": ["cc_4", "deg_6"], "0": ["cc_11", "deg_4"], "2": ["cc_3", "deg_5"], "6": ["cc_1", "deg_7"], "18": ["cc_6", "deg_6"], "5": ["cc_0", "deg_3"], "10": ["cc_4", "deg_7"], "14": ["cc_4", "deg_7"], "1": ["cc_3", "deg_10"], "29": ["cc_11", "deg_3"], "37": ["cc_0", "deg_4"], "8": ["cc_3", "deg_5"], "20": ["cc_3", "deg_8"], "26": ["cc_6", "deg_7"], "3": ["cc_1", "deg_7"], "11": ["cc_2", "deg_10"], "28": ["cc_3", "deg_8"], "39": ["cc_1", "deg_7"], "23": ["cc_3", "deg_7"], "19": ["cc_10", "deg_5"], "36": ["cc_0", "deg_4"], "38": ["cc_0", "deg_4"], "34": ["cc_2", "deg_9"], "13": ["cc_4", "deg_8"], "16": ["cc_3", "deg_9"], "7": ["cc_11", "deg_4"], "17": ["cc_0", "deg_5"], "12": ["cc_2", "deg_6"], "31": ["cc_1", "deg_7"], "25": ["cc_4", "deg_6"], "24": ["cc_4", "deg_6"], "9": ["cc_3", "deg_5"], "21": ["cc_5", "deg_4"]}}