{"label": 2, "features": {"53": ["cc_2", "deg_8"], "47": ["cc_16", "deg_4"], "21": ["cc_0", "deg_5"], "34": ["cc_5", "deg_4"], "41": ["cc_5", "deg_8"], "4": ["cc_6", "deg_7"], "42": ["cc_2", "deg_6"], "12": ["cc_0", "deg_5"], "28": ["cc_4", "deg_7"], "5": ["cc_0", "deg_4"], "3": ["cc_2", "deg_10"], "51": ["cc_5", "deg_4"], "24": ["cc_11", "deg_3"], "56": ["cc_0", "deg_6"], "55": ["cc_3", "deg_5"], "19": ["cc_6", "deg_5"], "54": ["cc_2", "deg_9"], "36": ["cc_0", "deg_3"], "17": ["cc_6", "deg_6"], "11": ["cc_4", "deg_6"], "22": ["cc_6", "deg_5"], "18": ["cc_0", "deg_5"], "2": ["cc_2", "deg_6"], "46": ["cc_3", "deg_9"], "37": ["cc_2", "deg_10"], "38": ["cc_4", "deg_6"], "9": ["cc_3", "deg_8"], "27": ["cc_0", "deg_5"], "58": ["cc_6", "deg_6"], "35": ["cc_0", "deg_4"], "1": ["cc_3", "deg_8"], "16": ["cc_0", "deg_6"], "25": ["cc_6", "deg_6"], "7": ["cc_3", "deg_9"], "39": ["cc_6", "deg_6"], "0": ["cc_3", "deg_5"], "29": ["cc_4", "deg_8"], "13": ["cc_0", "deg_3"], "6": ["cc_4", "deg_6"], "30": ["cc_0", "deg_5"], "14": ["cc_5", "deg_8"], "32": ["cc_3", "deg_5"], "45": ["cc_0", "deg_5"], "10": ["cc_4", "deg_8"], "33": ["cc_4", "deg_7"], "23": ["cc_2", "deg_6"], "48": ["cc_11", "deg_4"], "40": ["cc_6", "deg_6"], "8": ["cc_1", "deg_7"], "44": ["cc_0", "deg_4"], "31": ["cc_1", "deg_9"], "26": ["cc_0", "deg_5"], "43": ["cc_2", "deg_8"], "57": ["cc_2", "deg_6"], "20": ["cc_5", "deg_4"], "50": ["cc_6", "deg_5"], "52": ["cc_0", "deg_6"], "15": ["cc_0", "deg_4"], "49": ["cc_2", "deg_6"]}, "edges": [[0, 33], [0, 18], [0, 37], [0, 8], [0, 46], [1, 4], [1, 42], [1, 11], [1, 49], [1, 21], [1, 22], [1, 58], [1, 28], [2, 57], [2, 23], [2, 52], [2, 43], [2, 45], [2, 31], [3, 32], [3, 33], [3, 41], [3, 11], [3, 12], [3, 47], [3, 48], [3, 44], [3, 53], [3, 29], [4, 53], [4, 22], [4, 7], [4, 25], [4, 58], [4, 43], [5, 52], [5, 6], [5, 7], [5, 55], [6, 51], [6, 54], [6, 41], [6, 26], [6, 21], [7, 25], [7, 40], [7, 9], [7, 10], [7, 27], [7, 13], [7, 46], [8, 34], [8, 13], [8, 16], [8, 51], [8, 22], [8, 29], [9, 49], [9, 34], [9, 36], [9, 39], [9, 10], [9, 43], [9, 14], [10, 32], [10, 16], [10, 25], [10, 24], [10, 39], [10, 44], [11, 50], [11, 37], [11, 57], [11, 31], [12, 16], [12, 21], [12, 25], [12, 27], [13, 23], [14, 37], [14, 38], [14, 39], [14, 17], [14, 22], [14, 26], [14, 29], [15, 54], [15, 38], [15, 28], [15, 53], [16, 18], [16, 46], [16, 45], [17, 18], [17, 21], [17, 39], [17, 29], [17, 31], [18, 41], [18, 57], [19, 52], [19, 37], [19, 55], [19, 28], [19, 46], [20, 37], [20, 23], [20, 40], [20, 46], [21, 52], [22, 38], [23, 57], [23, 27], [23, 28], [24, 25], [24, 26], [25, 38], [26, 42], [26, 45], [27, 52], [27, 30], [28, 37], [28, 58], [28, 55], [29, 34], [29, 38], [29, 49], [29, 31], [30, 49], [30, 55], [30, 45], [30, 31], [31, 35], [31, 37], [31, 53], [31, 56], [32, 36], [32, 56], [32, 47], [33, 48], [33, 35], [33, 46], [33, 55], [33, 58], [34, 52], [35, 54], [35, 42], [36, 37], [37, 50], [37, 54], [38, 56], [39, 41], [39, 45], [40, 50], [40, 53], [40, 58], [40, 46], [41, 49], [41, 54], [41, 51], [41, 47], [42, 50], [42, 56], [42, 43], [43, 48], [43, 50], [43, 53], [43, 54], [44, 56], [44, 46], [46, 53], [47, 54], [48, 58], [49, 54], [51, 57], [53, 57], [54, 56]]}