{"label": 1, "features": {"1": ["cc_33", "deg_2"], "16": ["cc_33", "deg_2"], "4": ["cc_4", "deg_6"], "21": ["cc_2", "deg_6"], "32": ["cc_0", "deg_2"], "34": ["cc_3", "deg_7"], "7": ["cc_3", "deg_5"], "25": ["cc_13", "deg_5"], "0": ["cc_0", "deg_3"], "12": ["cc_11", "deg_3"], "29": ["cc_3", "deg_7"], "28": ["cc_3", "deg_8"], "13": ["cc_11", "deg_3"], "6": ["cc_11", "deg_3"], "30": ["cc_11", "deg_3"], "5": ["cc_4", "deg_6"], "3": ["cc_5", "deg_4"], "24": ["cc_11", "deg_3"], "33": ["cc_5", "deg_4"], "23": ["cc_22", "deg_3"], "27": ["cc_10", "deg_5"], "19": ["cc_5", "deg_4"], "10": ["cc_0", "deg_3"], "17": ["cc_11", "deg_3"], "11": ["cc_11", "deg_3"], "22": ["cc_16", "deg_4"], "18": ["cc_5", "deg_4"], "31": ["cc_11", "deg_3"], "2": ["cc_6", "deg_5"], "26": ["cc_0", "deg_3"], "20": ["cc_3", "deg_5"], "14": ["cc_4", "deg_6"], "9": ["cc_0", "deg_2"], "8": ["cc_0", "deg_2"], "15": ["cc_11", "deg_3"]}, "edges": [[0, 4], [0, 27], [0, 31], [1, 3], [1, 5], [2, 16], [2, 34], [2, 4], [2, 5], [2, 6], [3, 34], [3, 19], [3, 5], [4, 16], [4, 34], [4, 26], [4, 29], [5, 7], [5, 14], [5, 15], [6, 22], [6, 28], [7, 25], [7, 27], [7, 28], [7, 13], [8, 20], [8, 15], [9, 10], [9, 21], [10, 11], [10, 12], [11, 28], [11, 22], [12, 13], [12, 14], [13, 14], [14, 33], [14, 29], [14, 15], [17, 18], [17, 19], [17, 34], [18, 19], [18, 20], [18, 29], [19, 21], [20, 21], [20, 22], [20, 28], [21, 33], [21, 29], [21, 30], [22, 28], [23, 24], [23, 25], [23, 27], [24, 25], [24, 26], [25, 27], [25, 29], [26, 28], [27, 29], [28, 32], [28, 30], [29, 30], [31, 33], [31, 34], [32, 34], [33, 34]]}