{"label": 2, "features": {"47": ["cc_2", "deg_6"], "21": ["cc_3", "deg_5"], "34": ["cc_0", "deg_4"], "41": ["cc_0", "deg_2"], "4": ["cc_0", "deg_2"], "42": ["cc_11", "deg_3"], "12": ["cc_0", "deg_2"], "28": ["cc_2", "deg_6"], "5": ["cc_5", "deg_4"], "3": ["cc_0", "deg_6"], "24": ["cc_0", "deg_6"], "19": ["cc_0", "deg_2"], "36": ["cc_8", "deg_6"], "17": ["cc_0", "deg_5"], "11": ["cc_0", "deg_4"], "22": ["cc_3", "deg_7"], "18": ["cc_0", "deg_3"], "2": ["cc_11", "deg_4"], "46": ["cc_0", "deg_3"], "37": ["cc_0", "deg_2"], "38": ["cc_0", "deg_2"], "9": ["cc_0", "deg_2"], "27": ["cc_16", "deg_4"], "35": ["cc_11", "deg_3"], "1": ["cc_2", "deg_6"], "16": ["cc_4", "deg_6"], "25": ["cc_8", "deg_6"], "7": ["cc_0", "deg_3"], "39": ["cc_5", "deg_4"], "0": ["cc_3", "deg_8"], "29": ["cc_11", "deg_3"], "13": ["cc_0", "deg_6"], "6": ["cc_5", "deg_4"], "30": ["cc_1", "deg_7"], "14": ["cc_0", "deg_2"], "32": ["cc_0", "deg_4"], "45": ["cc_0", "deg_2"], "10": ["cc_0", "deg_3"], "33": ["cc_6", "deg_5"], "23": ["cc_11", "deg_3"], "40": ["cc_5", "deg_4"], "8": ["cc_0", "deg_2"], "44": ["cc_0", "deg_6"], "31": ["cc_0", "deg_3"], "26": ["cc_0", "deg_3"], "43": ["cc_0", "deg_3"], "20": ["cc_0", "deg_2"], "15": ["cc_5", "deg_4"]}, "edges": [[0, 2], [0, 3], [0, 4], [0, 22], [0, 10], [0, 27], [0, 46], [0, 47], [1, 32], [1, 35], [1, 3], [1, 5], [1, 8], [1, 9], [2, 26], [2, 27], [2, 30], [3, 24], [3, 26], [3, 44], [3, 31], [4, 17], [5, 16], [5, 35], [5, 13], [6, 16], [6, 32], [6, 23], [6, 15], [7, 24], [7, 30], [7, 23], [8, 10], [9, 44], [10, 11], [11, 45], [11, 13], [11, 47], [12, 13], [12, 22], [13, 20], [13, 24], [13, 14], [14, 21], [15, 17], [15, 23], [15, 47], [16, 39], [16, 25], [16, 42], [16, 28], [17, 32], [17, 33], [17, 34], [18, 40], [18, 42], [18, 28], [19, 34], [19, 21], [20, 32], [21, 36], [21, 22], [21, 25], [22, 27], [22, 39], [22, 47], [22, 31], [24, 36], [24, 38], [24, 43], [25, 33], [25, 36], [25, 28], [25, 29], [26, 28], [27, 30], [28, 44], [28, 34], [29, 36], [29, 30], [30, 34], [30, 44], [30, 31], [33, 36], [33, 39], [33, 40], [35, 38], [36, 40], [37, 44], [37, 47], [39, 42], [40, 41], [41, 47], [43, 44], [43, 46], [45, 46]]}