{"label": 2, "edges": [[0, 64], [0, 51], [0, 3], [0, 36], [0, 9], [1, 2], [1, 54], [1, 49], [1, 25], [2, 19], [2, 4], [2, 43], [2, 52], [2, 17], [2, 55], [3, 59], [3, 55], [3, 42], [3, 38], [4, 8], [4, 5], [4, 24], [4, 28], [4, 18], [4, 53], [5, 64], [5, 17], [5, 18], [5, 6], [5, 36], [5, 45], [6, 40], [6, 54], [6, 25], [6, 12], [6, 44], [6, 20], [7, 64], [7, 16], [7, 56], [7, 43], [7, 29], [8, 50], [8, 39], [8, 20], [8, 58], [8, 30], [9, 27], [9, 38], [9, 56], [9, 12], [9, 61], [10, 51], [10, 55], [10, 23], [10, 28], [10, 46], [10, 63], [11, 19], [11, 51], [11, 44], [11, 42], [11, 12], [11, 26], [12, 64], [12, 35], [12, 30], [12, 23], [12, 53], [13, 48], [13, 37], [13, 43], [13, 14], [14, 16], [14, 25], [14, 15], [15, 32], [15, 17], [15, 23], [15, 43], [15, 31], [16, 17], [16, 18], [16, 25], [16, 43], [17, 64], [17, 59], [17, 45], [18, 54], [18, 31], [18, 43], [18, 60], [19, 59], [19, 54], [19, 24], [19, 41], [20, 23], [20, 39], [20, 29], [20, 62], [21, 49], [21, 65], [21, 24], [21, 26], [21, 59], [21, 47], [22, 23], [22, 27], [22, 45], [23, 53], [23, 55], [24, 51], [24, 52], [24, 29], [24, 31], [25, 36], [25, 39], [25, 40], [26, 32], [26, 38], [26, 27], [26, 29], [27, 59], [27, 47], [28, 33], [28, 37], [28, 60], [29, 32], [29, 34], [29, 40], [29, 61], [30, 32], [30, 33], [30, 65], [30, 62], [30, 31], [31, 32], [31, 59], [31, 63], [31, 61], [32, 36], [32, 62], [32, 41], [33, 49], [33, 41], [34, 35], [34, 55], [34, 40], [34, 60], [35, 56], [35, 43], [35, 47], [36, 37], [36, 59], [36, 62], [37, 64], [37, 50], [37, 41], [38, 40], [38, 57], [38, 59], [38, 42], [39, 42], [39, 63], [40, 48], [40, 55], [41, 44], [41, 47], [41, 52], [43, 64], [43, 65], [43, 50], [44, 55], [45, 61], [46, 53], [46, 57], [46, 61], [47, 65], [47, 55], [47, 61], [48, 50], [48, 51], [48, 53], [49, 51], [50, 56], [50, 51], [50, 52], [51, 54], [51, 56], [52, 58], [54, 57], [55, 61], [57, 62], [57, 58], [57, 60], [58, 60], [60, 65], [60, 63]], "features": {"27": ["cc_0", "deg_5"], "35": ["cc_0", "deg_5"], "43": ["cc_2", "deg_10"], "47": ["cc_3", "deg_7"], "32": ["cc_5", "deg_8"], "56": ["cc_3", "deg_5"], "9": ["cc_0", "deg_6"], "33": ["cc_0", "deg_4"], "48": ["cc_3", "deg_5"], "55": ["cc_2", "deg_9"], "0": ["cc_0", "deg_5"], "2": ["cc_0", "deg_7"], "18": ["cc_3", "deg_7"], "5": ["cc_4", "deg_7"], "14": ["cc_5", "deg_4"], "38": ["cc_3", "deg_7"], "44": ["cc_0", "deg_4"], "39": ["cc_3", "deg_5"], "3": ["cc_6", "deg_5"], "28": ["cc_0", "deg_5"], "51": ["cc_1", "deg_9"], "23": ["cc_3", "deg_7"], "19": ["cc_0", "deg_6"], "61": ["cc_1", "deg_7"], "34": ["cc_6", "deg_5"], "11": ["cc_0", "deg_6"], "17": ["cc_3", "deg_7"], "12": ["cc_1", "deg_8"], "25": ["cc_3", "deg_7"], "24": ["cc_0", "deg_7"], "62": ["cc_6", "deg_5"], "59": ["cc_1", "deg_8"], "22": ["cc_0", "deg_3"], "60": ["cc_1", "deg_7"], "65": ["cc_3", "deg_5"], "15": ["cc_2", "deg_6"], "4": ["cc_1", "deg_7"], "37": ["cc_0", "deg_6"], "45": ["cc_5", "deg_4"], "42": ["cc_5", "deg_4"], "30": ["cc_3", "deg_7"], "31": ["cc_2", "deg_8"], "36": ["cc_1", "deg_7"], "57": ["cc_2", "deg_6"], "53": ["cc_3", "deg_5"], "10": ["cc_2", "deg_6"], "49": ["cc_0", "deg_4"], "1": ["cc_0", "deg_4"], "46": ["cc_0", "deg_4"], "26": ["cc_2", "deg_6"], "40": ["cc_4", "deg_7"], "41": ["cc_0", "deg_7"], "20": ["cc_2", "deg_6"], "29": ["cc_2", "deg_8"], "52": ["cc_0", "deg_5"], "58": ["cc_5", "deg_4"], "63": ["cc_0", "deg_4"], "64": ["cc_3", "deg_7"], "13": ["cc_0", "deg_4"], "6": ["cc_1", "deg_7"], "7": ["cc_6", "deg_5"], "50": ["cc_3", "deg_7"], "8": ["cc_2", "deg_6"], "16": ["cc_6", "deg_6"], "54": ["cc_0", "deg_6"], "21": ["cc_2", "deg_6"]}}