{"label": 2, "features": {"53": ["cc_0", "deg_1"], "47": ["cc_0", "deg_1"], "21": ["cc_0", "deg_3"], "34": ["cc_0", "deg_1"], "41": ["cc_0", "deg_3"], "4": ["cc_0", "deg_1"], "42": ["cc_0", "deg_1"], "12": ["cc_0", "deg_2"], "28": ["cc_0", "deg_1"], "5": ["cc_0", "deg_6"], "3": ["cc_0", "deg_1"], "51": ["cc_0", "deg_1"], "24": ["cc_0", "deg_2"], "56": ["cc_0", "deg_2"], "55": ["cc_0", "deg_3"], "19": ["cc_0", "deg_1"], "54": ["cc_0", "deg_1"], "36": ["cc_0", "deg_1"], "17": ["cc_0", "deg_3"], "11": ["cc_0", "deg_2"], "22": ["cc_0", "deg_1"], "18": ["cc_0", "deg_2"], "59": ["cc_0", "deg_2"], "2": ["cc_0", "deg_6"], "46": ["cc_0", "deg_3"], "37": ["cc_0", "deg_4"], "38": ["cc_0", "deg_2"], "9": ["cc_0", "deg_1"], "27": ["cc_0", "deg_2"], "58": ["cc_0", "deg_3"], "35": ["cc_0", "deg_3"], "1": ["cc_0", "deg_2"], "16": ["cc_0", "deg_1"], "25": ["cc_0", "deg_2"], "7": ["cc_0", "deg_1"], "39": ["cc_0", "deg_1"], "0": ["cc_0", "deg_2"], "29": ["cc_0", "deg_3"], "13": ["cc_0", "deg_2"], "6": ["cc_0", "deg_2"], "30": ["cc_0", "deg_2"], "14": ["cc_0", "deg_1"], "32": ["cc_0", "deg_2"], "45": ["cc_0", "deg_4"], "10": ["cc_0", "deg_1"], "33": ["cc_0", "deg_2"], "23": ["cc_0", "deg_2"], "48": ["cc_0", "deg_3"], "40": ["cc_0", "deg_1"], "8": ["cc_0", "deg_3"], "44": ["cc_0", "deg_2"], "31": ["cc_0", "deg_2"], "26": ["cc_0", "deg_1"], "43": ["cc_0", "deg_1"], "57": ["cc_0", "deg_1"], "20": ["cc_0", "deg_1"], "50": ["cc_0", "deg_1"], "52": ["cc_0", "deg_2"], "15": ["cc_0", "deg_3"], "49": ["cc_0", "deg_3"]}, "edges": [[0, 1], [0, 22], [1, 37], [2, 3], [2, 53], [2, 8], [2, 57], [2, 27], [2, 46], [4, 8], [5, 32], [5, 6], [5, 41], [5, 42], [5, 43], [5, 29], [6, 55], [7, 17], [8, 36], [9, 23], [10, 11], [11, 49], [12, 23], [12, 31], [13, 58], [13, 50], [14, 15], [15, 49], [15, 58], [16, 41], [17, 24], [17, 31], [18, 20], [18, 30], [19, 35], [21, 51], [21, 52], [21, 45], [24, 25], [25, 27], [26, 32], [28, 56], [29, 38], [29, 55], [30, 48], [33, 35], [33, 45], [34, 45], [35, 37], [37, 46], [37, 38], [39, 44], [40, 41], [44, 45], [46, 47], [48, 56], [48, 49], [52, 59], [54, 55], [58, 59]]}