{"label": 0, "edges": [[0, 1], [0, 75], [1, 62], [2, 3], [3, 9], [3, 6], [4, 5], [5, 6], [7, 8], [7, 32], [8, 9], [8, 15], [9, 49], [10, 11], [11, 12], [12, 13], [13, 14], [14, 56], [14, 73], [15, 19], [16, 17], [17, 70], [18, 19], [20, 21], [21, 53], [22, 23], [23, 71], [24, 25], [25, 26], [25, 60], [25, 45], [26, 27], [26, 41], [27, 28], [28, 74], [28, 29], [29, 70], [29, 30], [30, 51], [31, 32], [33, 34], [34, 35], [35, 36], [35, 42], [36, 37], [37, 38], [38, 66], [39, 40], [40, 63], [40, 46], [41, 67], [43, 44], [44, 51], [44, 45], [46, 47], [47, 48], [48, 49], [49, 50], [50, 51], [52, 53], [53, 54], [54, 55], [55, 56], [56, 57], [57, 58], [58, 65], [59, 60], [61, 62], [62, 63], [64, 65], [65, 66], [66, 67], [68, 69], [69, 70], [71, 72], [72, 73]], "features": {"27": ["cc_0", "deg_2"], "35": ["cc_0", "deg_3"], "43": ["cc_0", "deg_1"], "47": ["cc_0", "deg_2"], "32": ["cc_0", "deg_2"], "56": ["cc_0", "deg_3"], "9": ["cc_0", "deg_3"], "33": ["cc_0", "deg_1"], "48": ["cc_0", "deg_2"], "55": ["cc_0", "deg_2"], "0": ["cc_0", "deg_2"], "2": ["cc_0", "deg_1"], "18": ["cc_0", "deg_1"], "5": ["cc_0", "deg_2"], "14": ["cc_0", "deg_3"], "38": ["cc_0", "deg_2"], "73": ["cc_0", "deg_2"], "44": ["cc_0", "deg_3"], "39": ["cc_0", "deg_1"], "3": ["cc_0", "deg_3"], "68": ["cc_0", "deg_1"], "28": ["cc_0", "deg_3"], "51": ["cc_0", "deg_3"], "23": ["cc_0", "deg_2"], "19": ["cc_0", "deg_2"], "61": ["cc_0", "deg_1"], "34": ["cc_0", "deg_2"], "75": ["cc_0", "deg_1"], "11": ["cc_0", "deg_2"], "72": ["cc_0", "deg_2"], "17": ["cc_0", "deg_2"], "12": ["cc_0", "deg_2"], "25": ["cc_0", "deg_4"], "24": ["cc_0", "deg_1"], "62": ["cc_0", "deg_3"], "59": ["cc_0", "deg_1"], "69": ["cc_0", "deg_2"], "22": ["cc_0", "deg_1"], "60": ["cc_0", "deg_2"], "70": ["cc_0", "deg_3"], "65": ["cc_0", "deg_3"], "71": ["cc_0", "deg_2"], "15": ["cc_0", "deg_2"], "4": ["cc_0", "deg_1"], "37": ["cc_0", "deg_2"], "45": ["cc_0", "deg_2"], "42": ["cc_0", "deg_1"], "30": ["cc_0", "deg_2"], "31": ["cc_0", "deg_1"], "66": ["cc_0", "deg_3"], "36": ["cc_0", "deg_2"], "67": ["cc_0", "deg_2"], "57": ["cc_0", "deg_2"], "53": ["cc_0", "deg_3"], "10": ["cc_0", "deg_1"], "49": ["cc_0", "deg_3"], "1": ["cc_0", "deg_2"], "46": ["cc_0", "deg_2"], "26": ["cc_0", "deg_3"], "40": ["cc_0", "deg_3"], "41": ["cc_0", "deg_2"], "20": ["cc_0", "deg_1"], "29": ["cc_0", "deg_3"], "52": ["cc_0", "deg_1"], "58": ["cc_0", "deg_2"], "63": ["cc_0", "deg_2"], "64": ["cc_0", "deg_1"], "74": ["cc_0", "deg_1"], "13": ["cc_0", "deg_2"], "6": ["cc_0", "deg_2"], "7": ["cc_0", "deg_2"], "50": ["cc_0", "deg_2"], "8": ["cc_0", "deg_3"], "16": ["cc_0", "deg_1"], "54": ["cc_0", "deg_2"], "21": ["cc_0", "deg_2"]}}