{"label": 2, "features": {"47": ["cc_0", "deg_7"], "21": ["cc_0", "deg_4"], "34": ["cc_0", "deg_3"], "41": ["cc_11", "deg_4"], "4": ["cc_0", "deg_4"], "42": ["cc_6", "deg_5"], "12": ["cc_0", "deg_4"], "28": ["cc_5", "deg_4"], "5": ["cc_3", "deg_5"], "3": ["cc_3", "deg_5"], "24": ["cc_0", "deg_4"], "19": ["cc_1", "deg_7"], "36": ["cc_0", "deg_5"], "17": ["cc_0", "deg_4"], "11": ["cc_0", "deg_2"], "22": ["cc_0", "deg_4"], "18": ["cc_0", "deg_3"], "2": ["cc_0", "deg_2"], "46": ["cc_5", "deg_4"], "37": ["cc_0", "deg_6"], "38": ["cc_5", "deg_4"], "9": ["cc_0", "deg_3"], "27": ["cc_0", "deg_5"], "35": ["cc_0", "deg_3"], "1": ["cc_11", "deg_3"], "16": ["cc_0", "deg_3"], "25": ["cc_0", "deg_5"], "7": ["cc_0", "deg_3"], "39": ["cc_6", "deg_6"], "0": ["cc_0", "deg_2"], "29": ["cc_5", "deg_4"], "13": ["cc_0", "deg_3"], "6": ["cc_5", "deg_4"], "30": ["cc_0", "deg_5"], "14": ["cc_0", "deg_4"], "32": ["cc_0", "deg_3"], "45": ["cc_0", "deg_5"], "10": ["cc_11", "deg_3"], "33": ["cc_0", "deg_3"], "23": ["cc_0", "deg_2"], "40": ["cc_3", "deg_5"], "8": ["cc_4", "deg_6"], "44": ["cc_2", "deg_6"], "31": ["cc_0", "deg_4"], "26": ["cc_0", "deg_2"], "43": ["cc_0", "deg_4"], "20": ["cc_0", "deg_4"], "15": ["cc_0", "deg_2"]}, "edges": [[0, 19], [0, 30], [1, 41], [1, 42], [1, 39], [2, 37], [2, 39], [3, 4], [3, 40], [3, 28], [3, 26], [3, 44], [4, 36], [4, 6], [4, 8], [5, 35], [5, 22], [5, 6], [5, 29], [5, 14], [6, 24], [6, 29], [7, 8], [7, 44], [7, 14], [8, 19], [8, 10], [8, 42], [8, 45], [9, 34], [9, 20], [9, 47], [10, 37], [10, 42], [11, 19], [11, 13], [12, 19], [12, 25], [12, 28], [12, 29], [13, 45], [13, 22], [14, 16], [14, 37], [15, 43], [15, 31], [16, 17], [16, 18], [17, 25], [17, 47], [17, 30], [18, 32], [18, 20], [19, 33], [19, 42], [19, 44], [20, 42], [20, 22], [21, 33], [21, 27], [21, 28], [21, 31], [22, 47], [23, 38], [23, 47], [24, 25], [24, 47], [24, 31], [25, 44], [25, 27], [26, 47], [27, 40], [27, 30], [27, 46], [28, 44], [29, 31], [30, 36], [30, 37], [32, 33], [32, 34], [34, 36], [35, 41], [35, 37], [36, 44], [36, 45], [37, 38], [38, 39], [38, 46], [39, 40], [39, 41], [39, 46], [40, 41], [40, 43], [43, 45], [43, 46], [45, 47]]}