{"label": 0, "features": {"68": ["cc_33", "deg_2"], "21": ["cc_16", "deg_4"], "34": ["cc_0", "deg_3"], "94": ["cc_16", "deg_4"], "58": ["cc_33", "deg_2"], "69": ["cc_6", "deg_5"], "42": ["cc_22", "deg_3"], "12": ["cc_16", "deg_4"], "66": ["cc_11", "deg_4"], "5": ["cc_16", "deg_4"], "61": ["cc_16", "deg_4"], "91": ["cc_11", "deg_4"], "51": ["cc_11", "deg_4"], "24": ["cc_0", "deg_3"], "56": ["cc_11", "deg_4"], "55": ["cc_16", "deg_4"], "17": ["cc_11", "deg_4"], "22": ["cc_11", "deg_4"], "74": ["cc_10", "deg_5"], "59": ["cc_11", "deg_4"], "46": ["cc_11", "deg_3"], "37": ["cc_11", "deg_4"], "38": ["cc_0", "deg_2"], "81": ["cc_16", "deg_4"], "95": ["cc_10", "deg_5"], "90": ["cc_5", "deg_4"], "35": ["cc_5", "deg_4"], "47": ["cc_11", "deg_4"], "16": ["cc_10", "deg_5"], "65": ["cc_16", "deg_4"], "23": ["cc_5", "deg_4"], "7": ["cc_10", "deg_5"], "82": ["cc_16", "deg_4"], "29": ["cc_11", "deg_3"], "93": ["cc_10", "deg_5"], "13": ["cc_10", "deg_5"], "6": ["cc_16", "deg_4"], "30": ["cc_5", "deg_4"], "14": ["cc_16", "deg_4"], "40": ["cc_11", "deg_3"], "33": ["cc_0", "deg_3"], "73": ["cc_6", "deg_6"], "76": ["cc_16", "deg_4"], "8": ["cc_16", "deg_4"], "44": ["cc_11", "deg_4"], "26": ["cc_11", "deg_4"], "43": ["cc_16", "deg_4"], "57": ["cc_6", "deg_5"], "20": ["cc_10", "deg_5"], "89": ["cc_5", "deg_4"], "80": ["cc_16", "deg_4"], "70": ["cc_16", "deg_4"], "84": ["cc_16", "deg_4"], "53": ["cc_11", "deg_3"], "1": ["cc_11", "deg_4"], "54": ["cc_11", "deg_4"], "41": ["cc_10", "deg_5"], "4": ["cc_6", "deg_5"], "39": ["cc_11", "deg_4"], "28": ["cc_5", "deg_4"], "25": ["cc_11", "deg_3"], "78": ["cc_16", "deg_4"], "3": ["cc_11", "deg_3"], "64": ["cc_16", "deg_4"], "72": ["cc_16", "deg_4"], "87": ["cc_16", "deg_4"], "19": ["cc_11", "deg_4"], "92": ["cc_10", "deg_5"], "86": ["cc_16", "deg_4"], "62": ["cc_16", "deg_4"], "11": ["cc_22", "deg_3"], "18": ["cc_11", "deg_3"], "67": ["cc_5", "deg_4"], "2": ["cc_5", "deg_4"], "9": ["cc_11", "deg_4"], "27": ["cc_11", "deg_4"], "15": ["cc_10", "deg_5"], "71": ["cc_10", "deg_5"], "88": ["cc_11", "deg_4"], "0": ["cc_10", "deg_5"], "63": ["cc_16", "deg_4"], "32": ["cc_0", "deg_4"], "45": ["cc_5", "deg_4"], "36": ["cc_11", "deg_3"], "83": ["cc_16", "deg_4"], "48": ["cc_16", "deg_4"], "79": ["cc_16", "deg_4"], "77": ["cc_16", "deg_4"], "10": ["cc_6", "deg_5"], "85": ["cc_16", "deg_4"], "31": ["cc_5", "deg_4"], "75": ["cc_10", "deg_5"], "50": ["cc_16", "deg_4"], "60": ["cc_16", "deg_4"], "52": ["cc_5", "deg_4"], "49": ["cc_16", "deg_4"]}, "edges": [[0, 1], [0, 2], [0, 45], [0, 94], [0, 95], [1, 2], [1, 3], [1, 95], [2, 4], [2, 71], [3, 4], [3, 5], [4, 32], [4, 5], [4, 6], [5, 6], [5, 7], [6, 8], [6, 7], [7, 8], [7, 9], [7, 52], [8, 9], [8, 10], [9, 10], [9, 92], [10, 11], [10, 12], [10, 40], [11, 12], [11, 13], [12, 13], [12, 14], [13, 36], [13, 14], [13, 15], [14, 16], [14, 15], [15, 16], [15, 17], [15, 89], [16, 17], [16, 18], [16, 57], [17, 57], [17, 19], [18, 19], [18, 20], [19, 20], [19, 21], [20, 66], [20, 21], [20, 22], [21, 22], [21, 23], [22, 24], [22, 23], [23, 25], [23, 90], [24, 32], [24, 26], [25, 26], [25, 27], [26, 27], [26, 28], [27, 28], [27, 29], [28, 30], [28, 95], [29, 30], [29, 31], [30, 69], [30, 31], [31, 32], [31, 33], [32, 34], [33, 75], [33, 35], [34, 73], [34, 35], [35, 36], [35, 37], [36, 37], [37, 41], [37, 39], [38, 93], [38, 39], [39, 40], [39, 41], [40, 41], [41, 42], [41, 43], [42, 43], [42, 44], [43, 44], [43, 45], [44, 45], [44, 46], [45, 47], [46, 48], [46, 47], [47, 48], [47, 49], [48, 49], [48, 50], [49, 50], [49, 51], [50, 51], [50, 52], [51, 52], [51, 53], [52, 54], [53, 54], [53, 55], [54, 56], [54, 55], [55, 56], [55, 57], [56, 57], [56, 74], [57, 59], [58, 59], [58, 60], [59, 60], [59, 61], [60, 61], [60, 62], [61, 62], [61, 63], [62, 64], [62, 63], [63, 64], [63, 65], [64, 65], [64, 66], [65, 66], [65, 67], [66, 67], [67, 69], [67, 73], [68, 69], [68, 70], [69, 70], [69, 71], [70, 72], [70, 71], [71, 72], [71, 73], [72, 73], [72, 74], [73, 74], [73, 75], [74, 75], [74, 76], [75, 76], [75, 77], [76, 77], [76, 78], [77, 78], [77, 79], [78, 80], [78, 79], [79, 80], [79, 81], [80, 81], [80, 82], [81, 82], [81, 83], [82, 83], [82, 84], [83, 84], [83, 85], [84, 85], [84, 86], [85, 86], [85, 87], [86, 88], [86, 87], [87, 88], [87, 89], [88, 89], [88, 90], [89, 91], [90, 91], [90, 92], [91, 92], [91, 93], [92, 93], [92, 94], [93, 94], [93, 95], [94, 95]]}