{"label": 0, "features": {"47": ["cc_0", "deg_4"], "21": ["cc_3", "deg_5"], "34": ["cc_11", "deg_3"], "41": ["cc_10", "deg_5"], "4": ["cc_5", "deg_4"], "42": ["cc_6", "deg_5"], "12": ["cc_11", "deg_3"], "28": ["cc_16", "deg_4"], "5": ["cc_1", "deg_7"], "3": ["cc_5", "deg_4"], "24": ["cc_11", "deg_4"], "19": ["cc_16", "deg_4"], "36": ["cc_16", "deg_4"], "17": ["cc_16", "deg_4"], "11": ["cc_0", "deg_4"], "22": ["cc_0", "deg_3"], "18": ["cc_16", "deg_4"], "2": ["cc_0", "deg_3"], "46": ["cc_0", "deg_4"], "37": ["cc_16", "deg_4"], "38": ["cc_16", "deg_4"], "9": ["cc_5", "deg_4"], "27": ["cc_10", "deg_5"], "35": ["cc_11", "deg_4"], "1": ["cc_0", "deg_4"], "16": ["cc_22", "deg_3"], "25": ["cc_16", "deg_4"], "7": ["cc_0", "deg_4"], "39": ["cc_6", "deg_6"], "0": ["cc_0", "deg_3"], "29": ["cc_11", "deg_4"], "13": ["cc_22", "deg_3"], "6": ["cc_0", "deg_2"], "30": ["cc_5", "deg_4"], "14": ["cc_11", "deg_4"], "32": ["cc_0", "deg_3"], "45": ["cc_0", "deg_4"], "10": ["cc_3", "deg_5"], "33": ["cc_0", "deg_4"], "23": ["cc_11", "deg_3"], "40": ["cc_16", "deg_4"], "8": ["cc_11", "deg_3"], "44": ["cc_0", "deg_3"], "31": ["cc_0", "deg_3"], "26": ["cc_10", "deg_5"], "43": ["cc_5", "deg_4"], "20": ["cc_4", "deg_6"], "15": ["cc_6", "deg_5"]}, "edges": [[0, 1], [0, 27], [0, 46], [1, 2], [1, 3], [1, 47], [2, 11], [2, 4], [3, 4], [3, 5], [3, 14], [4, 10], [4, 5], [5, 39], [5, 31], [5, 7], [5, 44], [5, 47], [6, 8], [6, 33], [7, 20], [7, 9], [7, 15], [8, 9], [8, 10], [9, 10], [9, 11], [10, 20], [10, 12], [11, 20], [11, 47], [12, 13], [12, 14], [13, 14], [13, 15], [14, 15], [15, 16], [15, 17], [16, 17], [16, 18], [17, 18], [17, 19], [18, 19], [18, 20], [19, 20], [19, 21], [20, 21], [21, 43], [21, 22], [21, 23], [22, 24], [22, 39], [23, 24], [23, 25], [24, 25], [24, 26], [25, 26], [25, 27], [26, 27], [26, 28], [26, 33], [27, 28], [27, 29], [28, 29], [28, 30], [29, 30], [29, 31], [30, 41], [30, 46], [31, 32], [32, 33], [32, 34], [33, 35], [34, 35], [34, 36], [35, 36], [35, 37], [36, 37], [36, 38], [37, 38], [37, 39], [38, 40], [38, 39], [39, 40], [39, 41], [40, 41], [40, 42], [41, 42], [41, 43], [42, 43], [42, 44], [42, 46], [43, 45], [44, 45], [45, 46], [45, 47]]}