{"label": 2, "features": {"53": ["cc_0", "deg_3"], "47": ["cc_0", "deg_5"], "21": ["cc_0", "deg_5"], "34": ["cc_11", "deg_3"], "41": ["cc_2", "deg_6"], "4": ["cc_4", "deg_9"], "42": ["cc_4", "deg_7"], "12": ["cc_0", "deg_4"], "28": ["cc_0", "deg_4"], "5": ["cc_4", "deg_7"], "61": ["cc_2", "deg_6"], "3": ["cc_5", "deg_4"], "51": ["cc_3", "deg_5"], "24": ["cc_2", "deg_8"], "56": ["cc_0", "deg_5"], "55": ["cc_0", "deg_6"], "19": ["cc_0", "deg_10"], "54": ["cc_2", "deg_6"], "36": ["cc_0", "deg_5"], "17": ["cc_2", "deg_6"], "11": ["cc_2", "deg_8"], "22": ["cc_2", "deg_6"], "18": ["cc_2", "deg_11"], "59": ["cc_3", "deg_5"], "2": ["cc_0", "deg_6"], "46": ["cc_2", "deg_9"], "37": ["cc_0", "deg_4"], "38": ["cc_2", "deg_9"], "9": ["cc_2", "deg_8"], "27": ["cc_0", "deg_5"], "58": ["cc_3", "deg_7"], "35": ["cc_0", "deg_4"], "1": ["cc_11", "deg_4"], "16": ["cc_0", "deg_6"], "25": ["cc_1", "deg_7"], "7": ["cc_5", "deg_4"], "39": ["cc_5", "deg_4"], "0": ["cc_0", "deg_6"], "29": ["cc_3", "deg_5"], "13": ["cc_2", "deg_9"], "6": ["cc_2", "deg_6"], "30": ["cc_0", "deg_5"], "14": ["cc_0", "deg_7"], "32": ["cc_3", "deg_5"], "45": ["cc_4", "deg_8"], "10": ["cc_4", "deg_6"], "33": ["cc_2", "deg_6"], "23": ["cc_1", "deg_9"], "48": ["cc_0", "deg_5"], "40": ["cc_5", "deg_4"], "8": ["cc_3", "deg_5"], "44": ["cc_0", "deg_5"], "31": ["cc_3", "deg_5"], "26": ["cc_5", "deg_4"], "43": ["cc_0", "deg_5"], "57": ["cc_0", "deg_8"], "20": ["cc_3", "deg_7"], "50": ["cc_4", "deg_7"], "60": ["cc_1", "deg_7"], "52": ["cc_11", "deg_4"], "15": ["cc_2", "deg_6"], "49": ["cc_1", "deg_7"]}, "edges": [[0, 19], [0, 36], [0, 5], [0, 6], [0, 57], [0, 44], [1, 3], [1, 5], [1, 20], [1, 45], [2, 48], [2, 52], [2, 33], [2, 27], [2, 44], [2, 14], [3, 5], [3, 13], [3, 16], [4, 24], [4, 51], [4, 52], [4, 33], [4, 54], [4, 40], [4, 9], [4, 10], [4, 42], [5, 18], [5, 20], [5, 21], [5, 59], [6, 14], [6, 29], [6, 49], [6, 60], [6, 61], [7, 50], [7, 19], [7, 20], [7, 38], [8, 21], [8, 9], [8, 42], [8, 12], [8, 13], [9, 43], [9, 19], [9, 54], [9, 23], [9, 28], [9, 13], [10, 33], [10, 40], [10, 27], [10, 45], [10, 47], [11, 18], [11, 51], [11, 46], [11, 54], [11, 25], [11, 42], [11, 38], [11, 61], [12, 46], [12, 25], [12, 43], [13, 38], [13, 39], [13, 45], [13, 14], [13, 57], [13, 25], [14, 54], [14, 22], [14, 50], [14, 30], [15, 32], [15, 36], [15, 41], [15, 31], [15, 61], [15, 44], [16, 48], [16, 23], [16, 25], [16, 28], [16, 47], [17, 18], [17, 59], [17, 23], [17, 43], [17, 50], [17, 45], [18, 34], [18, 44], [18, 47], [18, 50], [18, 20], [18, 57], [18, 25], [18, 58], [19, 39], [19, 47], [19, 49], [19, 58], [19, 59], [19, 26], [19, 31], [20, 48], [20, 23], [20, 55], [21, 40], [21, 41], [21, 60], [22, 56], [22, 37], [22, 51], [22, 59], [22, 29], [23, 34], [23, 41], [23, 60], [23, 58], [23, 31], [24, 46], [24, 38], [24, 57], [24, 58], [24, 61], [24, 30], [24, 45], [25, 49], [25, 33], [26, 44], [26, 42], [26, 46], [27, 49], [27, 36], [27, 55], [28, 50], [28, 57], [29, 36], [29, 53], [29, 59], [30, 49], [30, 43], [30, 35], [31, 32], [31, 55], [32, 48], [32, 33], [32, 57], [33, 56], [34, 50], [35, 54], [35, 41], [35, 46], [36, 39], [37, 57], [37, 61], [37, 46], [38, 45], [38, 49], [38, 50], [38, 56], [38, 55], [39, 45], [40, 56], [41, 58], [41, 53], [42, 52], [42, 53], [42, 46], [43, 48], [45, 46], [46, 47], [49, 61], [51, 52], [51, 60], [54, 60], [55, 57], [55, 60], [56, 58], [58, 60]]}