{"label": 2, "edges": [[0, 3], [0, 20], [0, 37], [0, 41], [1, 33], [1, 19], [1, 4], [1, 37], [1, 10], [2, 20], [2, 5], [2, 42], [2, 27], [2, 26], [3, 18], [3, 34], [3, 4], [3, 20], [3, 29], [4, 6], [4, 10], [4, 11], [4, 15], [5, 21], [5, 8], [5, 42], [5, 44], [5, 10], [5, 15], [6, 7], [6, 8], [6, 9], [6, 26], [6, 45], [6, 20], [6, 36], [7, 33], [7, 11], [7, 27], [7, 14], [8, 35], [8, 41], [8, 10], [8, 29], [9, 16], [9, 34], [9, 20], [10, 12], [10, 13], [10, 45], [11, 33], [11, 39], [11, 42], [11, 12], [11, 14], [12, 34], [12, 31], [13, 34], [13, 35], [13, 21], [13, 45], [14, 16], [14, 34], [14, 40], [15, 17], [15, 21], [16, 17], [16, 18], [16, 19], [16, 40], [16, 45], [17, 19], [17, 37], [17, 41], [17, 28], [18, 39], [18, 44], [18, 28], [19, 34], [19, 20], [19, 22], [19, 31], [20, 34], [20, 23], [21, 35], [21, 38], [21, 23], [21, 46], [22, 37], [22, 23], [22, 25], [22, 29], [22, 31], [23, 41], [23, 25], [23, 26], [23, 44], [24, 35], [24, 36], [24, 25], [24, 45], [25, 33], [25, 38], [25, 28], [26, 28], [26, 46], [26, 45], [27, 33], [27, 42], [27, 29], [27, 45], [28, 38], [28, 39], [28, 30], [29, 36], [30, 35], [30, 43], [30, 37], [30, 42], [30, 31], [31, 32], [32, 34], [32, 42], [32, 45], [33, 38], [33, 42], [35, 36], [35, 38], [36, 39], [36, 44], [37, 42], [38, 40], [39, 40], [39, 42], [40, 43], [41, 43], [41, 46], [42, 43], [43, 44], [43, 46], [44, 46]], "features": {"27": ["cc_6", "deg_6"], "35": ["cc_4", "deg_7"], "43": ["cc_6", "deg_6"], "32": ["cc_0", "deg_4"], "9": ["cc_11", "deg_4"], "33": ["cc_7", "deg_7"], "0": ["cc_5", "deg_4"], "2": ["cc_6", "deg_5"], "18": ["cc_3", "deg_5"], "5": ["cc_4", "deg_7"], "14": ["cc_6", "deg_5"], "38": ["cc_6", "deg_6"], "44": ["cc_2", "deg_6"], "39": ["cc_4", "deg_6"], "3": ["cc_4", "deg_6"], "28": ["cc_3", "deg_7"], "23": ["cc_1", "deg_7"], "19": ["cc_4", "deg_7"], "34": ["cc_3", "deg_8"], "11": ["cc_6", "deg_7"], "17": ["cc_2", "deg_6"], "12": ["cc_0", "deg_4"], "25": ["cc_6", "deg_6"], "24": ["cc_5", "deg_4"], "22": ["cc_4", "deg_6"], "15": ["cc_5", "deg_4"], "4": ["cc_2", "deg_6"], "37": ["cc_2", "deg_6"], "45": ["cc_2", "deg_8"], "42": ["cc_5", "deg_10"], "30": ["cc_4", "deg_6"], "31": ["cc_3", "deg_5"], "36": ["cc_2", "deg_6"], "10": ["cc_4", "deg_7"], "1": ["cc_3", "deg_5"], "46": ["cc_6", "deg_5"], "26": ["cc_2", "deg_6"], "40": ["cc_3", "deg_5"], "41": ["cc_2", "deg_6"], "20": ["cc_5", "deg_8"], "29": ["cc_0", "deg_5"], "13": ["cc_6", "deg_5"], "6": ["cc_2", "deg_8"], "7": ["cc_10", "deg_5"], "8": ["cc_2", "deg_6"], "16": ["cc_3", "deg_7"], "21": ["cc_4", "deg_7"]}}