{"label": 0, "features": {"53": ["cc_10", "deg_5"], "47": ["cc_20", "deg_6"], "68": ["cc_12", "deg_7"], "21": ["cc_20", "deg_5"], "34": ["cc_8", "deg_6"], "67": ["cc_20", "deg_6"], "41": ["cc_23", "deg_5"], "4": ["cc_17", "deg_6"], "42": ["cc_17", "deg_6"], "12": ["cc_15", "deg_6"], "28": ["cc_11", "deg_6"], "66": ["cc_9", "deg_8"], "5": ["cc_17", "deg_6"], "65": ["cc_20", "deg_5"], "61": ["cc_9", "deg_7"], "3": ["cc_17", "deg_6"], "64": ["cc_16", "deg_5"], "51": ["cc_3", "deg_7"], "24": ["cc_13", "deg_6"], "56": ["cc_17", "deg_6"], "55": ["cc_11", "deg_7"], "19": ["cc_11", "deg_6"], "54": ["cc_33", "deg_3"], "36": ["cc_4", "deg_7"], "17": ["cc_7", "deg_7"], "11": ["cc_11", "deg_7"], "22": ["cc_17", "deg_6"], "71": ["cc_3", "deg_5"], "18": ["cc_15", "deg_6"], "59": ["cc_17", "deg_6"], "2": ["cc_8", "deg_6"], "46": ["cc_17", "deg_6"], "37": ["cc_16", "deg_5"], "38": ["cc_4", "deg_6"], "9": ["cc_8", "deg_8"], "27": ["cc_10", "deg_5"], "58": ["cc_11", "deg_7"], "35": ["cc_6", "deg_5"], "1": ["cc_6", "deg_5"], "16": ["cc_8", "deg_6"], "25": ["cc_12", "deg_7"], "7": ["cc_15", "deg_6"], "39": ["cc_13", "deg_6"], "0": ["cc_6", "deg_6"], "29": ["cc_6", "deg_6"], "63": ["cc_4", "deg_6"], "13": ["cc_13", "deg_5"], "6": ["cc_13", "deg_6"], "30": ["cc_10", "deg_5"], "14": ["cc_15", "deg_6"], "32": ["cc_11", "deg_7"], "45": ["cc_20", "deg_5"], "10": ["cc_13", "deg_5"], "33": ["cc_13", "deg_6"], "23": ["cc_12", "deg_7"], "69": ["cc_11", "deg_7"], "48": ["cc_17", "deg_6"], "40": ["cc_15", "deg_6"], "8": ["cc_4", "deg_7"], "44": ["cc_12", "deg_7"], "31": ["cc_20", "deg_5"], "26": ["cc_6", "deg_6"], "43": ["cc_13", "deg_6"], "57": ["cc_14", "deg_7"], "20": ["cc_15", "deg_6"], "50": ["cc_9", "deg_7"], "62": ["cc_13", "deg_6"], "60": ["cc_8", "deg_6"], "52": ["cc_10", "deg_5"], "15": ["cc_16", "deg_5"], "70": ["cc_11", "deg_6"], "49": ["cc_13", "deg_6"]}, "edges": [[0, 1], [0, 2], [0, 3], [0, 69], [0, 70], [0, 8], [1, 3], [1, 4], [1, 71], [1, 9], [2, 51], [2, 3], [2, 4], [2, 5], [2, 71], [3, 4], [3, 5], [3, 6], [4, 5], [4, 6], [4, 7], [5, 6], [5, 7], [5, 8], [6, 35], [6, 7], [6, 9], [7, 8], [7, 9], [7, 10], [8, 24], [8, 9], [8, 11], [8, 63], [9, 53], [9, 10], [9, 11], [9, 12], [10, 36], [10, 11], [10, 12], [11, 52], [11, 12], [11, 13], [11, 14], [12, 13], [12, 14], [12, 15], [13, 16], [13, 68], [13, 14], [14, 16], [14, 17], [14, 15], [15, 16], [15, 17], [15, 18], [16, 18], [16, 19], [16, 26], [17, 34], [17, 18], [17, 19], [17, 20], [17, 29], [18, 19], [18, 20], [18, 21], [19, 20], [19, 57], [19, 58], [20, 21], [20, 22], [20, 23], [21, 22], [21, 23], [21, 24], [22, 23], [22, 24], [22, 25], [22, 28], [23, 24], [23, 25], [23, 26], [23, 69], [24, 25], [24, 27], [25, 49], [25, 26], [25, 27], [25, 28], [26, 28], [26, 29], [26, 63], [27, 28], [27, 29], [27, 30], [28, 29], [28, 61], [29, 32], [29, 31], [30, 32], [30, 33], [30, 71], [30, 31], [31, 32], [31, 33], [31, 34], [32, 33], [32, 34], [32, 35], [32, 51], [33, 34], [33, 36], [33, 50], [34, 66], [34, 36], [35, 51], [35, 37], [35, 39], [36, 37], [36, 38], [36, 39], [36, 70], [37, 38], [37, 39], [37, 40], [38, 66], [38, 51], [38, 40], [38, 58], [39, 40], [39, 41], [39, 42], [40, 41], [40, 42], [40, 43], [41, 42], [41, 43], [41, 44], [42, 43], [42, 44], [42, 45], [43, 55], [43, 44], [43, 46], [44, 60], [44, 45], [44, 46], [44, 47], [45, 48], [45, 46], [45, 47], [46, 48], [46, 49], [46, 47], [47, 48], [47, 49], [47, 50], [48, 49], [48, 50], [48, 51], [49, 50], [49, 52], [50, 51], [50, 52], [50, 53], [51, 60], [52, 53], [52, 55], [53, 55], [53, 56], [54, 55], [54, 56], [54, 57], [55, 56], [55, 57], [55, 58], [56, 57], [56, 58], [56, 59], [57, 58], [57, 59], [57, 60], [58, 59], [58, 61], [59, 60], [59, 61], [59, 62], [60, 61], [60, 62], [61, 64], [61, 62], [61, 63], [62, 64], [62, 65], [62, 63], [63, 66], [63, 69], [64, 65], [64, 66], [64, 67], [65, 66], [65, 67], [65, 68], [66, 67], [66, 68], [66, 69], [67, 68], [67, 69], [67, 70], [68, 69], [68, 70], [68, 71], [69, 70], [70, 71]]}