{"label": 1, "edges": [[0, 1], [0, 2], [0, 7], [0, 26], [0, 27], [1, 20], [1, 23], [1, 28], [2, 4], [2, 15], [3, 4], [3, 5], [4, 8], [4, 6], [5, 12], [5, 21], [5, 6], [5, 23], [6, 22], [6, 11], [7, 9], [7, 22], [8, 10], [8, 12], [8, 14], [9, 10], [9, 23], [10, 12], [10, 22], [11, 24], [11, 27], [12, 13], [13, 28], [13, 14], [14, 15], [15, 16], [15, 17], [16, 17], [16, 18], [17, 18], [17, 19], [17, 21], [18, 19], [18, 20], [19, 20], [19, 21], [19, 28], [20, 21], [20, 26], [21, 28], [22, 27], [22, 23], [24, 25], [24, 26], [25, 26], [25, 28], [26, 27], [27, 28]], "features": {"27": ["cc_3", "deg_5"], "22": ["cc_0", "deg_5"], "15": ["cc_5", "deg_4"], "4": ["cc_0", "deg_4"], "0": ["cc_3", "deg_5"], "2": ["cc_0", "deg_3"], "6": ["cc_0", "deg_4"], "18": ["cc_16", "deg_4"], "5": ["cc_0", "deg_5"], "10": ["cc_5", "deg_4"], "14": ["cc_0", "deg_3"], "1": ["cc_0", "deg_4"], "8": ["cc_5", "deg_4"], "20": ["cc_6", "deg_5"], "26": ["cc_6", "deg_5"], "3": ["cc_0", "deg_2"], "11": ["cc_0", "deg_3"], "28": ["cc_2", "deg_6"], "23": ["cc_0", "deg_4"], "19": ["cc_16", "deg_5"], "13": ["cc_0", "deg_3"], "16": ["cc_22", "deg_3"], "7": ["cc_0", "deg_3"], "17": ["cc_13", "deg_5"], "12": ["cc_5", "deg_4"], "25": ["cc_11", "deg_3"], "24": ["cc_11", "deg_3"], "9": ["cc_0", "deg_3"], "21": ["cc_10", "deg_5"]}}