{"label": 1, "features": {"1": ["cc_0", "deg_2"], "16": ["cc_16", "deg_4"], "4": ["cc_11", "deg_3"], "21": ["cc_0", "deg_4"], "32": ["cc_6", "deg_5"], "34": ["cc_3", "deg_5"], "7": ["cc_0", "deg_2"], "25": ["cc_0", "deg_5"], "0": ["cc_0", "deg_4"], "12": ["cc_0", "deg_3"], "29": ["cc_5", "deg_4"], "28": ["cc_5", "deg_4"], "13": ["cc_0", "deg_2"], "6": ["cc_3", "deg_5"], "30": ["cc_5", "deg_4"], "5": ["cc_5", "deg_4"], "38": ["cc_0", "deg_4"], "3": ["cc_0", "deg_5"], "24": ["cc_3", "deg_5"], "33": ["cc_11", "deg_4"], "23": ["cc_5", "deg_4"], "27": ["cc_0", "deg_4"], "19": ["cc_0", "deg_2"], "36": ["cc_11", "deg_3"], "10": ["cc_5", "deg_4"], "17": ["cc_22", "deg_4"], "11": ["cc_5", "deg_4"], "22": ["cc_2", "deg_6"], "18": ["cc_4", "deg_8"], "31": ["cc_5", "deg_4"], "2": ["cc_0", "deg_3"], "26": ["cc_0", "deg_4"], "20": ["cc_0", "deg_3"], "14": ["cc_0", "deg_5"], "35": ["cc_11", "deg_3"], "9": ["cc_11", "deg_3"], "8": ["cc_0", "deg_4"], "37": ["cc_8", "deg_6"], "15": ["cc_5", "deg_4"]}, "edges": [[0, 14], [0, 37], [0, 38], [0, 31], [1, 3], [1, 22], [2, 11], [2, 3], [2, 4], [3, 16], [3, 5], [3, 14], [4, 5], [4, 6], [5, 34], [5, 6], [6, 24], [6, 20], [6, 8], [7, 8], [7, 9], [8, 25], [8, 10], [9, 10], [9, 11], [10, 11], [10, 12], [11, 15], [12, 26], [12, 14], [13, 14], [13, 15], [14, 22], [15, 17], [15, 18], [16, 17], [16, 18], [16, 37], [17, 18], [17, 37], [18, 37], [18, 38], [18, 33], [18, 26], [18, 27], [19, 21], [19, 22], [20, 21], [20, 22], [21, 27], [21, 23], [22, 23], [22, 24], [23, 24], [23, 38], [24, 25], [24, 34], [25, 26], [25, 27], [25, 30], [26, 28], [27, 29], [28, 36], [28, 29], [28, 30], [29, 30], [29, 31], [30, 32], [31, 32], [31, 33], [32, 33], [32, 34], [32, 38], [33, 34], [34, 35], [35, 36], [35, 37], [36, 37]]}