{"label": 0, "features": {"1": ["cc_11", "deg_6"], "16": ["cc_16", "deg_5"], "4": ["cc_11", "deg_7"], "21": ["cc_13", "deg_6"], "7": ["cc_12", "deg_7"], "25": ["cc_27", "deg_4"], "0": ["cc_15", "deg_6"], "12": ["cc_6", "deg_5"], "29": ["cc_8", "deg_6"], "28": ["cc_7", "deg_8"], "13": ["cc_4", "deg_6"], "6": ["cc_10", "deg_5"], "5": ["cc_11", "deg_7"], "3": ["cc_13", "deg_6"], "24": ["cc_16", "deg_5"], "23": ["cc_7", "deg_8"], "27": ["cc_10", "deg_8"], "19": ["cc_11", "deg_6"], "10": ["cc_6", "deg_6"], "17": ["cc_16", "deg_5"], "11": ["cc_7", "deg_7"], "22": ["cc_6", "deg_7"], "18": ["cc_11", "deg_7"], "2": ["cc_6", "deg_6"], "26": ["cc_17", "deg_6"], "20": ["cc_5", "deg_4"], "14": ["cc_4", "deg_6"], "9": ["cc_6", "deg_5"], "8": ["cc_13", "deg_6"], "15": ["cc_16", "deg_4"]}, "edges": [[0, 1], [0, 3], [0, 4], [0, 27], [0, 28], [0, 29], [1, 3], [1, 4], [1, 28], [1, 29], [1, 13], [2, 3], [2, 5], [2, 7], [2, 10], [2, 29], [2, 14], [3, 4], [3, 5], [3, 6], [4, 5], [4, 6], [4, 7], [4, 22], [5, 21], [5, 7], [5, 8], [5, 11], [6, 7], [6, 8], [6, 23], [7, 8], [7, 9], [7, 10], [8, 9], [8, 10], [8, 11], [9, 22], [9, 11], [9, 12], [10, 19], [10, 27], [10, 13], [11, 19], [11, 23], [11, 14], [11, 21], [12, 28], [12, 13], [12, 14], [12, 15], [13, 18], [13, 27], [13, 14], [14, 16], [14, 28], [15, 16], [15, 17], [15, 18], [16, 17], [16, 18], [16, 19], [17, 18], [17, 19], [17, 20], [18, 19], [18, 21], [18, 22], [19, 21], [20, 22], [20, 23], [20, 28], [21, 22], [21, 23], [22, 23], [22, 24], [23, 24], [23, 26], [23, 29], [24, 25], [24, 26], [24, 27], [25, 26], [25, 27], [25, 28], [26, 27], [26, 28], [26, 29], [27, 28], [27, 29]]}