{"label": 2, "features": {"53": ["cc_1", "deg_7"], "47": ["cc_3", "deg_7"], "21": ["cc_3", "deg_7"], "34": ["cc_1", "deg_8"], "41": ["cc_0", "deg_4"], "4": ["cc_4", "deg_9"], "42": ["cc_0", "deg_5"], "12": ["cc_0", "deg_4"], "28": ["cc_0", "deg_8"], "5": ["cc_1", "deg_7"], "3": ["cc_8", "deg_6"], "51": ["cc_1", "deg_7"], "24": ["cc_3", "deg_5"], "55": ["cc_0", "deg_6"], "19": ["cc_3", "deg_5"], "54": ["cc_3", "deg_5"], "36": ["cc_3", "deg_8"], "17": ["cc_3", "deg_8"], "11": ["cc_0", "deg_6"], "22": ["cc_4", "deg_8"], "18": ["cc_3", "deg_8"], "2": ["cc_0", "deg_6"], "46": ["cc_3", "deg_5"], "37": ["cc_0", "deg_5"], "38": ["cc_5", "deg_4"], "9": ["cc_13", "deg_6"], "27": ["cc_0", "deg_4"], "35": ["cc_5", "deg_9"], "1": ["cc_2", "deg_6"], "16": ["cc_0", "deg_6"], "25": ["cc_4", "deg_6"], "7": ["cc_11", "deg_3"], "39": ["cc_3", "deg_8"], "0": ["cc_2", "deg_6"], "29": ["cc_5", "deg_4"], "13": ["cc_4", "deg_6"], "6": ["cc_4", "deg_7"], "30": ["cc_1", "deg_8"], "14": ["cc_0", "deg_5"], "32": ["cc_0", "deg_5"], "45": ["cc_4", "deg_6"], "10": ["cc_2", "deg_6"], "33": ["cc_4", "deg_6"], "23": ["cc_22", "deg_3"], "48": ["cc_3", "deg_5"], "40": ["cc_11", "deg_4"], "8": ["cc_0", "deg_4"], "44": ["cc_3", "deg_7"], "31": ["cc_0", "deg_4"], "26": ["cc_4", "deg_6"], "43": ["cc_1", "deg_8"], "20": ["cc_2", "deg_8"], "50": ["cc_2", "deg_6"], "52": ["cc_11", "deg_4"], "15": ["cc_4", "deg_6"], "49": ["cc_0", "deg_6"]}, "edges": [[0, 48], [0, 51], [0, 36], [0, 55], [0, 39], [0, 45], [1, 18], [1, 25], [1, 41], [1, 12], [1, 30], [1, 47], [2, 49], [2, 18], [2, 37], [2, 22], [2, 7], [2, 21], [3, 35], [3, 4], [3, 9], [3, 22], [3, 26], [3, 31], [4, 35], [4, 36], [4, 53], [4, 38], [4, 7], [4, 25], [4, 9], [4, 50], [5, 32], [5, 40], [5, 42], [5, 45], [5, 50], [5, 19], [5, 21], [6, 48], [6, 35], [6, 22], [6, 17], [6, 40], [6, 9], [6, 42], [7, 36], [8, 16], [8, 43], [8, 34], [8, 51], [9, 35], [9, 26], [9, 45], [10, 50], [10, 36], [10, 54], [10, 39], [10, 34], [10, 46], [11, 32], [11, 37], [11, 16], [11, 20], [11, 21], [11, 27], [12, 22], [12, 33], [12, 28], [13, 18], [13, 35], [13, 20], [13, 28], [13, 46], [13, 31], [14, 52], [14, 38], [14, 24], [14, 46], [14, 31], [15, 16], [15, 34], [15, 53], [15, 22], [15, 40], [15, 44], [16, 55], [16, 28], [16, 30], [17, 33], [17, 34], [17, 38], [17, 45], [17, 21], [17, 22], [17, 31], [18, 35], [18, 20], [18, 43], [18, 47], [18, 27], [19, 20], [19, 27], [19, 46], [19, 21], [20, 33], [20, 55], [20, 24], [20, 51], [21, 38], [21, 53], [22, 40], [22, 53], [23, 39], [23, 52], [23, 30], [24, 35], [24, 54], [24, 44], [25, 39], [25, 43], [25, 28], [25, 36], [26, 53], [26, 41], [26, 39], [26, 44], [27, 49], [28, 32], [28, 48], [28, 49], [28, 50], [29, 48], [29, 43], [29, 49], [29, 47], [30, 34], [30, 35], [30, 36], [30, 51], [30, 52], [32, 43], [32, 44], [33, 34], [33, 51], [33, 37], [34, 47], [34, 42], [35, 45], [36, 37], [36, 43], [37, 54], [39, 44], [39, 45], [39, 52], [41, 51], [41, 42], [42, 53], [43, 53], [43, 55], [44, 49], [44, 54], [46, 50], [47, 48], [47, 54], [47, 55], [49, 51], [50, 55]]}