{"label": 0, "features": {"1": ["cc_5", "deg_4"], "16": ["cc_5", "deg_4"], "4": ["cc_0", "deg_3"], "21": ["cc_11", "deg_4"], "32": ["cc_22", "deg_3"], "34": ["cc_11", "deg_4"], "7": ["cc_4", "deg_6"], "25": ["cc_5", "deg_4"], "0": ["cc_6", "deg_5"], "39": ["cc_22", "deg_3"], "12": ["cc_10", "deg_5"], "29": ["cc_33", "deg_2"], "28": ["cc_0", "deg_5"], "13": ["cc_11", "deg_4"], "6": ["cc_11", "deg_4"], "30": ["cc_3", "deg_5"], "5": ["cc_11", "deg_3"], "38": ["cc_11", "deg_3"], "3": ["cc_0", "deg_4"], "40": ["cc_6", "deg_6"], "24": ["cc_11", "deg_4"], "33": ["cc_6", "deg_5"], "23": ["cc_16", "deg_4"], "27": ["cc_0", "deg_3"], "19": ["cc_6", "deg_5"], "36": ["cc_11", "deg_4"], "10": ["cc_22", "deg_3"], "17": ["cc_11", "deg_4"], "11": ["cc_6", "deg_6"], "22": ["cc_22", "deg_3"], "18": ["cc_6", "deg_5"], "31": ["cc_6", "deg_5"], "2": ["cc_0", "deg_3"], "26": ["cc_0", "deg_3"], "20": ["cc_11", "deg_3"], "14": ["cc_5", "deg_4"], "41": ["cc_16", "deg_4"], "35": ["cc_11", "deg_4"], "9": ["cc_11", "deg_3"], "8": ["cc_3", "deg_5"], "37": ["cc_11", "deg_3"], "15": ["cc_0", "deg_4"]}, "edges": [[0, 40], [0, 1], [0, 2], [0, 24], [0, 41], [1, 41], [1, 3], [1, 15], [2, 3], [2, 4], [3, 8], [3, 5], [4, 40], [4, 6], [5, 6], [5, 7], [6, 8], [6, 7], [7, 8], [7, 9], [7, 28], [7, 13], [8, 11], [8, 30], [9, 10], [9, 11], [10, 11], [10, 12], [11, 26], [11, 12], [11, 13], [12, 20], [12, 13], [12, 14], [13, 14], [14, 16], [14, 15], [15, 17], [15, 33], [16, 17], [16, 18], [16, 35], [17, 18], [17, 19], [18, 19], [18, 27], [18, 31], [19, 20], [19, 21], [19, 30], [20, 21], [21, 22], [21, 23], [22, 24], [22, 23], [23, 24], [23, 25], [24, 25], [25, 26], [25, 27], [26, 28], [27, 28], [28, 33], [28, 30], [29, 30], [29, 31], [30, 31], [31, 32], [31, 33], [32, 33], [32, 34], [33, 34], [34, 35], [34, 36], [35, 36], [35, 38], [36, 37], [36, 38], [37, 40], [37, 39], [38, 40], [39, 40], [39, 41], [40, 41]]}