{"label": 0, "features": {"68": ["cc_17", "deg_6"], "21": ["cc_4", "deg_6"], "34": ["cc_8", "deg_6"], "58": ["cc_6", "deg_7"], "69": ["cc_13", "deg_6"], "42": ["cc_17", "deg_6"], "12": ["cc_11", "deg_7"], "66": ["cc_20", "deg_6"], "5": ["cc_7", "deg_8"], "61": ["cc_22", "deg_4"], "51": ["cc_22", "deg_4"], "24": ["cc_10", "deg_5"], "56": ["cc_11", "deg_7"], "55": ["cc_16", "deg_5"], "17": ["cc_11", "deg_6"], "22": ["cc_13", "deg_5"], "74": ["cc_9", "deg_8"], "59": ["cc_3", "deg_5"], "46": ["cc_10", "deg_5"], "37": ["cc_20", "deg_5"], "38": ["cc_11", "deg_8"], "81": ["cc_13", "deg_6"], "35": ["cc_16", "deg_5"], "47": ["cc_6", "deg_7"], "16": ["cc_4", "deg_6"], "65": ["cc_20", "deg_6"], "23": ["cc_13", "deg_6"], "7": ["cc_6", "deg_6"], "82": ["cc_20", "deg_5"], "29": ["cc_17", "deg_6"], "13": ["cc_11", "deg_6"], "6": ["cc_6", "deg_5"], "30": ["cc_9", "deg_7"], "14": ["cc_13", "deg_5"], "40": ["cc_14", "deg_7"], "33": ["cc_6", "deg_5"], "73": ["cc_14", "deg_7"], "76": ["cc_11", "deg_6"], "8": ["cc_16", "deg_4"], "44": ["cc_15", "deg_6"], "26": ["cc_17", "deg_6"], "43": ["cc_9", "deg_7"], "57": ["cc_11", "deg_6"], "20": ["cc_6", "deg_7"], "89": ["cc_8", "deg_6"], "80": ["cc_12", "deg_7"], "70": ["cc_17", "deg_6"], "84": ["cc_11", "deg_6"], "53": ["cc_15", "deg_6"], "1": ["cc_13", "deg_5"], "54": ["cc_6", "deg_6"], "41": ["cc_14", "deg_7"], "4": ["cc_13", "deg_5"], "39": ["cc_23", "deg_5"], "28": ["cc_17", "deg_6"], "25": ["cc_7", "deg_7"], "78": ["cc_17", "deg_6"], "3": ["cc_15", "deg_6"], "64": ["cc_14", "deg_7"], "72": ["cc_12", "deg_7"], "87": ["cc_13", "deg_6"], "19": ["cc_8", "deg_6"], "86": ["cc_20", "deg_5"], "62": ["cc_11", "deg_6"], "11": ["cc_8", "deg_8"], "18": ["cc_16", "deg_5"], "67": ["cc_20", "deg_6"], "2": ["cc_13", "deg_6"], "9": ["cc_5", "deg_4"], "27": ["cc_9", "deg_7"], "15": ["cc_13", "deg_6"], "71": ["cc_20", "deg_5"], "88": ["cc_11", "deg_7"], "0": ["cc_16", "deg_5"], "63": ["cc_12", "deg_7"], "32": ["cc_6", "deg_7"], "45": ["cc_10", "deg_5"], "36": ["cc_13", "deg_6"], "83": ["cc_15", "deg_6"], "48": ["cc_6", "deg_6"], "79": ["cc_9", "deg_7"], "77": ["cc_16", "deg_5"], "10": ["cc_16", "deg_5"], "85": ["cc_17", "deg_6"], "31": ["cc_11", "deg_6"], "75": ["cc_17", "deg_6"], "50": ["cc_13", "deg_6"], "60": ["cc_1", "deg_8"], "52": ["cc_11", "deg_6"], "49": ["cc_6", "deg_6"]}, "edges": [[0, 1], [0, 2], [0, 3], [0, 88], [0, 89], [1, 2], [1, 3], [1, 88], [1, 60], [2, 3], [2, 4], [2, 5], [2, 21], [3, 4], [3, 5], [3, 6], [4, 5], [4, 7], [4, 79], [5, 6], [5, 7], [5, 74], [5, 60], [5, 47], [6, 48], [6, 7], [6, 11], [7, 8], [7, 9], [7, 10], [8, 10], [8, 11], [8, 58], [9, 11], [9, 12], [9, 30], [10, 11], [10, 12], [10, 13], [11, 58], [11, 12], [11, 13], [11, 14], [12, 81], [12, 13], [12, 14], [12, 15], [13, 16], [13, 54], [13, 15], [14, 16], [14, 17], [14, 15], [15, 16], [15, 17], [15, 18], [16, 19], [16, 30], [16, 60], [17, 18], [17, 19], [17, 20], [17, 57], [18, 19], [18, 20], [18, 21], [19, 20], [19, 21], [19, 27], [20, 32], [20, 22], [20, 23], [20, 40], [21, 22], [21, 23], [21, 89], [22, 23], [22, 24], [22, 25], [23, 24], [23, 25], [23, 26], [24, 26], [24, 27], [24, 62], [25, 33], [25, 87], [25, 26], [25, 27], [25, 28], [26, 27], [26, 28], [26, 29], [27, 73], [27, 28], [27, 29], [28, 29], [28, 30], [28, 31], [29, 32], [29, 30], [29, 31], [30, 32], [30, 33], [30, 31], [31, 32], [31, 34], [31, 63], [32, 33], [32, 35], [32, 54], [33, 34], [33, 36], [34, 35], [34, 36], [34, 38], [34, 43], [35, 36], [35, 37], [35, 38], [36, 37], [36, 38], [36, 74], [37, 38], [37, 39], [37, 40], [38, 39], [38, 40], [38, 41], [38, 58], [39, 40], [39, 41], [39, 42], [40, 41], [40, 42], [40, 43], [41, 76], [41, 42], [41, 43], [41, 44], [42, 43], [42, 44], [42, 45], [43, 89], [43, 44], [43, 46], [44, 45], [44, 46], [44, 47], [45, 48], [45, 72], [45, 47], [46, 49], [46, 84], [46, 47], [47, 48], [47, 50], [47, 79], [48, 49], [48, 50], [48, 56], [49, 50], [49, 52], [49, 84], [49, 60], [50, 51], [50, 52], [50, 53], [51, 52], [51, 53], [51, 54], [52, 64], [52, 53], [52, 55], [53, 54], [53, 55], [53, 56], [54, 56], [54, 57], [55, 56], [55, 57], [55, 58], [56, 57], [56, 58], [56, 59], [57, 58], [57, 59], [58, 60], [59, 80], [59, 60], [59, 62], [60, 61], [60, 63], [61, 64], [61, 62], [61, 63], [62, 64], [62, 65], [62, 63], [63, 64], [63, 65], [63, 66], [64, 65], [64, 66], [64, 67], [65, 66], [65, 67], [65, 68], [66, 67], [66, 68], [66, 69], [67, 68], [67, 69], [67, 70], [68, 69], [68, 70], [68, 71], [69, 88], [69, 70], [69, 72], [70, 71], [70, 72], [70, 73], [71, 72], [71, 73], [71, 74], [72, 73], [72, 74], [72, 75], [73, 74], [73, 75], [73, 76], [74, 75], [74, 76], [74, 77], [75, 76], [75, 77], [75, 78], [76, 78], [76, 79], [77, 80], [77, 78], [77, 79], [78, 80], [78, 81], [78, 79], [79, 80], [79, 81], [80, 81], [80, 82], [80, 83], [81, 82], [81, 83], [82, 83], [82, 84], [82, 85], [83, 84], [83, 85], [83, 86], [84, 85], [84, 87], [85, 86], [85, 87], [85, 88], [86, 87], [86, 88], [86, 89], [87, 88], [87, 89], [88, 89]]}