{"label": 0, "features": {"1": ["cc_9", "deg_8"], "16": ["cc_11", "deg_7"], "4": ["cc_16", "deg_5"], "21": ["cc_27", "deg_4"], "32": ["cc_10", "deg_8"], "34": ["cc_11", "deg_6"], "7": ["cc_15", "deg_6"], "25": ["cc_13", "deg_6"], "0": ["cc_9", "deg_8"], "39": ["cc_20", "deg_6"], "12": ["cc_13", "deg_6"], "29": ["cc_17", "deg_6"], "28": ["cc_16", "deg_5"], "13": ["cc_13", "deg_6"], "6": ["cc_11", "deg_6"], "30": ["cc_17", "deg_6"], "5": ["cc_11", "deg_6"], "38": ["cc_17", "deg_6"], "3": ["cc_10", "deg_5"], "24": ["cc_17", "deg_6"], "33": ["cc_13", "deg_6"], "23": ["cc_14", "deg_7"], "27": ["cc_20", "deg_5"], "19": ["cc_11", "deg_6"], "36": ["cc_16", "deg_4"], "10": ["cc_20", "deg_6"], "17": ["cc_13", "deg_5"], "11": ["cc_15", "deg_6"], "22": ["cc_12", "deg_7"], "18": ["cc_9", "deg_7"], "31": ["cc_16", "deg_5"], "2": ["cc_5", "deg_8"], "26": ["cc_15", "deg_6"], "20": ["cc_11", "deg_6"], "14": ["cc_11", "deg_4"], "35": ["cc_7", "deg_7"], "9": ["cc_23", "deg_5"], "8": ["cc_20", "deg_5"], "37": ["cc_11", "deg_7"], "15": ["cc_6", "deg_6"]}, "edges": [[0, 1], [0, 2], [0, 3], [0, 37], [0, 38], [0, 39], [0, 28], [0, 12], [1, 2], [1, 3], [1, 4], [1, 38], [1, 39], [1, 11], [1, 18], [2, 4], [2, 5], [2, 22], [2, 39], [2, 31], [2, 15], [3, 18], [3, 5], [3, 6], [4, 5], [4, 6], [4, 7], [5, 16], [5, 6], [5, 7], [6, 7], [6, 8], [6, 15], [7, 8], [7, 9], [7, 10], [8, 9], [8, 10], [8, 11], [9, 10], [9, 11], [9, 12], [10, 11], [10, 12], [10, 13], [11, 12], [11, 13], [12, 13], [12, 15], [13, 16], [13, 14], [13, 15], [14, 16], [14, 17], [14, 32], [15, 16], [15, 18], [16, 17], [16, 18], [16, 19], [17, 35], [17, 18], [17, 19], [18, 19], [18, 20], [19, 20], [19, 37], [19, 22], [20, 21], [20, 22], [20, 23], [20, 34], [21, 22], [21, 23], [21, 24], [22, 23], [22, 24], [22, 25], [23, 35], [23, 24], [23, 25], [23, 26], [24, 25], [24, 26], [24, 27], [25, 32], [25, 34], [25, 26], [26, 27], [26, 28], [26, 29], [27, 28], [27, 29], [27, 30], [28, 29], [28, 30], [29, 32], [29, 30], [29, 31], [30, 32], [30, 33], [30, 31], [31, 32], [31, 33], [32, 33], [32, 34], [32, 35], [33, 34], [33, 35], [33, 36], [34, 35], [34, 37], [35, 37], [35, 38], [36, 37], [36, 38], [36, 39], [37, 38], [37, 39], [38, 39]]}