{"label": 1, "features": {"53": ["cc_3", "deg_5"], "47": ["cc_1", "deg_11"], "68": ["cc_1", "deg_8"], "21": ["cc_0", "deg_4"], "34": ["cc_0", "deg_5"], "67": ["cc_1", "deg_8"], "41": ["cc_0", "deg_6"], "4": ["cc_0", "deg_6"], "42": ["cc_3", "deg_5"], "12": ["cc_2", "deg_6"], "28": ["cc_5", "deg_8"], "66": ["cc_3", "deg_5"], "5": ["cc_3", "deg_7"], "65": ["cc_4", "deg_8"], "61": ["cc_0", "deg_4"], "3": ["cc_4", "deg_6"], "64": ["cc_2", "deg_6"], "51": ["cc_4", "deg_6"], "24": ["cc_1", "deg_9"], "56": ["cc_0", "deg_4"], "55": ["cc_0", "deg_5"], "19": ["cc_0", "deg_6"], "54": ["cc_1", "deg_8"], "36": ["cc_1", "deg_7"], "17": ["cc_0", "deg_3"], "11": ["cc_0", "deg_5"], "22": ["cc_0", "deg_5"], "71": ["cc_0", "deg_8"], "18": ["cc_0", "deg_6"], "59": ["cc_3", "deg_5"], "2": ["cc_0", "deg_8"], "46": ["cc_1", "deg_7"], "37": ["cc_0", "deg_4"], "38": ["cc_0", "deg_6"], "73": ["cc_3", "deg_7"], "78": ["cc_0", "deg_3"], "9": ["cc_0", "deg_3"], "27": ["cc_4", "deg_6"], "58": ["cc_0", "deg_7"], "35": ["cc_8", "deg_6"], "1": ["cc_2", "deg_6"], "16": ["cc_0", "deg_6"], "80": ["cc_5", "deg_4"], "25": ["cc_0", "deg_5"], "7": ["cc_0", "deg_3"], "39": ["cc_0", "deg_3"], "0": ["cc_0", "deg_6"], "29": ["cc_1", "deg_9"], "63": ["cc_0", "deg_6"], "13": ["cc_5", "deg_8"], "6": ["cc_1", "deg_7"], "30": ["cc_6", "deg_5"], "14": ["cc_6", "deg_6"], "32": ["cc_5", "deg_4"], "45": ["cc_0", "deg_6"], "10": ["cc_4", "deg_8"], "33": ["cc_2", "deg_8"], "23": ["cc_3", "deg_5"], "69": ["cc_0", "deg_5"], "76": ["cc_0", "deg_4"], "48": ["cc_6", "deg_5"], "79": ["cc_0", "deg_6"], "77": ["cc_0", "deg_10"], "40": ["cc_3", "deg_5"], "72": ["cc_3", "deg_5"], "8": ["cc_0", "deg_5"], "44": ["cc_2", "deg_6"], "31": ["cc_4", "deg_8"], "75": ["cc_3", "deg_5"], "26": ["cc_0", "deg_4"], "43": ["cc_1", "deg_8"], "57": ["cc_0", "deg_5"], "20": ["cc_3", "deg_5"], "50": ["cc_2", "deg_8"], "62": ["cc_2", "deg_8"], "60": ["cc_0", "deg_7"], "52": ["cc_0", "deg_6"], "15": ["cc_0", "deg_6"], "74": ["cc_2", "deg_6"], "70": ["cc_2", "deg_6"], "49": ["cc_2", "deg_6"]}, "edges": [[0, 16], [0, 34], [0, 4], [0, 54], [0, 60], [0, 28], [1, 80], [1, 3], [1, 21], [1, 24], [1, 47], [1, 75], [2, 66], [2, 3], [2, 9], [2, 74], [2, 25], [2, 59], [2, 29], [2, 63], [3, 5], [3, 6], [3, 73], [3, 14], [4, 68], [4, 38], [4, 41], [4, 29], [4, 31], [5, 68], [5, 6], [5, 76], [5, 66], [5, 14], [5, 29], [6, 67], [6, 79], [6, 15], [6, 13], [6, 47], [7, 19], [7, 8], [7, 58], [8, 68], [8, 72], [8, 10], [8, 44], [9, 11], [9, 45], [10, 50], [10, 36], [10, 38], [10, 23], [10, 12], [10, 13], [10, 77], [11, 67], [11, 58], [11, 63], [11, 61], [12, 49], [12, 55], [12, 56], [12, 60], [12, 13], [13, 36], [13, 50], [13, 23], [13, 28], [13, 31], [14, 48], [14, 50], [14, 41], [14, 47], [15, 16], [15, 64], [15, 52], [15, 54], [15, 76], [16, 45], [16, 70], [16, 74], [16, 77], [17, 67], [17, 47], [17, 61], [18, 24], [18, 20], [18, 54], [18, 40], [18, 41], [18, 61], [19, 48], [19, 67], [19, 52], [19, 27], [19, 44], [20, 65], [20, 68], [20, 37], [20, 63], [21, 68], [21, 40], [21, 77], [22, 36], [22, 38], [22, 71], [22, 74], [22, 78], [23, 71], [23, 25], [23, 60], [24, 67], [24, 72], [24, 75], [24, 79], [24, 50], [24, 25], [24, 29], [25, 44], [25, 77], [26, 34], [26, 71], [26, 41], [26, 62], [27, 35], [27, 43], [27, 28], [27, 29], [27, 63], [28, 65], [28, 35], [28, 29], [28, 30], [28, 31], [29, 64], [29, 67], [29, 34], [30, 33], [30, 66], [30, 65], [30, 42], [31, 33], [31, 35], [31, 70], [31, 40], [31, 73], [32, 33], [32, 35], [32, 38], [32, 71], [33, 35], [33, 36], [33, 54], [33, 43], [33, 60], [34, 57], [34, 79], [35, 47], [36, 52], [36, 55], [36, 45], [37, 38], [37, 43], [37, 77], [38, 53], [39, 67], [39, 70], [39, 77], [40, 73], [40, 42], [41, 43], [41, 58], [42, 65], [42, 71], [42, 45], [43, 64], [43, 46], [43, 51], [43, 62], [44, 79], [44, 46], [44, 47], [45, 73], [45, 46], [46, 49], [46, 71], [46, 57], [46, 47], [47, 77], [47, 48], [47, 50], [47, 60], [48, 49], [48, 51], [49, 50], [49, 51], [49, 52], [50, 62], [50, 80], [51, 53], [51, 54], [51, 57], [52, 71], [52, 74], [53, 65], [53, 54], [53, 56], [54, 55], [54, 77], [55, 67], [55, 59], [56, 75], [56, 58], [57, 59], [57, 60], [58, 69], [58, 62], [58, 78], [59, 65], [59, 62], [60, 62], [61, 68], [62, 64], [62, 65], [63, 64], [63, 73], [64, 75], [65, 68], [66, 80], [66, 70], [68, 69], [69, 70], [69, 71], [69, 72], [70, 80], [72, 73], [72, 74], [73, 74], [75, 77], [76, 77], [76, 79], [78, 79]]}