{"label": 2, "features": {"53": ["cc_0", "deg_2"], "47": ["cc_0", "deg_3"], "68": ["cc_0", "deg_1"], "21": ["cc_0", "deg_4"], "34": ["cc_0", "deg_1"], "67": ["cc_0", "deg_3"], "41": ["cc_0", "deg_3"], "4": ["cc_0", "deg_1"], "42": ["cc_0", "deg_1"], "12": ["cc_0", "deg_2"], "28": ["cc_0", "deg_1"], "66": ["cc_0", "deg_2"], "5": ["cc_0", "deg_3"], "65": ["cc_0", "deg_3"], "61": ["cc_0", "deg_2"], "3": ["cc_0", "deg_1"], "64": ["cc_0", "deg_1"], "51": ["cc_0", "deg_3"], "24": ["cc_0", "deg_5"], "56": ["cc_0", "deg_2"], "55": ["cc_0", "deg_1"], "19": ["cc_0", "deg_3"], "54": ["cc_0", "deg_2"], "36": ["cc_0", "deg_3"], "17": ["cc_0", "deg_2"], "11": ["cc_0", "deg_2"], "22": ["cc_0", "deg_1"], "71": ["cc_0", "deg_1"], "18": ["cc_0", "deg_1"], "59": ["cc_0", "deg_1"], "2": ["cc_0", "deg_4"], "46": ["cc_0", "deg_1"], "37": ["cc_0", "deg_4"], "38": ["cc_0", "deg_1"], "9": ["cc_0", "deg_1"], "27": ["cc_0", "deg_3"], "58": ["cc_0", "deg_2"], "35": ["cc_0", "deg_1"], "1": ["cc_0", "deg_2"], "16": ["cc_0", "deg_2"], "25": ["cc_0", "deg_2"], "7": ["cc_0", "deg_1"], "39": ["cc_0", "deg_4"], "0": ["cc_0", "deg_1"], "29": ["cc_0", "deg_1"], "63": ["cc_0", "deg_1"], "13": ["cc_0", "deg_1"], "6": ["cc_0", "deg_2"], "30": ["cc_0", "deg_2"], "14": ["cc_0", "deg_2"], "32": ["cc_0", "deg_3"], "45": ["cc_0", "deg_1"], "10": ["cc_0", "deg_3"], "33": ["cc_0", "deg_2"], "23": ["cc_0", "deg_1"], "69": ["cc_0", "deg_1"], "48": ["cc_0", "deg_1"], "40": ["cc_0", "deg_2"], "8": ["cc_0", "deg_2"], "44": ["cc_0", "deg_2"], "31": ["cc_0", "deg_2"], "26": ["cc_0", "deg_3"], "43": ["cc_0", "deg_1"], "57": ["cc_0", "deg_2"], "20": ["cc_0", "deg_3"], "50": ["cc_0", "deg_1"], "62": ["cc_0", "deg_2"], "60": ["cc_0", "deg_4"], "52": ["cc_0", "deg_2"], "15": ["cc_0", "deg_2"], "70": ["cc_0", "deg_3"], "49": ["cc_0", "deg_2"]}, "edges": [[0, 41], [1, 69], [1, 30], [2, 65], [2, 11], [2, 46], [2, 59], [3, 10], [4, 67], [5, 34], [5, 60], [5, 39], [6, 20], [6, 21], [7, 54], [8, 32], [8, 61], [9, 39], [10, 27], [10, 11], [12, 68], [12, 14], [13, 31], [14, 15], [15, 33], [16, 66], [16, 55], [17, 49], [17, 70], [18, 19], [19, 56], [19, 27], [20, 41], [20, 38], [21, 67], [21, 29], [21, 63], [22, 39], [23, 24], [24, 25], [24, 50], [24, 44], [24, 62], [25, 37], [26, 44], [26, 45], [26, 71], [27, 32], [28, 67], [30, 36], [31, 32], [33, 70], [35, 37], [36, 43], [36, 37], [37, 58], [39, 53], [40, 48], [40, 49], [41, 51], [42, 62], [47, 65], [47, 66], [47, 60], [51, 52], [51, 57], [52, 53], [54, 56], [57, 58], [60, 61], [60, 70], [64, 65]]}