{"label": 1, "edges": [[0, 29], [1, 26], [1, 14], [2, 29], [3, 15], [4, 15], [5, 6], [6, 7], [7, 8], [8, 13], [9, 10], [10, 24], [11, 12], [11, 30], [12, 13], [13, 19], [14, 32], [14, 17], [15, 16], [16, 29], [17, 18], [18, 19], [19, 20], [20, 25], [21, 22], [22, 32], [23, 24], [24, 30], [25, 26], [27, 28], [28, 29], [29, 30], [31, 32]], "features": {"27": ["cc_0", "deg_1"], "22": ["cc_0", "deg_2"], "32": ["cc_0", "deg_3"], "15": ["cc_0", "deg_3"], "4": ["cc_0", "deg_1"], "30": ["cc_0", "deg_3"], "0": ["cc_0", "deg_1"], "2": ["cc_0", "deg_1"], "6": ["cc_0", "deg_2"], "18": ["cc_0", "deg_2"], "5": ["cc_0", "deg_1"], "10": ["cc_0", "deg_2"], "14": ["cc_0", "deg_3"], "1": ["cc_0", "deg_2"], "29": ["cc_0", "deg_5"], "8": ["cc_0", "deg_2"], "20": ["cc_0", "deg_2"], "26": ["cc_0", "deg_2"], "3": ["cc_0", "deg_1"], "11": ["cc_0", "deg_2"], "28": ["cc_0", "deg_2"], "23": ["cc_0", "deg_1"], "19": ["cc_0", "deg_3"], "13": ["cc_0", "deg_3"], "16": ["cc_0", "deg_2"], "7": ["cc_0", "deg_2"], "17": ["cc_0", "deg_2"], "12": ["cc_0", "deg_2"], "31": ["cc_0", "deg_1"], "25": ["cc_0", "deg_2"], "24": ["cc_0", "deg_3"], "9": ["cc_0", "deg_1"], "21": ["cc_0", "deg_1"]}}