{"label": 0, "edges": [[0, 1], [0, 2], [0, 84], [1, 2], [1, 3], [2, 3], [2, 6], [2, 11], [3, 4], [3, 5], [4, 67], [4, 6], [5, 20], [5, 6], [5, 7], [6, 7], [6, 76], [7, 8], [7, 9], [8, 85], [8, 9], [8, 15], [9, 10], [9, 11], [10, 11], [10, 12], [11, 12], [12, 20], [12, 22], [12, 14], [13, 32], [13, 15], [14, 57], [14, 47], [14, 15], [15, 17], [16, 17], [16, 18], [17, 18], [17, 19], [18, 19], [18, 20], [19, 20], [19, 33], [20, 48], [20, 21], [21, 22], [21, 41], [21, 76], [22, 24], [23, 24], [23, 25], [24, 25], [24, 85], [25, 26], [25, 27], [26, 27], [26, 30], [27, 28], [27, 29], [28, 50], [28, 29], [28, 30], [29, 30], [29, 31], [30, 32], [30, 83], [30, 31], [31, 32], [31, 33], [32, 33], [32, 34], [33, 34], [33, 35], [34, 35], [34, 36], [35, 36], [35, 37], [36, 37], [36, 38], [37, 73], [37, 38], [37, 39], [38, 40], [38, 39], [39, 40], [39, 73], [39, 57], [40, 41], [40, 42], [41, 42], [41, 43], [42, 43], [42, 44], [43, 45], [43, 49], [44, 74], [44, 46], [45, 82], [45, 58], [45, 46], [45, 47], [46, 48], [46, 47], [47, 48], [48, 50], [49, 50], [49, 51], [50, 51], [51, 67], [51, 65], [52, 53], [52, 54], [52, 85], [53, 54], [53, 55], [54, 80], [54, 55], [55, 56], [55, 57], [55, 69], [56, 57], [56, 58], [57, 59], [58, 60], [59, 60], [59, 78], [60, 61], [60, 62], [61, 85], [61, 78], [61, 63], [62, 64], [62, 63], [63, 65], [63, 81], [64, 65], [64, 66], [65, 66], [65, 67], [66, 67], [66, 85], [67, 68], [67, 69], [68, 69], [68, 70], [69, 70], [70, 72], [70, 71], [71, 73], [71, 83], [72, 73], [72, 74], [73, 75], [74, 80], [74, 75], [75, 76], [75, 77], [76, 77], [77, 78], [77, 79], [78, 80], [78, 84], [78, 79], [79, 80], [79, 81], [80, 81], [80, 82], [81, 82], [81, 83], [82, 84], [83, 85]], "features": {"27": ["cc_11", "deg_4"], "35": ["cc_16", "deg_4"], "43": ["cc_5", "deg_4"], "47": ["cc_11", "deg_4"], "56": ["cc_11", "deg_3"], "23": ["cc_33", "deg_2"], "9": ["cc_11", "deg_4"], "0": ["cc_11", "deg_3"], "6": ["cc_3", "deg_5"], "18": ["cc_16", "deg_4"], "14": ["cc_0", "deg_4"], "38": ["cc_16", "deg_4"], "82": ["cc_5", "deg_4"], "68": ["cc_22", "deg_3"], "51": ["cc_11", "deg_4"], "77": ["cc_11", "deg_4"], "19": ["cc_11", "deg_4"], "34": ["cc_16", "deg_4"], "75": ["cc_5", "deg_4"], "11": ["cc_11", "deg_4"], "17": ["cc_11", "deg_4"], "25": ["cc_11", "deg_4"], "24": ["cc_5", "deg_4"], "70": ["cc_5", "deg_4"], "15": ["cc_0", "deg_4"], "62": ["cc_0", "deg_3"], "40": ["cc_11", "deg_4"], "30": ["cc_6", "deg_6"], "31": ["cc_16", "deg_4"], "66": ["cc_11", "deg_4"], "36": ["cc_16", "deg_4"], "57": ["cc_3", "deg_5"], "10": ["cc_22", "deg_3"], "49": ["cc_11", "deg_3"], "1": ["cc_22", "deg_3"], "46": ["cc_11", "deg_4"], "60": ["cc_0", "deg_4"], "41": ["cc_11", "deg_4"], "29": ["cc_16", "deg_4"], "74": ["cc_0", "deg_4"], "13": ["cc_0", "deg_2"], "2": ["cc_6", "deg_5"], "7": ["cc_11", "deg_4"], "84": ["cc_0", "deg_3"], "79": ["cc_16", "deg_4"], "32": ["cc_10", "deg_5"], "33": ["cc_10", "deg_5"], "55": ["cc_6", "deg_5"], "48": ["cc_5", "deg_4"], "85": ["cc_0", "deg_6"], "5": ["cc_5", "deg_4"], "80": ["cc_6", "deg_6"], "81": ["cc_6", "deg_5"], "44": ["cc_0", "deg_3"], "39": ["cc_10", "deg_5"], "3": ["cc_5", "deg_4"], "28": ["cc_11", "deg_4"], "83": ["cc_0", "deg_4"], "76": ["cc_5", "deg_4"], "72": ["cc_0", "deg_3"], "12": ["cc_3", "deg_5"], "59": ["cc_0", "deg_3"], "69": ["cc_11", "deg_4"], "22": ["cc_0", "deg_3"], "50": ["cc_5", "deg_4"], "71": ["cc_0", "deg_3"], "4": ["cc_0", "deg_3"], "78": ["cc_4", "deg_6"], "45": ["cc_3", "deg_5"], "42": ["cc_11", "deg_4"], "21": ["cc_0", "deg_4"], "8": ["cc_5", "deg_4"], "53": ["cc_22", "deg_3"], "67": ["cc_6", "deg_6"], "37": ["cc_13", "deg_5"], "20": ["cc_2", "deg_6"], "26": ["cc_11", "deg_3"], "52": ["cc_11", "deg_3"], "58": ["cc_0", "deg_3"], "63": ["cc_0", "deg_4"], "64": ["cc_11", "deg_3"], "54": ["cc_11", "deg_4"], "65": ["cc_10", "deg_5"], "61": ["cc_0", "deg_4"], "16": ["cc_33", "deg_2"], "73": ["cc_3", "deg_5"]}}