{"label": 1, "features": {"68": ["cc_0", "deg_4"], "21": ["cc_0", "deg_4"], "34": ["cc_0", "deg_3"], "58": ["cc_3", "deg_5"], "69": ["cc_0", "deg_4"], "42": ["cc_0", "deg_5"], "12": ["cc_0", "deg_6"], "66": ["cc_0", "deg_2"], "5": ["cc_0", "deg_4"], "61": ["cc_0", "deg_3"], "51": ["cc_33", "deg_2"], "24": ["cc_0", "deg_2"], "56": ["cc_0", "deg_3"], "55": ["cc_0", "deg_4"], "17": ["cc_0", "deg_7"], "22": ["cc_0", "deg_3"], "74": ["cc_0", "deg_4"], "59": ["cc_6", "deg_5"], "46": ["cc_5", "deg_4"], "37": ["cc_33", "deg_2"], "38": ["cc_11", "deg_4"], "81": ["cc_0", "deg_2"], "90": ["cc_0", "deg_3"], "35": ["cc_0", "deg_5"], "47": ["cc_0", "deg_5"], "16": ["cc_0", "deg_4"], "65": ["cc_0", "deg_4"], "23": ["cc_0", "deg_3"], "7": ["cc_0", "deg_3"], "82": ["cc_0", "deg_4"], "29": ["cc_0", "deg_3"], "13": ["cc_0", "deg_2"], "6": ["cc_0", "deg_6"], "30": ["cc_33", "deg_2"], "14": ["cc_0", "deg_4"], "40": ["cc_3", "deg_5"], "33": ["cc_3", "deg_5"], "73": ["cc_0", "deg_8"], "76": ["cc_0", "deg_4"], "8": ["cc_0", "deg_4"], "44": ["cc_11", "deg_3"], "26": ["cc_1", "deg_7"], "43": ["cc_0", "deg_3"], "57": ["cc_6", "deg_5"], "20": ["cc_0", "deg_4"], "89": ["cc_0", "deg_3"], "80": ["cc_0", "deg_2"], "70": ["cc_0", "deg_4"], "84": ["cc_0", "deg_4"], "53": ["cc_3", "deg_5"], "1": ["cc_0", "deg_4"], "54": ["cc_0", "deg_2"], "41": ["cc_0", "deg_4"], "4": ["cc_0", "deg_6"], "39": ["cc_11", "deg_4"], "28": ["cc_0", "deg_2"], "25": ["cc_0", "deg_4"], "78": ["cc_2", "deg_6"], "3": ["cc_1", "deg_8"], "64": ["cc_0", "deg_4"], "72": ["cc_0", "deg_4"], "87": ["cc_0", "deg_6"], "19": ["cc_0", "deg_4"], "86": ["cc_0", "deg_4"], "62": ["cc_0", "deg_3"], "11": ["cc_0", "deg_3"], "18": ["cc_0", "deg_3"], "67": ["cc_0", "deg_2"], "2": ["cc_0", "deg_6"], "9": ["cc_0", "deg_3"], "27": ["cc_5", "deg_4"], "15": ["cc_0", "deg_3"], "71": ["cc_0", "deg_3"], "88": ["cc_0", "deg_3"], "0": ["cc_0", "deg_5"], "63": ["cc_0", "deg_3"], "32": ["cc_6", "deg_5"], "45": ["cc_3", "deg_5"], "36": ["cc_0", "deg_5"], "83": ["cc_0", "deg_5"], "48": ["cc_0", "deg_4"], "79": ["cc_0", "deg_5"], "77": ["cc_0", "deg_6"], "10": ["cc_0", "deg_3"], "85": ["cc_0", "deg_3"], "31": ["cc_3", "deg_5"], "75": ["cc_0", "deg_5"], "50": ["cc_11", "deg_3"], "60": ["cc_0", "deg_3"], "52": ["cc_3", "deg_5"], "49": ["cc_0", "deg_3"]}, "edges": [[0, 2], [0, 24], [0, 89], [0, 90], [0, 78], [1, 2], [1, 90], [1, 59], [1, 45], [2, 3], [2, 86], [2, 22], [2, 42], [3, 49], [3, 51], [3, 52], [3, 5], [3, 27], [3, 62], [3, 53], [4, 6], [4, 38], [4, 25], [4, 74], [4, 12], [4, 21], [5, 80], [5, 6], [5, 79], [6, 66], [6, 43], [6, 8], [6, 59], [7, 42], [7, 83], [7, 13], [8, 9], [8, 58], [8, 23], [9, 69], [9, 71], [10, 11], [10, 12], [10, 86], [11, 84], [11, 73], [12, 40], [12, 52], [12, 58], [12, 14], [13, 40], [14, 27], [14, 28], [14, 15], [15, 16], [15, 17], [16, 73], [16, 41], [16, 77], [17, 49], [17, 33], [17, 89], [17, 79], [17, 75], [17, 76], [18, 19], [18, 85], [18, 63], [19, 20], [19, 66], [19, 29], [20, 21], [20, 88], [20, 31], [21, 34], [21, 52], [22, 33], [22, 26], [23, 25], [23, 36], [24, 65], [25, 40], [25, 26], [26, 50], [26, 89], [26, 27], [26, 61], [26, 77], [27, 50], [28, 49], [29, 75], [29, 31], [30, 32], [30, 52], [31, 32], [31, 33], [31, 79], [32, 64], [32, 33], [32, 52], [33, 48], [34, 35], [34, 47], [35, 83], [35, 36], [35, 87], [35, 61], [36, 64], [36, 84], [36, 55], [37, 38], [37, 39], [38, 40], [38, 39], [39, 40], [39, 64], [41, 55], [41, 42], [41, 63], [42, 43], [42, 47], [43, 45], [44, 73], [44, 45], [44, 46], [45, 46], [45, 47], [46, 57], [46, 65], [47, 48], [47, 65], [48, 83], [48, 73], [50, 87], [51, 53], [53, 83], [53, 74], [53, 79], [54, 56], [54, 55], [55, 57], [56, 68], [56, 84], [57, 78], [57, 58], [57, 59], [58, 65], [58, 59], [59, 78], [60, 61], [60, 62], [60, 71], [62, 73], [63, 64], [67, 75], [67, 68], [68, 69], [68, 70], [69, 87], [69, 78], [70, 72], [70, 76], [70, 78], [71, 72], [72, 73], [72, 74], [73, 82], [73, 76], [74, 75], [75, 77], [76, 77], [77, 81], [77, 87], [78, 79], [80, 82], [81, 82], [82, 83], [84, 86], [85, 86], [85, 87], [87, 88], [88, 90]]}