{"label": 0, "edges": [[0, 1], [0, 2], [0, 77], [0, 39], [1, 2], [1, 3], [1, 77], [2, 3], [2, 28], [2, 76], [3, 4], [3, 5], [4, 5], [4, 6], [5, 53], [5, 6], [6, 56], [6, 61], [6, 7], [7, 17], [7, 35], [7, 8], [7, 9], [8, 9], [8, 77], [9, 10], [9, 11], [10, 11], [10, 12], [11, 12], [11, 13], [11, 28], [12, 43], [12, 46], [13, 14], [13, 15], [14, 16], [14, 24], [14, 62], [14, 15], [15, 16], [15, 17], [16, 17], [16, 51], [17, 18], [18, 19], [18, 65], [19, 20], [19, 21], [19, 38], [19, 23], [20, 66], [20, 22], [21, 49], [21, 22], [21, 23], [22, 24], [22, 23], [23, 24], [24, 64], [24, 33], [24, 25], [25, 26], [25, 27], [25, 55], [26, 27], [26, 28], [26, 54], [27, 28], [27, 29], [28, 30], [29, 30], [29, 31], [30, 47], [30, 31], [31, 32], [31, 33], [32, 33], [32, 34], [32, 60], [33, 39], [34, 49], [34, 35], [34, 36], [35, 60], [36, 73], [36, 37], [36, 38], [37, 38], [37, 39], [38, 40], [39, 41], [40, 41], [40, 42], [41, 42], [41, 43], [42, 43], [42, 44], [42, 62], [43, 44], [43, 45], [44, 45], [44, 46], [45, 72], [45, 46], [46, 48], [46, 63], [47, 48], [47, 49], [48, 49], [48, 50], [50, 51], [50, 52], [51, 52], [51, 53], [52, 53], [52, 54], [53, 54], [53, 55], [53, 73], [54, 56], [55, 56], [56, 57], [56, 58], [57, 58], [57, 59], [58, 59], [58, 60], [59, 60], [59, 61], [60, 61], [61, 62], [63, 64], [63, 65], [64, 66], [65, 66], [65, 67], [66, 67], [66, 68], [67, 68], [67, 69], [68, 69], [68, 70], [69, 70], [69, 71], [70, 72], [70, 71], [71, 72], [71, 73], [72, 73], [72, 74], [74, 75], [74, 76], [75, 76], [75, 77], [76, 77]], "features": {"27": ["cc_11", "deg_4"], "35": ["cc_0", "deg_3"], "43": ["cc_10", "deg_5"], "47": ["cc_11", "deg_3"], "32": ["cc_5", "deg_4"], "56": ["cc_3", "deg_5"], "77": ["cc_6", "deg_5"], "9": ["cc_11", "deg_4"], "33": ["cc_5", "deg_4"], "48": ["cc_5", "deg_4"], "55": ["cc_0", "deg_3"], "0": ["cc_11", "deg_4"], "2": ["cc_6", "deg_5"], "18": ["cc_0", "deg_3"], "5": ["cc_11", "deg_4"], "76": ["cc_11", "deg_4"], "14": ["cc_6", "deg_5"], "38": ["cc_5", "deg_4"], "73": ["cc_5", "deg_4"], "44": ["cc_16", "deg_4"], "39": ["cc_0", "deg_4"], "3": ["cc_11", "deg_4"], "68": ["cc_16", "deg_4"], "28": ["cc_3", "deg_5"], "51": ["cc_11", "deg_4"], "23": ["cc_16", "deg_4"], "19": ["cc_3", "deg_5"], "61": ["cc_5", "deg_4"], "34": ["cc_0", "deg_4"], "75": ["cc_22", "deg_3"], "11": ["cc_6", "deg_5"], "72": ["cc_6", "deg_5"], "17": ["cc_5", "deg_4"], "12": ["cc_5", "deg_4"], "25": ["cc_5", "deg_4"], "24": ["cc_2", "deg_6"], "62": ["cc_0", "deg_3"], "59": ["cc_16", "deg_4"], "69": ["cc_16", "deg_4"], "22": ["cc_11", "deg_4"], "60": ["cc_6", "deg_5"], "70": ["cc_16", "deg_4"], "65": ["cc_5", "deg_4"], "71": ["cc_16", "deg_4"], "15": ["cc_16", "deg_4"], "4": ["cc_22", "deg_3"], "37": ["cc_11", "deg_3"], "45": ["cc_11", "deg_4"], "42": ["cc_10", "deg_5"], "30": ["cc_5", "deg_4"], "31": ["cc_11", "deg_4"], "66": ["cc_6", "deg_5"], "36": ["cc_5", "deg_4"], "67": ["cc_16", "deg_4"], "57": ["cc_22", "deg_3"], "53": ["cc_4", "deg_6"], "10": ["cc_22", "deg_3"], "49": ["cc_5", "deg_4"], "1": ["cc_16", "deg_4"], "46": ["cc_3", "deg_5"], "26": ["cc_11", "deg_4"], "40": ["cc_11", "deg_3"], "41": ["cc_11", "deg_4"], "20": ["cc_0", "deg_3"], "29": ["cc_11", "deg_3"], "52": ["cc_16", "deg_4"], "58": ["cc_16", "deg_4"], "63": ["cc_0", "deg_3"], "64": ["cc_0", "deg_3"], "74": ["cc_11", "deg_3"], "13": ["cc_11", "deg_3"], "6": ["cc_3", "deg_5"], "7": ["cc_3", "deg_5"], "50": ["cc_11", "deg_3"], "8": ["cc_11", "deg_3"], "16": ["cc_11", "deg_4"], "54": ["cc_5", "deg_4"], "21": ["cc_11", "deg_4"]}}