{"label": 2, "features": {"1": ["cc_4", "deg_8"], "16": ["cc_8", "deg_8"], "4": ["cc_11", "deg_6"], "21": ["cc_5", "deg_4"], "7": ["cc_5", "deg_4"], "0": ["cc_11", "deg_4"], "12": ["cc_6", "deg_5"], "13": ["cc_6", "deg_5"], "6": ["cc_4", "deg_6"], "5": ["cc_8", "deg_9"], "3": ["cc_4", "deg_7"], "24": ["cc_6", "deg_7"], "23": ["cc_5", "deg_8"], "19": ["cc_8", "deg_6"], "10": ["cc_4", "deg_6"], "17": ["cc_8", "deg_6"], "11": ["cc_10", "deg_5"], "22": ["cc_8", "deg_6"], "18": ["cc_16", "deg_4"], "2": ["cc_6", "deg_7"], "20": ["cc_8", "deg_6"], "14": ["cc_6", "deg_10"], "9": ["cc_0", "deg_5"], "8": ["cc_5", "deg_4"], "15": ["cc_11", "deg_4"]}, "edges": [[0, 1], [0, 17], [0, 6], [0, 15], [1, 18], [1, 11], [1, 5], [1, 22], [1, 10], [1, 7], [1, 15], [2, 19], [2, 3], [2, 5], [2, 7], [2, 24], [2, 13], [2, 14], [3, 4], [3, 22], [3, 6], [3, 21], [3, 18], [3, 16], [4, 16], [4, 24], [4, 10], [4, 23], [4, 14], [5, 9], [5, 11], [5, 13], [5, 14], [5, 17], [5, 19], [5, 20], [6, 16], [6, 17], [6, 9], [6, 20], [7, 23], [7, 12], [8, 16], [8, 19], [8, 9], [8, 14], [9, 10], [9, 21], [10, 24], [10, 11], [10, 12], [11, 20], [11, 23], [12, 22], [12, 23], [12, 13], [13, 16], [13, 17], [14, 15], [14, 16], [14, 17], [14, 20], [14, 21], [14, 23], [15, 16], [16, 23], [17, 21], [18, 22], [18, 24], [19, 20], [19, 23], [19, 24], [20, 24], [22, 23], [22, 24]]}