{"label": 2, "features": {"53": ["cc_4", "deg_6"], "47": ["cc_2", "deg_9"], "21": ["cc_5", "deg_4"], "34": ["cc_2", "deg_6"], "41": ["cc_0", "deg_5"], "4": ["cc_3", "deg_7"], "42": ["cc_3", "deg_5"], "12": ["cc_3", "deg_8"], "28": ["cc_6", "deg_6"], "5": ["cc_3", "deg_8"], "3": ["cc_0", "deg_5"], "51": ["cc_1", "deg_9"], "24": ["cc_0", "deg_4"], "56": ["cc_0", "deg_5"], "55": ["cc_0", "deg_5"], "19": ["cc_2", "deg_8"], "54": ["cc_4", "deg_6"], "36": ["cc_3", "deg_7"], "17": ["cc_2", "deg_6"], "11": ["cc_3", "deg_5"], "22": ["cc_3", "deg_5"], "18": ["cc_3", "deg_5"], "2": ["cc_3", "deg_7"], "46": ["cc_3", "deg_8"], "37": ["cc_3", "deg_7"], "38": ["cc_2", "deg_9"], "9": ["cc_0", "deg_6"], "27": ["cc_3", "deg_5"], "35": ["cc_6", "deg_5"], "1": ["cc_2", "deg_6"], "16": ["cc_3", "deg_5"], "25": ["cc_3", "deg_5"], "7": ["cc_0", "deg_5"], "39": ["cc_1", "deg_9"], "0": ["cc_0", "deg_5"], "29": ["cc_0", "deg_6"], "13": ["cc_3", "deg_7"], "6": ["cc_3", "deg_7"], "30": ["cc_3", "deg_7"], "14": ["cc_4", "deg_9"], "32": ["cc_11", "deg_3"], "45": ["cc_0", "deg_3"], "10": ["cc_0", "deg_4"], "33": ["cc_5", "deg_4"], "23": ["cc_1", "deg_7"], "48": ["cc_4", "deg_6"], "40": ["cc_3", "deg_5"], "8": ["cc_3", "deg_8"], "44": ["cc_6", "deg_6"], "31": ["cc_2", "deg_6"], "26": ["cc_0", "deg_4"], "43": ["cc_0", "deg_6"], "20": ["cc_3", "deg_7"], "50": ["cc_4", "deg_7"], "52": ["cc_0", "deg_5"], "15": ["cc_0", "deg_4"], "49": ["cc_0", "deg_5"]}, "edges": [[0, 18], [0, 3], [0, 52], [0, 9], [0, 11], [1, 50], [1, 56], [1, 23], [1, 10], [1, 7], [1, 14], [2, 9], [2, 43], [2, 12], [2, 13], [2, 45], [2, 17], [2, 54], [3, 51], [3, 36], [3, 55], [3, 15], [4, 40], [4, 12], [4, 45], [4, 46], [4, 48], [4, 8], [4, 27], [5, 6], [5, 38], [5, 44], [5, 43], [5, 12], [5, 22], [5, 23], [5, 30], [6, 16], [6, 19], [6, 7], [6, 39], [6, 28], [6, 44], [7, 15], [7, 30], [7, 47], [8, 38], [8, 40], [8, 17], [8, 18], [8, 19], [8, 52], [8, 53], [9, 33], [9, 55], [9, 24], [9, 29], [10, 40], [10, 44], [10, 13], [11, 56], [11, 53], [11, 28], [11, 14], [12, 14], [12, 54], [12, 56], [12, 28], [12, 30], [13, 16], [13, 20], [13, 53], [13, 22], [13, 54], [14, 34], [14, 47], [14, 19], [14, 22], [14, 23], [14, 28], [15, 22], [15, 31], [16, 20], [16, 52], [16, 43], [17, 18], [17, 39], [17, 41], [17, 23], [18, 20], [18, 30], [19, 41], [19, 42], [19, 44], [19, 22], [19, 29], [20, 21], [20, 23], [20, 41], [20, 39], [21, 39], [21, 44], [21, 47], [23, 48], [23, 25], [24, 54], [24, 25], [24, 39], [25, 35], [25, 38], [25, 47], [26, 49], [26, 37], [26, 56], [26, 40], [27, 55], [27, 36], [27, 42], [27, 43], [28, 33], [28, 31], [29, 36], [29, 54], [29, 47], [29, 31], [30, 36], [30, 44], [30, 50], [31, 33], [31, 51], [31, 56], [32, 50], [32, 43], [32, 46], [33, 38], [34, 35], [34, 55], [34, 40], [34, 45], [34, 47], [35, 37], [35, 38], [35, 39], [36, 53], [36, 38], [36, 42], [37, 48], [37, 51], [37, 39], [37, 43], [37, 42], [38, 48], [38, 49], [38, 53], [39, 49], [39, 46], [41, 49], [41, 55], [42, 46], [46, 47], [46, 48], [46, 50], [46, 52], [47, 50], [47, 51], [48, 51], [49, 51], [50, 51], [50, 53], [51, 52], [51, 54]]}