{"label": 0, "edges": [[0, 1], [0, 2], [0, 61], [1, 50], [1, 3], [1, 62], [1, 23], [2, 3], [2, 4], [2, 45], [3, 4], [3, 5], [4, 38], [4, 6], [5, 57], [5, 12], [5, 6], [6, 8], [6, 7], [7, 8], [7, 9], [8, 9], [8, 10], [9, 10], [9, 37], [10, 53], [10, 11], [10, 28], [10, 31], [11, 51], [11, 12], [11, 13], [12, 14], [13, 43], [13, 15], [14, 16], [14, 39], [15, 17], [15, 52], [16, 57], [16, 18], [16, 35], [17, 18], [17, 19], [18, 19], [18, 20], [19, 20], [19, 21], [20, 34], [20, 21], [20, 22], [20, 59], [21, 22], [21, 23], [22, 48], [22, 38], [22, 23], [23, 25], [24, 25], [24, 26], [25, 26], [25, 36], [26, 27], [26, 32], [27, 43], [27, 29], [28, 29], [28, 30], [29, 30], [29, 31], [30, 32], [30, 31], [31, 33], [32, 33], [32, 34], [33, 35], [33, 52], [33, 60], [34, 36], [35, 36], [36, 37], [36, 38], [37, 38], [37, 39], [38, 39], [38, 57], [39, 43], [39, 45], [40, 41], [40, 42], [41, 42], [41, 43], [42, 43], [42, 44], [42, 62], [42, 47], [43, 44], [43, 45], [44, 45], [44, 46], [45, 47], [46, 48], [46, 60], [46, 47], [47, 49], [47, 58], [48, 49], [49, 59], [49, 50], [49, 51], [50, 51], [50, 52], [51, 53], [52, 54], [53, 55], [54, 56], [54, 55], [55, 56], [55, 57], [56, 57], [56, 58], [57, 58], [57, 62], [58, 59], [60, 62], [61, 62]], "features": {"27": ["cc_0", "deg_3"], "35": ["cc_0", "deg_3"], "43": ["cc_6", "deg_7"], "47": ["cc_0", "deg_5"], "32": ["cc_0", "deg_4"], "56": ["cc_16", "deg_4"], "9": ["cc_11", "deg_4"], "33": ["cc_0", "deg_5"], "48": ["cc_0", "deg_3"], "55": ["cc_11", "deg_4"], "0": ["cc_0", "deg_3"], "2": ["cc_5", "deg_4"], "18": ["cc_11", "deg_4"], "5": ["cc_0", "deg_4"], "14": ["cc_0", "deg_3"], "38": ["cc_4", "deg_6"], "44": ["cc_11", "deg_4"], "39": ["cc_6", "deg_5"], "3": ["cc_5", "deg_4"], "28": ["cc_11", "deg_3"], "51": ["cc_5", "deg_4"], "23": ["cc_5", "deg_4"], "19": ["cc_16", "deg_4"], "61": ["cc_0", "deg_2"], "34": ["cc_0", "deg_3"], "11": ["cc_0", "deg_4"], "17": ["cc_11", "deg_3"], "12": ["cc_0", "deg_3"], "25": ["cc_5", "deg_4"], "24": ["cc_33", "deg_2"], "62": ["cc_0", "deg_5"], "59": ["cc_0", "deg_3"], "22": ["cc_6", "deg_5"], "60": ["cc_0", "deg_3"], "15": ["cc_0", "deg_3"], "4": ["cc_5", "deg_4"], "37": ["cc_11", "deg_4"], "45": ["cc_6", "deg_5"], "42": ["cc_6", "deg_6"], "30": ["cc_11", "deg_4"], "31": ["cc_5", "deg_4"], "36": ["cc_3", "deg_5"], "57": ["cc_3", "deg_7"], "53": ["cc_0", "deg_3"], "10": ["cc_2", "deg_6"], "49": ["cc_3", "deg_5"], "1": ["cc_0", "deg_5"], "46": ["cc_0", "deg_4"], "26": ["cc_5", "deg_4"], "40": ["cc_33", "deg_2"], "41": ["cc_22", "deg_3"], "20": ["cc_6", "deg_6"], "29": ["cc_11", "deg_4"], "52": ["cc_0", "deg_4"], "58": ["cc_5", "deg_4"], "13": ["cc_0", "deg_3"], "6": ["cc_5", "deg_4"], "7": ["cc_22", "deg_3"], "50": ["cc_5", "deg_4"], "8": ["cc_16", "deg_4"], "16": ["cc_0", "deg_4"], "54": ["cc_11", "deg_3"], "21": ["cc_16", "deg_4"]}}