{"label": 0, "features": {"53": ["cc_0", "deg_2"], "47": ["cc_0", "deg_1"], "68": ["cc_0", "deg_2"], "21": ["cc_0", "deg_1"], "34": ["cc_0", "deg_2"], "67": ["cc_0", "deg_2"], "41": ["cc_0", "deg_2"], "4": ["cc_0", "deg_2"], "42": ["cc_0", "deg_2"], "12": ["cc_0", "deg_2"], "28": ["cc_0", "deg_2"], "66": ["cc_0", "deg_1"], "5": ["cc_0", "deg_2"], "65": ["cc_0", "deg_3"], "61": ["cc_0", "deg_2"], "3": ["cc_0", "deg_3"], "64": ["cc_0", "deg_2"], "51": ["cc_0", "deg_2"], "24": ["cc_0", "deg_2"], "56": ["cc_0", "deg_2"], "55": ["cc_0", "deg_2"], "19": ["cc_0", "deg_2"], "54": ["cc_0", "deg_3"], "36": ["cc_0", "deg_1"], "17": ["cc_0", "deg_1"], "11": ["cc_0", "deg_3"], "22": ["cc_0", "deg_2"], "71": ["cc_0", "deg_2"], "18": ["cc_0", "deg_2"], "59": ["cc_0", "deg_2"], "2": ["cc_0", "deg_1"], "46": ["cc_0", "deg_2"], "37": ["cc_0", "deg_4"], "38": ["cc_0", "deg_1"], "73": ["cc_0", "deg_2"], "78": ["cc_0", "deg_2"], "9": ["cc_0", "deg_2"], "27": ["cc_0", "deg_3"], "58": ["cc_0", "deg_2"], "35": ["cc_0", "deg_3"], "1": ["cc_0", "deg_2"], "16": ["cc_0", "deg_1"], "80": ["cc_0", "deg_1"], "25": ["cc_0", "deg_1"], "7": ["cc_0", "deg_2"], "39": ["cc_0", "deg_3"], "0": ["cc_0", "deg_2"], "82": ["cc_0", "deg_1"], "83": ["cc_0", "deg_2"], "29": ["cc_0", "deg_2"], "63": ["cc_0", "deg_3"], "13": ["cc_0", "deg_3"], "6": ["cc_0", "deg_2"], "30": ["cc_0", "deg_2"], "14": ["cc_0", "deg_3"], "32": ["cc_0", "deg_2"], "45": ["cc_0", "deg_2"], "10": ["cc_0", "deg_2"], "33": ["cc_0", "deg_2"], "23": ["cc_0", "deg_2"], "69": ["cc_0", "deg_2"], "76": ["cc_0", "deg_3"], "48": ["cc_0", "deg_1"], "79": ["cc_0", "deg_1"], "77": ["cc_0", "deg_2"], "40": ["cc_0", "deg_2"], "81": ["cc_0", "deg_1"], "72": ["cc_0", "deg_2"], "8": ["cc_0", "deg_2"], "44": ["cc_0", "deg_2"], "31": ["cc_0", "deg_2"], "75": ["cc_0", "deg_2"], "26": ["cc_0", "deg_2"], "43": ["cc_0", "deg_2"], "57": ["cc_0", "deg_2"], "20": ["cc_0", "deg_3"], "50": ["cc_0", "deg_3"], "62": ["cc_0", "deg_2"], "60": ["cc_0", "deg_2"], "52": ["cc_0", "deg_2"], "15": ["cc_0", "deg_1"], "74": ["cc_0", "deg_2"], "70": ["cc_0", "deg_2"], "49": ["cc_0", "deg_2"]}, "edges": [[0, 1], [0, 83], [1, 37], [2, 3], [3, 35], [3, 4], [4, 5], [5, 6], [6, 7], [7, 8], [8, 9], [9, 10], [10, 11], [11, 80], [11, 12], [12, 13], [13, 46], [13, 14], [14, 81], [14, 27], [15, 56], [16, 72], [17, 18], [18, 19], [19, 20], [20, 71], [20, 23], [21, 22], [22, 54], [23, 24], [24, 58], [25, 26], [26, 27], [27, 50], [28, 65], [28, 29], [29, 35], [30, 78], [30, 31], [31, 32], [32, 33], [33, 34], [34, 65], [35, 79], [36, 37], [37, 76], [37, 47], [38, 39], [39, 40], [39, 57], [40, 41], [41, 42], [42, 43], [43, 44], [44, 45], [45, 46], [48, 49], [49, 50], [50, 51], [51, 52], [52, 53], [53, 54], [54, 55], [55, 63], [56, 57], [58, 59], [59, 60], [60, 61], [61, 62], [62, 63], [63, 64], [64, 65], [66, 67], [67, 68], [68, 69], [69, 70], [70, 71], [72, 73], [73, 74], [74, 75], [75, 76], [76, 77], [77, 78], [82, 83]]}