{"label": 1, "features": {"53": ["cc_0", "deg_3"], "47": ["cc_0", "deg_3"], "68": ["cc_0", "deg_3"], "21": ["cc_3", "deg_5"], "34": ["cc_0", "deg_2"], "67": ["cc_0", "deg_5"], "41": ["cc_0", "deg_2"], "4": ["cc_11", "deg_3"], "42": ["cc_0", "deg_4"], "12": ["cc_0", "deg_3"], "28": ["cc_0", "deg_5"], "66": ["cc_2", "deg_8"], "5": ["cc_3", "deg_5"], "65": ["cc_33", "deg_2"], "61": ["cc_4", "deg_6"], "3": ["cc_0", "deg_4"], "64": ["cc_11", "deg_4"], "51": ["cc_1", "deg_7"], "24": ["cc_5", "deg_4"], "56": ["cc_0", "deg_2"], "55": ["cc_0", "deg_2"], "19": ["cc_2", "deg_6"], "54": ["cc_3", "deg_7"], "36": ["cc_5", "deg_4"], "17": ["cc_5", "deg_4"], "11": ["cc_0", "deg_3"], "22": ["cc_0", "deg_5"], "71": ["cc_0", "deg_4"], "18": ["cc_5", "deg_4"], "59": ["cc_2", "deg_9"], "2": ["cc_0", "deg_6"], "46": ["cc_0", "deg_6"], "37": ["cc_5", "deg_4"], "38": ["cc_0", "deg_2"], "73": ["cc_3", "deg_5"], "78": ["cc_0", "deg_3"], "9": ["cc_0", "deg_3"], "27": ["cc_0", "deg_3"], "58": ["cc_0", "deg_5"], "35": ["cc_0", "deg_3"], "1": ["cc_0", "deg_5"], "16": ["cc_0", "deg_3"], "80": ["cc_0", "deg_3"], "25": ["cc_0", "deg_2"], "7": ["cc_0", "deg_3"], "39": ["cc_0", "deg_2"], "0": ["cc_5", "deg_4"], "29": ["cc_0", "deg_3"], "63": ["cc_6", "deg_5"], "13": ["cc_33", "deg_2"], "6": ["cc_3", "deg_7"], "30": ["cc_0", "deg_5"], "14": ["cc_3", "deg_5"], "32": ["cc_0", "deg_5"], "45": ["cc_0", "deg_2"], "10": ["cc_0", "deg_4"], "33": ["cc_0", "deg_3"], "23": ["cc_0", "deg_3"], "69": ["cc_0", "deg_2"], "76": ["cc_0", "deg_4"], "48": ["cc_0", "deg_3"], "79": ["cc_0", "deg_2"], "77": ["cc_0", "deg_4"], "40": ["cc_0", "deg_3"], "72": ["cc_0", "deg_5"], "8": ["cc_6", "deg_5"], "44": ["cc_0", "deg_2"], "31": ["cc_5", "deg_4"], "75": ["cc_0", "deg_4"], "26": ["cc_5", "deg_4"], "43": ["cc_0", "deg_4"], "57": ["cc_6", "deg_5"], "20": ["cc_0", "deg_3"], "50": ["cc_33", "deg_2"], "62": ["cc_3", "deg_7"], "60": ["cc_5", "deg_4"], "52": ["cc_0", "deg_3"], "15": ["cc_2", "deg_6"], "74": ["cc_11", "deg_3"], "70": ["cc_0", "deg_6"], "49": ["cc_0", "deg_5"]}, "edges": [[0, 80], [0, 53], [0, 57], [0, 59], [1, 2], [1, 34], [1, 5], [1, 39], [1, 66], [2, 4], [2, 8], [2, 58], [2, 12], [2, 77], [3, 68], [3, 34], [3, 60], [3, 5], [4, 5], [4, 6], [5, 6], [5, 11], [6, 54], [6, 8], [6, 47], [6, 62], [6, 37], [7, 74], [7, 35], [7, 20], [8, 54], [8, 9], [8, 26], [9, 11], [9, 22], [10, 49], [10, 23], [10, 75], [10, 79], [11, 24], [12, 76], [12, 38], [13, 14], [13, 15], [14, 16], [14, 22], [14, 46], [14, 15], [15, 33], [15, 67], [15, 72], [15, 43], [16, 17], [16, 51], [17, 27], [17, 18], [17, 19], [18, 72], [18, 19], [18, 20], [19, 37], [19, 70], [19, 71], [19, 58], [20, 21], [21, 50], [21, 51], [21, 22], [21, 61], [22, 48], [22, 28], [23, 67], [23, 70], [24, 62], [24, 46], [24, 63], [25, 26], [25, 27], [26, 54], [26, 78], [27, 28], [28, 35], [28, 77], [28, 30], [29, 59], [29, 76], [29, 30], [30, 32], [30, 67], [30, 36], [31, 32], [31, 33], [31, 74], [31, 59], [32, 39], [32, 42], [32, 46], [33, 40], [35, 36], [36, 37], [36, 73], [37, 73], [38, 59], [40, 66], [40, 42], [41, 42], [41, 43], [42, 62], [43, 48], [43, 63], [44, 66], [44, 46], [45, 73], [45, 47], [46, 51], [46, 75], [47, 53], [48, 49], [49, 58], [49, 51], [49, 71], [50, 51], [51, 70], [51, 54], [52, 66], [52, 54], [52, 69], [53, 54], [54, 68], [55, 67], [55, 60], [56, 58], [56, 61], [57, 64], [57, 66], [57, 58], [57, 59], [59, 60], [59, 74], [59, 75], [59, 61], [60, 61], [61, 62], [61, 63], [62, 64], [62, 78], [62, 63], [63, 77], [64, 66], [64, 65], [65, 66], [66, 70], [67, 68], [69, 70], [70, 72], [71, 72], [71, 80], [72, 73], [73, 75], [76, 79], [76, 77], [78, 80]]}