{"label": 0, "features": {"1": ["cc_0", "deg_4"], "16": ["cc_5", "deg_4"], "4": ["cc_4", "deg_7"], "21": ["cc_6", "deg_5"], "32": ["cc_11", "deg_3"], "34": ["cc_16", "deg_4"], "7": ["cc_3", "deg_5"], "25": ["cc_11", "deg_3"], "0": ["cc_0", "deg_4"], "39": ["cc_0", "deg_3"], "12": ["cc_5", "deg_4"], "29": ["cc_11", "deg_3"], "28": ["cc_0", "deg_4"], "13": ["cc_5", "deg_4"], "6": ["cc_11", "deg_4"], "30": ["cc_0", "deg_3"], "5": ["cc_4", "deg_6"], "38": ["cc_0", "deg_3"], "3": ["cc_5", "deg_4"], "24": ["cc_0", "deg_4"], "33": ["cc_11", "deg_4"], "23": ["cc_0", "deg_3"], "27": ["cc_5", "deg_4"], "19": ["cc_11", "deg_4"], "36": ["cc_6", "deg_5"], "10": ["cc_6", "deg_5"], "17": ["cc_11", "deg_4"], "11": ["cc_11", "deg_4"], "22": ["cc_5", "deg_4"], "18": ["cc_4", "deg_7"], "31": ["cc_11", "deg_4"], "2": ["cc_0", "deg_3"], "26": ["cc_0", "deg_4"], "20": ["cc_11", "deg_4"], "14": ["cc_0", "deg_3"], "35": ["cc_22", "deg_3"], "9": ["cc_33", "deg_2"], "8": ["cc_0", "deg_3"], "37": ["cc_0", "deg_4"], "15": ["cc_3", "deg_5"]}, "edges": [[0, 37], [0, 39], [0, 10], [0, 28], [1, 2], [1, 3], [1, 37], [1, 39], [2, 4], [2, 13], [3, 4], [3, 5], [3, 28], [4, 19], [4, 36], [4, 5], [4, 6], [4, 31], [5, 36], [5, 7], [5, 23], [5, 12], [6, 8], [6, 31], [6, 7], [7, 18], [7, 38], [7, 31], [8, 10], [8, 18], [9, 10], [9, 11], [10, 11], [10, 12], [11, 12], [11, 13], [12, 37], [13, 21], [13, 15], [14, 16], [14, 30], [14, 15], [15, 17], [15, 21], [15, 37], [16, 24], [16, 17], [16, 18], [17, 18], [17, 19], [18, 19], [18, 20], [18, 33], [19, 20], [20, 21], [20, 22], [21, 22], [21, 23], [22, 24], [22, 30], [23, 24], [24, 26], [25, 26], [25, 27], [25, 29], [26, 28], [26, 31], [27, 28], [27, 29], [27, 36], [29, 38], [30, 32], [32, 33], [32, 34], [33, 34], [33, 35], [34, 35], [34, 36], [35, 36], [38, 39]]}