{"label": 2, "features": {"1": ["cc_0", "deg_2"], "16": ["cc_0", "deg_2"], "4": ["cc_0", "deg_1"], "21": ["cc_0", "deg_1"], "32": ["cc_0", "deg_3"], "34": ["cc_0", "deg_2"], "7": ["cc_0", "deg_1"], "25": ["cc_0", "deg_4"], "0": ["cc_0", "deg_3"], "12": ["cc_0", "deg_2"], "29": ["cc_0", "deg_1"], "28": ["cc_0", "deg_1"], "13": ["cc_0", "deg_2"], "6": ["cc_0", "deg_3"], "30": ["cc_0", "deg_1"], "5": ["cc_0", "deg_2"], "38": ["cc_0", "deg_1"], "3": ["cc_0", "deg_1"], "24": ["cc_0", "deg_3"], "33": ["cc_0", "deg_1"], "23": ["cc_0", "deg_4"], "27": ["cc_0", "deg_1"], "19": ["cc_0", "deg_2"], "36": ["cc_0", "deg_1"], "10": ["cc_0", "deg_2"], "17": ["cc_0", "deg_2"], "11": ["cc_0", "deg_1"], "22": ["cc_0", "deg_5"], "18": ["cc_0", "deg_3"], "31": ["cc_0", "deg_2"], "2": ["cc_0", "deg_1"], "26": ["cc_0", "deg_2"], "20": ["cc_0", "deg_3"], "14": ["cc_0", "deg_2"], "35": ["cc_0", "deg_2"], "9": ["cc_0", "deg_1"], "8": ["cc_0", "deg_2"], "37": ["cc_0", "deg_3"], "15": ["cc_0", "deg_2"]}, "edges": [[0, 17], [0, 18], [0, 22], [1, 26], [1, 12], [2, 22], [3, 25], [4, 32], [5, 20], [5, 14], [6, 36], [6, 22], [6, 23], [7, 15], [8, 32], [8, 13], [9, 34], [10, 28], [10, 22], [11, 17], [12, 16], [13, 29], [14, 27], [15, 37], [16, 37], [18, 33], [18, 37], [19, 25], [19, 23], [20, 26], [20, 31], [21, 22], [23, 32], [23, 35], [24, 25], [24, 35], [24, 38], [25, 34], [30, 31]]}