{"label": 1, "features": {"1": ["cc_11", "deg_3"], "16": ["cc_0", "deg_4"], "4": ["cc_4", "deg_6"], "21": ["cc_5", "deg_4"], "32": ["cc_33", "deg_2"], "34": ["cc_5", "deg_4"], "7": ["cc_0", "deg_3"], "42": ["cc_0", "deg_5"], "25": ["cc_0", "deg_3"], "0": ["cc_5", "deg_4"], "39": ["cc_0", "deg_3"], "12": ["cc_0", "deg_4"], "29": ["cc_5", "deg_4"], "28": ["cc_5", "deg_4"], "13": ["cc_5", "deg_4"], "6": ["cc_3", "deg_5"], "30": ["cc_0", "deg_3"], "5": ["cc_0", "deg_3"], "38": ["cc_0", "deg_4"], "3": ["cc_0", "deg_3"], "40": ["cc_0", "deg_2"], "24": ["cc_0", "deg_4"], "33": ["cc_0", "deg_4"], "23": ["cc_3", "deg_5"], "27": ["cc_5", "deg_4"], "19": ["cc_6", "deg_5"], "36": ["cc_0", "deg_2"], "10": ["cc_0", "deg_4"], "17": ["cc_3", "deg_5"], "11": ["cc_3", "deg_5"], "22": ["cc_0", "deg_3"], "18": ["cc_5", "deg_4"], "31": ["cc_0", "deg_3"], "2": ["cc_2", "deg_6"], "26": ["cc_0", "deg_3"], "20": ["cc_0", "deg_5"], "14": ["cc_1", "deg_7"], "41": ["cc_0", "deg_4"], "35": ["cc_6", "deg_5"], "9": ["cc_0", "deg_3"], "8": ["cc_0", "deg_6"], "37": ["cc_0", "deg_4"], "15": ["cc_11", "deg_4"]}, "edges": [[0, 1], [0, 42], [0, 25], [0, 2], [1, 2], [1, 14], [2, 4], [2, 7], [2, 36], [2, 10], [3, 4], [3, 5], [3, 20], [4, 19], [4, 11], [4, 18], [4, 13], [5, 6], [5, 7], [6, 35], [6, 23], [6, 39], [6, 15], [7, 8], [8, 17], [8, 34], [8, 37], [8, 9], [8, 31], [9, 10], [9, 20], [10, 19], [10, 12], [11, 38], [11, 39], [11, 26], [11, 13], [12, 41], [12, 13], [12, 14], [13, 15], [14, 16], [14, 35], [14, 21], [14, 38], [14, 15], [15, 35], [16, 41], [16, 18], [16, 23], [17, 19], [17, 20], [17, 21], [17, 39], [18, 19], [18, 20], [19, 21], [20, 22], [21, 29], [22, 24], [22, 23], [23, 32], [23, 34], [24, 25], [24, 26], [24, 42], [25, 27], [26, 28], [27, 28], [27, 29], [27, 38], [28, 29], [28, 30], [29, 33], [30, 37], [30, 31], [31, 33], [32, 34], [33, 42], [33, 35], [34, 35], [36, 37], [37, 42], [38, 41], [40, 41], [40, 42]]}