{"label": 1, "edges": [[0, 1], [0, 68], [0, 37], [0, 17], [0, 91], [0, 93], [0, 31], [1, 48], [1, 2], [1, 73], [1, 12], [1, 7], [1, 93], [2, 3], [2, 4], [2, 5], [3, 50], [3, 5], [3, 33], [3, 93], [3, 78], [3, 37], [4, 64], [4, 86], [4, 6], [4, 7], [4, 24], [4, 25], [5, 19], [5, 38], [5, 8], [5, 73], [6, 38], [6, 7], [6, 8], [6, 73], [7, 80], [7, 81], [7, 82], [7, 51], [7, 8], [8, 81], [8, 34], [8, 22], [8, 11], [8, 69], [9, 66], [9, 87], [9, 11], [10, 16], [10, 51], [10, 59], [10, 71], [10, 43], [10, 92], [10, 13], [11, 48], [11, 40], [11, 90], [11, 12], [11, 14], [12, 48], [12, 52], [12, 93], [13, 16], [13, 14], [13, 15], [14, 16], [14, 35], [14, 74], [14, 15], [15, 16], [15, 17], [15, 18], [15, 68], [15, 64], [16, 48], [16, 65], [16, 18], [16, 42], [16, 79], [16, 43], [17, 20], [17, 77], [17, 44], [17, 45], [18, 80], [18, 19], [18, 20], [18, 59], [19, 20], [19, 22], [19, 75], [20, 21], [20, 22], [20, 23], [20, 86], [20, 29], [21, 22], [21, 24], [21, 58], [21, 34], [22, 23], [22, 24], [22, 57], [22, 76], [22, 74], [22, 78], [23, 24], [23, 25], [23, 91], [24, 34], [24, 44], [24, 69], [24, 53], [25, 43], [25, 91], [25, 44], [26, 82], [26, 27], [26, 28], [26, 29], [27, 33], [27, 85], [27, 29], [27, 45], [28, 85], [28, 76], [28, 29], [28, 30], [29, 35], [29, 31], [30, 33], [30, 48], [30, 39], [30, 31], [31, 50], [31, 38], [31, 57], [32, 33], [32, 34], [32, 84], [32, 87], [32, 89], [32, 61], [33, 35], [33, 36], [33, 61], [34, 37], [35, 36], [35, 37], [35, 71], [35, 56], [35, 49], [36, 37], [36, 73], [36, 77], [36, 78], [37, 39], [38, 72], [38, 54], [38, 39], [38, 47], [39, 42], [39, 77], [40, 80], [40, 41], [40, 43], [41, 51], [41, 42], [41, 63], [42, 43], [42, 76], [43, 83], [43, 46], [44, 83], [44, 93], [44, 46], [44, 47], [45, 89], [45, 77], [45, 47], [46, 48], [46, 49], [46, 47], [47, 48], [47, 65], [47, 81], [49, 50], [49, 51], [49, 79], [50, 52], [50, 53], [50, 61], [50, 77], [51, 52], [51, 53], [52, 53], [52, 54], [52, 55], [52, 75], [52, 59], [53, 82], [53, 54], [53, 55], [53, 60], [53, 66], [54, 61], [54, 73], [54, 70], [54, 86], [54, 63], [55, 56], [55, 57], [55, 58], [56, 68], [56, 73], [56, 60], [57, 59], [57, 60], [58, 59], [58, 85], [59, 76], [59, 62], [60, 62], [60, 63], [61, 65], [61, 63], [62, 64], [62, 85], [62, 90], [62, 63], [63, 64], [63, 65], [63, 66], [63, 84], [64, 65], [64, 81], [65, 90], [66, 69], [66, 92], [67, 84], [67, 69], [67, 70], [67, 92], [68, 85], [69, 85], [69, 90], [69, 82], [70, 71], [70, 73], [71, 74], [72, 74], [72, 75], [73, 74], [74, 75], [74, 76], [75, 76], [75, 78], [76, 78], [77, 78], [78, 80], [78, 81], [79, 80], [79, 87], [80, 90], [83, 86], [84, 85], [85, 88], [86, 87], [87, 91], [88, 89], [88, 90], [88, 91], [89, 91], [89, 92], [90, 91], [90, 92], [90, 93], [91, 92], [91, 93], [92, 93]], "features": {"27": ["cc_3", "deg_5"], "35": ["cc_2", "deg_8"], "43": ["cc_3", "deg_7"], "47": ["cc_3", "deg_7"], "56": ["cc_0", "deg_5"], "23": ["cc_10", "deg_5"], "9": ["cc_0", "deg_3"], "0": ["cc_3", "deg_7"], "6": ["cc_6", "deg_5"], "18": ["cc_4", "deg_6"], "14": ["cc_6", "deg_6"], "38": ["cc_0", "deg_7"], "82": ["cc_0", "deg_4"], "68": ["cc_0", "deg_4"], "51": ["cc_2", "deg_6"], "77": ["cc_4", "deg_6"], "19": ["cc_6", "deg_5"], "34": ["cc_3", "deg_5"], "75": ["cc_6", "deg_6"], "11": ["cc_1", "deg_7"], "88": ["cc_11", "deg_4"], "17": ["cc_2", "deg_6"], "25": ["cc_3", "deg_5"], "24": ["cc_3", "deg_8"], "70": ["cc_5", "deg_4"], "15": ["cc_6", "deg_7"], "62": ["cc_4", "deg_6"], "40": ["cc_0", "deg_4"], "30": ["cc_0", "deg_5"], "31": ["cc_0", "deg_6"], "66": ["cc_0", "deg_5"], "36": ["cc_6", "deg_6"], "57": ["cc_0", "deg_5"], "10": ["cc_3", "deg_7"], "49": ["cc_0", "deg_5"], "1": ["cc_4", "deg_7"], "46": ["cc_6", "deg_5"], "60": ["cc_3", "deg_5"], "41": ["cc_0", "deg_4"], "29": ["cc_4", "deg_6"], "74": ["cc_4", "deg_7"], "13": ["cc_22", "deg_4"], "2": ["cc_5", "deg_4"], "7": ["cc_3", "deg_8"], "84": ["cc_0", "deg_4"], "79": ["cc_0", "deg_4"], "90": ["cc_3", "deg_9"], "32": ["cc_2", "deg_6"], "33": ["cc_3", "deg_7"], "55": ["cc_3", "deg_5"], "48": ["cc_4", "deg_7"], "85": ["cc_0", "deg_8"], "5": ["cc_2", "deg_6"], "80": ["cc_0", "deg_6"], "81": ["cc_3", "deg_5"], "86": ["cc_0", "deg_5"], "87": ["cc_0", "deg_5"], "44": ["cc_1", "deg_7"], "39": ["cc_0", "deg_5"], "3": ["cc_1", "deg_7"], "92": ["cc_6", "deg_7"], "28": ["cc_3", "deg_5"], "83": ["cc_0", "deg_3"], "76": ["cc_6", "deg_7"], "72": ["cc_11", "deg_3"], "89": ["cc_6", "deg_5"], "12": ["cc_10", "deg_5"], "59": ["cc_0", "deg_7"], "69": ["cc_0", "deg_7"], "22": ["cc_5", "deg_10"], "50": ["cc_1", "deg_7"], "71": ["cc_0", "deg_4"], "4": ["cc_1", "deg_7"], "78": ["cc_3", "deg_8"], "91": ["cc_7", "deg_9"], "45": ["cc_3", "deg_5"], "42": ["cc_3", "deg_5"], "21": ["cc_10", "deg_5"], "8": ["cc_2", "deg_8"], "53": ["cc_3", "deg_9"], "67": ["cc_0", "deg_4"], "37": ["cc_2", "deg_6"], "20": ["cc_4", "deg_8"], "26": ["cc_11", "deg_4"], "93": ["cc_7", "deg_8"], "52": ["cc_4", "deg_8"], "58": ["cc_0", "deg_4"], "63": ["cc_4", "deg_9"], "64": ["cc_4", "deg_6"], "54": ["cc_3", "deg_8"], "65": ["cc_4", "deg_6"], "61": ["cc_6", "deg_6"], "16": ["cc_5", "deg_10"], "73": ["cc_1", "deg_8"]}}