{"label": 1, "features": {"21": ["cc_2", "deg_6"], "34": ["cc_5", "deg_4"], "41": ["cc_2", "deg_9"], "4": ["cc_13", "deg_6"], "42": ["cc_4", "deg_7"], "12": ["cc_4", "deg_7"], "28": ["cc_14", "deg_7"], "5": ["cc_8", "deg_6"], "3": ["cc_13", "deg_6"], "24": ["cc_6", "deg_6"], "19": ["cc_4", "deg_6"], "36": ["cc_11", "deg_6"], "17": ["cc_2", "deg_6"], "11": ["cc_6", "deg_6"], "22": ["cc_4", "deg_6"], "18": ["cc_1", "deg_7"], "2": ["cc_11", "deg_7"], "37": ["cc_6", "deg_7"], "38": ["cc_13", "deg_5"], "9": ["cc_13", "deg_6"], "27": ["cc_13", "deg_6"], "35": ["cc_16", "deg_5"], "1": ["cc_8", "deg_6"], "16": ["cc_0", "deg_4"], "25": ["cc_10", "deg_5"], "7": ["cc_16", "deg_4"], "39": ["cc_4", "deg_7"], "0": ["cc_6", "deg_6"], "29": ["cc_11", "deg_6"], "13": ["cc_3", "deg_5"], "6": ["cc_3", "deg_5"], "30": ["cc_6", "deg_6"], "14": ["cc_3", "deg_7"], "32": ["cc_5", "deg_8"], "45": ["cc_13", "deg_5"], "10": ["cc_8", "deg_8"], "33": ["cc_2", "deg_6"], "23": ["cc_11", "deg_4"], "40": ["cc_8", "deg_6"], "8": ["cc_16", "deg_5"], "44": ["cc_3", "deg_5"], "31": ["cc_6", "deg_7"], "26": ["cc_13", "deg_6"], "43": ["cc_13", "deg_5"], "20": ["cc_0", "deg_6"], "15": ["cc_4", "deg_7"]}, "edges": [[0, 2], [0, 20], [0, 25], [0, 43], [0, 44], [0, 45], [1, 2], [1, 3], [1, 4], [1, 37], [1, 44], [1, 45], [2, 3], [2, 4], [2, 5], [2, 45], [2, 14], [3, 4], [3, 5], [3, 6], [3, 42], [4, 5], [4, 6], [4, 7], [5, 26], [5, 28], [5, 13], [6, 16], [6, 9], [6, 14], [7, 8], [7, 9], [7, 10], [8, 23], [8, 9], [8, 10], [8, 11], [9, 10], [9, 11], [9, 12], [10, 24], [10, 19], [10, 21], [10, 22], [10, 12], [11, 41], [11, 42], [11, 23], [11, 12], [12, 16], [12, 20], [12, 14], [12, 15], [13, 32], [13, 18], [13, 19], [13, 14], [14, 17], [14, 21], [14, 15], [15, 17], [15, 18], [15, 23], [15, 24], [15, 31], [16, 17], [16, 18], [17, 19], [17, 20], [17, 30], [18, 19], [18, 21], [18, 41], [18, 42], [19, 22], [19, 40], [20, 21], [20, 22], [20, 41], [21, 24], [21, 27], [22, 33], [22, 24], [22, 25], [23, 24], [24, 37], [25, 26], [25, 27], [25, 28], [26, 41], [26, 27], [26, 28], [26, 29], [27, 28], [27, 29], [27, 30], [28, 29], [28, 30], [28, 31], [29, 32], [29, 33], [29, 31], [30, 32], [30, 33], [30, 31], [31, 32], [31, 34], [31, 39], [32, 35], [32, 37], [32, 38], [32, 41], [33, 35], [33, 36], [33, 44], [34, 36], [34, 37], [34, 41], [35, 36], [35, 37], [35, 38], [36, 37], [36, 38], [36, 39], [37, 39], [38, 40], [38, 41], [39, 40], [39, 41], [39, 42], [39, 44], [40, 41], [40, 42], [40, 43], [42, 43], [42, 45], [43, 44], [43, 45]]}