{"label": 0, "features": {"53": ["cc_3", "deg_7"], "47": ["cc_11", "deg_6"], "21": ["cc_0", "deg_5"], "34": ["cc_4", "deg_6"], "41": ["cc_10", "deg_5"], "4": ["cc_8", "deg_6"], "42": ["cc_6", "deg_6"], "12": ["cc_8", "deg_6"], "28": ["cc_2", "deg_10"], "5": ["cc_4", "deg_7"], "61": ["cc_2", "deg_6"], "3": ["cc_6", "deg_6"], "64": ["cc_0", "deg_3"], "51": ["cc_4", "deg_7"], "24": ["cc_3", "deg_5"], "56": ["cc_10", "deg_5"], "55": ["cc_0", "deg_4"], "19": ["cc_6", "deg_6"], "54": ["cc_10", "deg_5"], "36": ["cc_6", "deg_5"], "17": ["cc_2", "deg_9"], "11": ["cc_7", "deg_7"], "22": ["cc_0", "deg_8"], "18": ["cc_5", "deg_4"], "59": ["cc_15", "deg_6"], "2": ["cc_2", "deg_6"], "46": ["cc_6", "deg_7"], "37": ["cc_4", "deg_6"], "38": ["cc_0", "deg_4"], "9": ["cc_14", "deg_7"], "27": ["cc_0", "deg_4"], "58": ["cc_13", "deg_6"], "35": ["cc_4", "deg_6"], "1": ["cc_4", "deg_6"], "16": ["cc_6", "deg_5"], "25": ["cc_4", "deg_6"], "7": ["cc_12", "deg_7"], "39": ["cc_2", "deg_6"], "0": ["cc_6", "deg_5"], "29": ["cc_1", "deg_7"], "63": ["cc_1", "deg_8"], "13": ["cc_3", "deg_5"], "6": ["cc_9", "deg_7"], "30": ["cc_6", "deg_7"], "14": ["cc_5", "deg_8"], "32": ["cc_11", "deg_6"], "45": ["cc_10", "deg_5"], "10": ["cc_7", "deg_7"], "33": ["cc_16", "deg_5"], "23": ["cc_1", "deg_7"], "48": ["cc_11", "deg_6"], "40": ["cc_3", "deg_5"], "8": ["cc_20", "deg_5"], "44": ["cc_2", "deg_6"], "31": ["cc_7", "deg_8"], "26": ["cc_3", "deg_5"], "43": ["cc_3", "deg_5"], "57": ["cc_8", "deg_8"], "20": ["cc_3", "deg_5"], "50": ["cc_8", "deg_6"], "62": ["cc_3", "deg_5"], "60": ["cc_11", "deg_6"], "52": ["cc_2", "deg_6"], "15": ["cc_6", "deg_6"], "49": ["cc_3", "deg_5"]}, "edges": [[0, 1], [0, 2], [0, 30], [0, 62], [0, 63], [1, 2], [1, 3], [1, 21], [1, 45], [1, 63], [2, 4], [2, 5], [2, 64], [2, 53], [3, 4], [3, 5], [3, 6], [3, 25], [3, 31], [4, 6], [4, 7], [4, 9], [4, 39], [5, 20], [5, 6], [5, 7], [5, 8], [5, 39], [6, 18], [6, 7], [6, 9], [6, 45], [7, 8], [7, 9], [7, 10], [7, 63], [8, 9], [8, 10], [8, 11], [9, 10], [9, 11], [9, 12], [10, 40], [10, 50], [10, 11], [10, 13], [11, 18], [11, 12], [11, 29], [11, 14], [12, 44], [12, 13], [12, 14], [12, 15], [13, 16], [13, 25], [13, 14], [14, 17], [14, 49], [14, 28], [14, 42], [14, 15], [15, 17], [15, 52], [15, 22], [15, 28], [16, 17], [16, 18], [16, 19], [16, 35], [17, 19], [17, 20], [17, 62], [17, 55], [17, 57], [17, 29], [18, 19], [19, 20], [19, 21], [19, 30], [20, 22], [20, 23], [21, 22], [21, 23], [21, 43], [22, 48], [22, 56], [22, 24], [22, 25], [22, 61], [23, 35], [23, 24], [23, 57], [23, 26], [23, 31], [24, 26], [24, 27], [24, 63], [25, 38], [25, 28], [25, 31], [26, 52], [26, 28], [26, 29], [27, 40], [27, 28], [27, 29], [28, 64], [28, 46], [28, 62], [28, 30], [28, 31], [29, 44], [29, 30], [29, 31], [30, 32], [30, 33], [30, 31], [31, 32], [31, 51], [32, 33], [32, 34], [32, 51], [32, 36], [33, 34], [33, 35], [33, 36], [34, 35], [34, 54], [34, 55], [34, 46], [35, 36], [35, 37], [36, 39], [36, 63], [37, 51], [37, 54], [37, 38], [37, 39], [37, 57], [38, 40], [38, 44], [39, 54], [39, 41], [40, 41], [40, 42], [41, 42], [41, 43], [41, 44], [42, 53], [42, 43], [42, 44], [43, 46], [43, 61], [44, 63], [45, 48], [45, 46], [45, 47], [46, 48], [46, 49], [46, 47], [47, 48], [47, 49], [47, 50], [47, 61], [48, 50], [48, 51], [49, 51], [49, 52], [50, 51], [50, 52], [50, 53], [51, 53], [52, 53], [52, 63], [53, 55], [53, 56], [54, 57], [54, 60], [55, 58], [56, 57], [56, 58], [56, 59], [57, 58], [57, 59], [57, 60], [58, 59], [58, 60], [58, 61], [59, 60], [59, 61], [59, 62], [60, 64], [60, 62], [61, 63]]}