{"label": 2, "features": {"68": ["cc_3", "deg_5"], "21": ["cc_0", "deg_6"], "34": ["cc_1", "deg_9"], "94": ["cc_2", "deg_6"], "58": ["cc_0", "deg_6"], "69": ["cc_6", "deg_5"], "42": ["cc_4", "deg_6"], "12": ["cc_2", "deg_6"], "66": ["cc_4", "deg_6"], "5": ["cc_1", "deg_10"], "61": ["cc_0", "deg_7"], "91": ["cc_3", "deg_7"], "51": ["cc_0", "deg_3"], "24": ["cc_2", "deg_6"], "56": ["cc_10", "deg_5"], "55": ["cc_3", "deg_8"], "17": ["cc_0", "deg_5"], "22": ["cc_0", "deg_8"], "74": ["cc_0", "deg_4"], "59": ["cc_1", "deg_11"], "46": ["cc_3", "deg_5"], "37": ["cc_1", "deg_7"], "38": ["cc_2", "deg_8"], "81": ["cc_2", "deg_10"], "90": ["cc_4", "deg_6"], "35": ["cc_0", "deg_3"], "47": ["cc_0", "deg_5"], "16": ["cc_0", "deg_5"], "65": ["cc_2", "deg_8"], "23": ["cc_3", "deg_5"], "7": ["cc_2", "deg_6"], "82": ["cc_4", "deg_6"], "29": ["cc_4", "deg_6"], "93": ["cc_2", "deg_6"], "13": ["cc_0", "deg_5"], "6": ["cc_3", "deg_5"], "30": ["cc_3", "deg_7"], "14": ["cc_0", "deg_8"], "40": ["cc_5", "deg_4"], "33": ["cc_5", "deg_4"], "73": ["cc_0", "deg_8"], "76": ["cc_0", "deg_6"], "8": ["cc_0", "deg_4"], "44": ["cc_2", "deg_6"], "26": ["cc_1", "deg_7"], "43": ["cc_2", "deg_6"], "57": ["cc_1", "deg_9"], "20": ["cc_0", "deg_5"], "89": ["cc_0", "deg_4"], "80": ["cc_2", "deg_8"], "70": ["cc_1", "deg_7"], "84": ["cc_0", "deg_3"], "53": ["cc_0", "deg_6"], "1": ["cc_0", "deg_4"], "54": ["cc_0", "deg_5"], "41": ["cc_4", "deg_6"], "4": ["cc_0", "deg_5"], "39": ["cc_0", "deg_5"], "28": ["cc_0", "deg_5"], "25": ["cc_2", "deg_6"], "78": ["cc_0", "deg_6"], "3": ["cc_0", "deg_3"], "64": ["cc_2", "deg_6"], "72": ["cc_2", "deg_6"], "87": ["cc_0", "deg_3"], "19": ["cc_0", "deg_8"], "92": ["cc_1", "deg_9"], "86": ["cc_0", "deg_6"], "62": ["cc_2", "deg_6"], "11": ["cc_1", "deg_7"], "18": ["cc_0", "deg_4"], "67": ["cc_0", "deg_3"], "2": ["cc_0", "deg_4"], "9": ["cc_1", "deg_10"], "27": ["cc_11", "deg_4"], "15": ["cc_1", "deg_7"], "71": ["cc_0", "deg_7"], "88": ["cc_3", "deg_5"], "0": ["cc_3", "deg_7"], "63": ["cc_0", "deg_4"], "32": ["cc_1", "deg_8"], "45": ["cc_6", "deg_5"], "36": ["cc_2", "deg_8"], "83": ["cc_0", "deg_4"], "48": ["cc_3", "deg_5"], "79": ["cc_0", "deg_5"], "77": ["cc_0", "deg_7"], "10": ["cc_0", "deg_7"], "85": ["cc_1", "deg_7"], "31": ["cc_0", "deg_5"], "75": ["cc_0", "deg_7"], "50": ["cc_0", "deg_6"], "60": ["cc_0", "deg_8"], "52": ["cc_3", "deg_5"], "49": ["cc_0", "deg_5"]}, "edges": [[0, 50], [0, 52], [0, 62], [0, 6], [0, 93], [0, 94], [0, 37], [1, 19], [1, 36], [1, 14], [1, 72], [2, 34], [2, 5], [2, 24], [2, 73], [3, 5], [3, 26], [3, 14], [4, 32], [4, 82], [4, 36], [4, 6], [4, 7], [5, 76], [5, 11], [5, 12], [5, 50], [5, 22], [5, 55], [5, 57], [5, 92], [6, 9], [6, 59], [6, 52], [7, 70], [7, 10], [7, 77], [7, 62], [7, 69], [8, 58], [8, 11], [8, 44], [8, 78], [9, 34], [9, 37], [9, 11], [9, 14], [9, 80], [9, 83], [9, 24], [9, 25], [9, 69], [10, 31], [10, 47], [10, 11], [10, 44], [10, 13], [10, 29], [11, 57], [11, 73], [11, 15], [12, 16], [12, 81], [12, 67], [12, 41], [12, 14], [13, 75], [13, 22], [13, 60], [13, 46], [14, 42], [14, 20], [14, 21], [14, 92], [15, 59], [15, 19], [15, 79], [15, 29], [15, 30], [15, 61], [16, 65], [16, 19], [16, 25], [16, 63], [17, 32], [17, 53], [17, 90], [17, 27], [17, 79], [18, 32], [18, 21], [18, 57], [18, 37], [19, 54], [19, 22], [19, 81], [19, 75], [19, 28], [20, 38], [20, 54], [20, 46], [20, 59], [21, 85], [21, 22], [21, 23], [21, 67], [22, 51], [22, 35], [22, 77], [22, 59], [23, 87], [23, 24], [23, 26], [23, 45], [24, 26], [24, 29], [24, 77], [25, 64], [25, 37], [25, 26], [25, 28], [26, 85], [26, 30], [26, 93], [27, 55], [27, 72], [27, 42], [28, 49], [28, 59], [28, 30], [29, 32], [29, 39], [29, 30], [30, 32], [30, 52], [30, 77], [31, 48], [31, 34], [31, 57], [31, 59], [32, 59], [32, 73], [32, 41], [33, 65], [33, 36], [33, 38], [33, 76], [34, 81], [34, 36], [34, 66], [34, 71], [34, 82], [34, 69], [35, 38], [35, 80], [36, 38], [36, 57], [36, 92], [36, 46], [37, 88], [37, 85], [37, 39], [38, 58], [38, 41], [38, 42], [38, 77], [39, 40], [39, 41], [39, 60], [40, 48], [40, 43], [40, 53], [41, 81], [41, 42], [42, 55], [42, 60], [43, 48], [43, 65], [43, 91], [43, 59], [43, 79], [44, 56], [44, 82], [44, 75], [44, 45], [45, 71], [45, 56], [45, 59], [46, 92], [46, 74], [47, 49], [47, 78], [47, 92], [47, 62], [48, 50], [48, 58], [49, 65], [49, 52], [49, 90], [50, 53], [50, 80], [50, 74], [51, 76], [51, 86], [52, 61], [53, 54], [53, 81], [53, 56], [54, 86], [54, 55], [55, 64], [55, 84], [55, 72], [55, 57], [56, 59], [56, 85], [57, 79], [57, 89], [57, 90], [58, 83], [58, 76], [58, 60], [59, 85], [60, 81], [60, 61], [60, 92], [60, 63], [61, 64], [61, 85], [61, 78], [61, 62], [62, 80], [62, 81], [63, 70], [63, 91], [64, 65], [64, 66], [64, 86], [65, 66], [65, 68], [65, 84], [66, 68], [66, 73], [66, 78], [67, 69], [68, 83], [68, 70], [68, 93], [69, 70], [70, 81], [70, 71], [70, 72], [71, 80], [71, 87], [71, 73], [71, 93], [72, 73], [72, 94], [73, 89], [73, 75], [74, 76], [74, 77], [75, 88], [75, 77], [75, 78], [76, 91], [78, 94], [79, 82], [80, 81], [80, 82], [80, 86], [81, 82], [83, 94], [84, 86], [85, 89], [86, 88], [87, 89], [88, 90], [88, 91], [90, 91], [90, 92], [91, 92], [91, 93], [92, 94], [93, 94]]}