{"label": 0, "features": {"53": ["cc_11", "deg_3"], "47": ["cc_3", "deg_5"], "21": ["cc_0", "deg_4"], "34": ["cc_11", "deg_4"], "41": ["cc_22", "deg_3"], "4": ["cc_0", "deg_4"], "42": ["cc_10", "deg_5"], "12": ["cc_5", "deg_4"], "28": ["cc_22", "deg_3"], "5": ["cc_0", "deg_4"], "3": ["cc_0", "deg_2"], "51": ["cc_0", "deg_2"], "24": ["cc_5", "deg_4"], "56": ["cc_3", "deg_5"], "55": ["cc_5", "deg_4"], "19": ["cc_3", "deg_5"], "54": ["cc_11", "deg_3"], "36": ["cc_6", "deg_5"], "17": ["cc_10", "deg_5"], "11": ["cc_5", "deg_4"], "22": ["cc_0", "deg_4"], "18": ["cc_6", "deg_6"], "2": ["cc_0", "deg_3"], "46": ["cc_11", "deg_4"], "37": ["cc_0", "deg_3"], "38": ["cc_2", "deg_8"], "9": ["cc_0", "deg_3"], "27": ["cc_5", "deg_4"], "35": ["cc_11", "deg_3"], "1": ["cc_0", "deg_4"], "16": ["cc_6", "deg_6"], "25": ["cc_4", "deg_6"], "7": ["cc_0", "deg_3"], "39": ["cc_0", "deg_6"], "0": ["cc_11", "deg_3"], "29": ["cc_0", "deg_3"], "13": ["cc_0", "deg_3"], "6": ["cc_0", "deg_4"], "30": ["cc_6", "deg_5"], "14": ["cc_2", "deg_6"], "32": ["cc_16", "deg_4"], "45": ["cc_16", "deg_4"], "10": ["cc_5", "deg_4"], "33": ["cc_0", "deg_3"], "23": ["cc_0", "deg_4"], "48": ["cc_0", "deg_3"], "40": ["cc_11", "deg_3"], "8": ["cc_0", "deg_4"], "44": ["cc_16", "deg_4"], "31": ["cc_5", "deg_4"], "26": ["cc_11", "deg_3"], "43": ["cc_10", "deg_5"], "57": ["cc_0", "deg_4"], "20": ["cc_0", "deg_4"], "50": ["cc_11", "deg_3"], "52": ["cc_5", "deg_4"], "15": ["cc_5", "deg_4"], "49": ["cc_0", "deg_3"]}, "edges": [[0, 56], [0, 1], [0, 18], [1, 57], [1, 2], [1, 17], [2, 4], [2, 15], [3, 4], [3, 5], [4, 6], [4, 39], [5, 29], [5, 6], [5, 7], [6, 8], [6, 38], [7, 8], [7, 9], [8, 25], [8, 10], [9, 11], [9, 22], [10, 11], [10, 12], [10, 37], [11, 19], [11, 12], [12, 21], [12, 14], [13, 47], [13, 14], [13, 15], [14, 16], [14, 51], [14, 23], [14, 27], [15, 16], [15, 17], [16, 17], [16, 18], [16, 47], [16, 27], [17, 18], [17, 19], [18, 19], [18, 39], [18, 56], [19, 20], [19, 31], [20, 52], [20, 21], [20, 22], [21, 23], [21, 42], [22, 24], [22, 23], [23, 25], [24, 56], [24, 25], [24, 28], [25, 26], [25, 27], [25, 28], [26, 28], [26, 53], [27, 29], [29, 30], [30, 32], [30, 49], [30, 34], [30, 31], [31, 32], [31, 33], [32, 34], [32, 36], [33, 34], [33, 35], [34, 36], [35, 36], [35, 38], [36, 37], [36, 38], [37, 39], [38, 49], [38, 50], [38, 39], [38, 52], [38, 47], [39, 57], [39, 40], [40, 41], [40, 42], [41, 42], [41, 43], [42, 43], [42, 44], [43, 44], [43, 45], [43, 55], [44, 45], [44, 46], [45, 46], [45, 47], [46, 48], [46, 47], [48, 49], [48, 50], [50, 52], [51, 52], [53, 54], [53, 55], [54, 56], [54, 55], [55, 57], [56, 57]]}