{"label": 0, "features": {"1": ["cc_5", "deg_4"], "16": ["cc_10", "deg_5"], "4": ["cc_9", "deg_7"], "21": ["cc_9", "deg_7"], "32": ["cc_11", "deg_6"], "34": ["cc_6", "deg_6"], "7": ["cc_3", "deg_7"], "25": ["cc_4", "deg_8"], "0": ["cc_4", "deg_7"], "39": ["cc_7", "deg_7"], "12": ["cc_10", "deg_5"], "29": ["cc_11", "deg_7"], "28": ["cc_11", "deg_7"], "13": ["cc_3", "deg_5"], "6": ["cc_10", "deg_5"], "30": ["cc_13", "deg_6"], "5": ["cc_8", "deg_6"], "38": ["cc_22", "deg_3"], "3": ["cc_11", "deg_7"], "40": ["cc_4", "deg_6"], "24": ["cc_7", "deg_7"], "33": ["cc_16", "deg_5"], "23": ["cc_10", "deg_5"], "27": ["cc_11", "deg_6"], "19": ["cc_13", "deg_6"], "36": ["cc_6", "deg_7"], "10": ["cc_3", "deg_9"], "17": ["cc_3", "deg_5"], "11": ["cc_8", "deg_6"], "22": ["cc_11", "deg_6"], "18": ["cc_6", "deg_6"], "31": ["cc_16", "deg_5"], "2": ["cc_13", "deg_6"], "26": ["cc_8", "deg_6"], "20": ["cc_16", "deg_5"], "14": ["cc_8", "deg_6"], "41": ["cc_10", "deg_5"], "35": ["cc_3", "deg_5"], "9": ["cc_6", "deg_5"], "8": ["cc_2", "deg_6"], "37": ["cc_2", "deg_6"], "15": ["cc_2", "deg_8"]}, "edges": [[0, 8], [0, 2], [0, 3], [0, 39], [0, 40], [0, 41], [0, 12], [1, 24], [1, 2], [1, 3], [1, 40], [2, 3], [2, 4], [2, 5], [2, 22], [3, 4], [3, 5], [3, 6], [3, 22], [4, 5], [4, 6], [4, 7], [4, 23], [4, 15], [5, 7], [5, 8], [5, 25], [6, 7], [6, 8], [6, 9], [7, 16], [7, 11], [7, 13], [7, 37], [8, 9], [8, 10], [8, 15], [9, 39], [9, 11], [9, 12], [10, 33], [10, 34], [10, 35], [10, 18], [10, 26], [10, 11], [10, 13], [10, 14], [11, 12], [11, 14], [11, 15], [12, 14], [12, 15], [13, 25], [13, 14], [13, 15], [14, 17], [14, 35], [15, 16], [15, 18], [15, 35], [16, 18], [16, 19], [16, 20], [17, 18], [17, 19], [17, 37], [17, 27], [18, 19], [18, 39], [19, 20], [19, 21], [19, 22], [20, 21], [20, 22], [20, 23], [21, 22], [21, 23], [21, 24], [21, 34], [21, 30], [22, 24], [23, 24], [23, 26], [24, 25], [24, 26], [24, 27], [25, 40], [25, 34], [25, 26], [25, 27], [25, 28], [26, 28], [26, 29], [27, 28], [27, 29], [27, 30], [28, 36], [28, 37], [28, 29], [28, 30], [29, 32], [29, 41], [29, 30], [29, 31], [30, 32], [30, 31], [31, 32], [31, 33], [31, 36], [32, 33], [32, 34], [32, 35], [33, 34], [33, 36], [34, 36], [35, 37], [36, 37], [36, 39], [36, 41], [37, 40], [38, 39], [38, 40], [38, 41], [39, 40], [39, 41]]}