{"label": 1, "features": {"53": ["cc_11", "deg_4"], "47": ["cc_6", "deg_5"], "68": ["cc_2", "deg_8"], "21": ["cc_3", "deg_5"], "34": ["cc_13", "deg_5"], "67": ["cc_9", "deg_7"], "41": ["cc_3", "deg_7"], "4": ["cc_4", "deg_6"], "42": ["cc_5", "deg_8"], "12": ["cc_3", "deg_5"], "28": ["cc_13", "deg_5"], "66": ["cc_10", "deg_5"], "5": ["cc_3", "deg_5"], "65": ["cc_8", "deg_6"], "61": ["cc_0", "deg_5"], "3": ["cc_3", "deg_5"], "64": ["cc_0", "deg_7"], "51": ["cc_6", "deg_6"], "24": ["cc_4", "deg_6"], "56": ["cc_16", "deg_4"], "55": ["cc_3", "deg_9"], "19": ["cc_11", "deg_4"], "54": ["cc_3", "deg_7"], "36": ["cc_11", "deg_7"], "17": ["cc_3", "deg_5"], "11": ["cc_3", "deg_7"], "22": ["cc_3", "deg_7"], "71": ["cc_0", "deg_4"], "18": ["cc_2", "deg_6"], "59": ["cc_0", "deg_5"], "2": ["cc_4", "deg_6"], "46": ["cc_3", "deg_7"], "37": ["cc_16", "deg_4"], "38": ["cc_7", "deg_7"], "73": ["cc_0", "deg_4"], "78": ["cc_3", "deg_5"], "9": ["cc_1", "deg_8"], "27": ["cc_11", "deg_6"], "58": ["cc_8", "deg_6"], "35": ["cc_4", "deg_8"], "1": ["cc_6", "deg_7"], "16": ["cc_2", "deg_6"], "80": ["cc_1", "deg_8"], "25": ["cc_3", "deg_8"], "7": ["cc_3", "deg_5"], "39": ["cc_13", "deg_6"], "0": ["cc_11", "deg_6"], "82": ["cc_15", "deg_6"], "29": ["cc_10", "deg_5"], "63": ["cc_4", "deg_7"], "13": ["cc_6", "deg_5"], "6": ["cc_1", "deg_7"], "30": ["cc_6", "deg_7"], "14": ["cc_1", "deg_7"], "32": ["cc_1", "deg_7"], "45": ["cc_6", "deg_7"], "10": ["cc_3", "deg_7"], "33": ["cc_8", "deg_6"], "23": ["cc_11", "deg_4"], "69": ["cc_5", "deg_4"], "76": ["cc_0", "deg_4"], "48": ["cc_10", "deg_5"], "79": ["cc_0", "deg_6"], "77": ["cc_0", "deg_5"], "40": ["cc_11", "deg_4"], "81": ["cc_33", "deg_3"], "72": ["cc_0", "deg_5"], "8": ["cc_10", "deg_5"], "44": ["cc_11", "deg_4"], "31": ["cc_1", "deg_7"], "75": ["cc_1", "deg_8"], "26": ["cc_3", "deg_8"], "43": ["cc_6", "deg_6"], "57": ["cc_4", "deg_8"], "20": ["cc_4", "deg_6"], "50": ["cc_11", "deg_3"], "62": ["cc_6", "deg_5"], "60": ["cc_3", "deg_7"], "52": ["cc_6", "deg_5"], "15": ["cc_4", "deg_6"], "74": ["cc_1", "deg_8"], "70": ["cc_2", "deg_9"], "49": ["cc_2", "deg_10"]}, "edges": [[0, 80], [0, 1], [0, 82], [0, 81], [0, 64], [0, 2], [1, 81], [1, 3], [1, 4], [1, 10], [1, 76], [1, 82], [2, 49], [2, 82], [2, 4], [2, 70], [2, 28], [3, 5], [3, 6], [3, 80], [3, 70], [4, 43], [4, 6], [4, 59], [4, 82], [5, 6], [5, 7], [5, 61], [5, 15], [6, 57], [6, 9], [6, 74], [6, 79], [7, 49], [7, 51], [7, 9], [7, 10], [8, 38], [8, 9], [8, 10], [8, 11], [8, 12], [9, 16], [9, 25], [9, 11], [9, 73], [9, 47], [10, 72], [10, 11], [10, 12], [10, 13], [11, 49], [11, 35], [11, 54], [11, 14], [12, 20], [12, 26], [12, 14], [13, 16], [13, 71], [13, 14], [13, 15], [14, 17], [14, 68], [14, 24], [14, 15], [15, 16], [15, 46], [15, 21], [16, 18], [16, 68], [16, 26], [17, 18], [17, 19], [17, 20], [17, 26], [18, 49], [18, 42], [18, 75], [18, 78], [19, 20], [19, 21], [19, 25], [20, 21], [20, 22], [20, 77], [21, 30], [21, 78], [22, 32], [22, 23], [22, 24], [22, 25], [22, 74], [22, 78], [23, 24], [23, 25], [23, 63], [24, 26], [24, 27], [24, 60], [25, 53], [25, 26], [25, 27], [25, 46], [26, 37], [26, 27], [26, 46], [27, 28], [27, 29], [27, 30], [28, 29], [28, 30], [28, 31], [29, 32], [29, 45], [29, 30], [30, 33], [30, 75], [30, 31], [31, 32], [31, 80], [31, 34], [31, 59], [31, 66], [32, 33], [32, 35], [32, 54], [32, 79], [33, 64], [33, 34], [33, 35], [33, 36], [34, 35], [34, 36], [34, 38], [35, 36], [35, 41], [35, 57], [35, 52], [36, 37], [36, 38], [36, 39], [36, 59], [37, 38], [37, 39], [38, 39], [38, 41], [38, 60], [39, 40], [39, 41], [39, 42], [40, 42], [40, 43], [40, 63], [41, 54], [41, 42], [41, 70], [41, 47], [42, 64], [42, 43], [42, 44], [42, 45], [43, 67], [43, 70], [43, 45], [44, 60], [44, 45], [44, 46], [45, 48], [45, 46], [45, 47], [46, 49], [46, 75], [47, 48], [47, 49], [48, 49], [48, 51], [48, 68], [49, 51], [49, 55], [49, 79], [50, 65], [50, 51], [50, 52], [51, 52], [51, 70], [52, 53], [52, 54], [53, 54], [53, 55], [54, 59], [54, 55], [55, 80], [55, 56], [55, 57], [55, 58], [55, 75], [55, 72], [56, 57], [56, 58], [56, 74], [57, 64], [57, 73], [57, 58], [57, 60], [58, 59], [58, 60], [58, 61], [60, 62], [60, 63], [61, 64], [61, 68], [61, 62], [62, 65], [62, 72], [62, 63], [63, 64], [63, 65], [63, 66], [64, 77], [65, 66], [65, 67], [65, 68], [66, 67], [66, 74], [67, 68], [67, 69], [67, 70], [67, 74], [68, 70], [68, 80], [69, 70], [69, 71], [69, 72], [70, 77], [71, 73], [71, 74], [72, 74], [73, 75], [74, 75], [75, 76], [75, 78], [76, 77], [76, 79], [77, 80], [78, 79], [79, 80], [80, 82], [81, 82]]}