{"label": 0, "features": {"1": ["cc_0", "deg_2"], "16": ["cc_0", "deg_2"], "4": ["cc_0", "deg_2"], "21": ["cc_0", "deg_2"], "32": ["cc_0", "deg_2"], "34": ["cc_0", "deg_1"], "7": ["cc_0", "deg_2"], "25": ["cc_0", "deg_2"], "0": ["cc_0", "deg_2"], "12": ["cc_0", "deg_2"], "29": ["cc_0", "deg_2"], "28": ["cc_0", "deg_2"], "13": ["cc_0", "deg_2"], "6": ["cc_0", "deg_2"], "30": ["cc_0", "deg_2"], "5": ["cc_0", "deg_2"], "3": ["cc_0", "deg_2"], "24": ["cc_0", "deg_3"], "33": ["cc_0", "deg_2"], "23": ["cc_0", "deg_2"], "27": ["cc_0", "deg_2"], "19": ["cc_0", "deg_2"], "10": ["cc_0", "deg_2"], "17": ["cc_0", "deg_3"], "11": ["cc_0", "deg_1"], "22": ["cc_0", "deg_1"], "18": ["cc_0", "deg_2"], "31": ["cc_0", "deg_2"], "2": ["cc_0", "deg_2"], "26": ["cc_0", "deg_2"], "20": ["cc_0", "deg_2"], "14": ["cc_0", "deg_3"], "9": ["cc_0", "deg_2"], "8": ["cc_0", "deg_2"], "15": ["cc_0", "deg_2"]}, "edges": [[0, 1], [0, 34], [1, 2], [2, 3], [3, 4], [4, 5], [5, 6], [6, 7], [7, 8], [8, 9], [9, 10], [10, 17], [11, 12], [12, 13], [13, 14], [14, 33], [14, 15], [15, 16], [16, 17], [17, 18], [18, 19], [19, 20], [20, 21], [21, 24], [22, 23], [23, 24], [24, 25], [25, 26], [26, 27], [27, 28], [28, 29], [29, 30], [30, 31], [31, 32], [32, 33]]}