{"label": 1, "features": {"1": ["cc_0", "deg_1"], "16": ["cc_0", "deg_2"], "4": ["cc_0", "deg_2"], "21": ["cc_0", "deg_2"], "7": ["cc_0", "deg_2"], "25": ["cc_0", "deg_1"], "0": ["cc_0", "deg_1"], "12": ["cc_0", "deg_3"], "29": ["cc_0", "deg_2"], "28": ["cc_0", "deg_4"], "13": ["cc_0", "deg_2"], "6": ["cc_0", "deg_1"], "30": ["cc_0", "deg_3"], "5": ["cc_0", "deg_1"], "3": ["cc_0", "deg_1"], "24": ["cc_0", "deg_2"], "23": ["cc_0", "deg_2"], "27": ["cc_0", "deg_1"], "19": ["cc_0", "deg_2"], "10": ["cc_0", "deg_1"], "17": ["cc_0", "deg_2"], "11": ["cc_0", "deg_3"], "22": ["cc_0", "deg_2"], "18": ["cc_0", "deg_3"], "31": ["cc_0", "deg_1"], "2": ["cc_0", "deg_3"], "26": ["cc_0", "deg_2"], "20": ["cc_0", "deg_1"], "14": ["cc_0", "deg_2"], "9": ["cc_0", "deg_3"], "8": ["cc_0", "deg_2"], "15": ["cc_0", "deg_4"]}, "edges": [[0, 2], [1, 28], [2, 11], [2, 30], [3, 8], [4, 24], [4, 15], [5, 28], [6, 30], [7, 26], [7, 31], [8, 9], [9, 18], [9, 19], [10, 11], [11, 12], [12, 19], [12, 13], [13, 14], [14, 15], [15, 16], [15, 26], [16, 17], [17, 18], [18, 25], [20, 21], [21, 22], [22, 23], [23, 24], [27, 28], [28, 29], [29, 30]]}