{"label": 0, "edges": [[0, 80], [0, 1], [0, 2], [0, 3], [0, 78], [0, 79], [1, 80], [1, 2], [1, 3], [1, 4], [1, 73], [1, 28], [1, 79], [2, 3], [2, 52], [2, 5], [3, 4], [3, 5], [3, 25], [4, 6], [4, 17], [4, 77], [5, 7], [5, 8], [5, 27], [6, 34], [6, 8], [6, 68], [6, 67], [6, 61], [7, 19], [7, 9], [7, 10], [8, 41], [8, 9], [8, 11], [9, 56], [9, 10], [9, 11], [9, 45], [9, 31], [10, 48], [10, 59], [10, 11], [10, 13], [11, 75], [11, 12], [11, 14], [12, 45], [12, 51], [12, 28], [12, 13], [12, 14], [13, 34], [13, 14], [13, 15], [14, 16], [14, 17], [14, 15], [15, 16], [15, 17], [15, 18], [16, 80], [16, 18], [16, 19], [17, 80], [17, 18], [17, 19], [17, 20], [18, 19], [18, 20], [18, 21], [19, 20], [19, 21], [19, 59], [19, 30], [19, 47], [20, 21], [20, 22], [20, 23], [21, 22], [21, 23], [21, 24], [21, 41], [21, 60], [22, 35], [22, 51], [22, 23], [22, 25], [22, 47], [23, 49], [23, 26], [23, 74], [24, 25], [24, 26], [24, 27], [25, 26], [25, 27], [25, 28], [26, 48], [26, 76], [26, 70], [26, 27], [26, 28], [26, 29], [27, 52], [27, 28], [27, 29], [28, 58], [28, 73], [28, 40], [28, 45], [29, 32], [29, 30], [29, 31], [30, 32], [30, 58], [30, 31], [31, 32], [31, 53], [31, 56], [31, 74], [32, 33], [32, 34], [32, 35], [33, 34], [33, 35], [33, 36], [34, 35], [34, 37], [34, 49], [35, 50], [35, 63], [36, 51], [36, 37], [36, 39], [36, 56], [37, 38], [37, 40], [37, 44], [38, 66], [38, 39], [38, 40], [38, 41], [39, 40], [39, 41], [39, 42], [40, 41], [40, 42], [41, 42], [41, 44], [42, 69], [42, 43], [42, 44], [42, 45], [43, 73], [43, 45], [43, 46], [44, 76], [44, 45], [44, 47], [45, 48], [45, 49], [46, 48], [46, 49], [46, 72], [47, 49], [47, 54], [47, 63], [48, 50], [49, 50], [49, 52], [49, 69], [50, 51], [50, 52], [50, 53], [51, 52], [51, 53], [52, 53], [52, 54], [52, 55], [53, 54], [53, 56], [54, 55], [54, 56], [54, 57], [55, 56], [55, 57], [55, 58], [56, 57], [56, 58], [57, 58], [57, 59], [57, 60], [58, 60], [59, 60], [59, 61], [60, 61], [60, 62], [61, 64], [61, 62], [61, 63], [62, 65], [62, 71], [62, 77], [62, 63], [63, 65], [63, 66], [64, 65], [64, 66], [64, 67], [65, 66], [65, 67], [65, 79], [66, 67], [66, 69], [67, 69], [67, 70], [68, 69], [68, 70], [69, 70], [70, 72], [70, 73], [71, 72], [71, 73], [72, 73], [72, 74], [72, 75], [73, 74], [73, 75], [74, 75], [74, 76], [75, 76], [75, 77], [75, 78], [76, 77], [76, 78], [77, 80], [77, 78], [77, 79], [78, 80], [78, 79], [79, 80]], "features": {"27": ["cc_9", "deg_7"], "35": ["cc_6", "deg_6"], "43": ["cc_5", "deg_4"], "47": ["cc_0", "deg_6"], "32": ["cc_13", "deg_6"], "56": ["cc_9", "deg_8"], "77": ["cc_9", "deg_7"], "9": ["cc_6", "deg_7"], "33": ["cc_16", "deg_4"], "48": ["cc_0", "deg_5"], "55": ["cc_20", "deg_5"], "0": ["cc_17", "deg_6"], "2": ["cc_13", "deg_5"], "18": ["cc_17", "deg_6"], "5": ["cc_3", "deg_5"], "76": ["cc_8", "deg_6"], "14": ["cc_11", "deg_6"], "38": ["cc_13", "deg_5"], "73": ["cc_7", "deg_8"], "44": ["cc_4", "deg_6"], "39": ["cc_16", "deg_5"], "3": ["cc_11", "deg_6"], "68": ["cc_11", "deg_3"], "28": ["cc_4", "deg_9"], "51": ["cc_6", "deg_6"], "23": ["cc_6", "deg_6"], "19": ["cc_5", "deg_9"], "61": ["cc_6", "deg_6"], "34": ["cc_4", "deg_7"], "75": ["cc_11", "deg_7"], "11": ["cc_6", "deg_6"], "72": ["cc_11", "deg_6"], "17": ["cc_7", "deg_7"], "12": ["cc_6", "deg_6"], "25": ["cc_11", "deg_6"], "24": ["cc_16", "deg_4"], "62": ["cc_6", "deg_6"], "59": ["cc_6", "deg_5"], "69": ["cc_6", "deg_6"], "22": ["cc_4", "deg_7"], "60": ["cc_8", "deg_6"], "70": ["cc_6", "deg_6"], "65": ["cc_11", "deg_6"], "71": ["cc_11", "deg_3"], "15": ["cc_16", "deg_5"], "4": ["cc_3", "deg_5"], "78": ["cc_17", "deg_6"], "80": ["cc_11", "deg_7"], "37": ["cc_3", "deg_5"], "45": ["cc_3", "deg_8"], "42": ["cc_9", "deg_7"], "30": ["cc_10", "deg_5"], "31": ["cc_7", "deg_7"], "66": ["cc_11", "deg_6"], "36": ["cc_0", "deg_5"], "67": ["cc_11", "deg_6"], "57": ["cc_15", "deg_6"], "53": ["cc_13", "deg_6"], "10": ["cc_4", "deg_6"], "49": ["cc_1", "deg_8"], "1": ["cc_9", "deg_8"], "46": ["cc_0", "deg_4"], "79": ["cc_15", "deg_6"], "26": ["cc_5", "deg_9"], "40": ["cc_13", "deg_6"], "41": ["cc_9", "deg_7"], "20": ["cc_17", "deg_6"], "29": ["cc_13", "deg_5"], "52": ["cc_7", "deg_8"], "58": ["cc_8", "deg_6"], "63": ["cc_6", "deg_6"], "64": ["cc_16", "deg_4"], "74": ["cc_8", "deg_6"], "13": ["cc_6", "deg_5"], "6": ["cc_0", "deg_6"], "7": ["cc_5", "deg_4"], "50": ["cc_8", "deg_6"], "8": ["cc_3", "deg_5"], "16": ["cc_10", "deg_5"], "54": ["cc_13", "deg_6"], "21": ["cc_7", "deg_8"]}}