{"label": 1, "features": {"1": ["cc_0", "deg_2"], "16": ["cc_0", "deg_2"], "4": ["cc_0", "deg_2"], "21": ["cc_0", "deg_2"], "32": ["cc_0", "deg_1"], "34": ["cc_0", "deg_3"], "7": ["cc_0", "deg_3"], "25": ["cc_0", "deg_2"], "0": ["cc_0", "deg_3"], "12": ["cc_0", "deg_2"], "29": ["cc_0", "deg_2"], "28": ["cc_0", "deg_1"], "13": ["cc_0", "deg_1"], "6": ["cc_0", "deg_3"], "30": ["cc_0", "deg_3"], "5": ["cc_0", "deg_3"], "3": ["cc_0", "deg_3"], "24": ["cc_0", "deg_2"], "33": ["cc_0", "deg_2"], "23": ["cc_0", "deg_3"], "27": ["cc_0", "deg_3"], "19": ["cc_0", "deg_1"], "10": ["cc_0", "deg_1"], "17": ["cc_0", "deg_2"], "11": ["cc_0", "deg_2"], "22": ["cc_0", "deg_1"], "18": ["cc_0", "deg_2"], "31": ["cc_0", "deg_3"], "2": ["cc_0", "deg_2"], "26": ["cc_0", "deg_2"], "20": ["cc_0", "deg_1"], "14": ["cc_0", "deg_1"], "9": ["cc_0", "deg_2"], "8": ["cc_0", "deg_1"], "15": ["cc_0", "deg_1"]}, "edges": [[0, 1], [0, 34], [0, 31], [1, 2], [2, 3], [3, 20], [3, 4], [4, 5], [5, 32], [5, 6], [6, 22], [6, 7], [7, 25], [7, 21], [8, 9], [9, 18], [10, 11], [11, 12], [12, 16], [13, 21], [14, 30], [15, 24], [16, 17], [17, 31], [18, 23], [19, 34], [23, 27], [23, 29], [24, 33], [25, 26], [26, 27], [27, 30], [28, 29], [30, 31], [33, 34]]}