{"label": 1, "edges": [[0, 1], [0, 2], [0, 44], [0, 31], [1, 2], [1, 3], [1, 4], [1, 8], [1, 12], [1, 76], [1, 77], [2, 4], [2, 38], [2, 40], [2, 77], [2, 8], [3, 16], [3, 6], [3, 71], [3, 62], [4, 67], [4, 6], [4, 66], [4, 63], [5, 6], [5, 8], [5, 29], [6, 18], [6, 22], [6, 8], [6, 9], [6, 53], [7, 68], [7, 67], [7, 8], [7, 25], [7, 47], [8, 56], [8, 9], [9, 23], [9, 10], [9, 11], [9, 12], [10, 51], [10, 11], [10, 12], [10, 62], [10, 31], [11, 25], [11, 12], [11, 13], [11, 63], [12, 13], [12, 14], [13, 16], [13, 57], [13, 14], [13, 15], [14, 16], [14, 17], [14, 15], [15, 16], [15, 17], [15, 20], [15, 68], [15, 61], [16, 17], [16, 18], [17, 66], [17, 74], [17, 75], [17, 61], [18, 66], [18, 20], [18, 21], [19, 20], [19, 22], [19, 40], [20, 21], [20, 22], [20, 23], [21, 53], [21, 22], [21, 23], [21, 24], [22, 23], [22, 57], [23, 24], [23, 26], [23, 46], [24, 26], [24, 27], [24, 44], [25, 26], [25, 27], [25, 74], [26, 33], [26, 50], [26, 39], [26, 28], [26, 29], [26, 55], [27, 56], [27, 29], [27, 30], [28, 29], [28, 30], [28, 31], [29, 46], [29, 44], [29, 30], [29, 31], [30, 32], [30, 33], [30, 62], [30, 31], [31, 34], [32, 33], [32, 34], [32, 35], [33, 49], [33, 34], [34, 35], [34, 36], [34, 37], [35, 67], [35, 36], [35, 58], [35, 75], [35, 60], [36, 37], [36, 38], [36, 76], [37, 69], [37, 38], [37, 39], [37, 40], [38, 39], [38, 41], [39, 40], [39, 41], [39, 42], [40, 51], [40, 52], [40, 42], [40, 43], [40, 45], [41, 42], [41, 43], [41, 77], [42, 66], [42, 51], [42, 75], [42, 44], [42, 45], [43, 44], [43, 45], [43, 46], [44, 45], [44, 46], [45, 48], [45, 56], [45, 46], [45, 47], [46, 48], [46, 49], [46, 72], [47, 48], [47, 49], [47, 50], [48, 49], [48, 50], [48, 51], [49, 50], [49, 51], [49, 52], [50, 51], [50, 53], [51, 52], [52, 53], [52, 54], [53, 55], [53, 56], [54, 55], [54, 56], [54, 61], [55, 56], [55, 57], [56, 57], [56, 59], [57, 58], [57, 59], [58, 61], [58, 63], [59, 60], [59, 61], [59, 62], [60, 61], [60, 62], [60, 63], [61, 64], [61, 74], [62, 64], [62, 77], [63, 65], [63, 69], [64, 65], [64, 67], [64, 70], [65, 66], [65, 67], [65, 68], [66, 67], [67, 68], [68, 69], [68, 70], [69, 70], [70, 71], [70, 72], [70, 73], [70, 77], [71, 72], [71, 73], [71, 74], [72, 73], [72, 75], [73, 74], [73, 75], [73, 76], [74, 75], [74, 76], [74, 77], [75, 76], [76, 77]], "features": {"27": ["cc_3", "deg_5"], "35": ["cc_3", "deg_7"], "43": ["cc_13", "deg_5"], "47": ["cc_13", "deg_5"], "32": ["cc_16", "deg_4"], "56": ["cc_4", "deg_8"], "77": ["cc_4", "deg_7"], "9": ["cc_8", "deg_6"], "33": ["cc_6", "deg_5"], "48": ["cc_17", "deg_6"], "55": ["cc_10", "deg_5"], "0": ["cc_5", "deg_4"], "2": ["cc_6", "deg_7"], "18": ["cc_3", "deg_5"], "5": ["cc_11", "deg_3"], "76": ["cc_11", "deg_6"], "14": ["cc_20", "deg_5"], "38": ["cc_10", "deg_5"], "73": ["cc_17", "deg_6"], "44": ["cc_7", "deg_7"], "39": ["cc_11", "deg_6"], "3": ["cc_0", "deg_5"], "68": ["cc_6", "deg_6"], "28": ["cc_22", "deg_4"], "51": ["cc_9", "deg_7"], "23": ["cc_7", "deg_7"], "19": ["cc_11", "deg_3"], "61": ["cc_3", "deg_8"], "34": ["cc_8", "deg_6"], "75": ["cc_7", "deg_7"], "11": ["cc_8", "deg_6"], "72": ["cc_13", "deg_5"], "17": ["cc_9", "deg_7"], "12": ["cc_11", "deg_6"], "25": ["cc_0", "deg_5"], "24": ["cc_6", "deg_5"], "62": ["cc_1", "deg_7"], "59": ["cc_10", "deg_5"], "69": ["cc_5", "deg_4"], "22": ["cc_8", "deg_6"], "60": ["cc_6", "deg_5"], "70": ["cc_6", "deg_7"], "65": ["cc_10", "deg_5"], "71": ["cc_13", "deg_5"], "15": ["cc_9", "deg_7"], "4": ["cc_4", "deg_6"], "37": ["cc_8", "deg_6"], "45": ["cc_9", "deg_8"], "42": ["cc_5", "deg_8"], "30": ["cc_7", "deg_7"], "31": ["cc_6", "deg_6"], "66": ["cc_4", "deg_6"], "36": ["cc_10", "deg_5"], "67": ["cc_7", "deg_7"], "57": ["cc_4", "deg_6"], "53": ["cc_2", "deg_6"], "10": ["cc_6", "deg_6"], "49": ["cc_11", "deg_7"], "1": ["cc_5", "deg_8"], "46": ["cc_7", "deg_8"], "26": ["cc_1", "deg_9"], "40": ["cc_5", "deg_9"], "41": ["cc_6", "deg_5"], "20": ["cc_11", "deg_6"], "29": ["cc_7", "deg_8"], "52": ["cc_6", "deg_5"], "58": ["cc_0", "deg_4"], "63": ["cc_0", "deg_6"], "64": ["cc_3", "deg_5"], "74": ["cc_8", "deg_8"], "13": ["cc_11", "deg_6"], "6": ["cc_2", "deg_8"], "7": ["cc_3", "deg_5"], "50": ["cc_11", "deg_6"], "8": ["cc_4", "deg_7"], "16": ["cc_11", "deg_6"], "54": ["cc_5", "deg_4"], "21": ["cc_11", "deg_6"]}}