{"label": 2, "features": {"1": ["cc_0", "deg_3"], "16": ["cc_0", "deg_2"], "4": ["cc_0", "deg_2"], "21": ["cc_0", "deg_1"], "32": ["cc_0", "deg_1"], "7": ["cc_0", "deg_2"], "25": ["cc_0", "deg_2"], "0": ["cc_0", "deg_3"], "12": ["cc_0", "deg_2"], "29": ["cc_0", "deg_2"], "28": ["cc_0", "deg_4"], "13": ["cc_0", "deg_2"], "6": ["cc_0", "deg_1"], "30": ["cc_0", "deg_4"], "5": ["cc_0", "deg_2"], "3": ["cc_0", "deg_3"], "24": ["cc_0", "deg_2"], "23": ["cc_0", "deg_3"], "27": ["cc_0", "deg_3"], "19": ["cc_0", "deg_1"], "10": ["cc_0", "deg_1"], "17": ["cc_0", "deg_1"], "11": ["cc_0", "deg_1"], "22": ["cc_0", "deg_3"], "18": ["cc_0", "deg_2"], "31": ["cc_0", "deg_1"], "2": ["cc_0", "deg_1"], "26": ["cc_0", "deg_1"], "20": ["cc_0", "deg_1"], "14": ["cc_0", "deg_2"], "9": ["cc_0", "deg_3"], "8": ["cc_0", "deg_2"], "15": ["cc_0", "deg_2"]}, "edges": [[0, 1], [0, 12], [0, 6], [1, 16], [1, 7], [2, 18], [3, 25], [3, 5], [3, 15], [4, 27], [4, 15], [5, 21], [7, 26], [8, 28], [8, 31], [9, 24], [9, 28], [9, 30], [10, 25], [11, 30], [12, 13], [13, 14], [14, 23], [16, 17], [18, 23], [19, 28], [20, 29], [22, 32], [22, 30], [22, 23], [24, 27], [27, 28], [29, 30]]}