{"label": 1, "edges": [[0, 8], [0, 2], [0, 3], [0, 69], [0, 87], [0, 62], [1, 48], [1, 3], [1, 21], [1, 88], [1, 43], [2, 82], [2, 3], [2, 38], [2, 54], [2, 89], [3, 40], [3, 72], [3, 7], [4, 33], [4, 6], [4, 44], [4, 77], [5, 17], [5, 7], [5, 12], [5, 66], [6, 48], [6, 81], [6, 82], [6, 45], [7, 57], [7, 73], [7, 8], [7, 9], [7, 43], [8, 51], [8, 11], [8, 26], [8, 45], [9, 10], [9, 12], [9, 78], [10, 72], [10, 12], [10, 13], [10, 15], [11, 64], [11, 72], [11, 17], [11, 87], [12, 18], [12, 68], [12, 59], [12, 44], [12, 14], [13, 86], [13, 14], [13, 15], [14, 59], [14, 20], [14, 23], [14, 79], [14, 45], [15, 16], [15, 17], [15, 70], [15, 62], [16, 18], [16, 38], [16, 74], [17, 51], [17, 18], [17, 19], [17, 65], [17, 57], [18, 19], [18, 21], [18, 32], [18, 47], [19, 21], [19, 39], [19, 42], [20, 80], [20, 37], [20, 22], [20, 31], [21, 48], [21, 56], [21, 57], [22, 23], [22, 24], [22, 25], [23, 41], [23, 76], [23, 30], [24, 49], [24, 25], [24, 26], [25, 48], [25, 33], [25, 69], [25, 26], [26, 51], [26, 36], [26, 27], [26, 28], [27, 80], [27, 59], [27, 29], [27, 31], [28, 40], [28, 55], [28, 72], [28, 29], [28, 31], [29, 32], [29, 51], [29, 56], [29, 73], [29, 30], [30, 84], [30, 56], [30, 75], [30, 31], [31, 33], [31, 34], [31, 53], [31, 77], [32, 34], [32, 75], [32, 66], [32, 61], [33, 34], [33, 59], [33, 82], [34, 35], [34, 84], [34, 87], [34, 57], [34, 55], [35, 51], [35, 52], [35, 37], [35, 81], [35, 66], [36, 37], [36, 38], [36, 76], [37, 88], [37, 38], [37, 57], [37, 87], [37, 66], [37, 63], [38, 40], [38, 41], [39, 54], [39, 71], [39, 40], [39, 77], [39, 47], [40, 75], [40, 72], [40, 41], [40, 43], [41, 72], [41, 83], [41, 43], [41, 44], [42, 89], [42, 45], [42, 63], [43, 44], [43, 45], [43, 46], [44, 55], [44, 47], [45, 64], [45, 52], [45, 46], [45, 47], [46, 48], [46, 67], [46, 47], [47, 48], [47, 50], [47, 55], [48, 78], [48, 50], [48, 52], [48, 60], [49, 65], [49, 50], [49, 51], [49, 60], [50, 68], [50, 84], [50, 63], [51, 74], [52, 55], [52, 87], [53, 56], [53, 67], [54, 64], [54, 65], [54, 85], [54, 55], [54, 56], [54, 57], [56, 59], [56, 60], [57, 60], [58, 66], [58, 59], [58, 61], [59, 82], [60, 81], [60, 61], [61, 64], [61, 73], [61, 63], [62, 65], [62, 79], [62, 78], [63, 65], [63, 66], [64, 67], [65, 67], [65, 84], [65, 79], [66, 67], [66, 69], [66, 89], [67, 68], [67, 69], [67, 78], [68, 69], [68, 70], [68, 71], [69, 71], [69, 72], [69, 74], [70, 71], [70, 73], [71, 73], [71, 74], [72, 74], [72, 81], [73, 75], [74, 87], [75, 88], [75, 86], [75, 76], [75, 77], [76, 77], [76, 79], [77, 78], [78, 79], [80, 82], [80, 89], [81, 83], [82, 83], [83, 85], [83, 86], [84, 87], [85, 86], [85, 88], [86, 87], [86, 89]], "features": {"27": ["cc_0", "deg_5"], "35": ["cc_2", "deg_6"], "43": ["cc_4", "deg_7"], "47": ["cc_4", "deg_8"], "56": ["cc_1", "deg_7"], "23": ["cc_0", "deg_5"], "9": ["cc_5", "deg_4"], "0": ["cc_2", "deg_6"], "6": ["cc_0", "deg_5"], "18": ["cc_3", "deg_7"], "14": ["cc_1", "deg_7"], "38": ["cc_4", "deg_6"], "82": ["cc_2", "deg_6"], "68": ["cc_6", "deg_6"], "51": ["cc_1", "deg_7"], "77": ["cc_2", "deg_6"], "19": ["cc_6", "deg_5"], "34": ["cc_2", "deg_8"], "75": ["cc_1", "deg_8"], "11": ["cc_0", "deg_5"], "88": ["cc_0", "deg_4"], "17": ["cc_1", "deg_8"], "25": ["cc_4", "deg_6"], "24": ["cc_11", "deg_4"], "70": ["cc_11", "deg_4"], "15": ["cc_2", "deg_6"], "62": ["cc_6", "deg_5"], "40": ["cc_5", "deg_8"], "30": ["cc_2", "deg_6"], "31": ["cc_1", "deg_8"], "66": ["cc_2", "deg_9"], "36": ["cc_5", "deg_4"], "57": ["cc_0", "deg_7"], "10": ["cc_6", "deg_5"], "49": ["cc_0", "deg_5"], "1": ["cc_3", "deg_5"], "46": ["cc_10", "deg_5"], "60": ["cc_0", "deg_6"], "41": ["cc_6", "deg_7"], "29": ["cc_1", "deg_7"], "74": ["cc_4", "deg_6"], "13": ["cc_5", "deg_4"], "2": ["cc_2", "deg_6"], "7": ["cc_0", "deg_7"], "84": ["cc_3", "deg_5"], "79": ["cc_6", "deg_5"], "32": ["cc_0", "deg_6"], "33": ["cc_4", "deg_6"], "55": ["cc_2", "deg_6"], "48": ["cc_2", "deg_10"], "85": ["cc_5", "deg_4"], "5": ["cc_0", "deg_4"], "80": ["cc_0", "deg_4"], "81": ["cc_0", "deg_5"], "86": ["cc_2", "deg_6"], "87": ["cc_1", "deg_8"], "44": ["cc_4", "deg_6"], "39": ["cc_0", "deg_6"], "3": ["cc_4", "deg_6"], "28": ["cc_2", "deg_6"], "83": ["cc_3", "deg_5"], "76": ["cc_3", "deg_5"], "72": ["cc_3", "deg_9"], "89": ["cc_0", "deg_5"], "12": ["cc_2", "deg_8"], "59": ["cc_3", "deg_7"], "69": ["cc_5", "deg_8"], "22": ["cc_5", "deg_4"], "50": ["cc_2", "deg_6"], "71": ["cc_8", "deg_6"], "4": ["cc_0", "deg_4"], "78": ["cc_2", "deg_6"], "45": ["cc_1", "deg_9"], "42": ["cc_0", "deg_4"], "21": ["cc_4", "deg_6"], "8": ["cc_2", "deg_6"], "53": ["cc_0", "deg_3"], "67": ["cc_2", "deg_8"], "37": ["cc_2", "deg_9"], "20": ["cc_0", "deg_5"], "26": ["cc_3", "deg_7"], "52": ["cc_0", "deg_5"], "58": ["cc_0", "deg_3"], "63": ["cc_2", "deg_6"], "64": ["cc_0", "deg_5"], "54": ["cc_0", "deg_8"], "65": ["cc_1", "deg_8"], "61": ["cc_0", "deg_6"], "16": ["cc_0", "deg_4"], "73": ["cc_2", "deg_6"]}}