{"label": 1, "features": {"53": ["cc_0", "deg_3"], "47": ["cc_0", "deg_3"], "68": ["cc_0", "deg_2"], "21": ["cc_0", "deg_2"], "34": ["cc_0", "deg_2"], "67": ["cc_0", "deg_2"], "41": ["cc_0", "deg_2"], "4": ["cc_0", "deg_1"], "42": ["cc_0", "deg_1"], "12": ["cc_0", "deg_1"], "28": ["cc_0", "deg_2"], "66": ["cc_0", "deg_2"], "5": ["cc_0", "deg_1"], "65": ["cc_0", "deg_3"], "61": ["cc_0", "deg_3"], "3": ["cc_0", "deg_3"], "64": ["cc_0", "deg_2"], "51": ["cc_0", "deg_1"], "24": ["cc_0", "deg_2"], "56": ["cc_0", "deg_2"], "55": ["cc_0", "deg_2"], "19": ["cc_0", "deg_3"], "54": ["cc_0", "deg_2"], "36": ["cc_0", "deg_3"], "17": ["cc_0", "deg_2"], "11": ["cc_0", "deg_2"], "22": ["cc_0", "deg_3"], "18": ["cc_0", "deg_1"], "59": ["cc_0", "deg_2"], "2": ["cc_0", "deg_1"], "46": ["cc_0", "deg_2"], "37": ["cc_0", "deg_2"], "38": ["cc_0", "deg_2"], "9": ["cc_0", "deg_3"], "27": ["cc_0", "deg_3"], "58": ["cc_0", "deg_1"], "35": ["cc_0", "deg_2"], "1": ["cc_0", "deg_2"], "16": ["cc_0", "deg_3"], "25": ["cc_0", "deg_1"], "7": ["cc_0", "deg_2"], "39": ["cc_0", "deg_2"], "0": ["cc_0", "deg_1"], "29": ["cc_0", "deg_2"], "63": ["cc_0", "deg_2"], "13": ["cc_0", "deg_5"], "6": ["cc_0", "deg_2"], "30": ["cc_0", "deg_2"], "14": ["cc_0", "deg_3"], "32": ["cc_0", "deg_1"], "45": ["cc_0", "deg_3"], "10": ["cc_0", "deg_2"], "33": ["cc_0", "deg_1"], "23": ["cc_0", "deg_1"], "69": ["cc_0", "deg_2"], "48": ["cc_0", "deg_1"], "40": ["cc_0", "deg_1"], "8": ["cc_0", "deg_2"], "44": ["cc_0", "deg_3"], "31": ["cc_0", "deg_1"], "26": ["cc_0", "deg_1"], "43": ["cc_0", "deg_4"], "57": ["cc_0", "deg_2"], "20": ["cc_0", "deg_1"], "50": ["cc_0", "deg_3"], "62": ["cc_0", "deg_2"], "60": ["cc_0", "deg_1"], "52": ["cc_0", "deg_1"], "15": ["cc_0", "deg_2"], "49": ["cc_0", "deg_2"]}, "edges": [[0, 1], [1, 43], [2, 3], [3, 44], [3, 69], [4, 6], [5, 61], [6, 7], [7, 8], [8, 9], [9, 10], [9, 13], [10, 11], [11, 62], [12, 13], [13, 32], [13, 24], [13, 61], [14, 57], [14, 29], [14, 15], [15, 16], [16, 17], [16, 47], [17, 19], [18, 19], [19, 49], [20, 69], [21, 51], [21, 22], [22, 66], [22, 53], [23, 24], [25, 27], [26, 27], [27, 28], [28, 29], [30, 48], [30, 65], [31, 50], [33, 59], [34, 50], [34, 35], [35, 36], [36, 59], [36, 37], [37, 38], [38, 39], [39, 47], [40, 41], [41, 67], [42, 43], [43, 68], [43, 44], [44, 45], [45, 58], [45, 46], [46, 47], [49, 50], [52, 53], [53, 54], [54, 55], [55, 56], [56, 57], [60, 61], [62, 63], [63, 64], [64, 65], [65, 66], [67, 68]]}