{"label": 1, "features": {"53": ["cc_0", "deg_3"], "47": ["cc_0", "deg_3"], "68": ["cc_0", "deg_4"], "21": ["cc_3", "deg_5"], "34": ["cc_11", "deg_4"], "67": ["cc_5", "deg_4"], "41": ["cc_6", "deg_5"], "4": ["cc_0", "deg_3"], "42": ["cc_6", "deg_5"], "12": ["cc_0", "deg_4"], "28": ["cc_11", "deg_4"], "66": ["cc_0", "deg_3"], "5": ["cc_5", "deg_4"], "65": ["cc_3", "deg_5"], "61": ["cc_0", "deg_5"], "3": ["cc_0", "deg_3"], "64": ["cc_3", "deg_5"], "51": ["cc_0", "deg_2"], "24": ["cc_0", "deg_3"], "56": ["cc_0", "deg_4"], "55": ["cc_1", "deg_8"], "19": ["cc_4", "deg_6"], "54": ["cc_11", "deg_3"], "36": ["cc_0", "deg_2"], "17": ["cc_5", "deg_4"], "11": ["cc_0", "deg_5"], "22": ["cc_0", "deg_4"], "71": ["cc_0", "deg_4"], "18": ["cc_10", "deg_5"], "59": ["cc_0", "deg_4"], "2": ["cc_4", "deg_8"], "46": ["cc_0", "deg_3"], "37": ["cc_0", "deg_4"], "38": ["cc_0", "deg_3"], "9": ["cc_2", "deg_6"], "27": ["cc_22", "deg_3"], "58": ["cc_0", "deg_4"], "35": ["cc_0", "deg_2"], "1": ["cc_5", "deg_4"], "16": ["cc_0", "deg_3"], "25": ["cc_0", "deg_3"], "7": ["cc_0", "deg_3"], "39": ["cc_5", "deg_4"], "0": ["cc_4", "deg_6"], "29": ["cc_11", "deg_4"], "63": ["cc_5", "deg_4"], "13": ["cc_0", "deg_4"], "6": ["cc_0", "deg_4"], "30": ["cc_0", "deg_3"], "14": ["cc_0", "deg_4"], "32": ["cc_3", "deg_7"], "45": ["cc_0", "deg_5"], "10": ["cc_0", "deg_5"], "33": ["cc_0", "deg_2"], "23": ["cc_0", "deg_3"], "69": ["cc_0", "deg_3"], "48": ["cc_4", "deg_6"], "40": ["cc_6", "deg_5"], "8": ["cc_0", "deg_4"], "44": ["cc_0", "deg_2"], "31": ["cc_0", "deg_2"], "26": ["cc_5", "deg_4"], "43": ["cc_5", "deg_4"], "57": ["cc_0", "deg_4"], "20": ["cc_0", "deg_5"], "50": ["cc_5", "deg_4"], "62": ["cc_0", "deg_5"], "60": ["cc_0", "deg_4"], "52": ["cc_0", "deg_3"], "15": ["cc_5", "deg_4"], "70": ["cc_0", "deg_3"], "49": ["cc_0", "deg_2"]}, "edges": [[0, 1], [0, 2], [0, 67], [0, 5], [0, 44], [0, 34], [1, 64], [1, 2], [1, 47], [2, 50], [2, 54], [2, 16], [2, 48], [2, 40], [2, 29], [3, 20], [3, 61], [3, 14], [4, 71], [4, 6], [4, 55], [5, 20], [5, 9], [5, 15], [6, 8], [6, 43], [6, 7], [7, 9], [7, 41], [8, 9], [8, 10], [8, 54], [9, 33], [9, 21], [9, 15], [10, 36], [10, 23], [10, 11], [10, 45], [11, 44], [11, 12], [11, 13], [11, 61], [12, 67], [12, 58], [12, 28], [13, 30], [13, 14], [13, 15], [14, 68], [14, 37], [15, 26], [16, 30], [16, 71], [17, 18], [17, 19], [17, 38], [17, 47], [18, 32], [18, 19], [18, 21], [18, 40], [19, 20], [19, 21], [19, 33], [19, 57], [20, 24], [20, 69], [21, 65], [21, 22], [22, 24], [22, 58], [22, 23], [23, 25], [24, 47], [25, 32], [25, 26], [26, 27], [26, 28], [27, 28], [27, 29], [28, 29], [29, 40], [30, 66], [31, 32], [31, 39], [32, 49], [32, 34], [32, 55], [32, 40], [34, 67], [34, 55], [35, 48], [35, 60], [36, 37], [37, 65], [37, 38], [38, 56], [39, 41], [39, 42], [39, 59], [40, 41], [41, 42], [41, 43], [42, 57], [42, 71], [42, 43], [43, 45], [45, 67], [45, 62], [45, 46], [46, 48], [46, 56], [48, 50], [48, 54], [48, 55], [49, 50], [50, 61], [51, 52], [51, 55], [52, 53], [52, 62], [53, 68], [53, 55], [55, 70], [55, 65], [56, 57], [56, 62], [57, 58], [58, 64], [59, 68], [59, 60], [59, 61], [60, 69], [60, 62], [61, 63], [62, 63], [63, 64], [63, 65], [64, 65], [64, 66], [66, 68], [69, 70], [70, 71]]}