{"label": 2, "edges": [[0, 53], [0, 70], [0, 55], [0, 11], [0, 62], [0, 5], [1, 70], [1, 6], [1, 42], [1, 43], [1, 12], [1, 29], [1, 61], [2, 3], [2, 9], [2, 26], [2, 12], [2, 42], [2, 46], [3, 38], [3, 39], [3, 9], [3, 47], [3, 51], [3, 62], [4, 16], [4, 25], [4, 29], [4, 30], [4, 13], [5, 16], [5, 8], [5, 29], [5, 13], [6, 56], [6, 21], [6, 7], [6, 40], [6, 15], [6, 47], [7, 32], [7, 67], [7, 37], [7, 57], [7, 25], [7, 59], [7, 58], [8, 32], [8, 51], [8, 55], [8, 47], [8, 53], [8, 63], [9, 43], [9, 14], [9, 18], [9, 19], [9, 57], [10, 20], [10, 21], [10, 70], [10, 41], [10, 12], [11, 51], [11, 20], [11, 21], [11, 23], [11, 30], [11, 31], [12, 48], [12, 20], [12, 69], [13, 48], [13, 27], [13, 28], [14, 16], [14, 21], [14, 22], [14, 57], [15, 33], [15, 69], [15, 40], [15, 41], [15, 43], [15, 47], [15, 49], [15, 56], [16, 67], [16, 22], [16, 66], [17, 67], [17, 20], [17, 21], [17, 24], [17, 59], [18, 66], [18, 19], [18, 20], [18, 23], [18, 39], [18, 37], [19, 27], [19, 21], [19, 54], [19, 50], [20, 68], [20, 39], [20, 45], [20, 24], [20, 36], [20, 63], [21, 51], [21, 59], [22, 46], [22, 55], [23, 34], [23, 54], [23, 39], [23, 55], [24, 49], [25, 68], [25, 27], [25, 29], [25, 31], [26, 67], [26, 51], [26, 36], [27, 48], [27, 29], [28, 53], [28, 38], [28, 56], [28, 58], [29, 32], [29, 45], [29, 49], [29, 55], [30, 64], [30, 56], [30, 31], [31, 35], [31, 34], [31, 46], [31, 43], [31, 50], [31, 61], [32, 34], [32, 53], [33, 49], [33, 68], [33, 39], [33, 40], [34, 35], [34, 54], [35, 38], [35, 60], [36, 68], [36, 44], [36, 52], [36, 55], [37, 65], [37, 54], [37, 38], [37, 59], [37, 46], [38, 57], [38, 59], [39, 67], [39, 69], [39, 43], [39, 51], [39, 63], [40, 48], [40, 52], [40, 57], [41, 45], [42, 48], [42, 53], [42, 64], [43, 61], [44, 64], [44, 62], [44, 68], [45, 65], [45, 46], [46, 60], [46, 58], [47, 48], [47, 67], [48, 49], [49, 69], [50, 66], [50, 52], [51, 52], [52, 69], [53, 67], [53, 54], [53, 66], [54, 65], [54, 56], [55, 70], [56, 64], [56, 68], [58, 65], [58, 68], [58, 61], [59, 70], [60, 61], [60, 63], [62, 63], [64, 66], [65, 67], [65, 69]], "features": {"27": ["cc_6", "deg_5"], "35": ["cc_5", "deg_4"], "43": ["cc_4", "deg_6"], "47": ["cc_2", "deg_6"], "32": ["cc_3", "deg_5"], "56": ["cc_3", "deg_7"], "9": ["cc_4", "deg_7"], "33": ["cc_6", "deg_5"], "48": ["cc_1", "deg_7"], "55": ["cc_1", "deg_7"], "0": ["cc_2", "deg_6"], "2": ["cc_2", "deg_6"], "18": ["cc_4", "deg_7"], "5": ["cc_0", "deg_5"], "14": ["cc_6", "deg_5"], "38": ["cc_2", "deg_6"], "44": ["cc_5", "deg_4"], "39": ["cc_2", "deg_10"], "3": ["cc_3", "deg_7"], "68": ["cc_3", "deg_7"], "28": ["cc_0", "deg_5"], "51": ["cc_3", "deg_7"], "23": ["cc_4", "deg_6"], "19": ["cc_2", "deg_6"], "61": ["cc_6", "deg_5"], "34": ["cc_6", "deg_5"], "11": ["cc_3", "deg_7"], "17": ["cc_6", "deg_5"], "12": ["cc_2", "deg_6"], "25": ["cc_4", "deg_6"], "24": ["cc_11", "deg_3"], "62": ["cc_0", "deg_4"], "59": ["cc_6", "deg_6"], "69": ["cc_2", "deg_6"], "22": ["cc_5", "deg_4"], "60": ["cc_0", "deg_4"], "70": ["cc_3", "deg_5"], "65": ["cc_2", "deg_6"], "15": ["cc_5", "deg_9"], "4": ["cc_3", "deg_5"], "37": ["cc_4", "deg_7"], "45": ["cc_0", "deg_5"], "42": ["cc_0", "deg_5"], "30": ["cc_6", "deg_5"], "31": ["cc_2", "deg_9"], "66": ["cc_0", "deg_5"], "36": ["cc_4", "deg_6"], "67": ["cc_0", "deg_8"], "57": ["cc_3", "deg_5"], "53": ["cc_1", "deg_8"], "10": ["cc_3", "deg_5"], "49": ["cc_4", "deg_6"], "1": ["cc_1", "deg_7"], "46": ["cc_0", "deg_7"], "26": ["cc_0", "deg_4"], "40": ["cc_4", "deg_6"], "41": ["cc_0", "deg_3"], "20": ["cc_3", "deg_11"], "29": ["cc_1", "deg_9"], "52": ["cc_0", "deg_5"], "58": ["cc_0", "deg_6"], "63": ["cc_3", "deg_5"], "64": ["cc_3", "deg_5"], "13": ["cc_3", "deg_5"], "6": ["cc_4", "deg_7"], "7": ["cc_1", "deg_8"], "50": ["cc_0", "deg_4"], "8": ["cc_1", "deg_7"], "16": ["cc_2", "deg_6"], "54": ["cc_3", "deg_7"], "21": ["cc_2", "deg_8"]}}