{"label": 2, "features": {"1": ["cc_8", "deg_6"], "16": ["cc_6", "deg_5"], "4": ["cc_3", "deg_5"], "21": ["cc_0", "deg_4"], "7": ["cc_0", "deg_3"], "25": ["cc_13", "deg_5"], "0": ["cc_15", "deg_6"], "12": ["cc_5", "deg_8"], "13": ["cc_10", "deg_5"], "6": ["cc_7", "deg_8"], "5": ["cc_3", "deg_9"], "3": ["cc_11", "deg_3"], "24": ["cc_6", "deg_7"], "23": ["cc_13", "deg_5"], "19": ["cc_10", "deg_5"], "10": ["cc_7", "deg_10"], "17": ["cc_5", "deg_8"], "11": ["cc_11", "deg_7"], "22": ["cc_8", "deg_9"], "18": ["cc_3", "deg_7"], "2": ["cc_6", "deg_6"], "26": ["cc_5", "deg_4"], "20": ["cc_7", "deg_8"], "14": ["cc_0", "deg_4"], "9": ["cc_5", "deg_4"], "8": ["cc_6", "deg_5"], "15": ["cc_4", "deg_6"]}, "edges": [[0, 1], [0, 20], [0, 5], [0, 22], [0, 17], [0, 10], [1, 17], [1, 18], [1, 21], [1, 24], [1, 10], [2, 22], [2, 23], [2, 8], [2, 20], [2, 26], [2, 15], [3, 17], [3, 24], [3, 25], [4, 16], [4, 18], [4, 6], [4, 8], [4, 9], [5, 6], [5, 10], [5, 14], [5, 16], [5, 18], [5, 22], [5, 25], [5, 26], [6, 17], [6, 11], [6, 22], [6, 7], [6, 23], [6, 12], [7, 10], [7, 14], [8, 10], [8, 11], [8, 12], [9, 18], [9, 21], [9, 12], [10, 12], [10, 17], [10, 20], [10, 24], [10, 25], [11, 18], [11, 19], [11, 20], [11, 22], [11, 12], [12, 19], [12, 23], [12, 13], [13, 16], [13, 17], [13, 24], [13, 15], [14, 20], [14, 15], [15, 16], [15, 18], [15, 24], [16, 17], [17, 23], [18, 19], [19, 21], [19, 22], [20, 22], [20, 25], [20, 26], [21, 26], [22, 23], [22, 24], [24, 25]]}