{"label": 0, "features": {"53": ["cc_13", "deg_6"], "47": ["cc_11", "deg_4"], "68": ["cc_13", "deg_5"], "84": ["cc_16", "deg_5"], "21": ["cc_5", "deg_4"], "34": ["cc_6", "deg_5"], "67": ["cc_6", "deg_5"], "41": ["cc_4", "deg_7"], "4": ["cc_15", "deg_6"], "42": ["cc_2", "deg_6"], "12": ["cc_11", "deg_7"], "28": ["cc_6", "deg_6"], "66": ["cc_6", "deg_5"], "5": ["cc_4", "deg_6"], "65": ["cc_4", "deg_7"], "61": ["cc_6", "deg_7"], "3": ["cc_13", "deg_6"], "64": ["cc_11", "deg_4"], "51": ["cc_6", "deg_6"], "24": ["cc_0", "deg_6"], "56": ["cc_11", "deg_7"], "55": ["cc_12", "deg_7"], "19": ["cc_11", "deg_6"], "54": ["cc_11", "deg_7"], "36": ["cc_11", "deg_6"], "17": ["cc_11", "deg_7"], "11": ["cc_6", "deg_6"], "22": ["cc_8", "deg_6"], "71": ["cc_9", "deg_8"], "18": ["cc_8", "deg_8"], "59": ["cc_11", "deg_7"], "2": ["cc_8", "deg_6"], "46": ["cc_6", "deg_7"], "37": ["cc_6", "deg_6"], "38": ["cc_4", "deg_7"], "73": ["cc_13", "deg_6"], "78": ["cc_11", "deg_4"], "9": ["cc_5", "deg_10"], "27": ["cc_5", "deg_4"], "58": ["cc_20", "deg_5"], "35": ["cc_10", "deg_5"], "1": ["cc_20", "deg_6"], "16": ["cc_20", "deg_6"], "80": ["cc_11", "deg_7"], "25": ["cc_3", "deg_5"], "7": ["cc_2", "deg_9"], "39": ["cc_11", "deg_6"], "0": ["cc_8", "deg_8"], "82": ["cc_7", "deg_8"], "83": ["cc_17", "deg_6"], "29": ["cc_6", "deg_5"], "63": ["cc_0", "deg_4"], "13": ["cc_15", "deg_6"], "6": ["cc_6", "deg_5"], "30": ["cc_4", "deg_6"], "14": ["cc_11", "deg_7"], "32": ["cc_0", "deg_5"], "45": ["cc_5", "deg_8"], "10": ["cc_8", "deg_6"], "33": ["cc_3", "deg_5"], "23": ["cc_6", "deg_6"], "69": ["cc_16", "deg_5"], "76": ["cc_6", "deg_6"], "48": ["cc_10", "deg_5"], "79": ["cc_13", "deg_6"], "77": ["cc_2", "deg_6"], "40": ["cc_4", "deg_6"], "81": ["cc_20", "deg_5"], "72": ["cc_4", "deg_8"], "8": ["cc_6", "deg_6"], "44": ["cc_11", "deg_6"], "31": ["cc_2", "deg_8"], "75": ["cc_5", "deg_4"], "26": ["cc_0", "deg_4"], "43": ["cc_16", "deg_4"], "57": ["cc_17", "deg_6"], "20": ["cc_8", "deg_6"], "50": ["cc_5", "deg_4"], "62": ["cc_3", "deg_5"], "60": ["cc_5", "deg_8"], "52": ["cc_11", "deg_6"], "15": ["cc_10", "deg_8"], "74": ["cc_8", "deg_6"], "70": ["cc_13", "deg_5"], "49": ["cc_10", "deg_5"]}, "edges": [[0, 1], [0, 3], [0, 84], [0, 38], [0, 4], [0, 10], [0, 83], [0, 82], [1, 2], [1, 3], [1, 4], [1, 84], [1, 83], [2, 3], [2, 4], [2, 32], [2, 84], [2, 42], [3, 4], [3, 5], [3, 6], [4, 5], [4, 7], [5, 66], [5, 7], [5, 8], [5, 31], [6, 7], [6, 8], [6, 9], [6, 29], [7, 67], [7, 19], [7, 23], [7, 9], [7, 10], [7, 59], [8, 9], [8, 10], [8, 11], [8, 45], [9, 72], [9, 75], [9, 60], [9, 10], [9, 11], [9, 12], [9, 63], [10, 12], [10, 13], [11, 66], [11, 18], [11, 12], [11, 13], [12, 62], [12, 13], [12, 14], [12, 15], [13, 16], [13, 14], [13, 15], [14, 16], [14, 17], [14, 34], [14, 21], [14, 15], [15, 16], [15, 17], [15, 18], [15, 74], [15, 42], [16, 17], [16, 18], [16, 19], [17, 33], [17, 18], [17, 19], [17, 77], [18, 19], [18, 20], [18, 21], [18, 51], [19, 20], [19, 22], [20, 22], [20, 23], [20, 60], [20, 51], [21, 22], [21, 23], [22, 23], [22, 25], [22, 55], [23, 24], [23, 25], [24, 39], [24, 26], [24, 27], [24, 62], [24, 63], [25, 54], [25, 28], [25, 77], [26, 80], [26, 60], [26, 29], [27, 65], [27, 28], [27, 30], [28, 37], [28, 29], [28, 30], [28, 31], [29, 30], [29, 31], [30, 32], [30, 33], [30, 41], [31, 32], [31, 33], [31, 34], [31, 49], [31, 45], [32, 82], [32, 35], [33, 34], [33, 82], [34, 35], [34, 36], [35, 36], [35, 37], [35, 38], [36, 37], [36, 38], [36, 39], [36, 72], [37, 39], [37, 40], [37, 78], [38, 50], [38, 39], [38, 41], [38, 60], [39, 40], [39, 41], [40, 41], [40, 42], [40, 43], [40, 76], [41, 54], [41, 44], [41, 45], [42, 61], [42, 44], [42, 45], [43, 44], [43, 45], [43, 46], [44, 71], [44, 45], [44, 46], [45, 51], [45, 46], [46, 48], [46, 61], [46, 74], [46, 47], [47, 48], [47, 49], [47, 50], [48, 49], [48, 51], [48, 70], [49, 51], [49, 52], [50, 52], [50, 53], [51, 52], [52, 53], [52, 54], [52, 55], [53, 54], [53, 55], [53, 56], [53, 68], [54, 55], [54, 56], [54, 57], [55, 56], [55, 57], [55, 58], [56, 65], [56, 66], [56, 57], [56, 59], [57, 58], [57, 59], [57, 60], [58, 59], [58, 60], [58, 61], [59, 60], [59, 61], [59, 62], [60, 61], [61, 62], [61, 63], [62, 65], [63, 64], [64, 65], [64, 66], [64, 67], [65, 66], [65, 67], [65, 71], [67, 68], [67, 69], [68, 69], [68, 70], [68, 71], [69, 70], [69, 71], [69, 72], [70, 71], [70, 73], [71, 72], [71, 73], [71, 74], [72, 82], [72, 73], [72, 74], [72, 77], [73, 74], [73, 75], [73, 76], [74, 76], [75, 76], [75, 77], [76, 78], [76, 79], [77, 80], [77, 79], [78, 80], [78, 79], [79, 80], [79, 81], [79, 82], [80, 81], [80, 82], [80, 83], [81, 82], [81, 83], [81, 84], [82, 83], [83, 84]]}