{"label": 0, "features": {"1": ["cc_20", "deg_5"], "16": ["cc_10", "deg_5"], "4": ["cc_4", "deg_7"], "21": ["cc_11", "deg_6"], "32": ["cc_6", "deg_6"], "34": ["cc_8", "deg_8"], "7": ["cc_6", "deg_6"], "25": ["cc_5", "deg_8"], "0": ["cc_9", "deg_8"], "12": ["cc_6", "deg_5"], "29": ["cc_9", "deg_8"], "28": ["cc_16", "deg_5"], "13": ["cc_11", "deg_4"], "6": ["cc_3", "deg_7"], "30": ["cc_11", "deg_6"], "5": ["cc_0", "deg_5"], "3": ["cc_11", "deg_6"], "24": ["cc_13", "deg_5"], "33": ["cc_16", "deg_4"], "23": ["cc_11", "deg_4"], "27": ["cc_11", "deg_6"], "19": ["cc_9", "deg_8"], "10": ["cc_2", "deg_6"], "17": ["cc_6", "deg_7"], "11": ["cc_11", "deg_4"], "22": ["cc_13", "deg_5"], "18": ["cc_17", "deg_6"], "31": ["cc_9", "deg_7"], "2": ["cc_13", "deg_6"], "26": ["cc_7", "deg_7"], "20": ["cc_11", "deg_6"], "14": ["cc_4", "deg_7"], "35": ["cc_9", "deg_7"], "9": ["cc_2", "deg_6"], "8": ["cc_6", "deg_5"], "15": ["cc_10", "deg_5"]}, "edges": [[0, 1], [0, 2], [0, 3], [0, 5], [0, 35], [0, 33], [0, 25], [0, 34], [1, 3], [1, 2], [1, 4], [1, 34], [2, 3], [2, 4], [2, 35], [2, 27], [3, 4], [3, 6], [3, 9], [4, 19], [4, 5], [4, 7], [4, 26], [5, 32], [5, 6], [5, 14], [6, 16], [6, 7], [6, 8], [6, 12], [6, 21], [7, 34], [7, 8], [7, 10], [7, 12], [8, 17], [8, 9], [8, 10], [9, 32], [9, 25], [9, 23], [9, 28], [10, 35], [10, 20], [10, 11], [10, 29], [11, 12], [11, 13], [11, 14], [12, 14], [12, 15], [13, 16], [13, 14], [13, 15], [14, 17], [14, 34], [14, 35], [15, 16], [15, 17], [15, 18], [16, 18], [16, 19], [17, 18], [17, 19], [17, 20], [17, 30], [18, 19], [18, 20], [18, 21], [19, 20], [19, 21], [19, 22], [19, 25], [20, 21], [20, 23], [21, 22], [21, 24], [22, 24], [22, 25], [22, 29], [23, 25], [23, 26], [24, 25], [24, 26], [24, 27], [25, 26], [25, 31], [26, 32], [26, 27], [26, 29], [27, 28], [27, 29], [27, 30], [28, 29], [28, 30], [28, 31], [29, 32], [29, 30], [29, 31], [30, 33], [30, 31], [31, 32], [31, 34], [31, 35], [32, 34], [33, 34], [33, 35], [34, 35]]}