{"label": 2, "edges": [[0, 16], [0, 28], [0, 14], [0, 15], [1, 23], [1, 24], [1, 28], [1, 15], [2, 17], [2, 6], [2, 33], [2, 13], [2, 31], [3, 19], [3, 21], [3, 22], [3, 29], [4, 34], [4, 20], [4, 22], [4, 7], [4, 23], [5, 33], [5, 11], [5, 10], [5, 15], [5, 29], [5, 30], [5, 13], [6, 18], [6, 27], [7, 18], [8, 19], [8, 24], [8, 25], [8, 12], [8, 14], [9, 16], [9, 25], [9, 18], [9, 23], [10, 16], [10, 19], [10, 24], [10, 26], [11, 20], [12, 32], [12, 17], [12, 24], [12, 13], [13, 33], [13, 22], [13, 25], [14, 18], [14, 20], [14, 32], [15, 34], [15, 25], [17, 20], [17, 31], [19, 34], [19, 21], [21, 33], [21, 30], [25, 34], [26, 33], [26, 30], [27, 29], [28, 30], [31, 34]], "features": {"27": ["cc_0", "deg_2"], "22": ["cc_0", "deg_3"], "32": ["cc_0", "deg_2"], "15": ["cc_3", "deg_5"], "4": ["cc_0", "deg_5"], "33": ["cc_6", "deg_5"], "30": ["cc_0", "deg_4"], "0": ["cc_0", "deg_4"], "2": ["cc_6", "deg_5"], "6": ["cc_0", "deg_3"], "18": ["cc_0", "deg_4"], "5": ["cc_1", "deg_7"], "10": ["cc_0", "deg_5"], "14": ["cc_0", "deg_5"], "1": ["cc_0", "deg_4"], "29": ["cc_0", "deg_3"], "8": ["cc_3", "deg_5"], "20": ["cc_0", "deg_4"], "26": ["cc_0", "deg_3"], "3": ["cc_5", "deg_4"], "11": ["cc_0", "deg_2"], "28": ["cc_0", "deg_3"], "23": ["cc_0", "deg_3"], "19": ["cc_3", "deg_5"], "34": ["cc_3", "deg_5"], "13": ["cc_4", "deg_6"], "16": ["cc_0", "deg_3"], "7": ["cc_0", "deg_2"], "17": ["cc_5", "deg_4"], "12": ["cc_3", "deg_5"], "31": ["cc_11", "deg_3"], "25": ["cc_3", "deg_5"], "24": ["cc_5", "deg_4"], "9": ["cc_0", "deg_4"], "21": ["cc_5", "deg_4"]}}