{"label": 0, "features": {"53": ["cc_0", "deg_2"], "47": ["cc_0", "deg_3"], "68": ["cc_0", "deg_2"], "21": ["cc_0", "deg_3"], "34": ["cc_0", "deg_2"], "67": ["cc_0", "deg_3"], "41": ["cc_0", "deg_2"], "4": ["cc_0", "deg_1"], "42": ["cc_0", "deg_2"], "12": ["cc_0", "deg_2"], "28": ["cc_0", "deg_2"], "66": ["cc_0", "deg_2"], "5": ["cc_0", "deg_3"], "65": ["cc_0", "deg_2"], "61": ["cc_0", "deg_2"], "3": ["cc_0", "deg_1"], "64": ["cc_0", "deg_2"], "51": ["cc_0", "deg_2"], "24": ["cc_0", "deg_1"], "56": ["cc_0", "deg_2"], "55": ["cc_0", "deg_2"], "19": ["cc_0", "deg_2"], "54": ["cc_0", "deg_2"], "36": ["cc_0", "deg_2"], "17": ["cc_0", "deg_3"], "11": ["cc_0", "deg_1"], "22": ["cc_0", "deg_1"], "71": ["cc_0", "deg_1"], "18": ["cc_0", "deg_2"], "59": ["cc_0", "deg_2"], "2": ["cc_0", "deg_2"], "46": ["cc_0", "deg_2"], "37": ["cc_0", "deg_4"], "38": ["cc_0", "deg_1"], "73": ["cc_0", "deg_2"], "78": ["cc_0", "deg_2"], "9": ["cc_0", "deg_2"], "27": ["cc_0", "deg_3"], "58": ["cc_0", "deg_2"], "35": ["cc_0", "deg_2"], "1": ["cc_0", "deg_1"], "16": ["cc_0", "deg_1"], "80": ["cc_0", "deg_2"], "25": ["cc_0", "deg_2"], "7": ["cc_0", "deg_2"], "39": ["cc_0", "deg_1"], "0": ["cc_0", "deg_2"], "82": ["cc_0", "deg_2"], "83": ["cc_0", "deg_3"], "29": ["cc_0", "deg_2"], "63": ["cc_0", "deg_4"], "13": ["cc_0", "deg_2"], "6": ["cc_0", "deg_2"], "30": ["cc_0", "deg_2"], "14": ["cc_0", "deg_2"], "32": ["cc_0", "deg_2"], "45": ["cc_0", "deg_1"], "10": ["cc_0", "deg_2"], "33": ["cc_0", "deg_3"], "23": ["cc_0", "deg_1"], "69": ["cc_0", "deg_3"], "76": ["cc_0", "deg_2"], "48": ["cc_0", "deg_1"], "79": ["cc_0", "deg_2"], "77": ["cc_0", "deg_3"], "40": ["cc_0", "deg_3"], "81": ["cc_0", "deg_2"], "72": ["cc_0", "deg_2"], "8": ["cc_0", "deg_2"], "44": ["cc_0", "deg_1"], "31": ["cc_0", "deg_2"], "75": ["cc_0", "deg_2"], "26": ["cc_0", "deg_2"], "43": ["cc_0", "deg_1"], "57": ["cc_0", "deg_2"], "20": ["cc_0", "deg_1"], "50": ["cc_0", "deg_2"], "62": ["cc_0", "deg_2"], "60": ["cc_0", "deg_2"], "52": ["cc_0", "deg_2"], "15": ["cc_0", "deg_2"], "74": ["cc_0", "deg_2"], "70": ["cc_0", "deg_2"], "49": ["cc_0", "deg_3"]}, "edges": [[0, 27], [0, 83], [1, 2], [2, 33], [3, 37], [4, 5], [5, 44], [5, 6], [6, 7], [7, 8], [8, 9], [9, 10], [10, 77], [11, 12], [12, 13], [13, 14], [14, 15], [15, 47], [16, 17], [17, 18], [17, 47], [18, 19], [19, 69], [20, 21], [21, 38], [21, 62], [22, 63], [23, 83], [24, 25], [25, 26], [26, 27], [27, 28], [28, 29], [29, 30], [30, 31], [31, 32], [32, 33], [33, 34], [34, 35], [35, 36], [36, 37], [37, 40], [37, 61], [39, 40], [40, 41], [41, 42], [42, 63], [43, 49], [45, 46], [46, 47], [48, 49], [49, 50], [50, 51], [51, 52], [52, 53], [53, 54], [54, 55], [55, 56], [56, 57], [57, 58], [58, 59], [59, 60], [60, 61], [62, 63], [63, 64], [64, 65], [65, 66], [66, 67], [67, 68], [67, 70], [68, 69], [69, 70], [71, 72], [72, 73], [73, 74], [74, 75], [75, 76], [76, 77], [77, 78], [78, 79], [79, 80], [80, 81], [81, 82], [82, 83]]}