{"label": 2, "features": {"1": ["cc_10", "deg_5"], "16": ["cc_5", "deg_4"], "4": ["cc_3", "deg_5"], "21": ["cc_3", "deg_5"], "7": ["cc_0", "deg_4"], "25": ["cc_5", "deg_4"], "0": ["cc_11", "deg_4"], "12": ["cc_0", "deg_4"], "13": ["cc_0", "deg_3"], "6": ["cc_4", "deg_6"], "5": ["cc_2", "deg_6"], "3": ["cc_0", "deg_2"], "24": ["cc_0", "deg_3"], "23": ["cc_11", "deg_4"], "19": ["cc_0", "deg_3"], "10": ["cc_11", "deg_4"], "17": ["cc_4", "deg_6"], "11": ["cc_0", "deg_2"], "22": ["cc_0", "deg_2"], "18": ["cc_11", "deg_3"], "2": ["cc_11", "deg_3"], "20": ["cc_2", "deg_6"], "14": ["cc_0", "deg_3"], "9": ["cc_6", "deg_5"], "8": ["cc_5", "deg_4"], "15": ["cc_0", "deg_4"]}, "edges": [[0, 1], [0, 23], [0, 25], [0, 15], [1, 17], [1, 2], [1, 20], [1, 23], [2, 17], [2, 21], [3, 19], [3, 5], [4, 24], [4, 19], [4, 5], [4, 6], [4, 8], [5, 16], [5, 23], [5, 8], [5, 15], [6, 16], [6, 18], [6, 9], [6, 10], [6, 12], [7, 21], [7, 8], [7, 12], [7, 15], [8, 11], [9, 17], [9, 21], [9, 10], [9, 14], [10, 20], [10, 21], [11, 12], [12, 20], [13, 17], [13, 22], [13, 24], [14, 16], [14, 15], [16, 18], [17, 20], [17, 25], [18, 20], [19, 21], [20, 22], [23, 25], [24, 25]]}