{"label": 1, "edges": [[0, 1], [0, 34], [0, 33], [0, 23], [0, 24], [1, 26], [1, 3], [1, 30], [2, 19], [2, 17], [2, 27], [2, 7], [3, 34], [3, 4], [3, 5], [3, 20], [3, 29], [4, 5], [4, 8], [4, 31], [5, 10], [5, 6], [5, 23], [6, 22], [6, 7], [7, 33], [8, 9], [9, 32], [9, 14], [10, 11], [10, 31], [11, 26], [11, 13], [12, 24], [12, 25], [12, 13], [13, 14], [13, 15], [14, 18], [14, 22], [14, 15], [15, 16], [15, 17], [15, 32], [16, 17], [16, 18], [17, 18], [17, 19], [18, 19], [18, 20], [19, 20], [19, 26], [19, 27], [20, 34], [21, 30], [21, 22], [21, 29], [22, 30], [23, 24], [23, 25], [24, 25], [25, 26], [26, 28], [27, 29], [28, 29], [28, 30], [29, 33], [30, 32], [31, 34], [32, 34]], "features": {"27": ["cc_11", "deg_3"], "22": ["cc_5", "deg_4"], "32": ["cc_0", "deg_4"], "15": ["cc_6", "deg_5"], "4": ["cc_5", "deg_4"], "33": ["cc_0", "deg_3"], "30": ["cc_3", "deg_5"], "0": ["cc_3", "deg_5"], "2": ["cc_11", "deg_4"], "6": ["cc_0", "deg_3"], "18": ["cc_10", "deg_5"], "5": ["cc_3", "deg_5"], "10": ["cc_0", "deg_3"], "14": ["cc_3", "deg_5"], "1": ["cc_0", "deg_4"], "29": ["cc_0", "deg_5"], "8": ["cc_0", "deg_2"], "20": ["cc_11", "deg_4"], "26": ["cc_0", "deg_5"], "3": ["cc_4", "deg_6"], "11": ["cc_0", "deg_3"], "28": ["cc_0", "deg_3"], "23": ["cc_11", "deg_4"], "19": ["cc_8", "deg_6"], "34": ["cc_3", "deg_5"], "13": ["cc_5", "deg_4"], "16": ["cc_22", "deg_3"], "7": ["cc_0", "deg_3"], "17": ["cc_13", "deg_5"], "12": ["cc_11", "deg_3"], "31": ["cc_0", "deg_3"], "25": ["cc_11", "deg_4"], "24": ["cc_16", "deg_4"], "9": ["cc_0", "deg_3"], "21": ["cc_11", "deg_3"]}}