{"label": 1, "features": {"68": ["cc_33", "deg_2"], "21": ["cc_5", "deg_4"], "34": ["cc_0", "deg_5"], "94": ["cc_0", "deg_2"], "58": ["cc_5", "deg_4"], "69": ["cc_22", "deg_3"], "42": ["cc_22", "deg_3"], "12": ["cc_0", "deg_7"], "66": ["cc_0", "deg_3"], "5": ["cc_0", "deg_2"], "61": ["cc_0", "deg_5"], "91": ["cc_5", "deg_4"], "51": ["cc_0", "deg_3"], "24": ["cc_2", "deg_6"], "56": ["cc_5", "deg_4"], "55": ["cc_0", "deg_4"], "17": ["cc_5", "deg_4"], "22": ["cc_0", "deg_4"], "74": ["cc_0", "deg_3"], "59": ["cc_0", "deg_4"], "46": ["cc_11", "deg_3"], "37": ["cc_6", "deg_7"], "38": ["cc_13", "deg_5"], "81": ["cc_0", "deg_5"], "95": ["cc_0", "deg_5"], "90": ["cc_0", "deg_4"], "35": ["cc_0", "deg_3"], "47": ["cc_3", "deg_5"], "16": ["cc_3", "deg_5"], "65": ["cc_0", "deg_6"], "23": ["cc_2", "deg_6"], "7": ["cc_0", "deg_5"], "82": ["cc_0", "deg_3"], "29": ["cc_0", "deg_3"], "93": ["cc_5", "deg_4"], "13": ["cc_0", "deg_3"], "6": ["cc_0", "deg_2"], "30": ["cc_0", "deg_2"], "14": ["cc_0", "deg_4"], "40": ["cc_6", "deg_6"], "33": ["cc_0", "deg_2"], "73": ["cc_2", "deg_6"], "76": ["cc_0", "deg_6"], "8": ["cc_0", "deg_4"], "44": ["cc_0", "deg_6"], "26": ["cc_0", "deg_3"], "43": ["cc_3", "deg_5"], "57": ["cc_0", "deg_2"], "20": ["cc_0", "deg_5"], "89": ["cc_0", "deg_5"], "97": ["cc_0", "deg_3"], "80": ["cc_0", "deg_4"], "70": ["cc_6", "deg_5"], "84": ["cc_5", "deg_4"], "53": ["cc_5", "deg_4"], "1": ["cc_11", "deg_3"], "54": ["cc_5", "deg_4"], "98": ["cc_5", "deg_4"], "41": ["cc_11", "deg_4"], "4": ["cc_0", "deg_4"], "39": ["cc_13", "deg_5"], "28": ["cc_0", "deg_3"], "25": ["cc_5", "deg_4"], "78": ["cc_0", "deg_5"], "3": ["cc_0", "deg_4"], "64": ["cc_0", "deg_4"], "72": ["cc_0", "deg_3"], "87": ["cc_0", "deg_3"], "19": ["cc_0", "deg_5"], "92": ["cc_3", "deg_5"], "86": ["cc_0", "deg_4"], "62": ["cc_0", "deg_3"], "11": ["cc_2", "deg_6"], "18": ["cc_0", "deg_3"], "67": ["cc_0", "deg_4"], "2": ["cc_0", "deg_3"], "9": ["cc_11", "deg_3"], "27": ["cc_0", "deg_5"], "15": ["cc_5", "deg_4"], "71": ["cc_3", "deg_5"], "88": ["cc_0", "deg_5"], "0": ["cc_0", "deg_2"], "63": ["cc_0", "deg_4"], "32": ["cc_0", "deg_3"], "45": ["cc_0", "deg_3"], "36": ["cc_2", "deg_6"], "83": ["cc_3", "deg_5"], "48": ["cc_5", "deg_4"], "79": ["cc_0", "deg_3"], "77": ["cc_5", "deg_4"], "10": ["cc_0", "deg_2"], "85": ["cc_3", "deg_5"], "31": ["cc_0", "deg_5"], "75": ["cc_0", "deg_2"], "50": ["cc_0", "deg_4"], "60": ["cc_0", "deg_3"], "52": ["cc_5", "deg_4"], "96": ["cc_0", "deg_3"], "49": ["cc_0", "deg_3"]}, "edges": [[0, 85], [0, 15], [1, 73], [1, 3], [1, 98], [2, 73], [2, 3], [2, 4], [3, 12], [3, 50], [4, 78], [4, 94], [4, 37], [5, 47], [5, 38], [6, 8], [6, 7], [7, 64], [7, 40], [7, 28], [7, 79], [8, 9], [8, 91], [8, 27], [9, 56], [9, 58], [10, 64], [10, 29], [11, 21], [11, 22], [11, 23], [11, 72], [11, 13], [11, 79], [12, 17], [12, 83], [12, 97], [12, 55], [12, 93], [12, 14], [13, 14], [13, 31], [14, 76], [14, 15], [15, 16], [15, 17], [16, 17], [16, 18], [16, 51], [16, 73], [17, 19], [18, 19], [18, 20], [19, 36], [19, 21], [19, 29], [20, 21], [20, 22], [20, 66], [20, 47], [21, 23], [22, 65], [22, 81], [23, 24], [23, 89], [23, 92], [23, 62], [24, 25], [24, 71], [24, 44], [24, 77], [24, 63], [25, 48], [25, 27], [25, 77], [26, 65], [26, 27], [26, 35], [27, 88], [27, 67], [28, 71], [28, 86], [29, 37], [30, 34], [30, 44], [31, 32], [31, 86], [31, 90], [31, 61], [32, 34], [32, 35], [33, 34], [33, 78], [34, 36], [34, 41], [35, 36], [36, 84], [36, 37], [36, 38], [37, 88], [37, 38], [37, 39], [37, 40], [38, 40], [38, 39], [39, 40], [39, 41], [39, 42], [40, 97], [40, 72], [41, 42], [41, 43], [42, 43], [43, 74], [43, 45], [43, 61], [44, 50], [44, 62], [44, 73], [44, 60], [45, 89], [45, 46], [46, 48], [46, 47], [47, 48], [47, 81], [48, 98], [49, 55], [49, 71], [49, 51], [50, 81], [50, 65], [51, 53], [52, 64], [52, 53], [52, 54], [52, 57], [53, 80], [53, 54], [54, 56], [54, 55], [55, 76], [56, 58], [56, 83], [57, 70], [58, 89], [58, 60], [59, 65], [59, 82], [59, 92], [59, 61], [60, 81], [61, 87], [61, 77], [62, 63], [63, 65], [63, 67], [64, 67], [65, 66], [66, 88], [67, 90], [68, 69], [68, 70], [69, 70], [69, 71], [70, 71], [70, 95], [72, 73], [73, 98], [74, 87], [74, 76], [75, 76], [75, 77], [76, 86], [76, 92], [78, 80], [78, 85], [78, 79], [80, 81], [80, 82], [82, 83], [83, 84], [83, 85], [84, 85], [84, 87], [85, 86], [88, 96], [88, 89], [89, 90], [90, 91], [91, 92], [91, 93], [92, 93], [93, 95], [94, 95], [95, 96], [95, 97], [96, 98]]}