{"label": 1, "edges": [[0, 1], [1, 2], [2, 39], [2, 31], [3, 42], [3, 10], [4, 5], [5, 14], [6, 8], [6, 46], [7, 21], [7, 57], [7, 11], [7, 53], [9, 10], [11, 58], [12, 35], [13, 14], [14, 15], [15, 42], [16, 17], [17, 18], [18, 31], [19, 41], [20, 39], [22, 56], [22, 37], [22, 45], [23, 24], [24, 27], [25, 54], [26, 27], [27, 28], [27, 44], [28, 55], [29, 30], [30, 54], [31, 32], [31, 38], [32, 33], [33, 48], [34, 51], [35, 58], [36, 37], [40, 41], [41, 58], [42, 43], [43, 44], [44, 45], [46, 47], [47, 48], [48, 49], [48, 54], [49, 50], [50, 56], [50, 51], [51, 52], [52, 53], [57, 58]], "features": {"27": ["cc_0", "deg_4"], "35": ["cc_0", "deg_2"], "43": ["cc_0", "deg_2"], "47": ["cc_0", "deg_2"], "32": ["cc_0", "deg_2"], "56": ["cc_0", "deg_2"], "9": ["cc_0", "deg_1"], "33": ["cc_0", "deg_2"], "48": ["cc_0", "deg_4"], "55": ["cc_0", "deg_1"], "0": ["cc_0", "deg_1"], "2": ["cc_0", "deg_3"], "18": ["cc_0", "deg_2"], "5": ["cc_0", "deg_2"], "14": ["cc_0", "deg_3"], "38": ["cc_0", "deg_1"], "44": ["cc_0", "deg_3"], "39": ["cc_0", "deg_2"], "3": ["cc_0", "deg_2"], "28": ["cc_0", "deg_2"], "51": ["cc_0", "deg_3"], "23": ["cc_0", "deg_1"], "19": ["cc_0", "deg_1"], "34": ["cc_0", "deg_1"], "11": ["cc_0", "deg_2"], "17": ["cc_0", "deg_2"], "12": ["cc_0", "deg_1"], "25": ["cc_0", "deg_1"], "24": ["cc_0", "deg_2"], "22": ["cc_0", "deg_3"], "15": ["cc_0", "deg_2"], "4": ["cc_0", "deg_1"], "37": ["cc_0", "deg_2"], "45": ["cc_0", "deg_2"], "42": ["cc_0", "deg_3"], "30": ["cc_0", "deg_2"], "31": ["cc_0", "deg_4"], "36": ["cc_0", "deg_1"], "57": ["cc_0", "deg_2"], "53": ["cc_0", "deg_2"], "10": ["cc_0", "deg_2"], "49": ["cc_0", "deg_2"], "1": ["cc_0", "deg_2"], "46": ["cc_0", "deg_2"], "26": ["cc_0", "deg_1"], "40": ["cc_0", "deg_1"], "41": ["cc_0", "deg_3"], "20": ["cc_0", "deg_1"], "29": ["cc_0", "deg_1"], "52": ["cc_0", "deg_2"], "58": ["cc_0", "deg_4"], "13": ["cc_0", "deg_1"], "6": ["cc_0", "deg_2"], "7": ["cc_0", "deg_4"], "50": ["cc_0", "deg_3"], "8": ["cc_0", "deg_1"], "16": ["cc_0", "deg_1"], "54": ["cc_0", "deg_3"], "21": ["cc_0", "deg_1"]}}