{"label": 1, "features": {"68": ["cc_0", "deg_5"], "21": ["cc_22", "deg_3"], "34": ["cc_0", "deg_6"], "58": ["cc_5", "deg_4"], "69": ["cc_5", "deg_4"], "42": ["cc_0", "deg_3"], "12": ["cc_11", "deg_4"], "66": ["cc_4", "deg_6"], "5": ["cc_0", "deg_3"], "61": ["cc_5", "deg_4"], "91": ["cc_11", "deg_3"], "51": ["cc_6", "deg_5"], "24": ["cc_11", "deg_3"], "56": ["cc_3", "deg_7"], "55": ["cc_3", "deg_5"], "17": ["cc_0", "deg_3"], "22": ["cc_6", "deg_5"], "74": ["cc_13", "deg_5"], "59": ["cc_11", "deg_3"], "46": ["cc_0", "deg_2"], "37": ["cc_0", "deg_2"], "38": ["cc_0", "deg_3"], "81": ["cc_0", "deg_2"], "90": ["cc_0", "deg_3"], "35": ["cc_0", "deg_4"], "47": ["cc_0", "deg_5"], "16": ["cc_0", "deg_3"], "65": ["cc_11", "deg_4"], "23": ["cc_2", "deg_6"], "7": ["cc_0", "deg_3"], "82": ["cc_0", "deg_3"], "29": ["cc_5", "deg_4"], "13": ["cc_2", "deg_6"], "6": ["cc_0", "deg_5"], "30": ["cc_11", "deg_4"], "14": ["cc_5", "deg_4"], "40": ["cc_0", "deg_3"], "33": ["cc_5", "deg_4"], "73": ["cc_13", "deg_5"], "76": ["cc_6", "deg_6"], "8": ["cc_0", "deg_4"], "44": ["cc_11", "deg_3"], "26": ["cc_5", "deg_4"], "43": ["cc_0", "deg_3"], "57": ["cc_6", "deg_5"], "20": ["cc_5", "deg_4"], "89": ["cc_0", "deg_3"], "80": ["cc_0", "deg_3"], "70": ["cc_0", "deg_6"], "84": ["cc_0", "deg_3"], "53": ["cc_0", "deg_3"], "1": ["cc_11", "deg_4"], "54": ["cc_0", "deg_4"], "41": ["cc_0", "deg_3"], "4": ["cc_0", "deg_3"], "39": ["cc_0", "deg_4"], "28": ["cc_2", "deg_6"], "25": ["cc_11", "deg_3"], "78": ["cc_0", "deg_5"], "3": ["cc_5", "deg_4"], "64": ["cc_5", "deg_4"], "72": ["cc_6", "deg_5"], "87": ["cc_11", "deg_3"], "19": ["cc_0", "deg_3"], "92": ["cc_6", "deg_5"], "86": ["cc_11", "deg_3"], "62": ["cc_0", "deg_3"], "11": ["cc_5", "deg_4"], "18": ["cc_0", "deg_3"], "67": ["cc_5", "deg_4"], "2": ["cc_11", "deg_3"], "9": ["cc_0", "deg_2"], "27": ["cc_0", "deg_5"], "15": ["cc_0", "deg_4"], "71": ["cc_11", "deg_3"], "88": ["cc_5", "deg_4"], "0": ["cc_6", "deg_5"], "63": ["cc_0", "deg_3"], "32": ["cc_6", "deg_5"], "45": ["cc_0", "deg_5"], "36": ["cc_0", "deg_4"], "83": ["cc_11", "deg_3"], "48": ["cc_5", "deg_4"], "79": ["cc_0", "deg_2"], "77": ["cc_3", "deg_5"], "10": ["cc_5", "deg_4"], "85": ["cc_0", "deg_6"], "31": ["cc_4", "deg_7"], "75": ["cc_13", "deg_5"], "50": ["cc_22", "deg_3"], "60": ["cc_5", "deg_4"], "52": ["cc_3", "deg_5"], "49": ["cc_3", "deg_5"]}, "edges": [[0, 1], [0, 66], [0, 91], [0, 92], [0, 82], [1, 2], [1, 3], [1, 92], [2, 3], [2, 55], [3, 4], [3, 5], [4, 45], [4, 6], [5, 57], [5, 6], [6, 8], [6, 90], [6, 7], [7, 15], [7, 31], [8, 10], [8, 85], [8, 23], [9, 10], [9, 52], [10, 11], [10, 12], [11, 17], [11, 12], [11, 47], [12, 13], [12, 14], [13, 18], [13, 36], [13, 60], [13, 14], [13, 15], [14, 16], [14, 70], [15, 65], [15, 68], [16, 17], [16, 22], [17, 18], [18, 20], [19, 32], [19, 92], [19, 20], [20, 21], [20, 22], [21, 22], [21, 23], [22, 24], [22, 23], [23, 67], [23, 54], [23, 31], [24, 25], [24, 26], [25, 26], [25, 78], [26, 27], [26, 28], [27, 42], [27, 43], [27, 29], [27, 46], [28, 48], [28, 34], [28, 69], [28, 30], [28, 85], [29, 67], [29, 30], [29, 31], [30, 32], [30, 31], [31, 32], [31, 33], [31, 52], [32, 33], [32, 78], [33, 34], [33, 51], [34, 36], [34, 55], [34, 68], [34, 43], [35, 36], [35, 39], [35, 89], [35, 45], [36, 38], [37, 68], [37, 85], [38, 69], [38, 39], [39, 40], [39, 78], [40, 41], [40, 49], [41, 76], [41, 45], [42, 58], [42, 44], [43, 45], [44, 76], [44, 74], [45, 47], [46, 47], [47, 48], [47, 49], [48, 69], [48, 70], [49, 50], [49, 51], [49, 62], [50, 51], [50, 52], [51, 52], [51, 53], [52, 54], [53, 54], [53, 55], [54, 56], [55, 56], [55, 57], [56, 68], [56, 57], [56, 58], [56, 76], [56, 63], [57, 70], [57, 58], [58, 60], [59, 60], [59, 61], [59, 77], [60, 61], [61, 70], [61, 63], [62, 64], [62, 88], [63, 64], [64, 65], [64, 66], [65, 66], [65, 67], [66, 67], [66, 68], [66, 80], [69, 79], [70, 71], [70, 72], [71, 73], [71, 75], [72, 83], [72, 88], [72, 73], [72, 74], [73, 83], [73, 74], [73, 75], [74, 75], [74, 76], [75, 76], [75, 77], [76, 77], [77, 85], [77, 78], [78, 80], [79, 80], [81, 82], [81, 83], [82, 84], [84, 85], [84, 86], [85, 87], [86, 88], [86, 87], [87, 88], [89, 90], [89, 91], [90, 92], [91, 92]]}