{"label": 0, "features": {"53": ["cc_13", "deg_6"], "47": ["cc_10", "deg_5"], "21": ["cc_8", "deg_6"], "34": ["cc_13", "deg_8"], "67": ["cc_20", "deg_5"], "41": ["cc_5", "deg_4"], "4": ["cc_7", "deg_9"], "42": ["cc_10", "deg_5"], "12": ["cc_15", "deg_6"], "28": ["cc_11", "deg_6"], "66": ["cc_13", "deg_6"], "5": ["cc_7", "deg_9"], "65": ["cc_6", "deg_5"], "61": ["cc_13", "deg_5"], "3": ["cc_6", "deg_7"], "64": ["cc_6", "deg_6"], "51": ["cc_13", "deg_6"], "24": ["cc_3", "deg_5"], "56": ["cc_8", "deg_6"], "55": ["cc_16", "deg_4"], "19": ["cc_7", "deg_7"], "54": ["cc_4", "deg_6"], "36": ["cc_14", "deg_7"], "17": ["cc_15", "deg_6"], "11": ["cc_5", "deg_8"], "22": ["cc_11", "deg_6"], "18": ["cc_13", "deg_6"], "59": ["cc_8", "deg_6"], "2": ["cc_11", "deg_7"], "46": ["cc_6", "deg_5"], "37": ["cc_13", "deg_6"], "38": ["cc_6", "deg_5"], "9": ["cc_17", "deg_6"], "27": ["cc_13", "deg_5"], "58": ["cc_6", "deg_7"], "35": ["cc_12", "deg_7"], "1": ["cc_17", "deg_6"], "16": ["cc_20", "deg_5"], "25": ["cc_2", "deg_6"], "7": ["cc_17", "deg_6"], "39": ["cc_13", "deg_6"], "0": ["cc_11", "deg_6"], "29": ["cc_4", "deg_7"], "63": ["cc_13", "deg_5"], "13": ["cc_7", "deg_7"], "6": ["cc_8", "deg_8"], "30": ["cc_16", "deg_5"], "14": ["cc_8", "deg_6"], "32": ["cc_11", "deg_7"], "45": ["cc_6", "deg_5"], "10": ["cc_16", "deg_5"], "33": ["cc_20", "deg_6"], "23": ["cc_6", "deg_6"], "48": ["cc_7", "deg_8"], "40": ["cc_10", "deg_5"], "8": ["cc_11", "deg_7"], "44": ["cc_6", "deg_6"], "31": ["cc_20", "deg_5"], "26": ["cc_16", "deg_4"], "43": ["cc_8", "deg_6"], "57": ["cc_10", "deg_5"], "20": ["cc_4", "deg_7"], "50": ["cc_16", "deg_5"], "62": ["cc_6", "deg_6"], "60": ["cc_13", "deg_5"], "52": ["cc_7", "deg_7"], "15": ["cc_17", "deg_6"], "49": ["cc_10", "deg_5"]}, "edges": [[0, 1], [0, 2], [0, 67], [0, 66], [0, 14], [0, 29], [1, 3], [1, 2], [1, 67], [1, 4], [1, 66], [2, 67], [2, 3], [2, 4], [2, 5], [2, 64], [3, 4], [3, 54], [3, 24], [3, 20], [3, 44], [4, 20], [4, 5], [4, 6], [4, 7], [4, 41], [4, 52], [5, 19], [5, 21], [5, 6], [5, 7], [5, 8], [5, 25], [5, 11], [6, 40], [6, 51], [6, 7], [6, 8], [6, 9], [6, 46], [7, 8], [7, 9], [7, 10], [8, 9], [8, 58], [8, 11], [8, 37], [9, 10], [9, 11], [9, 12], [10, 11], [10, 12], [10, 13], [11, 24], [11, 35], [11, 12], [11, 29], [12, 13], [12, 14], [12, 15], [13, 16], [13, 65], [13, 56], [13, 14], [13, 15], [14, 17], [14, 54], [14, 15], [15, 16], [15, 17], [15, 18], [16, 17], [16, 18], [16, 19], [17, 18], [17, 19], [17, 20], [18, 19], [18, 20], [18, 52], [19, 21], [19, 22], [19, 58], [20, 21], [20, 22], [20, 42], [21, 22], [21, 23], [21, 29], [22, 23], [22, 24], [22, 25], [23, 24], [23, 25], [23, 26], [23, 43], [24, 27], [25, 48], [25, 38], [25, 28], [26, 27], [26, 28], [26, 29], [27, 28], [27, 29], [27, 30], [28, 29], [28, 30], [28, 31], [29, 32], [30, 32], [30, 33], [30, 31], [31, 32], [31, 33], [31, 34], [32, 64], [32, 33], [32, 34], [32, 35], [33, 34], [33, 35], [33, 36], [34, 35], [34, 36], [34, 37], [34, 39], [34, 62], [35, 36], [35, 37], [35, 38], [36, 37], [36, 38], [36, 39], [36, 49], [37, 39], [37, 40], [38, 39], [38, 41], [39, 40], [39, 42], [40, 42], [40, 43], [41, 43], [41, 44], [42, 43], [42, 44], [43, 44], [43, 45], [44, 45], [44, 47], [45, 48], [45, 65], [45, 46], [46, 48], [46, 59], [46, 47], [47, 48], [47, 49], [47, 50], [48, 49], [48, 50], [48, 51], [48, 62], [49, 51], [49, 52], [50, 51], [50, 52], [50, 53], [51, 52], [51, 53], [52, 53], [52, 54], [53, 54], [53, 55], [53, 56], [54, 56], [54, 57], [55, 56], [55, 57], [55, 58], [56, 58], [56, 59], [57, 58], [57, 59], [57, 60], [58, 59], [58, 61], [59, 60], [59, 62], [60, 61], [60, 62], [60, 63], [61, 64], [61, 62], [61, 63], [62, 64], [63, 64], [63, 65], [63, 66], [64, 66], [65, 66], [65, 67], [66, 67]]}