{"label": 2, "features": {"68": ["cc_0", "deg_4"], "21": ["cc_0", "deg_4"], "34": ["cc_0", "deg_3"], "58": ["cc_0", "deg_5"], "69": ["cc_0", "deg_5"], "42": ["cc_0", "deg_6"], "12": ["cc_0", "deg_5"], "66": ["cc_0", "deg_2"], "5": ["cc_0", "deg_3"], "61": ["cc_0", "deg_2"], "51": ["cc_0", "deg_5"], "24": ["cc_0", "deg_3"], "56": ["cc_0", "deg_4"], "55": ["cc_0", "deg_3"], "17": ["cc_0", "deg_4"], "22": ["cc_0", "deg_4"], "74": ["cc_5", "deg_4"], "59": ["cc_0", "deg_4"], "46": ["cc_0", "deg_2"], "37": ["cc_3", "deg_5"], "38": ["cc_0", "deg_5"], "81": ["cc_0", "deg_3"], "35": ["cc_0", "deg_8"], "47": ["cc_0", "deg_4"], "16": ["cc_0", "deg_2"], "65": ["cc_0", "deg_4"], "23": ["cc_0", "deg_4"], "7": ["cc_0", "deg_4"], "82": ["cc_0", "deg_4"], "29": ["cc_0", "deg_2"], "13": ["cc_2", "deg_6"], "6": ["cc_0", "deg_4"], "30": ["cc_0", "deg_4"], "14": ["cc_0", "deg_2"], "40": ["cc_0", "deg_5"], "33": ["cc_0", "deg_4"], "73": ["cc_0", "deg_3"], "76": ["cc_0", "deg_3"], "8": ["cc_0", "deg_3"], "44": ["cc_0", "deg_4"], "26": ["cc_0", "deg_5"], "43": ["cc_0", "deg_4"], "57": ["cc_0", "deg_4"], "20": ["cc_0", "deg_2"], "89": ["cc_0", "deg_2"], "80": ["cc_0", "deg_3"], "70": ["cc_0", "deg_3"], "84": ["cc_0", "deg_3"], "53": ["cc_0", "deg_4"], "1": ["cc_0", "deg_6"], "54": ["cc_0", "deg_3"], "41": ["cc_0", "deg_4"], "4": ["cc_0", "deg_3"], "39": ["cc_3", "deg_5"], "28": ["cc_5", "deg_4"], "25": ["cc_0", "deg_6"], "78": ["cc_0", "deg_3"], "3": ["cc_0", "deg_3"], "64": ["cc_0", "deg_2"], "72": ["cc_3", "deg_5"], "87": ["cc_0", "deg_2"], "19": ["cc_0", "deg_5"], "86": ["cc_5", "deg_4"], "62": ["cc_3", "deg_5"], "11": ["cc_0", "deg_4"], "18": ["cc_0", "deg_3"], "67": ["cc_0", "deg_6"], "2": ["cc_5", "deg_4"], "9": ["cc_0", "deg_2"], "27": ["cc_0", "deg_5"], "15": ["cc_11", "deg_3"], "71": ["cc_1", "deg_8"], "88": ["cc_0", "deg_4"], "0": ["cc_3", "deg_5"], "63": ["cc_3", "deg_5"], "32": ["cc_0", "deg_3"], "45": ["cc_1", "deg_7"], "36": ["cc_0", "deg_5"], "83": ["cc_0", "deg_3"], "48": ["cc_0", "deg_4"], "79": ["cc_0", "deg_6"], "77": ["cc_0", "deg_2"], "10": ["cc_0", "deg_4"], "85": ["cc_0", "deg_3"], "31": ["cc_5", "deg_4"], "75": ["cc_0", "deg_5"], "50": ["cc_0", "deg_5"], "60": ["cc_0", "deg_5"], "52": ["cc_0", "deg_5"], "49": ["cc_0", "deg_5"]}, "edges": [[0, 1], [0, 86], [0, 81], [0, 12], [0, 45], [1, 32], [1, 66], [1, 25], [1, 88], [1, 44], [2, 28], [2, 27], [2, 12], [2, 39], [3, 68], [3, 12], [3, 55], [4, 31], [4, 52], [4, 47], [5, 35], [5, 45], [5, 7], [6, 65], [6, 42], [6, 27], [6, 77], [7, 51], [7, 10], [7, 75], [8, 84], [8, 38], [8, 13], [9, 31], [9, 79], [10, 49], [10, 60], [10, 13], [11, 33], [11, 83], [11, 51], [11, 41], [12, 58], [12, 79], [13, 68], [13, 63], [13, 43], [13, 62], [14, 82], [14, 44], [15, 36], [15, 37], [15, 31], [16, 34], [16, 69], [17, 80], [17, 69], [17, 75], [17, 47], [18, 51], [18, 86], [18, 79], [19, 50], [19, 36], [19, 38], [19, 55], [19, 45], [20, 35], [20, 69], [21, 49], [21, 73], [21, 22], [21, 71], [22, 72], [22, 60], [22, 23], [23, 67], [23, 25], [23, 85], [24, 72], [24, 69], [24, 62], [25, 64], [25, 41], [25, 87], [25, 30], [26, 65], [26, 42], [26, 27], [26, 76], [26, 47], [27, 33], [27, 84], [28, 51], [28, 39], [28, 57], [29, 52], [29, 54], [30, 73], [30, 78], [30, 63], [31, 37], [32, 45], [32, 37], [33, 35], [33, 38], [34, 86], [34, 55], [35, 48], [35, 50], [35, 88], [35, 89], [35, 59], [36, 48], [36, 71], [36, 56], [37, 38], [37, 60], [38, 85], [39, 80], [39, 78], [39, 79], [40, 52], [40, 74], [40, 61], [40, 62], [40, 45], [41, 43], [41, 56], [42, 81], [42, 52], [42, 59], [42, 79], [43, 49], [43, 46], [44, 50], [44, 56], [45, 86], [45, 59], [46, 88], [47, 54], [48, 69], [48, 70], [49, 82], [49, 53], [50, 65], [50, 84], [51, 82], [52, 71], [53, 67], [53, 87], [53, 77], [54, 67], [56, 76], [57, 60], [57, 58], [57, 59], [58, 81], [58, 66], [58, 73], [60, 68], [61, 71], [62, 67], [62, 63], [63, 85], [63, 71], [64, 65], [67, 82], [67, 89], [68, 83], [70, 88], [70, 72], [71, 75], [71, 72], [71, 74], [72, 74], [74, 80], [75, 83], [75, 79], [76, 78]]}