{"label": 1, "features": {"53": ["cc_3", "deg_5"], "47": ["cc_13", "deg_6"], "68": ["cc_7", "deg_7"], "21": ["cc_11", "deg_6"], "34": ["cc_8", "deg_6"], "67": ["cc_6", "deg_5"], "41": ["cc_0", "deg_4"], "4": ["cc_5", "deg_4"], "42": ["cc_3", "deg_7"], "12": ["cc_4", "deg_7"], "28": ["cc_0", "deg_6"], "66": ["cc_5", "deg_8"], "5": ["cc_5", "deg_4"], "65": ["cc_8", "deg_6"], "61": ["cc_4", "deg_6"], "3": ["cc_6", "deg_5"], "64": ["cc_4", "deg_6"], "51": ["cc_6", "deg_5"], "24": ["cc_6", "deg_7"], "56": ["cc_0", "deg_4"], "55": ["cc_4", "deg_6"], "19": ["cc_7", "deg_8"], "54": ["cc_0", "deg_3"], "36": ["cc_4", "deg_6"], "17": ["cc_7", "deg_7"], "11": ["cc_3", "deg_8"], "22": ["cc_13", "deg_5"], "71": ["cc_5", "deg_10"], "18": ["cc_7", "deg_9"], "59": ["cc_10", "deg_5"], "2": ["cc_4", "deg_6"], "46": ["cc_7", "deg_8"], "37": ["cc_13", "deg_5"], "38": ["cc_7", "deg_7"], "73": ["cc_11", "deg_4"], "9": ["cc_5", "deg_8"], "27": ["cc_3", "deg_5"], "58": ["cc_4", "deg_6"], "35": ["cc_13", "deg_6"], "1": ["cc_0", "deg_4"], "16": ["cc_16", "deg_5"], "25": ["cc_6", "deg_6"], "7": ["cc_5", "deg_8"], "39": ["cc_3", "deg_5"], "0": ["cc_3", "deg_7"], "29": ["cc_3", "deg_5"], "63": ["cc_5", "deg_4"], "13": ["cc_11", "deg_4"], "6": ["cc_11", "deg_7"], "30": ["cc_0", "deg_4"], "14": ["cc_6", "deg_5"], "32": ["cc_4", "deg_6"], "45": ["cc_13", "deg_5"], "10": ["cc_0", "deg_4"], "33": ["cc_11", "deg_6"], "23": ["cc_9", "deg_7"], "69": ["cc_10", "deg_5"], "48": ["cc_10", "deg_5"], "40": ["cc_4", "deg_6"], "72": ["cc_0", "deg_4"], "8": ["cc_5", "deg_8"], "44": ["cc_4", "deg_9"], "31": ["cc_2", "deg_8"], "75": ["cc_4", "deg_7"], "26": ["cc_3", "deg_9"], "43": ["cc_2", "deg_6"], "57": ["cc_2", "deg_6"], "20": ["cc_3", "deg_7"], "50": ["cc_8", "deg_6"], "62": ["cc_2", "deg_6"], "60": ["cc_6", "deg_5"], "52": ["cc_6", "deg_7"], "15": ["cc_5", "deg_4"], "74": ["cc_1", "deg_10"], "70": ["cc_6", "deg_6"], "49": ["cc_0", "deg_4"]}, "edges": [[0, 49], [0, 3], [0, 71], [0, 74], [0, 75], [0, 28], [0, 14], [1, 19], [1, 3], [1, 4], [1, 74], [2, 71], [2, 23], [2, 9], [2, 42], [2, 75], [2, 36], [3, 6], [3, 65], [3, 8], [4, 6], [4, 7], [4, 18], [5, 67], [5, 69], [5, 6], [5, 8], [6, 65], [6, 7], [6, 8], [6, 9], [7, 8], [7, 9], [7, 10], [7, 31], [7, 29], [7, 63], [8, 24], [8, 72], [8, 9], [8, 44], [9, 43], [9, 23], [9, 11], [9, 12], [10, 68], [10, 11], [10, 13], [11, 48], [11, 52], [11, 62], [11, 25], [11, 12], [11, 26], [12, 66], [12, 52], [12, 38], [12, 14], [12, 15], [13, 16], [13, 18], [13, 14], [14, 17], [14, 18], [15, 16], [15, 18], [15, 71], [16, 17], [16, 18], [16, 19], [17, 18], [17, 19], [17, 20], [17, 54], [17, 28], [18, 19], [18, 21], [18, 41], [19, 20], [19, 21], [19, 22], [19, 39], [20, 34], [20, 70], [20, 49], [20, 74], [20, 31], [21, 69], [21, 22], [21, 23], [21, 24], [22, 23], [22, 24], [22, 44], [23, 24], [23, 25], [23, 26], [24, 36], [24, 26], [24, 62], [25, 32], [25, 51], [25, 26], [25, 27], [26, 72], [26, 66], [26, 27], [26, 50], [26, 61], [27, 28], [27, 29], [27, 30], [28, 67], [28, 62], [28, 31], [29, 56], [29, 44], [29, 31], [30, 33], [30, 63], [30, 31], [31, 32], [31, 34], [31, 75], [32, 33], [32, 35], [32, 37], [32, 42], [33, 34], [33, 35], [33, 36], [33, 38], [34, 35], [34, 36], [34, 37], [35, 37], [35, 38], [35, 64], [36, 38], [36, 39], [37, 38], [37, 40], [38, 40], [38, 52], [39, 40], [39, 57], [39, 42], [40, 42], [40, 43], [40, 74], [41, 42], [41, 43], [41, 74], [42, 44], [42, 45], [43, 70], [43, 44], [43, 46], [44, 74], [44, 45], [44, 46], [44, 47], [45, 57], [45, 46], [45, 47], [46, 48], [46, 49], [46, 52], [46, 55], [46, 47], [47, 48], [47, 50], [47, 53], [48, 50], [48, 51], [49, 58], [50, 51], [50, 52], [50, 53], [51, 52], [51, 60], [52, 55], [53, 55], [53, 56], [53, 75], [54, 73], [54, 55], [55, 57], [55, 58], [56, 57], [56, 59], [57, 70], [57, 58], [58, 66], [58, 59], [58, 61], [59, 60], [59, 61], [59, 62], [60, 71], [60, 61], [60, 62], [61, 64], [61, 74], [62, 64], [63, 65], [63, 66], [64, 65], [64, 66], [64, 67], [65, 66], [65, 68], [66, 67], [66, 68], [67, 68], [68, 69], [68, 70], [68, 71], [69, 70], [69, 71], [70, 71], [71, 73], [71, 74], [71, 75], [72, 74], [72, 75], [73, 74], [73, 75]]}