{"label": 0, "features": {"53": ["cc_0", "deg_4"], "47": ["cc_11", "deg_4"], "68": ["cc_3", "deg_5"], "21": ["cc_11", "deg_4"], "34": ["cc_22", "deg_3"], "67": ["cc_11", "deg_4"], "41": ["cc_11", "deg_4"], "4": ["cc_0", "deg_3"], "42": ["cc_13", "deg_5"], "12": ["cc_6", "deg_5"], "28": ["cc_10", "deg_5"], "66": ["cc_16", "deg_4"], "5": ["cc_0", "deg_3"], "65": ["cc_6", "deg_5"], "61": ["cc_6", "deg_5"], "3": ["cc_0", "deg_3"], "64": ["cc_3", "deg_5"], "51": ["cc_3", "deg_5"], "24": ["cc_33", "deg_2"], "56": ["cc_6", "deg_5"], "55": ["cc_11", "deg_4"], "19": ["cc_33", "deg_2"], "54": ["cc_11", "deg_3"], "36": ["cc_16", "deg_4"], "17": ["cc_5", "deg_4"], "11": ["cc_16", "deg_4"], "22": ["cc_5", "deg_4"], "71": ["cc_5", "deg_4"], "18": ["cc_0", "deg_3"], "59": ["cc_22", "deg_3"], "2": ["cc_0", "deg_3"], "46": ["cc_5", "deg_4"], "37": ["cc_11", "deg_4"], "38": ["cc_6", "deg_5"], "9": ["cc_10", "deg_5"], "27": ["cc_5", "deg_4"], "58": ["cc_11", "deg_3"], "35": ["cc_16", "deg_4"], "1": ["cc_0", "deg_4"], "16": ["cc_4", "deg_6"], "25": ["cc_11", "deg_3"], "7": ["cc_33", "deg_2"], "39": ["cc_0", "deg_2"], "0": ["cc_0", "deg_3"], "29": ["cc_6", "deg_5"], "63": ["cc_0", "deg_4"], "13": ["cc_5", "deg_4"], "6": ["cc_0", "deg_4"], "30": ["cc_11", "deg_4"], "14": ["cc_11", "deg_3"], "32": ["cc_5", "deg_4"], "45": ["cc_0", "deg_3"], "10": ["cc_16", "deg_4"], "33": ["cc_11", "deg_4"], "23": ["cc_0", "deg_4"], "69": ["cc_11", "deg_3"], "48": ["cc_16", "deg_4"], "40": ["cc_22", "deg_3"], "8": ["cc_11", "deg_4"], "44": ["cc_5", "deg_4"], "31": ["cc_5", "deg_4"], "26": ["cc_3", "deg_5"], "43": ["cc_11", "deg_4"], "57": ["cc_3", "deg_5"], "20": ["cc_11", "deg_4"], "50": ["cc_4", "deg_6"], "62": ["cc_4", "deg_6"], "60": ["cc_16", "deg_4"], "52": ["cc_0", "deg_3"], "15": ["cc_6", "deg_5"], "70": ["cc_3", "deg_5"], "49": ["cc_6", "deg_6"]}, "edges": [[0, 1], [0, 2], [0, 70], [1, 16], [1, 69], [1, 25], [2, 3], [2, 4], [3, 64], [3, 12], [4, 27], [4, 6], [5, 17], [5, 6], [5, 29], [6, 8], [6, 50], [7, 8], [7, 9], [8, 9], [8, 10], [9, 71], [9, 10], [9, 11], [10, 11], [10, 12], [11, 12], [11, 13], [12, 13], [12, 14], [13, 49], [13, 15], [14, 16], [14, 15], [15, 16], [15, 17], [15, 22], [16, 17], [16, 68], [16, 49], [17, 18], [18, 20], [18, 23], [19, 20], [19, 21], [20, 21], [20, 22], [21, 22], [21, 23], [22, 65], [23, 51], [23, 63], [24, 25], [24, 26], [25, 26], [26, 70], [26, 57], [26, 27], [27, 28], [27, 29], [28, 62], [28, 39], [28, 29], [28, 30], [29, 30], [29, 31], [30, 32], [30, 62], [31, 32], [31, 33], [31, 53], [32, 33], [32, 61], [33, 34], [33, 35], [34, 35], [34, 36], [35, 36], [35, 37], [36, 37], [36, 38], [37, 46], [37, 38], [38, 40], [38, 42], [38, 71], [39, 41], [40, 41], [40, 42], [41, 42], [41, 43], [42, 43], [42, 44], [43, 44], [43, 45], [44, 50], [44, 46], [45, 55], [45, 47], [46, 48], [46, 47], [47, 48], [47, 49], [48, 49], [48, 50], [49, 50], [49, 51], [50, 51], [50, 52], [51, 53], [51, 57], [52, 53], [52, 54], [53, 64], [54, 56], [54, 55], [55, 56], [55, 57], [56, 67], [56, 57], [56, 62], [57, 58], [58, 59], [58, 60], [59, 60], [59, 61], [60, 61], [60, 62], [61, 62], [61, 63], [62, 64], [63, 65], [63, 68], [64, 65], [64, 66], [65, 66], [65, 67], [66, 67], [66, 68], [67, 68], [68, 70], [69, 70], [69, 71], [70, 71]]}