{"label": 2, "features": {"47": ["cc_0", "deg_5"], "21": ["cc_6", "deg_6"], "34": ["cc_6", "deg_5"], "41": ["cc_6", "deg_6"], "4": ["cc_0", "deg_2"], "42": ["cc_0", "deg_2"], "12": ["cc_0", "deg_4"], "28": ["cc_6", "deg_5"], "5": ["cc_0", "deg_2"], "3": ["cc_6", "deg_5"], "24": ["cc_11", "deg_3"], "19": ["cc_3", "deg_5"], "36": ["cc_11", "deg_3"], "17": ["cc_0", "deg_3"], "11": ["cc_3", "deg_5"], "22": ["cc_0", "deg_4"], "18": ["cc_5", "deg_4"], "2": ["cc_0", "deg_2"], "46": ["cc_11", "deg_3"], "37": ["cc_4", "deg_6"], "38": ["cc_0", "deg_2"], "9": ["cc_11", "deg_4"], "27": ["cc_0", "deg_3"], "35": ["cc_0", "deg_4"], "1": ["cc_1", "deg_7"], "16": ["cc_5", "deg_4"], "25": ["cc_0", "deg_3"], "7": ["cc_3", "deg_5"], "39": ["cc_0", "deg_2"], "0": ["cc_0", "deg_2"], "29": ["cc_0", "deg_5"], "13": ["cc_0", "deg_4"], "6": ["cc_11", "deg_3"], "30": ["cc_6", "deg_5"], "14": ["cc_0", "deg_4"], "32": ["cc_0", "deg_2"], "45": ["cc_0", "deg_3"], "10": ["cc_3", "deg_5"], "33": ["cc_0", "deg_4"], "23": ["cc_0", "deg_3"], "48": ["cc_0", "deg_9"], "40": ["cc_6", "deg_5"], "8": ["cc_0", "deg_2"], "44": ["cc_0", "deg_5"], "31": ["cc_0", "deg_2"], "26": ["cc_3", "deg_5"], "43": ["cc_0", "deg_2"], "20": ["cc_2", "deg_9"], "15": ["cc_0", "deg_3"]}, "edges": [[0, 15], [0, 29], [1, 3], [1, 38], [1, 23], [1, 10], [1, 39], [1, 45], [1, 31], [2, 19], [2, 12], [3, 18], [3, 44], [3, 10], [3, 6], [4, 16], [4, 7], [5, 48], [5, 26], [6, 18], [6, 31], [7, 40], [7, 41], [7, 13], [7, 15], [8, 26], [8, 22], [9, 17], [9, 34], [9, 21], [9, 41], [10, 48], [10, 42], [10, 28], [11, 32], [11, 34], [11, 21], [11, 22], [11, 12], [12, 35], [12, 40], [13, 33], [13, 38], [13, 14], [14, 16], [14, 25], [14, 27], [15, 47], [16, 28], [16, 20], [17, 36], [17, 43], [18, 48], [18, 34], [19, 48], [19, 20], [19, 25], [19, 46], [20, 21], [20, 24], [20, 28], [20, 26], [20, 27], [20, 44], [20, 37], [21, 34], [21, 25], [21, 41], [22, 42], [22, 29], [23, 37], [23, 26], [24, 29], [24, 37], [26, 28], [27, 47], [28, 35], [29, 48], [29, 45], [30, 33], [30, 36], [30, 37], [30, 40], [30, 41], [32, 48], [33, 48], [33, 43], [34, 40], [35, 37], [35, 47], [36, 37], [39, 44], [40, 41], [41, 46], [44, 45], [44, 47], [46, 48], [47, 48]]}