{"label": 2, "edges": [[0, 36], [0, 46], [0, 59], [0, 28], [0, 29], [1, 3], [1, 20], [1, 54], [1, 23], [1, 55], [2, 24], [2, 19], [2, 21], [2, 10], [2, 43], [2, 28], [2, 15], [3, 16], [3, 51], [3, 5], [3, 7], [3, 25], [3, 55], [3, 46], [4, 32], [4, 34], [4, 36], [4, 10], [4, 30], [5, 37], [5, 43], [5, 12], [5, 62], [5, 61], [5, 30], [6, 32], [6, 51], [6, 11], [6, 31], [7, 32], [7, 45], [7, 48], [7, 53], [7, 62], [8, 16], [8, 20], [8, 38], [8, 57], [8, 12], [8, 63], [9, 17], [9, 34], [9, 52], [9, 10], [9, 27], [10, 42], [10, 18], [10, 14], [11, 45], [11, 23], [11, 55], [11, 47], [12, 20], [12, 38], [12, 53], [13, 16], [13, 51], [13, 44], [13, 42], [14, 49], [14, 50], [14, 18], [15, 17], [15, 34], [15, 54], [15, 59], [15, 62], [16, 49], [16, 21], [16, 41], [16, 58], [17, 39], [17, 56], [17, 52], [17, 62], [18, 35], [18, 39], [18, 44], [18, 52], [18, 22], [18, 28], [19, 51], [19, 36], [19, 59], [20, 64], [20, 35], [20, 33], [20, 53], [21, 48], [21, 52], [21, 37], [21, 42], [21, 43], [22, 51], [22, 39], [22, 44], [22, 50], [22, 46], [23, 48], [23, 49], [23, 56], [23, 60], [23, 63], [24, 56], [24, 35], [24, 40], [24, 54], [24, 30], [25, 49], [25, 35], [25, 44], [26, 59], [26, 37], [26, 54], [26, 63], [26, 42], [26, 55], [26, 31], [27, 55], [27, 28], [27, 61], [28, 36], [28, 40], [28, 61], [29, 35], [29, 51], [29, 54], [29, 31], [30, 41], [30, 48], [30, 53], [30, 55], [30, 58], [30, 60], [31, 32], [31, 54], [31, 59], [32, 38], [32, 45], [33, 53], [33, 38], [33, 57], [34, 43], [34, 59], [34, 63], [35, 51], [35, 57], [35, 58], [36, 37], [36, 43], [37, 44], [37, 46], [37, 47], [38, 44], [38, 64], [38, 57], [38, 59], [38, 61], [39, 51], [39, 45], [40, 50], [40, 54], [40, 60], [41, 60], [41, 63], [42, 49], [42, 50], [43, 62], [43, 53], [44, 48], [44, 56], [44, 61], [47, 51], [47, 59], [48, 59], [49, 60], [50, 57], [51, 60], [52, 61], [52, 53], [52, 58], [55, 57], [58, 64], [60, 64], [61, 63]], "features": {"27": ["cc_5", "deg_4"], "35": ["cc_1", "deg_8"], "43": ["cc_3", "deg_7"], "47": ["cc_0", "deg_4"], "32": ["cc_4", "deg_6"], "56": ["cc_0", "deg_4"], "9": ["cc_3", "deg_5"], "33": ["cc_11", "deg_4"], "48": ["cc_0", "deg_6"], "55": ["cc_1", "deg_7"], "0": ["cc_3", "deg_5"], "2": ["cc_1", "deg_7"], "18": ["cc_3", "deg_8"], "5": ["cc_1", "deg_7"], "14": ["cc_5", "deg_4"], "38": ["cc_3", "deg_9"], "44": ["cc_1", "deg_9"], "39": ["cc_6", "deg_5"], "3": ["cc_1", "deg_8"], "28": ["cc_3", "deg_7"], "51": ["cc_1", "deg_10"], "23": ["cc_1", "deg_7"], "19": ["cc_0", "deg_4"], "61": ["cc_3", "deg_7"], "34": ["cc_2", "deg_6"], "11": ["cc_0", "deg_5"], "17": ["cc_4", "deg_6"], "12": ["cc_10", "deg_5"], "25": ["cc_0", "deg_4"], "24": ["cc_2", "deg_6"], "62": ["cc_6", "deg_5"], "59": ["cc_1", "deg_9"], "22": ["cc_6", "deg_6"], "60": ["cc_3", "deg_7"], "15": ["cc_4", "deg_6"], "4": ["cc_0", "deg_5"], "37": ["cc_0", "deg_7"], "45": ["cc_5", "deg_4"], "42": ["cc_0", "deg_6"], "30": ["cc_0", "deg_9"], "31": ["cc_8", "deg_6"], "36": ["cc_2", "deg_6"], "57": ["cc_4", "deg_6"], "53": ["cc_3", "deg_7"], "10": ["cc_2", "deg_6"], "49": ["cc_2", "deg_6"], "1": ["cc_3", "deg_5"], "46": ["cc_0", "deg_4"], "26": ["cc_3", "deg_7"], "40": ["cc_3", "deg_5"], "41": ["cc_5", "deg_4"], "20": ["cc_4", "deg_7"], "29": ["cc_6", "deg_5"], "52": ["cc_1", "deg_7"], "58": ["cc_0", "deg_5"], "63": ["cc_0", "deg_6"], "64": ["cc_0", "deg_4"], "13": ["cc_0", "deg_4"], "6": ["cc_5", "deg_4"], "7": ["cc_2", "deg_6"], "50": ["cc_0", "deg_5"], "8": ["cc_6", "deg_6"], "16": ["cc_0", "deg_7"], "54": ["cc_4", "deg_7"], "21": ["cc_1", "deg_7"]}}