{"label": 0, "features": {"47": ["cc_5", "deg_4"], "21": ["cc_16", "deg_4"], "34": ["cc_10", "deg_5"], "41": ["cc_11", "deg_4"], "4": ["cc_16", "deg_4"], "42": ["cc_11", "deg_4"], "12": ["cc_0", "deg_3"], "28": ["cc_0", "deg_4"], "5": ["cc_6", "deg_5"], "3": ["cc_16", "deg_4"], "51": ["cc_16", "deg_4"], "24": ["cc_11", "deg_3"], "19": ["cc_3", "deg_5"], "36": ["cc_5", "deg_4"], "17": ["cc_3", "deg_5"], "11": ["cc_2", "deg_6"], "22": ["cc_11", "deg_4"], "18": ["cc_0", "deg_3"], "2": ["cc_16", "deg_4"], "46": ["cc_2", "deg_6"], "37": ["cc_11", "deg_3"], "38": ["cc_5", "deg_4"], "9": ["cc_16", "deg_4"], "27": ["cc_0", "deg_3"], "35": ["cc_6", "deg_5"], "1": ["cc_16", "deg_4"], "16": ["cc_11", "deg_4"], "25": ["cc_11", "deg_3"], "7": ["cc_11", "deg_3"], "39": ["cc_5", "deg_4"], "0": ["cc_16", "deg_4"], "29": ["cc_0", "deg_4"], "13": ["cc_11", "deg_3"], "6": ["cc_5", "deg_4"], "30": ["cc_11", "deg_3"], "14": ["cc_22", "deg_3"], "32": ["cc_16", "deg_4"], "45": ["cc_3", "deg_5"], "10": ["cc_6", "deg_5"], "33": ["cc_10", "deg_5"], "23": ["cc_6", "deg_5"], "48": ["cc_11", "deg_4"], "40": ["cc_11", "deg_3"], "8": ["cc_11", "deg_4"], "44": ["cc_11", "deg_3"], "31": ["cc_11", "deg_4"], "26": ["cc_5", "deg_4"], "43": ["cc_5", "deg_4"], "20": ["cc_11", "deg_3"], "50": ["cc_16", "deg_4"], "52": ["cc_16", "deg_4"], "15": ["cc_16", "deg_4"], "49": ["cc_16", "deg_4"]}, "edges": [[0, 1], [0, 2], [0, 51], [0, 52], [1, 2], [1, 3], [1, 52], [2, 3], [2, 4], [3, 4], [3, 5], [4, 5], [4, 6], [5, 10], [5, 6], [5, 7], [6, 8], [6, 34], [7, 8], [7, 9], [8, 9], [8, 10], [9, 10], [9, 11], [10, 43], [10, 11], [11, 23], [11, 27], [11, 12], [11, 13], [12, 28], [12, 46], [13, 14], [13, 15], [14, 16], [14, 15], [15, 16], [15, 17], [16, 17], [16, 18], [17, 33], [17, 19], [17, 46], [18, 19], [18, 20], [19, 29], [19, 21], [19, 23], [20, 21], [20, 22], [21, 22], [21, 23], [22, 31], [22, 23], [23, 24], [24, 25], [24, 26], [25, 26], [25, 27], [26, 28], [26, 44], [27, 29], [28, 29], [28, 30], [29, 35], [30, 32], [30, 31], [31, 32], [31, 33], [32, 33], [32, 34], [33, 34], [33, 35], [34, 35], [34, 36], [35, 36], [35, 37], [36, 45], [36, 38], [37, 38], [37, 39], [38, 40], [38, 39], [39, 41], [39, 46], [40, 41], [40, 42], [41, 42], [41, 43], [42, 43], [42, 47], [43, 45], [44, 45], [44, 46], [45, 46], [45, 47], [46, 48], [47, 48], [47, 49], [48, 49], [48, 50], [49, 50], [49, 51], [50, 51], [50, 52], [51, 52]]}