{"label": 2, "features": {"1": ["cc_0", "deg_3"], "16": ["cc_0", "deg_1"], "4": ["cc_0", "deg_1"], "21": ["cc_0", "deg_1"], "7": ["cc_0", "deg_2"], "25": ["cc_0", "deg_2"], "0": ["cc_0", "deg_1"], "12": ["cc_0", "deg_1"], "29": ["cc_0", "deg_1"], "28": ["cc_0", "deg_2"], "13": ["cc_0", "deg_2"], "6": ["cc_0", "deg_3"], "5": ["cc_0", "deg_2"], "3": ["cc_0", "deg_2"], "24": ["cc_0", "deg_2"], "23": ["cc_0", "deg_1"], "27": ["cc_0", "deg_3"], "19": ["cc_0", "deg_2"], "10": ["cc_0", "deg_2"], "17": ["cc_0", "deg_4"], "11": ["cc_0", "deg_4"], "22": ["cc_0", "deg_1"], "18": ["cc_0", "deg_4"], "2": ["cc_0", "deg_1"], "26": ["cc_0", "deg_1"], "20": ["cc_0", "deg_2"], "14": ["cc_0", "deg_3"], "9": ["cc_0", "deg_2"], "8": ["cc_0", "deg_2"], "15": ["cc_0", "deg_2"]}, "edges": [[0, 1], [1, 19], [1, 15], [2, 9], [3, 18], [3, 11], [4, 7], [5, 10], [5, 27], [6, 19], [6, 13], [6, 21], [7, 27], [8, 17], [8, 25], [9, 11], [10, 17], [11, 28], [11, 14], [12, 25], [13, 20], [14, 27], [14, 22], [15, 18], [16, 17], [17, 18], [18, 24], [20, 26], [23, 24], [28, 29]]}