{"label": 2, "features": {"1": ["cc_0", "deg_1"], "16": ["cc_0", "deg_1"], "4": ["cc_0", "deg_2"], "21": ["cc_0", "deg_2"], "32": ["cc_0", "deg_2"], "34": ["cc_0", "deg_2"], "7": ["cc_0", "deg_2"], "25": ["cc_0", "deg_2"], "0": ["cc_0", "deg_1"], "39": ["cc_0", "deg_3"], "12": ["cc_0", "deg_2"], "29": ["cc_0", "deg_2"], "28": ["cc_0", "deg_2"], "13": ["cc_0", "deg_1"], "6": ["cc_0", "deg_2"], "30": ["cc_0", "deg_3"], "5": ["cc_0", "deg_2"], "38": ["cc_0", "deg_2"], "3": ["cc_0", "deg_3"], "24": ["cc_0", "deg_2"], "33": ["cc_0", "deg_2"], "23": ["cc_0", "deg_2"], "27": ["cc_0", "deg_2"], "19": ["cc_0", "deg_1"], "36": ["cc_0", "deg_3"], "10": ["cc_0", "deg_2"], "17": ["cc_0", "deg_1"], "11": ["cc_0", "deg_1"], "22": ["cc_0", "deg_2"], "18": ["cc_0", "deg_4"], "31": ["cc_0", "deg_3"], "2": ["cc_0", "deg_2"], "26": ["cc_0", "deg_2"], "20": ["cc_0", "deg_2"], "14": ["cc_0", "deg_1"], "35": ["cc_0", "deg_4"], "9": ["cc_0", "deg_1"], "8": ["cc_0", "deg_3"], "37": ["cc_0", "deg_2"], "15": ["cc_0", "deg_1"]}, "edges": [[0, 6], [1, 3], [2, 8], [2, 37], [3, 21], [3, 39], [4, 32], [4, 29], [5, 39], [5, 7], [6, 31], [7, 28], [8, 33], [8, 18], [9, 33], [10, 35], [10, 36], [11, 18], [12, 20], [12, 23], [13, 29], [14, 20], [15, 39], [16, 27], [17, 30], [18, 35], [18, 30], [19, 22], [21, 22], [23, 37], [24, 34], [24, 36], [25, 34], [25, 30], [26, 27], [26, 31], [28, 38], [31, 35], [32, 35], [36, 38]]}