{"label": 1, "edges": [[0, 1], [0, 2], [0, 84], [0, 86], [1, 81], [1, 2], [1, 51], [1, 86], [1, 74], [1, 29], [1, 47], [2, 4], [2, 5], [2, 16], [2, 87], [2, 39], [3, 4], [3, 6], [3, 44], [3, 45], [4, 5], [4, 7], [4, 72], [4, 23], [4, 82], [4, 85], [5, 6], [5, 7], [5, 8], [5, 26], [5, 31], [6, 54], [6, 7], [6, 8], [6, 27], [6, 77], [6, 53], [7, 18], [7, 22], [7, 79], [7, 66], [7, 15], [8, 49], [8, 84], [8, 10], [8, 11], [9, 40], [9, 11], [9, 63], [10, 35], [10, 44], [10, 55], [10, 28], [10, 13], [11, 85], [11, 12], [11, 13], [11, 14], [11, 79], [12, 32], [12, 44], [12, 14], [13, 16], [13, 80], [13, 83], [13, 75], [13, 85], [13, 35], [13, 60], [13, 14], [14, 16], [14, 49], [14, 84], [14, 42], [14, 15], [15, 16], [15, 64], [15, 54], [15, 76], [15, 77], [15, 65], [16, 18], [16, 76], [17, 18], [17, 19], [17, 20], [17, 69], [18, 19], [18, 20], [18, 21], [18, 65], [18, 57], [19, 20], [19, 24], [19, 29], [20, 37], [20, 70], [20, 34], [21, 69], [21, 23], [21, 24], [21, 82], [21, 62], [22, 54], [22, 73], [22, 25], [23, 32], [23, 68], [23, 66], [23, 39], [23, 46], [23, 48], [23, 50], [23, 25], [23, 26], [24, 25], [24, 26], [24, 27], [25, 75], [25, 27], [25, 28], [25, 30], [26, 51], [26, 27], [26, 29], [27, 64], [27, 52], [27, 29], [28, 82], [28, 75], [28, 68], [28, 29], [28, 30], [29, 40], [29, 31], [29, 47], [30, 32], [30, 81], [30, 86], [30, 57], [31, 32], [31, 56], [31, 76], [32, 48], [32, 34], [32, 35], [32, 72], [33, 80], [33, 51], [33, 35], [33, 37], [34, 35], [34, 37], [34, 71], [34, 46], [35, 36], [35, 40], [36, 37], [36, 38], [36, 39], [37, 38], [37, 41], [37, 45], [38, 39], [38, 40], [38, 41], [39, 41], [39, 75], [39, 78], [39, 73], [40, 42], [40, 61], [41, 42], [41, 75], [41, 44], [42, 43], [42, 45], [43, 65], [43, 62], [43, 44], [43, 45], [43, 46], [44, 69], [44, 57], [44, 46], [45, 59], [45, 68], [45, 71], [46, 48], [47, 50], [47, 54], [47, 73], [48, 51], [49, 50], [49, 51], [49, 57], [49, 58], [49, 82], [50, 51], [50, 53], [50, 58], [50, 87], [51, 83], [51, 52], [51, 78], [52, 67], [52, 53], [52, 76], [53, 80], [53, 55], [53, 77], [54, 65], [54, 70], [54, 57], [55, 56], [55, 58], [55, 59], [56, 58], [56, 59], [58, 59], [58, 61], [59, 87], [59, 60], [59, 62], [60, 61], [60, 63], [61, 64], [61, 62], [61, 63], [62, 64], [62, 65], [62, 81], [63, 65], [63, 66], [63, 69], [64, 67], [65, 66], [65, 68], [66, 67], [66, 68], [67, 68], [67, 69], [67, 70], [68, 84], [68, 71], [70, 80], [70, 71], [71, 72], [71, 74], [72, 73], [73, 76], [74, 76], [74, 77], [75, 84], [75, 78], [76, 77], [77, 80], [77, 79], [78, 87], [79, 80], [80, 84], [81, 82], [81, 84], [83, 84]], "features": {"27": ["cc_4", "deg_7"], "35": ["cc_3", "deg_7"], "43": ["cc_6", "deg_6"], "47": ["cc_3", "deg_5"], "56": ["cc_16", "deg_4"], "23": ["cc_1", "deg_11"], "9": ["cc_0", "deg_3"], "0": ["cc_11", "deg_4"], "6": ["cc_3", "deg_8"], "18": ["cc_3", "deg_8"], "14": ["cc_4", "deg_8"], "38": ["cc_13", "deg_5"], "82": ["cc_0", "deg_5"], "68": ["cc_4", "deg_8"], "51": ["cc_0", "deg_9"], "77": ["cc_7", "deg_7"], "19": ["cc_10", "deg_5"], "34": ["cc_4", "deg_6"], "75": ["cc_4", "deg_7"], "11": ["cc_4", "deg_7"], "17": ["cc_16", "deg_4"], "25": ["cc_4", "deg_7"], "24": ["cc_6", "deg_5"], "70": ["cc_0", "deg_5"], "15": ["cc_4", "deg_8"], "62": ["cc_3", "deg_7"], "40": ["cc_0", "deg_6"], "30": ["cc_2", "deg_6"], "31": ["cc_0", "deg_5"], "66": ["cc_8", "deg_6"], "36": ["cc_11", "deg_4"], "57": ["cc_0", "deg_5"], "10": ["cc_2", "deg_6"], "49": ["cc_3", "deg_7"], "1": ["cc_3", "deg_8"], "46": ["cc_6", "deg_5"], "60": ["cc_5", "deg_4"], "41": ["cc_6", "deg_6"], "29": ["cc_2", "deg_8"], "74": ["cc_5", "deg_4"], "13": ["cc_2", "deg_10"], "2": ["cc_3", "deg_7"], "7": ["cc_2", "deg_8"], "84": ["cc_0", "deg_8"], "79": ["cc_5", "deg_4"], "32": ["cc_2", "deg_8"], "33": ["cc_0", "deg_4"], "55": ["cc_10", "deg_5"], "48": ["cc_11", "deg_4"], "85": ["cc_11", "deg_3"], "5": ["cc_6", "deg_7"], "80": ["cc_3", "deg_7"], "81": ["cc_0", "deg_5"], "86": ["cc_11", "deg_3"], "87": ["cc_0", "deg_4"], "44": ["cc_1", "deg_8"], "39": ["cc_4", "deg_8"], "3": ["cc_0", "deg_4"], "28": ["cc_3", "deg_7"], "83": ["cc_0", "deg_3"], "76": ["cc_4", "deg_7"], "72": ["cc_0", "deg_4"], "12": ["cc_5", "deg_4"], "59": ["cc_4", "deg_7"], "69": ["cc_0", "deg_5"], "22": ["cc_0", "deg_4"], "50": ["cc_3", "deg_7"], "71": ["cc_2", "deg_6"], "4": ["cc_2", "deg_8"], "78": ["cc_5", "deg_4"], "45": ["cc_3", "deg_7"], "42": ["cc_3", "deg_5"], "21": ["cc_0", "deg_6"], "8": ["cc_2", "deg_6"], "53": ["cc_4", "deg_6"], "67": ["cc_2", "deg_6"], "37": ["cc_4", "deg_7"], "20": ["cc_8", "deg_6"], "26": ["cc_4", "deg_6"], "52": ["cc_0", "deg_5"], "58": ["cc_8", "deg_6"], "63": ["cc_4", "deg_6"], "64": ["cc_3", "deg_5"], "54": ["cc_1", "deg_7"], "65": ["cc_4", "deg_8"], "61": ["cc_4", "deg_6"], "16": ["cc_6", "deg_6"], "73": ["cc_0", "deg_5"]}}