{"label": 1, "features": {"47": ["cc_5", "deg_4"], "21": ["cc_1", "deg_7"], "34": ["cc_0", "deg_4"], "41": ["cc_3", "deg_7"], "4": ["cc_0", "deg_5"], "42": ["cc_0", "deg_5"], "12": ["cc_2", "deg_8"], "28": ["cc_2", "deg_6"], "5": ["cc_0", "deg_4"], "3": ["cc_4", "deg_7"], "24": ["cc_2", "deg_6"], "19": ["cc_2", "deg_6"], "36": ["cc_3", "deg_5"], "17": ["cc_3", "deg_5"], "11": ["cc_3", "deg_5"], "22": ["cc_2", "deg_6"], "18": ["cc_3", "deg_7"], "2": ["cc_3", "deg_8"], "46": ["cc_4", "deg_8"], "37": ["cc_0", "deg_5"], "38": ["cc_2", "deg_10"], "9": ["cc_8", "deg_6"], "27": ["cc_6", "deg_5"], "35": ["cc_3", "deg_5"], "1": ["cc_5", "deg_4"], "16": ["cc_6", "deg_5"], "25": ["cc_4", "deg_6"], "7": ["cc_0", "deg_4"], "39": ["cc_7", "deg_7"], "0": ["cc_10", "deg_5"], "29": ["cc_0", "deg_5"], "13": ["cc_5", "deg_4"], "6": ["cc_3", "deg_5"], "30": ["cc_10", "deg_5"], "14": ["cc_3", "deg_5"], "32": ["cc_2", "deg_6"], "45": ["cc_0", "deg_6"], "10": ["cc_0", "deg_5"], "33": ["cc_2", "deg_8"], "23": ["cc_7", "deg_7"], "48": ["cc_3", "deg_5"], "40": ["cc_3", "deg_10"], "8": ["cc_1", "deg_7"], "44": ["cc_5", "deg_8"], "31": ["cc_5", "deg_8"], "26": ["cc_6", "deg_7"], "43": ["cc_3", "deg_8"], "20": ["cc_0", "deg_3"], "50": ["cc_4", "deg_6"], "15": ["cc_2", "deg_6"], "49": ["cc_4", "deg_7"]}, "edges": [[0, 50], [0, 3], [0, 23], [0, 28], [0, 2], [1, 2], [1, 3], [1, 39], [1, 18], [2, 50], [2, 3], [2, 36], [2, 22], [2, 7], [2, 43], [3, 4], [3, 37], [3, 6], [3, 23], [4, 5], [4, 40], [4, 28], [4, 15], [5, 32], [5, 8], [5, 27], [6, 17], [6, 49], [6, 25], [6, 9], [7, 21], [7, 8], [7, 14], [8, 35], [8, 19], [8, 36], [8, 40], [8, 10], [9, 49], [9, 33], [9, 26], [9, 23], [9, 46], [10, 34], [10, 21], [10, 44], [10, 12], [11, 48], [11, 40], [11, 37], [11, 24], [11, 13], [12, 18], [12, 19], [12, 30], [12, 38], [12, 23], [12, 43], [12, 26], [13, 16], [13, 14], [13, 15], [14, 45], [14, 33], [14, 15], [15, 32], [15, 18], [15, 44], [16, 33], [16, 38], [16, 43], [16, 31], [17, 48], [17, 50], [17, 38], [17, 47], [18, 22], [18, 49], [18, 41], [18, 30], [19, 36], [19, 39], [19, 42], [19, 24], [20, 22], [20, 41], [20, 29], [21, 42], [21, 38], [21, 24], [21, 26], [21, 31], [22, 35], [22, 30], [22, 31], [23, 26], [23, 27], [23, 46], [24, 41], [24, 26], [24, 45], [25, 43], [25, 40], [25, 41], [25, 28], [25, 45], [26, 50], [26, 27], [27, 28], [27, 30], [28, 29], [28, 30], [29, 32], [29, 48], [29, 38], [31, 33], [31, 39], [31, 44], [31, 43], [31, 46], [32, 33], [32, 37], [32, 35], [33, 34], [33, 35], [33, 42], [34, 37], [34, 43], [35, 38], [36, 37], [36, 45], [38, 39], [38, 40], [38, 44], [38, 49], [39, 49], [39, 40], [39, 44], [40, 41], [40, 44], [40, 47], [40, 48], [41, 42], [41, 43], [42, 44], [43, 46], [44, 46], [45, 48], [45, 46], [46, 49], [46, 50], [47, 49], [47, 50]]}