{"label": 0, "features": {"21": ["cc_6", "deg_5"], "34": ["cc_13", "deg_6"], "41": ["cc_11", "deg_6"], "4": ["cc_17", "deg_6"], "42": ["cc_17", "deg_6"], "12": ["cc_13", "deg_6"], "28": ["cc_17", "deg_6"], "5": ["cc_17", "deg_6"], "3": ["cc_15", "deg_6"], "24": ["cc_8", "deg_6"], "19": ["cc_6", "deg_6"], "36": ["cc_8", "deg_6"], "17": ["cc_8", "deg_8"], "11": ["cc_9", "deg_7"], "22": ["cc_10", "deg_5"], "18": ["cc_8", "deg_6"], "2": ["cc_20", "deg_6"], "37": ["cc_11", "deg_4"], "38": ["cc_22", "deg_3"], "9": ["cc_17", "deg_6"], "27": ["cc_9", "deg_8"], "35": ["cc_11", "deg_6"], "1": ["cc_20", "deg_6"], "16": ["cc_15", "deg_6"], "25": ["cc_16", "deg_5"], "7": ["cc_8", "deg_9"], "39": ["cc_13", "deg_6"], "0": ["cc_14", "deg_7"], "29": ["cc_13", "deg_6"], "13": ["cc_13", "deg_6"], "6": ["cc_23", "deg_5"], "30": ["cc_9", "deg_7"], "14": ["cc_16", "deg_4"], "32": ["cc_13", "deg_5"], "45": ["cc_14", "deg_7"], "10": ["cc_23", "deg_5"], "33": ["cc_13", "deg_6"], "23": ["cc_6", "deg_5"], "40": ["cc_8", "deg_6"], "8": ["cc_13", "deg_6"], "44": ["cc_20", "deg_6"], "31": ["cc_8", "deg_6"], "26": ["cc_7", "deg_8"], "43": ["cc_12", "deg_7"], "20": ["cc_16", "deg_5"], "15": ["cc_11", "deg_7"]}, "edges": [[0, 1], [0, 2], [0, 3], [0, 23], [0, 43], [0, 44], [0, 45], [1, 2], [1, 3], [1, 4], [1, 44], [1, 45], [2, 3], [2, 4], [2, 5], [2, 45], [3, 4], [3, 5], [3, 27], [4, 5], [4, 6], [4, 7], [5, 6], [5, 7], [5, 8], [6, 7], [6, 8], [6, 9], [7, 18], [7, 8], [7, 9], [7, 10], [7, 13], [7, 31], [8, 9], [8, 26], [8, 11], [9, 10], [9, 11], [9, 12], [10, 11], [10, 12], [10, 13], [11, 37], [11, 12], [11, 13], [11, 14], [12, 43], [12, 13], [12, 15], [13, 16], [13, 15], [14, 16], [14, 17], [14, 15], [15, 16], [15, 17], [15, 18], [15, 30], [16, 17], [16, 18], [16, 19], [17, 18], [17, 20], [17, 21], [17, 22], [17, 26], [18, 19], [18, 29], [19, 20], [19, 21], [19, 22], [19, 36], [20, 21], [20, 22], [20, 23], [21, 24], [21, 30], [22, 23], [22, 25], [23, 24], [23, 26], [24, 34], [24, 25], [24, 26], [24, 27], [25, 26], [25, 27], [25, 28], [26, 41], [26, 27], [26, 28], [27, 35], [27, 28], [27, 29], [27, 30], [28, 29], [28, 30], [28, 31], [29, 32], [29, 30], [29, 31], [30, 32], [30, 31], [31, 33], [31, 34], [32, 33], [32, 34], [32, 35], [33, 34], [33, 35], [33, 36], [33, 40], [34, 35], [34, 36], [35, 36], [35, 45], [36, 37], [36, 39], [37, 39], [37, 40], [38, 39], [38, 40], [38, 41], [39, 40], [39, 41], [39, 42], [40, 42], [40, 43], [41, 42], [41, 43], [41, 44], [42, 43], [42, 44], [42, 45], [43, 44], [43, 45], [44, 45]]}