{"label": 2, "edges": [[0, 16], [0, 1], [0, 2], [0, 19], [0, 25], [0, 10], [0, 13], [1, 2], [1, 6], [1, 23], [1, 13], [1, 15], [2, 7], [2, 14], [3, 9], [3, 21], [3, 22], [4, 19], [4, 26], [5, 16], [5, 10], [5, 14], [6, 18], [6, 9], [6, 28], [7, 20], [7, 8], [7, 27], [7, 14], [8, 17], [8, 25], [8, 26], [9, 17], [9, 18], [9, 22], [11, 19], [11, 12], [11, 13], [12, 17], [12, 28], [12, 14], [15, 26], [15, 25], [16, 17], [16, 28], [17, 21], [17, 27], [18, 19], [19, 28], [20, 26], [20, 27], [21, 25], [21, 26], [22, 28], [23, 24], [23, 27], [24, 25], [24, 27]], "features": {"27": ["cc_6", "deg_5"], "22": ["cc_11", "deg_3"], "15": ["cc_0", "deg_3"], "4": ["cc_0", "deg_2"], "0": ["cc_3", "deg_7"], "2": ["cc_11", "deg_4"], "6": ["cc_5", "deg_4"], "18": ["cc_11", "deg_3"], "5": ["cc_0", "deg_3"], "10": ["cc_0", "deg_2"], "14": ["cc_5", "deg_4"], "1": ["cc_4", "deg_6"], "8": ["cc_0", "deg_4"], "20": ["cc_11", "deg_3"], "26": ["cc_0", "deg_5"], "3": ["cc_11", "deg_3"], "11": ["cc_0", "deg_3"], "28": ["cc_0", "deg_5"], "23": ["cc_11", "deg_3"], "19": ["cc_0", "deg_5"], "13": ["cc_11", "deg_3"], "16": ["cc_0", "deg_4"], "7": ["cc_6", "deg_5"], "17": ["cc_0", "deg_6"], "12": ["cc_0", "deg_4"], "25": ["cc_0", "deg_5"], "24": ["cc_11", "deg_3"], "9": ["cc_6", "deg_5"], "21": ["cc_0", "deg_4"]}}