{"label": 1, "features": {"1": ["cc_0", "deg_4"], "16": ["cc_10", "deg_5"], "4": ["cc_0", "deg_6"], "21": ["cc_17", "deg_6"], "32": ["cc_6", "deg_7"], "34": ["cc_6", "deg_5"], "7": ["cc_6", "deg_5"], "25": ["cc_1", "deg_9"], "0": ["cc_10", "deg_5"], "39": ["cc_2", "deg_6"], "12": ["cc_4", "deg_6"], "29": ["cc_4", "deg_6"], "28": ["cc_4", "deg_6"], "13": ["cc_0", "deg_5"], "6": ["cc_3", "deg_7"], "30": ["cc_8", "deg_6"], "5": ["cc_6", "deg_5"], "38": ["cc_13", "deg_5"], "3": ["cc_5", "deg_4"], "24": ["cc_6", "deg_7"], "33": ["cc_8", "deg_6"], "23": ["cc_8", "deg_6"], "27": ["cc_4", "deg_6"], "19": ["cc_16", "deg_5"], "36": ["cc_3", "deg_9"], "10": ["cc_0", "deg_6"], "17": ["cc_3", "deg_8"], "11": ["cc_2", "deg_6"], "22": ["cc_7", "deg_7"], "18": ["cc_9", "deg_7"], "31": ["cc_13", "deg_5"], "2": ["cc_0", "deg_4"], "26": ["cc_3", "deg_5"], "20": ["cc_13", "deg_5"], "14": ["cc_3", "deg_7"], "35": ["cc_2", "deg_8"], "9": ["cc_11", "deg_4"], "8": ["cc_4", "deg_10"], "37": ["cc_6", "deg_6"], "15": ["cc_6", "deg_5"]}, "edges": [[0, 36], [0, 37], [0, 38], [0, 8], [0, 25], [1, 3], [1, 4], [1, 37], [1, 11], [2, 4], [2, 5], [2, 10], [2, 28], [3, 6], [3, 8], [3, 14], [4, 20], [4, 6], [4, 7], [4, 29], [5, 6], [5, 7], [5, 8], [5, 39], [6, 35], [6, 23], [6, 8], [6, 17], [7, 35], [7, 8], [7, 9], [8, 32], [8, 9], [8, 12], [8, 15], [8, 28], [9, 32], [9, 11], [10, 35], [10, 36], [10, 25], [10, 12], [10, 29], [11, 34], [11, 39], [11, 12], [11, 14], [12, 13], [12, 14], [12, 15], [13, 16], [13, 33], [13, 25], [13, 29], [14, 16], [14, 17], [14, 37], [14, 24], [15, 17], [15, 18], [15, 25], [16, 17], [16, 18], [16, 19], [17, 18], [17, 22], [17, 36], [17, 27], [18, 19], [18, 20], [18, 21], [18, 30], [19, 20], [19, 21], [19, 22], [20, 21], [20, 23], [21, 22], [21, 23], [21, 24], [22, 34], [22, 23], [22, 24], [22, 25], [23, 24], [23, 26], [24, 32], [24, 36], [24, 25], [25, 39], [25, 26], [25, 27], [26, 36], [26, 27], [26, 28], [27, 38], [27, 29], [27, 30], [28, 29], [28, 30], [28, 31], [29, 30], [30, 32], [30, 31], [31, 32], [31, 33], [31, 34], [32, 33], [32, 35], [33, 34], [33, 35], [33, 36], [34, 35], [35, 37], [35, 39], [36, 37], [36, 38], [36, 39], [37, 38], [38, 39]]}