{"label": 2, "features": {"1": ["cc_0", "deg_2"], "16": ["cc_0", "deg_2"], "4": ["cc_0", "deg_1"], "21": ["cc_0", "deg_2"], "32": ["cc_0", "deg_1"], "34": ["cc_0", "deg_2"], "7": ["cc_0", "deg_3"], "25": ["cc_0", "deg_2"], "0": ["cc_0", "deg_3"], "12": ["cc_0", "deg_2"], "29": ["cc_0", "deg_4"], "28": ["cc_0", "deg_3"], "13": ["cc_0", "deg_2"], "6": ["cc_0", "deg_1"], "30": ["cc_0", "deg_2"], "5": ["cc_0", "deg_1"], "3": ["cc_0", "deg_2"], "24": ["cc_0", "deg_2"], "33": ["cc_0", "deg_2"], "23": ["cc_0", "deg_2"], "27": ["cc_0", "deg_2"], "19": ["cc_0", "deg_1"], "36": ["cc_0", "deg_3"], "10": ["cc_0", "deg_2"], "17": ["cc_0", "deg_2"], "11": ["cc_0", "deg_3"], "22": ["cc_0", "deg_2"], "18": ["cc_0", "deg_3"], "31": ["cc_0", "deg_2"], "2": ["cc_0", "deg_1"], "26": ["cc_0", "deg_3"], "20": ["cc_0", "deg_2"], "14": ["cc_0", "deg_1"], "35": ["cc_0", "deg_1"], "9": ["cc_0", "deg_1"], "8": ["cc_0", "deg_3"], "37": ["cc_0", "deg_2"], "15": ["cc_0", "deg_1"]}, "edges": [[0, 33], [0, 18], [0, 37], [1, 18], [1, 21], [2, 3], [3, 8], [4, 34], [5, 29], [6, 7], [7, 37], [7, 21], [8, 20], [8, 36], [9, 10], [10, 11], [11, 12], [11, 34], [12, 26], [13, 14], [13, 22], [15, 27], [16, 17], [16, 26], [17, 18], [19, 20], [22, 28], [23, 24], [23, 31], [24, 25], [25, 26], [27, 29], [28, 36], [28, 29], [29, 30], [30, 31], [32, 33], [35, 36]]}