{"label": 2, "features": {"53": ["cc_0", "deg_3"], "47": ["cc_0", "deg_3"], "68": ["cc_0", "deg_6"], "21": ["cc_0", "deg_4"], "34": ["cc_0", "deg_5"], "67": ["cc_0", "deg_2"], "41": ["cc_0", "deg_7"], "4": ["cc_0", "deg_4"], "42": ["cc_6", "deg_5"], "12": ["cc_0", "deg_6"], "28": ["cc_0", "deg_5"], "66": ["cc_5", "deg_4"], "5": ["cc_0", "deg_3"], "65": ["cc_0", "deg_2"], "61": ["cc_2", "deg_6"], "3": ["cc_0", "deg_2"], "64": ["cc_0", "deg_3"], "51": ["cc_0", "deg_4"], "24": ["cc_0", "deg_6"], "56": ["cc_5", "deg_4"], "55": ["cc_0", "deg_3"], "19": ["cc_0", "deg_5"], "54": ["cc_11", "deg_3"], "36": ["cc_0", "deg_4"], "17": ["cc_0", "deg_6"], "11": ["cc_0", "deg_4"], "22": ["cc_0", "deg_3"], "71": ["cc_0", "deg_5"], "18": ["cc_0", "deg_3"], "59": ["cc_3", "deg_5"], "2": ["cc_0", "deg_2"], "46": ["cc_0", "deg_5"], "37": ["cc_3", "deg_5"], "38": ["cc_0", "deg_3"], "73": ["cc_0", "deg_5"], "78": ["cc_0", "deg_3"], "9": ["cc_0", "deg_3"], "27": ["cc_0", "deg_3"], "58": ["cc_0", "deg_5"], "35": ["cc_11", "deg_3"], "1": ["cc_3", "deg_5"], "16": ["cc_0", "deg_4"], "80": ["cc_2", "deg_6"], "25": ["cc_0", "deg_3"], "7": ["cc_3", "deg_5"], "39": ["cc_0", "deg_2"], "0": ["cc_0", "deg_4"], "29": ["cc_3", "deg_5"], "63": ["cc_0", "deg_4"], "13": ["cc_0", "deg_4"], "6": ["cc_11", "deg_3"], "30": ["cc_5", "deg_4"], "14": ["cc_4", "deg_6"], "32": ["cc_0", "deg_3"], "45": ["cc_0", "deg_3"], "10": ["cc_0", "deg_3"], "33": ["cc_0", "deg_3"], "23": ["cc_1", "deg_7"], "69": ["cc_0", "deg_2"], "76": ["cc_5", "deg_4"], "48": ["cc_2", "deg_6"], "79": ["cc_0", "deg_3"], "77": ["cc_6", "deg_5"], "40": ["cc_0", "deg_5"], "81": ["cc_3", "deg_5"], "72": ["cc_5", "deg_4"], "8": ["cc_0", "deg_5"], "44": ["cc_0", "deg_4"], "31": ["cc_0", "deg_3"], "75": ["cc_0", "deg_5"], "26": ["cc_0", "deg_3"], "43": ["cc_0", "deg_2"], "57": ["cc_0", "deg_5"], "20": ["cc_0", "deg_4"], "50": ["cc_0", "deg_4"], "62": ["cc_0", "deg_3"], "60": ["cc_0", "deg_2"], "52": ["cc_0", "deg_6"], "15": ["cc_0", "deg_2"], "74": ["cc_0", "deg_3"], "70": ["cc_0", "deg_5"], "49": ["cc_0", "deg_2"]}, "edges": [[0, 52], [0, 24], [0, 73], [0, 77], [1, 50], [1, 22], [1, 55], [1, 42], [1, 77], [2, 17], [2, 53], [3, 34], [3, 4], [4, 51], [4, 23], [4, 47], [5, 23], [5, 42], [5, 43], [6, 8], [6, 56], [6, 23], [7, 81], [7, 67], [7, 59], [7, 29], [7, 14], [8, 17], [8, 41], [8, 61], [8, 15], [9, 51], [9, 68], [9, 39], [10, 19], [10, 75], [10, 46], [11, 41], [11, 58], [11, 55], [11, 44], [12, 80], [12, 16], [12, 35], [12, 52], [12, 57], [12, 42], [13, 68], [13, 21], [13, 60], [13, 46], [14, 48], [14, 81], [14, 66], [14, 17], [14, 61], [15, 16], [16, 44], [16, 59], [17, 51], [17, 37], [17, 34], [18, 41], [18, 19], [18, 52], [19, 55], [19, 26], [19, 74], [20, 41], [20, 68], [20, 38], [20, 31], [21, 22], [21, 23], [21, 31], [22, 66], [23, 56], [23, 58], [23, 46], [24, 81], [24, 70], [24, 28], [24, 44], [24, 30], [25, 71], [25, 29], [25, 63], [26, 72], [26, 33], [27, 57], [27, 28], [27, 69], [28, 48], [28, 45], [28, 46], [29, 50], [29, 35], [29, 37], [30, 75], [30, 54], [30, 59], [31, 40], [32, 73], [32, 34], [32, 67], [33, 36], [33, 74], [34, 66], [34, 62], [35, 37], [36, 68], [36, 37], [36, 58], [37, 71], [38, 45], [38, 63], [39, 52], [40, 81], [40, 50], [40, 73], [40, 75], [41, 80], [41, 49], [41, 73], [42, 76], [42, 77], [43, 56], [44, 68], [45, 74], [46, 78], [47, 73], [47, 62], [48, 65], [48, 66], [48, 71], [48, 75], [49, 50], [51, 78], [52, 64], [52, 79], [53, 64], [53, 58], [54, 59], [54, 61], [56, 57], [57, 72], [57, 70], [58, 65], [59, 77], [60, 70], [61, 80], [61, 72], [61, 62], [63, 80], [63, 69], [64, 76], [68, 70], [70, 71], [71, 80], [72, 80], [75, 76], [76, 77], [78, 79], [79, 81]]}