{"label": 1, "edges": [[0, 48], [0, 2], [0, 6], [0, 51], [0, 39], [0, 18], [1, 3], [1, 2], [1, 19], [1, 18], [2, 3], [2, 40], [2, 13], [2, 15], [2, 16], [2, 20], [2, 23], [2, 27], [3, 35], [3, 6], [3, 30], [4, 49], [4, 6], [4, 7], [4, 34], [4, 14], [5, 16], [5, 6], [5, 8], [5, 41], [5, 11], [6, 7], [6, 8], [7, 50], [7, 41], [7, 10], [7, 14], [7, 37], [8, 34], [8, 9], [8, 27], [9, 19], [9, 28], [9, 11], [9, 13], [10, 48], [10, 21], [10, 43], [10, 12], [10, 13], [10, 31], [11, 22], [11, 12], [12, 19], [12, 48], [12, 27], [12, 41], [12, 26], [12, 14], [12, 15], [13, 51], [13, 37], [13, 39], [13, 15], [14, 17], [14, 20], [15, 17], [15, 30], [16, 49], [16, 19], [16, 40], [17, 50], [17, 19], [17, 20], [17, 26], [18, 19], [18, 20], [18, 23], [19, 35], [19, 22], [19, 46], [20, 27], [20, 34], [20, 22], [20, 23], [20, 43], [21, 22], [21, 23], [22, 23], [22, 24], [22, 25], [23, 24], [23, 44], [23, 46], [23, 31], [24, 48], [24, 25], [24, 26], [24, 27], [25, 34], [25, 39], [25, 26], [25, 27], [26, 29], [27, 33], [27, 50], [27, 28], [27, 29], [28, 49], [28, 51], [28, 42], [28, 29], [29, 32], [29, 50], [29, 41], [29, 45], [29, 31], [30, 33], [30, 38], [30, 42], [30, 45], [30, 31], [31, 33], [31, 43], [32, 50], [32, 34], [32, 42], [33, 48], [33, 35], [34, 41], [34, 47], [34, 45], [35, 36], [35, 37], [36, 37], [36, 38], [36, 42], [37, 39], [37, 41], [38, 39], [38, 40], [40, 43], [41, 44], [42, 44], [42, 45], [43, 45], [44, 45], [44, 46], [44, 47], [45, 47], [46, 48], [46, 47], [47, 48], [47, 50], [48, 50], [49, 50]], "features": {"27": ["cc_2", "deg_10"], "35": ["cc_3", "deg_5"], "43": ["cc_3", "deg_5"], "47": ["cc_11", "deg_6"], "32": ["cc_5", "deg_4"], "9": ["cc_0", "deg_5"], "33": ["cc_3", "deg_5"], "48": ["cc_3", "deg_8"], "0": ["cc_0", "deg_6"], "2": ["cc_3", "deg_10"], "18": ["cc_6", "deg_5"], "5": ["cc_3", "deg_5"], "14": ["cc_6", "deg_5"], "38": ["cc_0", "deg_4"], "44": ["cc_8", "deg_6"], "39": ["cc_3", "deg_5"], "3": ["cc_3", "deg_5"], "28": ["cc_2", "deg_6"], "51": ["cc_0", "deg_3"], "23": ["cc_5", "deg_9"], "19": ["cc_0", "deg_9"], "34": ["cc_1", "deg_8"], "11": ["cc_0", "deg_4"], "17": ["cc_2", "deg_6"], "12": ["cc_0", "deg_9"], "25": ["cc_6", "deg_6"], "24": ["cc_8", "deg_6"], "22": ["cc_6", "deg_7"], "15": ["cc_3", "deg_5"], "4": ["cc_6", "deg_5"], "37": ["cc_6", "deg_6"], "45": ["cc_6", "deg_7"], "42": ["cc_4", "deg_6"], "30": ["cc_3", "deg_7"], "31": ["cc_4", "deg_6"], "36": ["cc_5", "deg_4"], "10": ["cc_3", "deg_7"], "49": ["cc_0", "deg_4"], "1": ["cc_11", "deg_4"], "46": ["cc_10", "deg_5"], "26": ["cc_3", "deg_5"], "40": ["cc_5", "deg_4"], "41": ["cc_1", "deg_7"], "20": ["cc_4", "deg_9"], "29": ["cc_3", "deg_8"], "13": ["cc_3", "deg_7"], "6": ["cc_4", "deg_6"], "7": ["cc_4", "deg_7"], "50": ["cc_3", "deg_8"], "8": ["cc_3", "deg_5"], "16": ["cc_3", "deg_5"], "21": ["cc_11", "deg_3"]}}