{"label": 1, "features": {"53": ["cc_11", "deg_3"], "47": ["cc_3", "deg_5"], "21": ["cc_1", "deg_7"], "34": ["cc_16", "deg_4"], "41": ["cc_0", "deg_2"], "4": ["cc_11", "deg_4"], "42": ["cc_0", "deg_6"], "12": ["cc_0", "deg_4"], "28": ["cc_0", "deg_3"], "66": ["cc_6", "deg_5"], "5": ["cc_6", "deg_5"], "65": ["cc_22", "deg_3"], "61": ["cc_0", "deg_3"], "3": ["cc_6", "deg_5"], "64": ["cc_0", "deg_4"], "51": ["cc_0", "deg_3"], "24": ["cc_0", "deg_4"], "56": ["cc_16", "deg_4"], "55": ["cc_16", "deg_4"], "19": ["cc_0", "deg_3"], "54": ["cc_11", "deg_4"], "36": ["cc_3", "deg_5"], "17": ["cc_0", "deg_4"], "11": ["cc_5", "deg_4"], "22": ["cc_0", "deg_3"], "18": ["cc_0", "deg_2"], "59": ["cc_11", "deg_4"], "2": ["cc_16", "deg_4"], "46": ["cc_11", "deg_4"], "37": ["cc_0", "deg_4"], "38": ["cc_0", "deg_4"], "9": ["cc_5", "deg_4"], "27": ["cc_5", "deg_4"], "58": ["cc_16", "deg_4"], "35": ["cc_4", "deg_6"], "1": ["cc_16", "deg_4"], "16": ["cc_5", "deg_4"], "25": ["cc_0", "deg_3"], "7": ["cc_5", "deg_4"], "39": ["cc_2", "deg_6"], "0": ["cc_22", "deg_4"], "29": ["cc_0", "deg_2"], "63": ["cc_0", "deg_5"], "13": ["cc_11", "deg_3"], "6": ["cc_3", "deg_5"], "30": ["cc_0", "deg_3"], "14": ["cc_22", "deg_3"], "32": ["cc_11", "deg_4"], "45": ["cc_16", "deg_4"], "10": ["cc_0", "deg_4"], "33": ["cc_10", "deg_5"], "23": ["cc_0", "deg_5"], "48": ["cc_3", "deg_5"], "40": ["cc_0", "deg_3"], "8": ["cc_2", "deg_6"], "44": ["cc_22", "deg_3"], "31": ["cc_5", "deg_4"], "26": ["cc_0", "deg_2"], "43": ["cc_11", "deg_3"], "57": ["cc_16", "deg_4"], "20": ["cc_5", "deg_4"], "50": ["cc_0", "deg_2"], "62": ["cc_0", "deg_4"], "60": ["cc_3", "deg_5"], "52": ["cc_0", "deg_6"], "15": ["cc_6", "deg_5"], "49": ["cc_0", "deg_3"]}, "edges": [[0, 1], [0, 66], [0, 2], [0, 65], [1, 2], [1, 3], [1, 66], [2, 3], [2, 65], [3, 42], [3, 4], [3, 5], [4, 5], [4, 6], [4, 47], [5, 19], [5, 6], [5, 7], [6, 8], [6, 51], [6, 15], [7, 8], [7, 9], [7, 26], [8, 66], [8, 37], [8, 9], [8, 30], [9, 63], [9, 47], [10, 24], [10, 42], [10, 11], [10, 12], [11, 48], [11, 27], [11, 13], [12, 38], [12, 25], [12, 60], [13, 14], [13, 15], [14, 16], [14, 15], [15, 16], [15, 24], [16, 63], [16, 23], [17, 19], [17, 53], [17, 22], [17, 60], [18, 42], [18, 20], [19, 21], [20, 21], [20, 22], [20, 39], [21, 51], [21, 39], [21, 26], [21, 23], [21, 62], [22, 23], [23, 24], [23, 25], [24, 36], [25, 27], [27, 48], [27, 28], [28, 62], [28, 30], [29, 33], [29, 52], [30, 31], [31, 32], [31, 33], [31, 50], [32, 33], [32, 34], [32, 39], [33, 34], [33, 35], [34, 35], [34, 36], [35, 64], [35, 36], [35, 37], [35, 60], [36, 49], [36, 38], [37, 48], [37, 39], [38, 40], [38, 39], [39, 49], [40, 42], [40, 52], [41, 42], [41, 43], [42, 63], [43, 44], [43, 45], [44, 45], [44, 46], [45, 46], [45, 47], [46, 48], [46, 47], [47, 49], [48, 52], [50, 52], [51, 52], [52, 54], [53, 54], [53, 55], [54, 56], [54, 55], [55, 56], [55, 57], [56, 57], [56, 58], [57, 58], [57, 59], [58, 59], [58, 60], [59, 60], [59, 61], [61, 62], [61, 63], [62, 64], [63, 64], [64, 66], [65, 66]]}