{"label": 1, "features": {"1": ["cc_11", "deg_6"], "16": ["cc_11", "deg_4"], "4": ["cc_14", "deg_7"], "21": ["cc_11", "deg_7"], "7": ["cc_11", "deg_7"], "25": ["cc_11", "deg_6"], "0": ["cc_13", "deg_5"], "12": ["cc_11", "deg_3"], "13": ["cc_2", "deg_6"], "6": ["cc_7", "deg_9"], "5": ["cc_6", "deg_6"], "3": ["cc_22", "deg_4"], "24": ["cc_6", "deg_5"], "23": ["cc_10", "deg_5"], "19": ["cc_11", "deg_8"], "10": ["cc_6", "deg_6"], "17": ["cc_6", "deg_7"], "11": ["cc_6", "deg_5"], "22": ["cc_7", "deg_7"], "18": ["cc_7", "deg_7"], "2": ["cc_9", "deg_7"], "20": ["cc_11", "deg_8"], "14": ["cc_11", "deg_6"], "9": ["cc_11", "deg_6"], "8": ["cc_11", "deg_3"], "15": ["cc_6", "deg_6"]}, "edges": [[0, 1], [0, 2], [0, 21], [0, 23], [0, 25], [1, 2], [1, 6], [1, 9], [1, 24], [1, 25], [2, 3], [2, 4], [2, 7], [2, 25], [2, 10], [3, 4], [3, 5], [3, 6], [4, 20], [4, 5], [4, 6], [4, 7], [4, 22], [5, 17], [5, 6], [5, 10], [5, 13], [6, 22], [6, 7], [6, 8], [6, 9], [6, 15], [7, 19], [7, 9], [7, 10], [7, 20], [8, 18], [8, 9], [9, 10], [9, 11], [10, 22], [10, 11], [11, 23], [11, 13], [11, 14], [12, 13], [12, 14], [12, 15], [13, 16], [13, 20], [13, 21], [14, 17], [14, 18], [14, 23], [14, 15], [15, 17], [15, 18], [15, 24], [16, 17], [16, 18], [16, 19], [17, 19], [17, 20], [17, 23], [18, 19], [18, 20], [18, 21], [19, 20], [19, 21], [19, 22], [19, 24], [20, 21], [20, 22], [21, 22], [21, 24], [22, 25], [23, 25], [24, 25]]}