{"label": 2, "features": {"68": ["cc_0", "deg_7"], "21": ["cc_5", "deg_4"], "34": ["cc_4", "deg_6"], "58": ["cc_2", "deg_8"], "69": ["cc_3", "deg_7"], "42": ["cc_6", "deg_5"], "12": ["cc_0", "deg_9"], "66": ["cc_0", "deg_3"], "5": ["cc_2", "deg_8"], "61": ["cc_2", "deg_10"], "51": ["cc_0", "deg_7"], "24": ["cc_4", "deg_7"], "56": ["cc_11", "deg_3"], "55": ["cc_1", "deg_7"], "17": ["cc_0", "deg_4"], "22": ["cc_2", "deg_6"], "74": ["cc_10", "deg_5"], "59": ["cc_3", "deg_7"], "46": ["cc_5", "deg_4"], "37": ["cc_6", "deg_5"], "38": ["cc_1", "deg_11"], "81": ["cc_2", "deg_6"], "35": ["cc_0", "deg_6"], "47": ["cc_0", "deg_4"], "16": ["cc_0", "deg_6"], "65": ["cc_0", "deg_4"], "23": ["cc_0", "deg_4"], "7": ["cc_0", "deg_5"], "82": ["cc_1", "deg_8"], "29": ["cc_0", "deg_6"], "13": ["cc_3", "deg_5"], "6": ["cc_0", "deg_6"], "30": ["cc_0", "deg_8"], "14": ["cc_0", "deg_4"], "40": ["cc_3", "deg_10"], "33": ["cc_11", "deg_4"], "73": ["cc_0", "deg_9"], "76": ["cc_0", "deg_5"], "8": ["cc_3", "deg_7"], "44": ["cc_1", "deg_7"], "26": ["cc_0", "deg_7"], "43": ["cc_0", "deg_3"], "57": ["cc_3", "deg_5"], "20": ["cc_4", "deg_7"], "89": ["cc_3", "deg_5"], "80": ["cc_0", "deg_4"], "70": ["cc_0", "deg_8"], "84": ["cc_0", "deg_6"], "53": ["cc_6", "deg_7"], "1": ["cc_3", "deg_5"], "54": ["cc_0", "deg_3"], "41": ["cc_3", "deg_8"], "4": ["cc_0", "deg_6"], "39": ["cc_2", "deg_6"], "28": ["cc_0", "deg_3"], "25": ["cc_1", "deg_7"], "78": ["cc_2", "deg_6"], "3": ["cc_0", "deg_5"], "64": ["cc_1", "deg_8"], "72": ["cc_5", "deg_4"], "87": ["cc_0", "deg_5"], "19": ["cc_0", "deg_5"], "86": ["cc_2", "deg_8"], "62": ["cc_2", "deg_11"], "11": ["cc_0", "deg_7"], "18": ["cc_0", "deg_5"], "67": ["cc_11", "deg_4"], "2": ["cc_3", "deg_5"], "9": ["cc_2", "deg_6"], "27": ["cc_0", "deg_3"], "15": ["cc_0", "deg_6"], "71": ["cc_1", "deg_7"], "88": ["cc_0", "deg_4"], "0": ["cc_0", "deg_7"], "63": ["cc_0", "deg_6"], "32": ["cc_2", "deg_9"], "45": ["cc_0", "deg_6"], "36": ["cc_5", "deg_4"], "83": ["cc_0", "deg_5"], "48": ["cc_1", "deg_8"], "79": ["cc_0", "deg_4"], "77": ["cc_2", "deg_6"], "10": ["cc_2", "deg_6"], "85": ["cc_3", "deg_7"], "31": ["cc_0", "deg_6"], "75": ["cc_3", "deg_7"], "50": ["cc_0", "deg_6"], "60": ["cc_3", "deg_5"], "52": ["cc_0", "deg_4"], "49": ["cc_1", "deg_8"]}, "edges": [[0, 71], [0, 73], [0, 14], [0, 47], [0, 19], [0, 29], [0, 62], [1, 49], [1, 57], [1, 44], [1, 13], [1, 46], [2, 82], [2, 67], [2, 71], [2, 58], [2, 66], [3, 82], [3, 71], [3, 72], [3, 55], [3, 69], [4, 48], [4, 50], [4, 84], [4, 70], [4, 38], [4, 82], [5, 32], [5, 37], [5, 39], [5, 40], [5, 43], [5, 79], [5, 16], [5, 18], [6, 16], [6, 82], [6, 57], [6, 10], [6, 14], [6, 31], [7, 25], [7, 70], [7, 39], [7, 20], [7, 42], [8, 64], [8, 84], [8, 69], [8, 9], [8, 10], [8, 59], [8, 70], [9, 81], [9, 38], [9, 22], [9, 87], [9, 77], [10, 67], [10, 22], [10, 44], [10, 12], [11, 64], [11, 68], [11, 76], [11, 15], [11, 80], [11, 54], [11, 23], [12, 67], [12, 84], [12, 37], [12, 54], [12, 41], [12, 75], [12, 60], [12, 86], [13, 16], [13, 78], [13, 73], [13, 46], [14, 68], [14, 76], [15, 34], [15, 27], [15, 22], [15, 40], [15, 79], [16, 48], [16, 41], [16, 59], [17, 32], [17, 23], [17, 76], [17, 61], [18, 25], [18, 44], [18, 61], [18, 46], [19, 66], [19, 52], [19, 38], [19, 87], [20, 51], [20, 49], [20, 38], [20, 71], [20, 41], [20, 21], [21, 69], [21, 41], [21, 73], [22, 81], [22, 39], [22, 26], [23, 49], [23, 31], [24, 48], [24, 34], [24, 85], [24, 38], [24, 72], [24, 57], [24, 53], [25, 51], [25, 69], [25, 89], [25, 73], [25, 27], [26, 49], [26, 52], [26, 86], [26, 75], [26, 29], [26, 61], [27, 38], [28, 50], [28, 78], [28, 30], [29, 32], [29, 48], [29, 84], [29, 77], [30, 87], [30, 82], [30, 35], [30, 85], [30, 71], [30, 58], [30, 43], [31, 51], [31, 38], [31, 39], [31, 70], [32, 40], [32, 44], [32, 80], [32, 86], [32, 55], [32, 60], [33, 34], [33, 54], [33, 86], [33, 53], [34, 78], [34, 86], [34, 62], [35, 48], [35, 38], [35, 89], [35, 59], [35, 44], [36, 48], [36, 70], [36, 74], [36, 77], [37, 55], [37, 40], [37, 61], [38, 55], [38, 49], [38, 57], [39, 75], [39, 74], [40, 64], [40, 42], [40, 49], [40, 84], [40, 60], [40, 61], [41, 71], [41, 83], [41, 56], [41, 62], [42, 85], [42, 53], [42, 61], [43, 44], [44, 55], [45, 64], [45, 70], [45, 81], [45, 49], [45, 82], [45, 83], [46, 86], [47, 51], [47, 83], [47, 81], [48, 72], [48, 81], [49, 68], [50, 59], [50, 51], [50, 75], [50, 63], [51, 55], [51, 65], [52, 89], [52, 60], [53, 73], [53, 85], [53, 86], [53, 58], [55, 85], [56, 58], [56, 62], [57, 87], [58, 83], [58, 73], [58, 67], [58, 61], [59, 64], [59, 68], [59, 69], [60, 62], [61, 82], [61, 88], [61, 62], [62, 74], [62, 75], [62, 78], [62, 82], [62, 63], [63, 64], [63, 80], [63, 83], [63, 76], [64, 73], [64, 85], [65, 66], [65, 86], [65, 87], [68, 71], [68, 72], [68, 88], [69, 89], [69, 77], [70, 85], [70, 79], [73, 75], [73, 88], [74, 75], [74, 77], [76, 89], [77, 88], [78, 84], [78, 79], [80, 81]]}