{"label": 2, "features": {"53": ["cc_3", "deg_7"], "47": ["cc_0", "deg_3"], "21": ["cc_0", "deg_4"], "34": ["cc_0", "deg_3"], "41": ["cc_0", "deg_4"], "4": ["cc_6", "deg_5"], "42": ["cc_0", "deg_4"], "12": ["cc_0", "deg_3"], "28": ["cc_0", "deg_3"], "5": ["cc_0", "deg_4"], "61": ["cc_11", "deg_3"], "3": ["cc_0", "deg_4"], "51": ["cc_0", "deg_6"], "24": ["cc_0", "deg_5"], "56": ["cc_0", "deg_5"], "55": ["cc_0", "deg_3"], "19": ["cc_1", "deg_7"], "54": ["cc_0", "deg_2"], "36": ["cc_0", "deg_5"], "17": ["cc_0", "deg_4"], "11": ["cc_0", "deg_4"], "22": ["cc_0", "deg_5"], "18": ["cc_0", "deg_4"], "59": ["cc_0", "deg_4"], "2": ["cc_4", "deg_6"], "46": ["cc_0", "deg_2"], "37": ["cc_0", "deg_4"], "38": ["cc_0", "deg_3"], "9": ["cc_0", "deg_3"], "27": ["cc_2", "deg_6"], "58": ["cc_0", "deg_4"], "35": ["cc_11", "deg_3"], "1": ["cc_3", "deg_5"], "16": ["cc_0", "deg_5"], "25": ["cc_0", "deg_5"], "7": ["cc_0", "deg_4"], "39": ["cc_0", "deg_2"], "0": ["cc_11", "deg_3"], "29": ["cc_0", "deg_4"], "63": ["cc_3", "deg_5"], "13": ["cc_0", "deg_2"], "6": ["cc_0", "deg_3"], "30": ["cc_0", "deg_4"], "14": ["cc_0", "deg_4"], "32": ["cc_1", "deg_7"], "45": ["cc_0", "deg_4"], "10": ["cc_0", "deg_3"], "33": ["cc_5", "deg_4"], "23": ["cc_0", "deg_4"], "48": ["cc_0", "deg_2"], "40": ["cc_0", "deg_4"], "8": ["cc_0", "deg_6"], "44": ["cc_2", "deg_6"], "31": ["cc_0", "deg_3"], "26": ["cc_0", "deg_4"], "43": ["cc_5", "deg_4"], "57": ["cc_0", "deg_2"], "20": ["cc_0", "deg_3"], "50": ["cc_0", "deg_4"], "62": ["cc_3", "deg_5"], "60": ["cc_0", "deg_3"], "52": ["cc_0", "deg_3"], "15": ["cc_0", "deg_4"], "49": ["cc_0", "deg_3"]}, "edges": [[0, 2], [0, 4], [0, 21], [1, 17], [1, 2], [1, 3], [1, 53], [1, 6], [2, 4], [2, 37], [2, 40], [2, 53], [3, 50], [3, 18], [3, 15], [4, 33], [4, 32], [4, 46], [5, 38], [5, 23], [5, 10], [5, 7], [6, 52], [6, 31], [7, 36], [7, 40], [7, 27], [8, 48], [8, 49], [8, 56], [8, 10], [8, 42], [8, 47], [9, 56], [9, 36], [9, 15], [10, 60], [11, 50], [11, 22], [11, 59], [11, 14], [12, 17], [12, 51], [12, 45], [13, 41], [13, 29], [14, 51], [14, 20], [14, 45], [15, 16], [15, 23], [16, 48], [16, 17], [16, 18], [16, 41], [17, 19], [18, 25], [18, 20], [19, 43], [19, 53], [19, 49], [19, 55], [19, 42], [19, 27], [20, 22], [21, 22], [21, 54], [21, 62], [22, 56], [22, 29], [23, 37], [23, 24], [24, 52], [24, 26], [24, 27], [24, 31], [25, 39], [25, 27], [25, 34], [25, 62], [26, 44], [26, 50], [26, 28], [27, 53], [27, 58], [28, 45], [28, 30], [29, 36], [29, 30], [30, 32], [30, 49], [31, 44], [32, 33], [32, 54], [32, 57], [32, 42], [32, 44], [33, 51], [33, 47], [34, 38], [34, 44], [35, 44], [35, 43], [35, 36], [36, 53], [37, 51], [37, 63], [38, 40], [39, 43], [40, 41], [41, 42], [43, 44], [45, 53], [46, 51], [47, 53], [50, 51], [52, 56], [55, 56], [55, 63], [57, 59], [58, 59], [58, 60], [58, 63], [59, 61], [60, 62], [61, 62], [61, 63], [62, 63]]}