{"label": 1, "features": {"53": ["cc_3", "deg_8"], "47": ["cc_3", "deg_5"], "68": ["cc_0", "deg_3"], "21": ["cc_4", "deg_6"], "34": ["cc_0", "deg_5"], "67": ["cc_3", "deg_8"], "41": ["cc_4", "deg_6"], "4": ["cc_2", "deg_6"], "42": ["cc_0", "deg_4"], "12": ["cc_5", "deg_4"], "28": ["cc_4", "deg_7"], "66": ["cc_2", "deg_9"], "5": ["cc_3", "deg_7"], "65": ["cc_5", "deg_4"], "61": ["cc_2", "deg_9"], "3": ["cc_0", "deg_5"], "64": ["cc_0", "deg_6"], "51": ["cc_3", "deg_5"], "24": ["cc_4", "deg_6"], "56": ["cc_5", "deg_4"], "55": ["cc_0", "deg_5"], "19": ["cc_0", "deg_5"], "54": ["cc_1", "deg_7"], "36": ["cc_4", "deg_6"], "17": ["cc_5", "deg_4"], "11": ["cc_3", "deg_10"], "22": ["cc_4", "deg_6"], "71": ["cc_0", "deg_6"], "18": ["cc_1", "deg_7"], "59": ["cc_11", "deg_4"], "2": ["cc_4", "deg_7"], "46": ["cc_11", "deg_4"], "37": ["cc_2", "deg_6"], "38": ["cc_4", "deg_6"], "73": ["cc_3", "deg_5"], "78": ["cc_0", "deg_4"], "9": ["cc_6", "deg_6"], "27": ["cc_3", "deg_5"], "58": ["cc_3", "deg_7"], "35": ["cc_4", "deg_6"], "1": ["cc_3", "deg_5"], "16": ["cc_0", "deg_5"], "25": ["cc_3", "deg_5"], "7": ["cc_7", "deg_8"], "39": ["cc_11", "deg_3"], "0": ["cc_2", "deg_6"], "29": ["cc_2", "deg_6"], "63": ["cc_2", "deg_8"], "13": ["cc_0", "deg_3"], "6": ["cc_4", "deg_7"], "30": ["cc_4", "deg_8"], "14": ["cc_2", "deg_6"], "32": ["cc_2", "deg_9"], "45": ["cc_0", "deg_4"], "10": ["cc_6", "deg_5"], "33": ["cc_2", "deg_10"], "23": ["cc_3", "deg_5"], "69": ["cc_4", "deg_6"], "76": ["cc_2", "deg_6"], "48": ["cc_4", "deg_9"], "79": ["cc_1", "deg_7"], "77": ["cc_0", "deg_4"], "40": ["cc_4", "deg_6"], "72": ["cc_3", "deg_7"], "8": ["cc_7", "deg_8"], "44": ["cc_1", "deg_10"], "31": ["cc_3", "deg_9"], "75": ["cc_0", "deg_5"], "26": ["cc_0", "deg_6"], "43": ["cc_3", "deg_5"], "57": ["cc_2", "deg_6"], "20": ["cc_4", "deg_6"], "50": ["cc_4", "deg_6"], "62": ["cc_8", "deg_6"], "60": ["cc_11", "deg_3"], "52": ["cc_0", "deg_5"], "15": ["cc_4", "deg_6"], "74": ["cc_5", "deg_4"], "70": ["cc_0", "deg_6"], "49": ["cc_3", "deg_8"]}, "edges": [[0, 33], [0, 2], [0, 3], [0, 1], [0, 18], [0, 63], [1, 2], [1, 4], [1, 45], [1, 78], [2, 67], [2, 15], [2, 31], [2, 44], [2, 79], [3, 4], [3, 54], [3, 8], [3, 30], [4, 5], [4, 25], [4, 33], [4, 37], [5, 70], [5, 54], [5, 7], [5, 8], [5, 76], [5, 31], [6, 35], [6, 14], [6, 7], [6, 8], [6, 49], [6, 12], [6, 46], [7, 72], [7, 8], [7, 9], [7, 10], [7, 11], [7, 45], [8, 9], [8, 71], [8, 11], [8, 31], [9, 52], [9, 21], [9, 11], [9, 79], [10, 18], [10, 58], [10, 11], [10, 47], [11, 33], [11, 36], [11, 70], [11, 74], [11, 53], [11, 23], [12, 71], [12, 14], [12, 63], [13, 16], [13, 35], [13, 14], [14, 51], [14, 22], [14, 33], [15, 18], [15, 67], [15, 20], [15, 21], [15, 22], [16, 66], [16, 19], [16, 71], [16, 43], [17, 18], [17, 19], [17, 52], [17, 30], [18, 75], [18, 53], [18, 30], [19, 42], [19, 63], [19, 31], [20, 36], [20, 22], [20, 23], [20, 75], [20, 65], [21, 24], [21, 44], [21, 28], [21, 62], [22, 54], [22, 23], [22, 24], [23, 72], [23, 25], [24, 57], [24, 26], [24, 62], [24, 63], [25, 37], [25, 27], [25, 28], [26, 43], [26, 38], [26, 27], [26, 28], [26, 47], [27, 66], [27, 30], [27, 61], [28, 65], [28, 66], [28, 44], [28, 30], [29, 33], [29, 66], [29, 35], [29, 55], [29, 45], [29, 31], [30, 32], [30, 66], [30, 31], [31, 32], [31, 33], [31, 58], [32, 64], [32, 33], [32, 34], [32, 56], [32, 74], [32, 59], [32, 61], [33, 36], [33, 77], [33, 54], [34, 70], [34, 41], [34, 76], [34, 62], [35, 36], [35, 38], [35, 40], [36, 37], [36, 38], [37, 40], [37, 76], [37, 66], [38, 64], [38, 40], [38, 41], [39, 40], [39, 59], [39, 46], [40, 59], [40, 44], [41, 69], [41, 72], [41, 43], [41, 44], [42, 48], [42, 52], [42, 44], [43, 44], [43, 45], [44, 64], [44, 47], [44, 57], [46, 48], [46, 49], [47, 48], [47, 58], [48, 49], [48, 50], [48, 51], [48, 53], [48, 54], [48, 79], [49, 64], [49, 50], [49, 72], [49, 75], [49, 61], [50, 52], [50, 53], [50, 65], [50, 58], [51, 53], [51, 58], [51, 69], [52, 55], [53, 54], [53, 55], [53, 56], [54, 78], [55, 71], [55, 57], [56, 57], [56, 58], [57, 73], [57, 58], [59, 61], [60, 67], [60, 61], [60, 62], [61, 79], [61, 78], [61, 62], [61, 63], [62, 63], [63, 64], [63, 69], [64, 66], [65, 66], [66, 67], [67, 69], [67, 70], [67, 72], [67, 79], [68, 69], [68, 70], [68, 71], [69, 72], [70, 73], [71, 72], [73, 74], [73, 75], [73, 76], [74, 76], [75, 77], [76, 79], [77, 78], [77, 79]]}