{"label": 1, "features": {"53": ["cc_11", "deg_3"], "47": ["cc_33", "deg_3"], "21": ["cc_0", "deg_3"], "34": ["cc_5", "deg_4"], "41": ["cc_6", "deg_5"], "4": ["cc_0", "deg_4"], "42": ["cc_22", "deg_3"], "12": ["cc_0", "deg_4"], "28": ["cc_16", "deg_4"], "5": ["cc_0", "deg_4"], "61": ["cc_4", "deg_6"], "3": ["cc_0", "deg_4"], "64": ["cc_0", "deg_5"], "51": ["cc_0", "deg_3"], "24": ["cc_5", "deg_4"], "56": ["cc_11", "deg_4"], "55": ["cc_2", "deg_8"], "19": ["cc_0", "deg_2"], "54": ["cc_5", "deg_4"], "36": ["cc_0", "deg_4"], "17": ["cc_0", "deg_3"], "11": ["cc_6", "deg_5"], "22": ["cc_0", "deg_5"], "18": ["cc_0", "deg_4"], "59": ["cc_11", "deg_3"], "2": ["cc_0", "deg_3"], "46": ["cc_10", "deg_5"], "37": ["cc_11", "deg_3"], "38": ["cc_6", "deg_5"], "9": ["cc_11", "deg_3"], "27": ["cc_22", "deg_3"], "58": ["cc_5", "deg_4"], "35": ["cc_0", "deg_2"], "1": ["cc_0", "deg_2"], "16": ["cc_0", "deg_3"], "25": ["cc_5", "deg_4"], "7": ["cc_11", "deg_3"], "39": ["cc_3", "deg_5"], "0": ["cc_0", "deg_4"], "29": ["cc_10", "deg_5"], "63": ["cc_0", "deg_2"], "13": ["cc_33", "deg_2"], "6": ["cc_0", "deg_4"], "30": ["cc_6", "deg_5"], "14": ["cc_2", "deg_6"], "32": ["cc_0", "deg_3"], "45": ["cc_2", "deg_6"], "10": ["cc_0", "deg_5"], "33": ["cc_0", "deg_5"], "23": ["cc_5", "deg_4"], "48": ["cc_10", "deg_5"], "40": ["cc_0", "deg_3"], "8": ["cc_0", "deg_4"], "44": ["cc_11", "deg_4"], "31": ["cc_5", "deg_4"], "26": ["cc_3", "deg_5"], "43": ["cc_16", "deg_4"], "57": ["cc_11", "deg_4"], "20": ["cc_0", "deg_5"], "50": ["cc_0", "deg_4"], "62": ["cc_0", "deg_3"], "60": ["cc_4", "deg_6"], "52": ["cc_0", "deg_3"], "15": ["cc_5", "deg_4"], "49": ["cc_10", "deg_5"]}, "edges": [[0, 25], [0, 2], [0, 61], [0, 63], [1, 33], [1, 6], [2, 4], [2, 38], [3, 32], [3, 22], [3, 45], [3, 14], [4, 56], [4, 5], [4, 6], [5, 12], [5, 39], [5, 49], [6, 55], [6, 60], [7, 8], [7, 9], [7, 11], [8, 16], [8, 22], [8, 60], [9, 10], [9, 11], [10, 33], [10, 55], [10, 59], [10, 31], [11, 40], [11, 57], [11, 56], [12, 64], [12, 45], [12, 14], [13, 14], [13, 15], [14, 61], [14, 20], [14, 15], [15, 16], [15, 17], [16, 18], [17, 18], [17, 39], [18, 20], [18, 46], [19, 20], [19, 21], [20, 58], [20, 22], [21, 45], [21, 22], [22, 23], [23, 24], [23, 25], [23, 64], [24, 25], [24, 26], [24, 57], [25, 48], [26, 49], [26, 27], [26, 28], [26, 31], [27, 28], [27, 29], [28, 29], [28, 30], [29, 62], [29, 30], [29, 31], [30, 32], [30, 52], [30, 31], [32, 33], [33, 34], [33, 60], [34, 36], [34, 37], [34, 38], [35, 36], [35, 37], [36, 55], [36, 39], [37, 38], [38, 39], [38, 41], [39, 41], [40, 41], [40, 54], [41, 42], [41, 43], [42, 43], [42, 44], [43, 44], [43, 45], [44, 45], [44, 46], [45, 50], [46, 48], [46, 49], [46, 47], [47, 48], [47, 49], [48, 49], [48, 50], [50, 51], [50, 55], [51, 52], [51, 53], [52, 54], [53, 54], [53, 55], [54, 55], [55, 56], [55, 57], [56, 57], [58, 64], [58, 60], [58, 61], [59, 60], [59, 61], [60, 61], [61, 62], [62, 64], [63, 64]]}