{"label": 0, "edges": [[0, 23], [1, 8], [1, 3], [2, 17], [2, 27], [3, 16], [4, 24], [4, 5], [5, 6], [6, 7], [7, 8], [8, 19], [9, 10], [9, 26], [10, 11], [11, 12], [12, 13], [13, 14], [14, 15], [15, 16], [18, 19], [19, 28], [19, 27], [19, 20], [20, 21], [21, 22], [21, 23], [22, 23], [25, 28]], "features": {"27": ["cc_0", "deg_2"], "22": ["cc_33", "deg_2"], "15": ["cc_0", "deg_2"], "4": ["cc_0", "deg_2"], "0": ["cc_0", "deg_1"], "2": ["cc_0", "deg_2"], "6": ["cc_0", "deg_2"], "18": ["cc_0", "deg_1"], "5": ["cc_0", "deg_2"], "10": ["cc_0", "deg_2"], "14": ["cc_0", "deg_2"], "1": ["cc_0", "deg_2"], "8": ["cc_0", "deg_3"], "20": ["cc_0", "deg_2"], "26": ["cc_0", "deg_1"], "3": ["cc_0", "deg_2"], "11": ["cc_0", "deg_2"], "28": ["cc_0", "deg_2"], "23": ["cc_11", "deg_3"], "19": ["cc_0", "deg_5"], "13": ["cc_0", "deg_2"], "16": ["cc_0", "deg_2"], "7": ["cc_0", "deg_2"], "17": ["cc_0", "deg_1"], "12": ["cc_0", "deg_2"], "25": ["cc_0", "deg_1"], "24": ["cc_0", "deg_1"], "9": ["cc_0", "deg_2"], "21": ["cc_11", "deg_3"]}}