{"label": 0, "features": {"21": ["cc_20", "deg_6"], "34": ["cc_20", "deg_6"], "41": ["cc_20", "deg_6"], "4": ["cc_20", "deg_6"], "42": ["cc_20", "deg_6"], "12": ["cc_20", "deg_6"], "28": ["cc_20", "deg_6"], "5": ["cc_20", "deg_6"], "3": ["cc_20", "deg_6"], "24": ["cc_20", "deg_6"], "19": ["cc_20", "deg_6"], "36": ["cc_20", "deg_6"], "17": ["cc_20", "deg_6"], "11": ["cc_20", "deg_6"], "22": ["cc_20", "deg_6"], "18": ["cc_20", "deg_6"], "2": ["cc_20", "deg_6"], "37": ["cc_20", "deg_6"], "38": ["cc_20", "deg_6"], "9": ["cc_20", "deg_6"], "27": ["cc_20", "deg_6"], "35": ["cc_20", "deg_6"], "1": ["cc_20", "deg_6"], "16": ["cc_20", "deg_6"], "25": ["cc_20", "deg_6"], "7": ["cc_20", "deg_6"], "39": ["cc_20", "deg_6"], "0": ["cc_20", "deg_6"], "29": ["cc_20", "deg_6"], "13": ["cc_20", "deg_6"], "6": ["cc_20", "deg_6"], "30": ["cc_20", "deg_6"], "14": ["cc_20", "deg_6"], "32": ["cc_20", "deg_6"], "10": ["cc_20", "deg_6"], "33": ["cc_20", "deg_6"], "23": ["cc_20", "deg_6"], "40": ["cc_20", "deg_6"], "8": ["cc_20", "deg_6"], "31": ["cc_20", "deg_6"], "26": ["cc_20", "deg_6"], "43": ["cc_20", "deg_6"], "20": ["cc_20", "deg_6"], "15": ["cc_20", "deg_6"]}, "edges": [[0, 1], [0, 2], [0, 3], [0, 41], [0, 42], [0, 43], [1, 2], [1, 3], [1, 4], [1, 42], [1, 43], [2, 3], [2, 4], [2, 5], [2, 43], [3, 4], [3, 5], [3, 6], [4, 5], [4, 6], [4, 7], [5, 6], [5, 7], [5, 8], [6, 7], [6, 8], [6, 9], [7, 8], [7, 9], [7, 10], [8, 9], [8, 10], [8, 11], [9, 10], [9, 11], [9, 12], [10, 11], [10, 12], [10, 13], [11, 12], [11, 13], [11, 14], [12, 13], [12, 14], [12, 15], [13, 16], [13, 14], [13, 15], [14, 16], [14, 17], [14, 15], [15, 16], [15, 17], [15, 18], [16, 17], [16, 18], [16, 19], [17, 18], [17, 19], [17, 20], [18, 19], [18, 20], [18, 21], [19, 20], [19, 21], [19, 22], [20, 21], [20, 22], [20, 23], [21, 22], [21, 23], [21, 24], [22, 23], [22, 24], [22, 25], [23, 24], [23, 25], [23, 26], [24, 25], [24, 26], [24, 27], [25, 26], [25, 27], [25, 28], [26, 27], [26, 28], [26, 29], [27, 28], [27, 29], [27, 30], [28, 29], [28, 30], [28, 31], [29, 32], [29, 30], [29, 31], [30, 32], [30, 33], [30, 31], [31, 32], [31, 33], [31, 34], [32, 33], [32, 34], [32, 35], [33, 34], [33, 35], [33, 36], [34, 35], [34, 36], [34, 37], [35, 36], [35, 37], [35, 38], [36, 37], [36, 38], [36, 39], [37, 38], [37, 39], [37, 40], [38, 39], [38, 40], [38, 41], [39, 40], [39, 41], [39, 42], [40, 41], [40, 42], [40, 43], [41, 42], [41, 43], [42, 43]]}