{"label": 0, "edges": [[0, 1], [0, 2], [0, 3], [0, 52], [0, 51], [1, 51], [1, 2], [1, 4], [1, 52], [1, 42], [1, 11], [2, 3], [2, 4], [2, 5], [3, 49], [3, 4], [3, 5], [4, 34], [4, 5], [4, 6], [4, 7], [4, 29], [5, 6], [5, 8], [5, 29], [6, 9], [6, 21], [6, 36], [7, 34], [7, 35], [7, 8], [7, 9], [7, 10], [8, 9], [8, 10], [8, 11], [8, 26], [9, 10], [9, 11], [9, 12], [10, 50], [10, 11], [10, 12], [10, 13], [11, 12], [11, 13], [11, 14], [12, 49], [12, 46], [12, 13], [12, 14], [12, 15], [13, 16], [13, 24], [13, 15], [14, 16], [14, 17], [14, 15], [15, 16], [15, 17], [15, 18], [15, 21], [15, 40], [16, 17], [16, 18], [16, 19], [16, 23], [17, 18], [17, 21], [17, 23], [17, 47], [18, 19], [18, 20], [18, 21], [19, 20], [19, 21], [19, 22], [19, 49], [20, 21], [20, 23], [20, 44], [21, 23], [21, 24], [21, 44], [22, 23], [22, 24], [22, 25], [22, 29], [23, 24], [23, 25], [24, 25], [24, 42], [24, 27], [25, 48], [25, 40], [25, 50], [25, 36], [25, 42], [26, 28], [26, 29], [27, 36], [27, 28], [27, 29], [27, 45], [28, 41], [28, 29], [28, 30], [29, 32], [29, 41], [29, 52], [30, 32], [30, 33], [30, 31], [31, 32], [31, 33], [31, 34], [32, 33], [32, 34], [32, 35], [32, 46], [33, 34], [33, 35], [33, 36], [34, 51], [35, 36], [35, 38], [36, 37], [36, 38], [36, 39], [37, 38], [37, 39], [37, 40], [38, 39], [38, 40], [38, 41], [39, 40], [39, 41], [39, 42], [40, 42], [40, 43], [41, 43], [41, 44], [42, 43], [42, 44], [43, 49], [43, 45], [43, 46], [44, 45], [44, 46], [45, 48], [45, 46], [46, 51], [47, 48], [47, 49], [48, 49], [48, 51], [49, 52], [50, 52], [51, 52]], "features": {"27": ["cc_3", "deg_5"], "35": ["cc_10", "deg_5"], "43": ["cc_4", "deg_6"], "47": ["cc_11", "deg_3"], "32": ["cc_9", "deg_7"], "9": ["cc_15", "deg_6"], "33": ["cc_15", "deg_6"], "48": ["cc_3", "deg_5"], "0": ["cc_16", "deg_5"], "2": ["cc_20", "deg_5"], "18": ["cc_20", "deg_6"], "5": ["cc_11", "deg_6"], "14": ["cc_16", "deg_5"], "38": ["cc_15", "deg_6"], "44": ["cc_4", "deg_6"], "39": ["cc_15", "deg_6"], "3": ["cc_13", "deg_5"], "28": ["cc_10", "deg_5"], "51": ["cc_6", "deg_6"], "23": ["cc_11", "deg_7"], "19": ["cc_8", "deg_6"], "34": ["cc_8", "deg_6"], "11": ["cc_12", "deg_7"], "17": ["cc_14", "deg_7"], "12": ["cc_9", "deg_8"], "25": ["cc_5", "deg_8"], "24": ["cc_7", "deg_7"], "22": ["cc_10", "deg_5"], "15": ["cc_11", "deg_8"], "4": ["cc_8", "deg_8"], "37": ["cc_27", "deg_4"], "45": ["cc_6", "deg_5"], "42": ["cc_6", "deg_7"], "30": ["cc_16", "deg_4"], "31": ["cc_27", "deg_4"], "36": ["cc_5", "deg_8"], "10": ["cc_14", "deg_7"], "49": ["cc_1", "deg_7"], "1": ["cc_7", "deg_7"], "46": ["cc_4", "deg_6"], "26": ["cc_11", "deg_3"], "40": ["cc_9", "deg_7"], "41": ["cc_4", "deg_6"], "20": ["cc_16", "deg_5"], "29": ["cc_3", "deg_9"], "52": ["cc_6", "deg_6"], "13": ["cc_11", "deg_6"], "6": ["cc_3", "deg_5"], "7": ["cc_8", "deg_6"], "50": ["cc_0", "deg_3"], "8": ["cc_11", "deg_6"], "16": ["cc_12", "deg_7"], "21": ["cc_9", "deg_9"]}}