{"label": 0, "features": {"53": ["cc_5", "deg_4"], "47": ["cc_11", "deg_4"], "68": ["cc_5", "deg_4"], "21": ["cc_5", "deg_4"], "34": ["cc_0", "deg_3"], "67": ["cc_0", "deg_3"], "41": ["cc_16", "deg_4"], "4": ["cc_11", "deg_3"], "42": ["cc_11", "deg_4"], "12": ["cc_5", "deg_4"], "28": ["cc_0", "deg_4"], "66": ["cc_0", "deg_4"], "5": ["cc_3", "deg_5"], "65": ["cc_0", "deg_3"], "61": ["cc_3", "deg_5"], "3": ["cc_1", "deg_9"], "64": ["cc_0", "deg_4"], "51": ["cc_33", "deg_2"], "24": ["cc_11", "deg_3"], "56": ["cc_11", "deg_3"], "55": ["cc_0", "deg_3"], "19": ["cc_11", "deg_3"], "54": ["cc_0", "deg_3"], "36": ["cc_11", "deg_4"], "17": ["cc_10", "deg_5"], "11": ["cc_4", "deg_6"], "22": ["cc_6", "deg_5"], "71": ["cc_0", "deg_4"], "18": ["cc_5", "deg_4"], "59": ["cc_5", "deg_4"], "2": ["cc_5", "deg_4"], "46": ["cc_4", "deg_6"], "37": ["cc_16", "deg_4"], "38": ["cc_6", "deg_6"], "73": ["cc_0", "deg_4"], "78": ["cc_10", "deg_5"], "9": ["cc_6", "deg_5"], "27": ["cc_5", "deg_4"], "58": ["cc_11", "deg_4"], "35": ["cc_3", "deg_5"], "1": ["cc_11", "deg_3"], "16": ["cc_10", "deg_5"], "80": ["cc_3", "deg_5"], "25": ["cc_22", "deg_3"], "7": ["cc_6", "deg_5"], "39": ["cc_16", "deg_4"], "0": ["cc_0", "deg_4"], "82": ["cc_0", "deg_5"], "83": ["cc_0", "deg_3"], "29": ["cc_0", "deg_3"], "63": ["cc_0", "deg_2"], "13": ["cc_5", "deg_4"], "6": ["cc_33", "deg_2"], "30": ["cc_0", "deg_3"], "14": ["cc_0", "deg_3"], "32": ["cc_0", "deg_4"], "45": ["cc_11", "deg_3"], "10": ["cc_11", "deg_3"], "33": ["cc_0", "deg_3"], "23": ["cc_0", "deg_4"], "69": ["cc_11", "deg_3"], "76": ["cc_10", "deg_5"], "48": ["cc_11", "deg_4"], "79": ["cc_4", "deg_6"], "77": ["cc_16", "deg_4"], "40": ["cc_16", "deg_4"], "81": ["cc_0", "deg_4"], "72": ["cc_3", "deg_5"], "8": ["cc_11", "deg_4"], "44": ["cc_11", "deg_3"], "31": ["cc_0", "deg_2"], "75": ["cc_11", "deg_4"], "26": ["cc_11", "deg_4"], "43": ["cc_3", "deg_5"], "57": ["cc_11", "deg_4"], "20": ["cc_3", "deg_5"], "50": ["cc_0", "deg_3"], "62": ["cc_5", "deg_4"], "60": ["cc_5", "deg_4"], "52": ["cc_5", "deg_4"], "15": ["cc_11", "deg_3"], "74": ["cc_5", "deg_4"], "70": ["cc_6", "deg_5"], "49": ["cc_3", "deg_5"]}, "edges": [[0, 2], [0, 83], [0, 82], [0, 5], [1, 72], [1, 2], [1, 3], [2, 3], [2, 11], [3, 4], [3, 5], [3, 33], [3, 27], [3, 12], [3, 34], [3, 62], [4, 5], [4, 23], [5, 66], [5, 79], [6, 8], [6, 7], [7, 49], [7, 8], [7, 9], [7, 30], [8, 9], [8, 66], [9, 10], [9, 11], [9, 14], [10, 11], [10, 49], [11, 12], [11, 13], [11, 45], [12, 43], [12, 13], [13, 14], [13, 15], [14, 16], [15, 16], [15, 17], [16, 17], [16, 18], [16, 19], [17, 18], [17, 19], [17, 50], [18, 34], [18, 20], [19, 20], [20, 21], [20, 22], [20, 31], [21, 32], [21, 22], [21, 78], [22, 72], [22, 70], [22, 23], [23, 24], [23, 81], [24, 25], [24, 26], [25, 26], [25, 27], [26, 27], [26, 43], [27, 28], [28, 80], [28, 83], [28, 29], [29, 38], [29, 30], [30, 32], [31, 32], [32, 33], [33, 35], [34, 35], [35, 36], [35, 37], [35, 73], [36, 43], [36, 37], [36, 38], [37, 38], [37, 39], [38, 55], [38, 40], [38, 39], [39, 40], [39, 41], [40, 41], [40, 42], [41, 42], [41, 43], [42, 43], [42, 44], [44, 45], [44, 46], [45, 46], [46, 48], [46, 64], [46, 53], [46, 47], [47, 48], [47, 49], [47, 65], [48, 49], [48, 50], [49, 71], [50, 52], [51, 52], [51, 53], [52, 53], [52, 54], [53, 55], [54, 56], [54, 70], [55, 57], [56, 57], [56, 58], [57, 58], [57, 59], [58, 59], [58, 60], [59, 61], [59, 79], [60, 80], [60, 61], [60, 62], [61, 82], [61, 73], [61, 62], [62, 64], [63, 64], [63, 65], [64, 82], [65, 67], [66, 68], [66, 76], [67, 75], [67, 68], [68, 69], [68, 70], [69, 70], [69, 71], [70, 72], [71, 72], [71, 73], [72, 74], [73, 74], [74, 75], [74, 76], [75, 76], [75, 77], [76, 77], [76, 78], [77, 78], [77, 79], [78, 80], [78, 79], [79, 80], [79, 81], [80, 82], [81, 82], [81, 83]]}