{"label": 2, "edges": [[0, 50], [0, 35], [1, 49], [1, 38], [2, 73], [2, 59], [2, 20], [2, 15], [3, 24], [4, 72], [4, 70], [5, 40], [6, 16], [6, 45], [7, 74], [7, 75], [7, 22], [8, 62], [9, 70], [9, 62], [10, 11], [11, 73], [12, 57], [12, 61], [13, 80], [13, 36], [14, 15], [17, 74], [18, 24], [18, 77], [19, 57], [19, 20], [20, 78], [21, 22], [22, 23], [23, 33], [23, 66], [23, 62], [24, 69], [25, 78], [26, 64], [26, 27], [26, 39], [27, 43], [27, 52], [28, 46], [29, 51], [30, 73], [31, 65], [32, 33], [34, 35], [35, 77], [37, 45], [37, 38], [38, 40], [40, 65], [40, 50], [41, 68], [42, 61], [44, 67], [44, 45], [46, 47], [47, 78], [48, 49], [49, 50], [49, 68], [49, 58], [50, 53], [51, 62], [52, 76], [54, 55], [55, 56], [56, 71], [59, 80], [59, 60], [60, 63], [62, 64], [69, 80], [71, 72], [76, 77], [79, 80]], "features": {"27": ["cc_0", "deg_3"], "35": ["cc_0", "deg_3"], "43": ["cc_0", "deg_1"], "47": ["cc_0", "deg_2"], "32": ["cc_0", "deg_1"], "56": ["cc_0", "deg_2"], "77": ["cc_0", "deg_3"], "9": ["cc_0", "deg_2"], "33": ["cc_0", "deg_2"], "48": ["cc_0", "deg_1"], "55": ["cc_0", "deg_2"], "0": ["cc_0", "deg_2"], "2": ["cc_0", "deg_4"], "18": ["cc_0", "deg_2"], "5": ["cc_0", "deg_1"], "76": ["cc_0", "deg_2"], "14": ["cc_0", "deg_1"], "38": ["cc_0", "deg_3"], "73": ["cc_0", "deg_3"], "44": ["cc_0", "deg_2"], "39": ["cc_0", "deg_1"], "3": ["cc_0", "deg_1"], "68": ["cc_0", "deg_2"], "28": ["cc_0", "deg_1"], "51": ["cc_0", "deg_2"], "23": ["cc_0", "deg_4"], "19": ["cc_0", "deg_2"], "61": ["cc_0", "deg_2"], "34": ["cc_0", "deg_1"], "75": ["cc_0", "deg_1"], "11": ["cc_0", "deg_2"], "72": ["cc_0", "deg_2"], "17": ["cc_0", "deg_1"], "12": ["cc_0", "deg_2"], "25": ["cc_0", "deg_1"], "24": ["cc_0", "deg_3"], "62": ["cc_0", "deg_5"], "59": ["cc_0", "deg_3"], "69": ["cc_0", "deg_2"], "22": ["cc_0", "deg_3"], "60": ["cc_0", "deg_2"], "70": ["cc_0", "deg_2"], "65": ["cc_0", "deg_2"], "71": ["cc_0", "deg_2"], "15": ["cc_0", "deg_2"], "4": ["cc_0", "deg_2"], "78": ["cc_0", "deg_3"], "80": ["cc_0", "deg_4"], "37": ["cc_0", "deg_2"], "45": ["cc_0", "deg_3"], "42": ["cc_0", "deg_1"], "30": ["cc_0", "deg_1"], "31": ["cc_0", "deg_1"], "66": ["cc_0", "deg_1"], "36": ["cc_0", "deg_1"], "67": ["cc_0", "deg_1"], "57": ["cc_0", "deg_2"], "53": ["cc_0", "deg_1"], "10": ["cc_0", "deg_1"], "49": ["cc_0", "deg_5"], "1": ["cc_0", "deg_2"], "46": ["cc_0", "deg_2"], "79": ["cc_0", "deg_1"], "26": ["cc_0", "deg_3"], "40": ["cc_0", "deg_4"], "41": ["cc_0", "deg_1"], "20": ["cc_0", "deg_3"], "29": ["cc_0", "deg_1"], "52": ["cc_0", "deg_2"], "58": ["cc_0", "deg_1"], "63": ["cc_0", "deg_1"], "64": ["cc_0", "deg_2"], "74": ["cc_0", "deg_2"], "13": ["cc_0", "deg_2"], "6": ["cc_0", "deg_2"], "7": ["cc_0", "deg_3"], "50": ["cc_0", "deg_4"], "8": ["cc_0", "deg_1"], "16": ["cc_0", "deg_1"], "54": ["cc_0", "deg_1"], "21": ["cc_0", "deg_1"]}}