{"label": 1, "edges": [[0, 1], [0, 3], [0, 24], [0, 41], [0, 42], [0, 29], [1, 2], [1, 3], [1, 4], [1, 42], [2, 4], [2, 5], [2, 33], [2, 23], [2, 39], [2, 43], [3, 18], [3, 4], [3, 5], [3, 6], [4, 5], [4, 6], [4, 12], [4, 21], [5, 37], [5, 24], [5, 14], [6, 35], [6, 25], [6, 36], [7, 24], [7, 8], [7, 9], [7, 10], [7, 14], [8, 36], [8, 9], [8, 41], [9, 24], [9, 11], [9, 12], [10, 42], [10, 11], [10, 12], [11, 40], [11, 12], [11, 13], [11, 14], [12, 16], [12, 40], [12, 14], [13, 33], [13, 27], [13, 36], [13, 39], [13, 25], [13, 42], [13, 15], [14, 16], [14, 43], [14, 15], [15, 16], [15, 17], [15, 18], [15, 25], [16, 17], [16, 18], [17, 18], [17, 20], [17, 23], [17, 28], [18, 19], [18, 20], [19, 21], [19, 40], [19, 42], [20, 21], [20, 22], [20, 23], [21, 24], [21, 25], [21, 27], [21, 28], [22, 41], [22, 24], [22, 25], [23, 24], [23, 26], [24, 26], [24, 27], [25, 27], [26, 33], [26, 40], [26, 42], [26, 27], [26, 28], [27, 29], [27, 30], [28, 36], [28, 29], [29, 32], [29, 30], [30, 32], [30, 33], [30, 31], [31, 32], [31, 33], [31, 34], [31, 39], [32, 33], [32, 34], [32, 35], [33, 35], [33, 36], [33, 43], [34, 35], [34, 36], [34, 37], [35, 36], [35, 37], [35, 38], [36, 39], [37, 38], [37, 39], [37, 40], [38, 39], [38, 40], [38, 41], [40, 42], [41, 42], [41, 43], [42, 43]], "features": {"27": ["cc_7", "deg_7"], "35": ["cc_11", "deg_7"], "43": ["cc_6", "deg_5"], "32": ["cc_15", "deg_6"], "9": ["cc_10", "deg_5"], "33": ["cc_6", "deg_9"], "0": ["cc_6", "deg_6"], "2": ["cc_4", "deg_7"], "18": ["cc_8", "deg_6"], "5": ["cc_4", "deg_6"], "14": ["cc_4", "deg_7"], "38": ["cc_10", "deg_5"], "39": ["cc_4", "deg_6"], "3": ["cc_8", "deg_6"], "28": ["cc_0", "deg_5"], "23": ["cc_6", "deg_5"], "19": ["cc_5", "deg_4"], "34": ["cc_13", "deg_5"], "11": ["cc_8", "deg_6"], "17": ["cc_11", "deg_6"], "12": ["cc_7", "deg_7"], "25": ["cc_6", "deg_6"], "24": ["cc_3", "deg_9"], "22": ["cc_0", "deg_4"], "15": ["cc_11", "deg_6"], "4": ["cc_7", "deg_7"], "37": ["cc_8", "deg_6"], "42": ["cc_4", "deg_9"], "30": ["cc_16", "deg_5"], "31": ["cc_13", "deg_5"], "36": ["cc_5", "deg_8"], "10": ["cc_5", "deg_4"], "1": ["cc_13", "deg_5"], "26": ["cc_4", "deg_7"], "40": ["cc_6", "deg_7"], "41": ["cc_4", "deg_6"], "20": ["cc_6", "deg_5"], "29": ["cc_6", "deg_5"], "13": ["cc_4", "deg_8"], "6": ["cc_6", "deg_5"], "7": ["cc_6", "deg_5"], "8": ["cc_5", "deg_4"], "16": ["cc_16", "deg_5"], "21": ["cc_3", "deg_7"]}}