{"label": 1, "features": {"21": ["cc_1", "deg_7"], "34": ["cc_6", "deg_7"], "41": ["cc_6", "deg_6"], "4": ["cc_4", "deg_7"], "42": ["cc_4", "deg_6"], "12": ["cc_6", "deg_6"], "28": ["cc_3", "deg_5"], "5": ["cc_0", "deg_4"], "3": ["cc_6", "deg_6"], "24": ["cc_10", "deg_5"], "19": ["cc_3", "deg_5"], "36": ["cc_8", "deg_6"], "17": ["cc_10", "deg_5"], "11": ["cc_3", "deg_7"], "22": ["cc_6", "deg_6"], "18": ["cc_6", "deg_7"], "2": ["cc_2", "deg_6"], "37": ["cc_1", "deg_7"], "38": ["cc_4", "deg_6"], "9": ["cc_4", "deg_8"], "27": ["cc_0", "deg_6"], "35": ["cc_4", "deg_7"], "1": ["cc_4", "deg_6"], "16": ["cc_4", "deg_7"], "25": ["cc_8", "deg_6"], "7": ["cc_0", "deg_5"], "39": ["cc_5", "deg_8"], "0": ["cc_1", "deg_7"], "29": ["cc_33", "deg_3"], "13": ["cc_8", "deg_6"], "6": ["cc_0", "deg_5"], "30": ["cc_10", "deg_5"], "14": ["cc_4", "deg_7"], "32": ["cc_11", "deg_6"], "10": ["cc_0", "deg_6"], "33": ["cc_6", "deg_5"], "23": ["cc_8", "deg_6"], "40": ["cc_8", "deg_6"], "8": ["cc_5", "deg_4"], "44": ["cc_0", "deg_6"], "31": ["cc_11", "deg_7"], "26": ["cc_3", "deg_5"], "43": ["cc_3", "deg_7"], "20": ["cc_3", "deg_7"], "15": ["cc_3", "deg_5"]}, "edges": [[0, 27], [0, 1], [0, 3], [0, 33], [0, 25], [0, 42], [0, 26], [1, 2], [1, 3], [1, 40], [1, 43], [1, 44], [2, 4], [2, 5], [2, 38], [2, 9], [2, 21], [3, 4], [3, 39], [3, 40], [3, 14], [4, 32], [4, 37], [4, 9], [4, 10], [4, 31], [5, 40], [5, 10], [5, 28], [6, 16], [6, 35], [6, 25], [6, 7], [6, 37], [7, 21], [7, 23], [7, 8], [7, 44], [8, 16], [8, 9], [8, 11], [9, 33], [9, 11], [9, 15], [9, 27], [9, 31], [10, 19], [10, 44], [10, 27], [10, 12], [11, 24], [11, 36], [11, 21], [11, 12], [11, 13], [12, 39], [12, 28], [12, 13], [12, 14], [13, 20], [13, 28], [13, 14], [13, 15], [14, 16], [14, 18], [14, 26], [14, 15], [15, 17], [15, 22], [16, 17], [16, 18], [16, 19], [16, 33], [17, 18], [17, 19], [17, 20], [18, 20], [18, 21], [18, 30], [18, 37], [19, 21], [19, 22], [20, 27], [20, 21], [20, 22], [20, 38], [21, 26], [22, 23], [22, 24], [22, 25], [23, 34], [23, 24], [23, 25], [23, 43], [24, 25], [24, 27], [25, 34], [26, 34], [26, 35], [27, 28], [28, 43], [29, 32], [29, 30], [29, 31], [30, 32], [30, 39], [30, 31], [31, 32], [31, 33], [31, 34], [32, 33], [32, 35], [34, 35], [34, 36], [34, 41], [35, 36], [35, 38], [35, 43], [36, 37], [36, 41], [36, 43], [37, 38], [37, 39], [37, 44], [38, 39], [38, 42], [39, 40], [39, 41], [39, 42], [40, 41], [40, 42], [41, 43], [41, 44], [42, 43], [42, 44]]}