{"label": 0, "edges": [[0, 1], [0, 66], [0, 3], [0, 84], [0, 23], [0, 68], [0, 83], [0, 29], [1, 3], [1, 4], [1, 85], [1, 10], [2, 3], [2, 4], [2, 41], [2, 85], [3, 4], [3, 5], [3, 73], [3, 13], [3, 78], [4, 54], [4, 66], [4, 69], [5, 6], [5, 7], [5, 61], [6, 7], [6, 8], [6, 9], [7, 17], [7, 82], [7, 84], [7, 72], [8, 23], [8, 9], [8, 11], [9, 19], [9, 10], [9, 11], [9, 12], [10, 11], [10, 12], [10, 13], [11, 12], [11, 13], [11, 14], [12, 17], [12, 18], [12, 13], [12, 15], [13, 16], [13, 28], [13, 14], [13, 15], [14, 17], [14, 75], [14, 15], [15, 16], [15, 17], [15, 18], [15, 50], [16, 17], [16, 18], [16, 19], [16, 76], [16, 62], [17, 33], [17, 82], [17, 24], [17, 28], [18, 35], [18, 19], [18, 20], [19, 20], [19, 21], [20, 21], [20, 22], [20, 23], [20, 76], [20, 62], [21, 22], [21, 23], [21, 78], [21, 79], [22, 65], [22, 39], [22, 24], [22, 84], [23, 83], [23, 70], [23, 57], [23, 26], [23, 58], [24, 26], [24, 27], [25, 26], [25, 27], [25, 28], [26, 56], [26, 36], [26, 41], [26, 27], [26, 29], [27, 28], [27, 30], [27, 47], [28, 67], [29, 32], [29, 30], [30, 32], [30, 85], [30, 55], [30, 31], [31, 32], [31, 33], [31, 34], [32, 34], [32, 35], [32, 85], [33, 35], [33, 36], [33, 68], [34, 53], [34, 35], [34, 36], [34, 37], [34, 77], [35, 67], [35, 36], [35, 38], [35, 58], [36, 38], [36, 74], [36, 79], [37, 84], [37, 39], [37, 40], [38, 39], [38, 40], [38, 41], [39, 67], [39, 40], [39, 42], [40, 41], [40, 42], [40, 43], [41, 42], [41, 43], [42, 43], [42, 44], [42, 60], [43, 44], [43, 45], [43, 46], [44, 45], [44, 46], [44, 47], [45, 48], [45, 46], [45, 47], [46, 48], [46, 49], [46, 47], [47, 49], [47, 50], [47, 72], [48, 64], [48, 49], [48, 50], [48, 51], [49, 50], [49, 51], [49, 52], [50, 51], [50, 52], [51, 52], [51, 53], [51, 54], [52, 53], [52, 54], [52, 55], [53, 56], [53, 62], [53, 79], [54, 65], [54, 69], [54, 55], [54, 57], [54, 77], [55, 56], [55, 58], [56, 82], [56, 57], [57, 58], [57, 59], [57, 60], [58, 59], [58, 60], [59, 60], [59, 61], [59, 62], [60, 61], [60, 62], [60, 63], [61, 64], [61, 67], [61, 62], [61, 63], [62, 65], [63, 64], [63, 65], [63, 66], [64, 66], [64, 67], [65, 66], [65, 67], [65, 68], [66, 67], [66, 68], [67, 70], [68, 69], [68, 74], [69, 70], [69, 71], [70, 72], [70, 73], [71, 72], [71, 73], [71, 74], [71, 85], [72, 73], [72, 74], [72, 75], [73, 74], [73, 76], [74, 75], [74, 76], [74, 77], [75, 76], [75, 77], [75, 78], [76, 77], [77, 80], [78, 81], [79, 80], [79, 81], [80, 81], [80, 82], [80, 83], [81, 82], [81, 83], [81, 84], [82, 83], [82, 84], [82, 85], [83, 84], [84, 85]], "features": {"27": ["cc_6", "deg_6"], "35": ["cc_4", "deg_8"], "43": ["cc_15", "deg_6"], "47": ["cc_7", "deg_7"], "56": ["cc_0", "deg_5"], "23": ["cc_2", "deg_9"], "9": ["cc_11", "deg_6"], "0": ["cc_4", "deg_8"], "6": ["cc_11", "deg_4"], "18": ["cc_8", "deg_6"], "14": ["cc_10", "deg_5"], "38": ["cc_10", "deg_5"], "82": ["cc_9", "deg_8"], "68": ["cc_4", "deg_6"], "51": ["cc_15", "deg_6"], "77": ["cc_6", "deg_6"], "19": ["cc_10", "deg_5"], "34": ["cc_4", "deg_7"], "75": ["cc_8", "deg_6"], "11": ["cc_15", "deg_6"], "17": ["cc_3", "deg_9"], "25": ["cc_22", "deg_3"], "24": ["cc_5", "deg_4"], "70": ["cc_3", "deg_5"], "15": ["cc_12", "deg_7"], "62": ["cc_4", "deg_7"], "40": ["cc_15", "deg_6"], "30": ["cc_6", "deg_6"], "31": ["cc_11", "deg_4"], "66": ["cc_9", "deg_7"], "36": ["cc_4", "deg_7"], "57": ["cc_8", "deg_6"], "10": ["cc_16", "deg_5"], "49": ["cc_17", "deg_6"], "1": ["cc_6", "deg_5"], "46": ["cc_17", "deg_6"], "60": ["cc_11", "deg_7"], "41": ["cc_8", "deg_6"], "29": ["cc_5", "deg_4"], "74": ["cc_9", "deg_8"], "13": ["cc_8", "deg_8"], "2": ["cc_5", "deg_4"], "7": ["cc_6", "deg_6"], "84": ["cc_7", "deg_8"], "79": ["cc_3", "deg_5"], "32": ["cc_11", "deg_6"], "33": ["cc_3", "deg_5"], "55": ["cc_3", "deg_5"], "48": ["cc_11", "deg_6"], "85": ["cc_3", "deg_7"], "5": ["cc_5", "deg_4"], "80": ["cc_13", "deg_5"], "81": ["cc_13", "deg_6"], "44": ["cc_20", "deg_5"], "39": ["cc_6", "deg_6"], "3": ["cc_3", "deg_8"], "28": ["cc_3", "deg_5"], "83": ["cc_15", "deg_6"], "76": ["cc_8", "deg_6"], "72": ["cc_7", "deg_7"], "12": ["cc_12", "deg_7"], "59": ["cc_20", "deg_5"], "69": ["cc_3", "deg_5"], "22": ["cc_2", "deg_6"], "50": ["cc_13", "deg_6"], "71": ["cc_10", "deg_5"], "4": ["cc_6", "deg_6"], "78": ["cc_0", "deg_4"], "45": ["cc_20", "deg_5"], "42": ["cc_11", "deg_6"], "21": ["cc_6", "deg_6"], "8": ["cc_11", "deg_4"], "53": ["cc_2", "deg_6"], "67": ["cc_3", "deg_8"], "37": ["cc_5", "deg_4"], "20": ["cc_6", "deg_7"], "26": ["cc_2", "deg_8"], "52": ["cc_13", "deg_6"], "58": ["cc_8", "deg_6"], "63": ["cc_13", "deg_5"], "64": ["cc_13", "deg_5"], "54": ["cc_3", "deg_8"], "65": ["cc_4", "deg_7"], "61": ["cc_9", "deg_7"], "16": ["cc_6", "deg_7"], "73": ["cc_11", "deg_6"]}}