{"label": 0, "features": {"47": ["cc_8", "deg_6"], "21": ["cc_3", "deg_8"], "34": ["cc_8", "deg_8"], "41": ["cc_7", "deg_7"], "4": ["cc_6", "deg_5"], "42": ["cc_13", "deg_5"], "12": ["cc_7", "deg_7"], "28": ["cc_3", "deg_8"], "5": ["cc_6", "deg_6"], "3": ["cc_5", "deg_8"], "51": ["cc_11", "deg_4"], "24": ["cc_0", "deg_3"], "19": ["cc_13", "deg_5"], "36": ["cc_10", "deg_5"], "17": ["cc_11", "deg_3"], "11": ["cc_13", "deg_6"], "22": ["cc_6", "deg_5"], "18": ["cc_11", "deg_6"], "2": ["cc_11", "deg_4"], "46": ["cc_8", "deg_6"], "37": ["cc_0", "deg_5"], "38": ["cc_6", "deg_7"], "9": ["cc_20", "deg_5"], "27": ["cc_13", "deg_5"], "35": ["cc_5", "deg_8"], "1": ["cc_7", "deg_7"], "16": ["cc_7", "deg_7"], "25": ["cc_4", "deg_6"], "7": ["cc_6", "deg_7"], "39": ["cc_4", "deg_8"], "0": ["cc_5", "deg_8"], "29": ["cc_11", "deg_6"], "13": ["cc_5", "deg_4"], "6": ["cc_13", "deg_5"], "30": ["cc_6", "deg_7"], "14": ["cc_2", "deg_6"], "32": ["cc_17", "deg_6"], "45": ["cc_5", "deg_4"], "10": ["cc_7", "deg_7"], "33": ["cc_9", "deg_7"], "23": ["cc_6", "deg_7"], "48": ["cc_5", "deg_4"], "40": ["cc_7", "deg_7"], "8": ["cc_9", "deg_7"], "44": ["cc_11", "deg_6"], "31": ["cc_8", "deg_6"], "26": ["cc_13", "deg_5"], "43": ["cc_11", "deg_7"], "20": ["cc_13", "deg_6"], "50": ["cc_6", "deg_6"], "15": ["cc_4", "deg_6"], "49": ["cc_6", "deg_5"]}, "edges": [[0, 1], [0, 2], [0, 3], [0, 51], [0, 49], [0, 28], [0, 50], [0, 15], [1, 3], [1, 51], [1, 4], [1, 40], [1, 50], [1, 14], [2, 33], [2, 3], [2, 5], [3, 4], [3, 5], [3, 10], [3, 34], [3, 30], [4, 6], [4, 7], [4, 31], [5, 7], [5, 8], [5, 34], [5, 47], [6, 7], [6, 8], [6, 9], [6, 39], [7, 35], [7, 39], [7, 8], [7, 14], [8, 50], [8, 9], [8, 10], [8, 11], [9, 10], [9, 11], [9, 12], [10, 33], [10, 11], [10, 12], [10, 28], [11, 39], [11, 12], [11, 14], [12, 23], [12, 44], [12, 14], [12, 15], [13, 16], [13, 48], [13, 21], [13, 15], [14, 16], [14, 38], [15, 16], [15, 18], [15, 43], [16, 18], [16, 19], [16, 20], [16, 36], [17, 22], [17, 39], [17, 45], [18, 19], [18, 20], [18, 23], [18, 25], [19, 20], [19, 21], [19, 28], [20, 21], [20, 23], [20, 31], [21, 35], [21, 37], [21, 22], [21, 23], [21, 41], [22, 23], [22, 25], [22, 39], [23, 26], [23, 44], [24, 41], [24, 25], [24, 27], [25, 26], [25, 28], [25, 29], [26, 27], [26, 28], [26, 29], [27, 28], [27, 29], [27, 30], [28, 37], [28, 30], [29, 32], [29, 30], [29, 31], [30, 32], [30, 33], [30, 42], [31, 32], [31, 33], [31, 34], [32, 33], [32, 34], [32, 35], [33, 34], [33, 35], [34, 35], [34, 36], [34, 37], [35, 36], [35, 38], [35, 49], [36, 38], [36, 39], [37, 38], [37, 46], [38, 39], [38, 40], [38, 41], [39, 41], [40, 51], [40, 41], [40, 42], [40, 43], [40, 45], [41, 42], [41, 43], [42, 43], [42, 44], [43, 44], [43, 46], [43, 47], [44, 46], [44, 47], [45, 46], [45, 47], [46, 49], [46, 47], [47, 50], [48, 49], [48, 50], [48, 51], [49, 50]]}