{"label": 1, "features": {"1": ["cc_0", "deg_3"], "16": ["cc_0", "deg_4"], "4": ["cc_11", "deg_4"], "21": ["cc_4", "deg_7"], "7": ["cc_0", "deg_5"], "25": ["cc_0", "deg_3"], "0": ["cc_0", "deg_4"], "12": ["cc_0", "deg_3"], "13": ["cc_0", "deg_3"], "6": ["cc_11", "deg_4"], "5": ["cc_5", "deg_4"], "3": ["cc_2", "deg_6"], "24": ["cc_0", "deg_4"], "23": ["cc_6", "deg_5"], "19": ["cc_16", "deg_4"], "10": ["cc_11", "deg_4"], "17": ["cc_33", "deg_2"], "11": ["cc_5", "deg_4"], "22": ["cc_6", "deg_5"], "18": ["cc_6", "deg_5"], "2": ["cc_0", "deg_4"], "26": ["cc_0", "deg_3"], "20": ["cc_13", "deg_5"], "14": ["cc_0", "deg_3"], "9": ["cc_0", "deg_2"], "8": ["cc_5", "deg_4"], "15": ["cc_0", "deg_4"]}, "edges": [[0, 26], [0, 2], [0, 22], [0, 25], [1, 3], [1, 26], [1, 7], [2, 3], [2, 4], [2, 23], [3, 20], [3, 25], [3, 10], [3, 13], [4, 8], [4, 5], [4, 6], [5, 14], [5, 6], [5, 7], [6, 8], [6, 21], [7, 18], [7, 8], [7, 9], [8, 16], [9, 22], [10, 20], [10, 21], [10, 11], [11, 22], [11, 23], [11, 12], [12, 13], [12, 14], [13, 15], [14, 15], [15, 16], [15, 21], [16, 24], [16, 18], [17, 18], [17, 19], [18, 19], [18, 20], [19, 20], [19, 21], [20, 21], [21, 22], [21, 23], [22, 23], [23, 24], [24, 25], [24, 26]]}