{"label": 1, "edges": [[0, 2], [0, 3], [0, 38], [0, 73], [0, 31], [1, 32], [1, 48], [1, 2], [1, 35], [1, 4], [1, 38], [1, 70], [1, 73], [1, 74], [1, 42], [2, 50], [2, 30], [2, 29], [2, 14], [3, 32], [3, 66], [3, 17], [3, 10], [3, 12], [3, 18], [4, 67], [4, 17], [4, 35], [4, 36], [4, 71], [5, 8], [5, 59], [5, 60], [5, 45], [6, 67], [6, 58], [6, 11], [7, 18], [7, 53], [7, 10], [7, 63], [8, 65], [8, 68], [8, 38], [8, 9], [8, 11], [9, 24], [9, 36], [9, 40], [9, 15], [10, 65], [10, 57], [10, 11], [11, 34], [11, 68], [11, 54], [11, 12], [12, 53], [12, 25], [12, 74], [12, 44], [12, 14], [13, 16], [13, 19], [13, 52], [13, 20], [13, 58], [14, 17], [14, 39], [14, 47], [14, 62], [14, 15], [15, 16], [15, 18], [15, 19], [15, 36], [15, 61], [16, 17], [16, 18], [16, 45], [16, 27], [17, 37], [17, 54], [17, 24], [17, 58], [17, 60], [18, 19], [18, 20], [18, 21], [18, 71], [18, 41], [19, 20], [19, 21], [19, 39], [19, 44], [19, 29], [20, 22], [20, 23], [20, 60], [20, 45], [21, 37], [21, 22], [21, 24], [22, 23], [22, 24], [22, 25], [23, 71], [23, 68], [23, 63], [24, 27], [24, 29], [24, 31], [25, 57], [25, 61], [25, 44], [26, 38], [26, 27], [26, 46], [27, 64], [27, 66], [27, 30], [28, 68], [28, 41], [28, 29], [28, 31], [29, 64], [29, 31], [30, 35], [30, 36], [30, 72], [30, 50], [30, 53], [30, 55], [30, 63], [31, 32], [31, 34], [31, 48], [31, 55], [31, 44], [32, 35], [32, 57], [32, 58], [33, 36], [33, 40], [33, 60], [33, 47], [34, 48], [34, 35], [34, 37], [35, 59], [36, 69], [36, 49], [37, 38], [37, 62], [38, 67], [38, 68], [38, 41], [38, 45], [39, 45], [40, 41], [41, 67], [41, 60], [41, 42], [42, 52], [42, 44], [43, 62], [43, 70], [43, 55], [43, 44], [43, 45], [43, 47], [45, 46], [45, 57], [46, 49], [46, 51], [46, 63], [46, 62], [46, 47], [47, 50], [47, 71], [48, 49], [48, 74], [49, 52], [49, 74], [49, 63], [50, 52], [50, 53], [51, 52], [51, 54], [52, 53], [52, 55], [52, 69], [53, 54], [53, 59], [54, 55], [54, 56], [54, 57], [55, 58], [56, 70], [56, 58], [56, 74], [57, 74], [57, 60], [58, 61], [59, 66], [59, 62], [61, 67], [62, 63], [63, 66], [64, 65], [64, 66], [64, 67], [65, 66], [65, 67], [66, 68], [67, 68], [68, 73], [68, 74], [69, 71], [69, 72], [69, 73], [70, 73], [71, 73], [72, 73], [72, 74]], "features": {"27": ["cc_2", "deg_6"], "35": ["cc_4", "deg_6"], "43": ["cc_0", "deg_6"], "47": ["cc_0", "deg_6"], "32": ["cc_2", "deg_6"], "56": ["cc_0", "deg_4"], "9": ["cc_3", "deg_5"], "33": ["cc_0", "deg_4"], "48": ["cc_10", "deg_5"], "55": ["cc_0", "deg_6"], "0": ["cc_0", "deg_5"], "2": ["cc_2", "deg_6"], "18": ["cc_3", "deg_9"], "5": ["cc_0", "deg_4"], "14": ["cc_0", "deg_7"], "38": ["cc_2", "deg_9"], "73": ["cc_4", "deg_7"], "44": ["cc_2", "deg_6"], "39": ["cc_0", "deg_3"], "3": ["cc_0", "deg_7"], "68": ["cc_2", "deg_9"], "28": ["cc_5", "deg_4"], "51": ["cc_0", "deg_3"], "23": ["cc_3", "deg_5"], "19": ["cc_4", "deg_8"], "61": ["cc_0", "deg_4"], "34": ["cc_3", "deg_5"], "11": ["cc_1", "deg_7"], "72": ["cc_5", "deg_4"], "17": ["cc_0", "deg_9"], "12": ["cc_1", "deg_7"], "25": ["cc_3", "deg_5"], "24": ["cc_3", "deg_7"], "62": ["cc_2", "deg_6"], "59": ["cc_0", "deg_5"], "69": ["cc_6", "deg_5"], "22": ["cc_6", "deg_5"], "60": ["cc_0", "deg_6"], "70": ["cc_5", "deg_4"], "65": ["cc_6", "deg_5"], "71": ["cc_2", "deg_6"], "15": ["cc_4", "deg_7"], "4": ["cc_2", "deg_6"], "37": ["cc_0", "deg_5"], "45": ["cc_0", "deg_8"], "42": ["cc_0", "deg_4"], "30": ["cc_1", "deg_9"], "31": ["cc_2", "deg_9"], "66": ["cc_3", "deg_7"], "36": ["cc_1", "deg_7"], "67": ["cc_3", "deg_8"], "57": ["cc_0", "deg_7"], "53": ["cc_3", "deg_7"], "10": ["cc_0", "deg_5"], "49": ["cc_4", "deg_6"], "1": ["cc_2", "deg_10"], "46": ["cc_3", "deg_7"], "26": ["cc_0", "deg_3"], "40": ["cc_0", "deg_3"], "41": ["cc_1", "deg_7"], "20": ["cc_4", "deg_7"], "29": ["cc_4", "deg_6"], "52": ["cc_1", "deg_8"], "58": ["cc_0", "deg_7"], "63": ["cc_3", "deg_7"], "64": ["cc_10", "deg_5"], "74": ["cc_2", "deg_8"], "13": ["cc_3", "deg_5"], "6": ["cc_0", "deg_3"], "7": ["cc_0", "deg_4"], "50": ["cc_10", "deg_5"], "8": ["cc_4", "deg_6"], "16": ["cc_2", "deg_6"], "54": ["cc_0", "deg_7"], "21": ["cc_6", "deg_5"]}}