{"label": 2, "features": {"1": ["cc_6", "deg_7"], "16": ["cc_3", "deg_5"], "4": ["cc_10", "deg_8"], "21": ["cc_3", "deg_8"], "7": ["cc_0", "deg_6"], "25": ["cc_11", "deg_3"], "0": ["cc_6", "deg_6"], "12": ["cc_6", "deg_6"], "13": ["cc_5", "deg_4"], "6": ["cc_8", "deg_6"], "5": ["cc_8", "deg_8"], "3": ["cc_4", "deg_6"], "24": ["cc_5", "deg_4"], "23": ["cc_10", "deg_5"], "19": ["cc_1", "deg_7"], "10": ["cc_6", "deg_6"], "17": ["cc_16", "deg_4"], "11": ["cc_3", "deg_7"], "22": ["cc_6", "deg_7"], "18": ["cc_5", "deg_8"], "2": ["cc_6", "deg_7"], "26": ["cc_7", "deg_7"], "20": ["cc_5", "deg_4"], "14": ["cc_3", "deg_5"], "9": ["cc_8", "deg_6"], "8": ["cc_8", "deg_6"], "15": ["cc_11", "deg_6"]}, "edges": [[0, 1], [0, 2], [0, 22], [0, 7], [0, 10], [0, 18], [1, 17], [1, 18], [1, 3], [1, 4], [1, 24], [1, 11], [2, 3], [2, 4], [2, 5], [2, 9], [2, 26], [2, 14], [3, 4], [3, 21], [3, 6], [3, 7], [4, 18], [4, 5], [4, 17], [4, 22], [4, 26], [5, 17], [5, 19], [5, 6], [5, 26], [5, 12], [5, 15], [6, 16], [6, 9], [6, 12], [6, 15], [7, 19], [7, 16], [7, 12], [7, 13], [8, 23], [8, 24], [8, 10], [8, 12], [8, 26], [8, 13], [9, 21], [9, 11], [9, 12], [9, 15], [10, 16], [10, 20], [10, 22], [10, 12], [11, 19], [11, 25], [11, 26], [11, 14], [11, 15], [13, 18], [13, 23], [14, 16], [14, 21], [14, 22], [15, 18], [15, 21], [16, 21], [17, 19], [18, 25], [18, 21], [18, 22], [19, 21], [19, 22], [19, 24], [20, 21], [20, 22], [20, 23], [23, 24], [23, 26], [25, 26]]}