{"label": 0, "features": {"68": ["cc_14", "deg_7"], "21": ["cc_17", "deg_6"], "34": ["cc_20", "deg_6"], "94": ["cc_6", "deg_6"], "58": ["cc_17", "deg_6"], "69": ["cc_20", "deg_6"], "42": ["cc_17", "deg_6"], "12": ["cc_13", "deg_6"], "66": ["cc_17", "deg_6"], "5": ["cc_12", "deg_7"], "61": ["cc_13", "deg_6"], "91": ["cc_13", "deg_6"], "51": ["cc_8", "deg_6"], "24": ["cc_20", "deg_5"], "56": ["cc_10", "deg_5"], "55": ["cc_13", "deg_6"], "17": ["cc_13", "deg_5"], "22": ["cc_13", "deg_6"], "74": ["cc_15", "deg_6"], "59": ["cc_13", "deg_6"], "46": ["cc_16", "deg_5"], "37": ["cc_17", "deg_6"], "38": ["cc_13", "deg_6"], "81": ["cc_17", "deg_6"], "95": ["cc_15", "deg_6"], "90": ["cc_13", "deg_6"], "35": ["cc_14", "deg_7"], "47": ["cc_6", "deg_6"], "16": ["cc_12", "deg_7"], "65": ["cc_27", "deg_4"], "23": ["cc_17", "deg_6"], "7": ["cc_15", "deg_6"], "82": ["cc_16", "deg_5"], "29": ["cc_15", "deg_6"], "93": ["cc_15", "deg_6"], "13": ["cc_16", "deg_5"], "6": ["cc_13", "deg_6"], "30": ["cc_20", "deg_6"], "14": ["cc_13", "deg_6"], "40": ["cc_7", "deg_8"], "33": ["cc_14", "deg_7"], "73": ["cc_11", "deg_4"], "76": ["cc_12", "deg_7"], "8": ["cc_20", "deg_5"], "44": ["cc_6", "deg_7"], "26": ["cc_15", "deg_6"], "43": ["cc_13", "deg_6"], "57": ["cc_13", "deg_5"], "20": ["cc_23", "deg_5"], "89": ["cc_15", "deg_6"], "97": ["cc_20", "deg_5"], "80": ["cc_11", "deg_7"], "70": ["cc_11", "deg_7"], "84": ["cc_14", "deg_7"], "53": ["cc_13", "deg_6"], "1": ["cc_20", "deg_5"], "54": ["cc_11", "deg_6"], "98": ["cc_9", "deg_7"], "41": ["cc_17", "deg_6"], "4": ["cc_20", "deg_6"], "39": ["cc_17", "deg_6"], "28": ["cc_12", "deg_7"], "25": ["cc_12", "deg_7"], "78": ["cc_20", "deg_6"], "3": ["cc_14", "deg_7"], "64": ["cc_11", "deg_6"], "72": ["cc_11", "deg_6"], "87": ["cc_15", "deg_6"], "19": ["cc_12", "deg_7"], "92": ["cc_13", "deg_6"], "86": ["cc_17", "deg_6"], "62": ["cc_8", "deg_6"], "11": ["cc_13", "deg_6"], "18": ["cc_15", "deg_6"], "67": ["cc_20", "deg_6"], "2": ["cc_17", "deg_6"], "9": ["cc_23", "deg_5"], "27": ["cc_17", "deg_6"], "15": ["cc_8", "deg_6"], "71": ["cc_15", "deg_6"], "88": ["cc_6", "deg_6"], "0": ["cc_17", "deg_6"], "63": ["cc_11", "deg_6"], "32": ["cc_20", "deg_6"], "45": ["cc_10", "deg_5"], "36": ["cc_14", "deg_7"], "83": ["cc_11", "deg_7"], "48": ["cc_13", "deg_5"], "79": ["cc_10", "deg_8"], "77": ["cc_14", "deg_7"], "10": ["cc_17", "deg_6"], "85": ["cc_16", "deg_5"], "31": ["cc_20", "deg_6"], "75": ["cc_20", "deg_5"], "50": ["cc_10", "deg_5"], "60": ["cc_17", "deg_6"], "52": ["cc_13", "deg_5"], "96": ["cc_17", "deg_6"], "49": ["cc_6", "deg_6"]}, "edges": [[0, 96], [0, 1], [0, 98], [0, 3], [0, 97], [0, 2], [1, 97], [1, 2], [1, 3], [1, 4], [2, 98], [2, 3], [2, 4], [2, 5], [3, 4], [3, 5], [3, 6], [3, 62], [4, 5], [4, 6], [4, 7], [5, 80], [5, 6], [5, 7], [5, 79], [6, 7], [6, 8], [6, 76], [7, 8], [7, 9], [7, 10], [8, 9], [8, 10], [8, 11], [9, 10], [9, 11], [9, 12], [10, 11], [10, 12], [10, 13], [11, 12], [11, 14], [11, 44], [12, 19], [12, 13], [12, 14], [13, 16], [13, 14], [13, 15], [14, 16], [14, 17], [14, 15], [15, 16], [15, 18], [15, 59], [15, 79], [16, 17], [16, 18], [16, 19], [16, 83], [17, 18], [17, 19], [17, 68], [18, 19], [18, 20], [18, 21], [19, 20], [19, 21], [19, 22], [20, 21], [20, 22], [20, 23], [21, 22], [21, 23], [21, 24], [22, 23], [22, 88], [22, 25], [23, 24], [23, 25], [23, 26], [24, 25], [24, 26], [24, 27], [25, 26], [25, 27], [25, 28], [25, 94], [26, 27], [26, 28], [26, 77], [27, 28], [27, 29], [27, 30], [28, 70], [28, 29], [28, 30], [28, 31], [29, 32], [29, 92], [29, 30], [29, 31], [30, 32], [30, 33], [30, 31], [31, 32], [31, 33], [31, 34], [32, 33], [32, 34], [32, 35], [33, 51], [33, 34], [33, 35], [33, 36], [34, 35], [34, 36], [34, 37], [35, 36], [35, 37], [35, 38], [35, 72], [36, 37], [36, 38], [36, 39], [36, 53], [37, 38], [37, 39], [37, 40], [38, 39], [38, 41], [38, 62], [39, 40], [39, 41], [39, 42], [40, 98], [40, 73], [40, 88], [40, 41], [40, 42], [40, 43], [41, 42], [41, 43], [41, 44], [42, 43], [42, 44], [42, 45], [43, 90], [43, 44], [43, 45], [44, 64], [44, 46], [44, 47], [45, 48], [45, 46], [45, 47], [46, 48], [46, 49], [46, 47], [47, 80], [47, 49], [47, 50], [48, 49], [48, 50], [48, 51], [49, 51], [49, 52], [49, 57], [50, 51], [50, 52], [50, 53], [51, 53], [51, 54], [52, 53], [52, 54], [52, 55], [53, 54], [53, 55], [54, 70], [54, 55], [54, 56], [55, 56], [55, 57], [55, 58], [56, 58], [56, 59], [56, 94], [57, 58], [57, 59], [57, 60], [58, 59], [58, 60], [58, 61], [59, 60], [59, 61], [60, 61], [60, 62], [60, 63], [61, 94], [61, 62], [61, 63], [62, 64], [62, 63], [63, 64], [63, 66], [63, 84], [64, 65], [64, 66], [64, 67], [65, 66], [65, 67], [65, 68], [66, 67], [66, 68], [66, 69], [67, 68], [67, 69], [67, 70], [68, 69], [68, 70], [68, 71], [69, 70], [69, 71], [69, 72], [70, 71], [70, 72], [71, 72], [71, 73], [71, 74], [72, 74], [72, 75], [73, 74], [73, 76], [74, 75], [74, 76], [74, 77], [75, 76], [75, 77], [75, 78], [76, 77], [76, 78], [76, 79], [77, 80], [77, 78], [77, 79], [78, 80], [78, 81], [78, 79], [79, 80], [79, 81], [79, 82], [80, 81], [80, 83], [81, 82], [81, 83], [81, 84], [82, 83], [82, 84], [82, 85], [83, 84], [83, 86], [83, 87], [84, 85], [84, 86], [84, 87], [85, 86], [85, 87], [85, 88], [86, 87], [86, 88], [86, 89], [87, 89], [87, 90], [88, 89], [88, 91], [89, 90], [89, 91], [89, 92], [90, 91], [90, 92], [90, 93], [91, 98], [91, 92], [91, 93], [92, 93], [92, 95], [93, 96], [93, 94], [93, 95], [94, 96], [94, 95], [95, 96], [95, 97], [95, 98], [96, 97], [96, 98], [97, 98]]}