{"label": 2, "edges": [[0, 33], [0, 39], [1, 13], [1, 54], [2, 23], [3, 50], [3, 45], [4, 10], [4, 43], [5, 31], [5, 23], [6, 19], [7, 31], [8, 9], [8, 50], [9, 32], [9, 29], [10, 11], [11, 36], [11, 12], [12, 44], [13, 20], [14, 15], [15, 18], [16, 17], [16, 23], [17, 35], [18, 40], [18, 51], [19, 48], [20, 46], [21, 25], [21, 22], [22, 36], [24, 32], [24, 33], [26, 31], [27, 49], [28, 45], [28, 55], [29, 30], [30, 31], [34, 35], [35, 36], [37, 38], [38, 39], [39, 41], [40, 41], [40, 52], [42, 44], [44, 55], [46, 48], [47, 48], [48, 49], [49, 50], [53, 54]], "features": {"27": ["cc_0", "deg_1"], "35": ["cc_0", "deg_3"], "43": ["cc_0", "deg_1"], "47": ["cc_0", "deg_1"], "32": ["cc_0", "deg_2"], "9": ["cc_0", "deg_3"], "33": ["cc_0", "deg_2"], "48": ["cc_0", "deg_4"], "55": ["cc_0", "deg_2"], "0": ["cc_0", "deg_2"], "2": ["cc_0", "deg_1"], "18": ["cc_0", "deg_3"], "5": ["cc_0", "deg_2"], "14": ["cc_0", "deg_1"], "38": ["cc_0", "deg_2"], "44": ["cc_0", "deg_3"], "39": ["cc_0", "deg_3"], "3": ["cc_0", "deg_2"], "28": ["cc_0", "deg_2"], "51": ["cc_0", "deg_1"], "23": ["cc_0", "deg_3"], "19": ["cc_0", "deg_2"], "34": ["cc_0", "deg_1"], "11": ["cc_0", "deg_3"], "17": ["cc_0", "deg_2"], "12": ["cc_0", "deg_2"], "25": ["cc_0", "deg_1"], "24": ["cc_0", "deg_2"], "22": ["cc_0", "deg_2"], "15": ["cc_0", "deg_2"], "4": ["cc_0", "deg_2"], "37": ["cc_0", "deg_1"], "45": ["cc_0", "deg_2"], "42": ["cc_0", "deg_1"], "30": ["cc_0", "deg_2"], "31": ["cc_0", "deg_4"], "36": ["cc_0", "deg_3"], "53": ["cc_0", "deg_1"], "10": ["cc_0", "deg_2"], "49": ["cc_0", "deg_3"], "1": ["cc_0", "deg_2"], "46": ["cc_0", "deg_2"], "26": ["cc_0", "deg_1"], "40": ["cc_0", "deg_3"], "41": ["cc_0", "deg_2"], "20": ["cc_0", "deg_2"], "29": ["cc_0", "deg_2"], "52": ["cc_0", "deg_1"], "13": ["cc_0", "deg_2"], "6": ["cc_0", "deg_1"], "7": ["cc_0", "deg_1"], "50": ["cc_0", "deg_3"], "8": ["cc_0", "deg_2"], "16": ["cc_0", "deg_2"], "54": ["cc_0", "deg_2"], "21": ["cc_0", "deg_2"]}}