{"label": 2, "features": {"1": ["cc_0", "deg_3"], "16": ["cc_0", "deg_1"], "4": ["cc_0", "deg_1"], "21": ["cc_0", "deg_1"], "7": ["cc_0", "deg_2"], "25": ["cc_0", "deg_2"], "0": ["cc_0", "deg_1"], "12": ["cc_0", "deg_4"], "29": ["cc_0", "deg_4"], "28": ["cc_0", "deg_1"], "13": ["cc_0", "deg_3"], "6": ["cc_0", "deg_2"], "30": ["cc_0", "deg_2"], "5": ["cc_0", "deg_1"], "3": ["cc_0", "deg_2"], "24": ["cc_0", "deg_2"], "23": ["cc_0", "deg_3"], "27": ["cc_0", "deg_4"], "19": ["cc_0", "deg_2"], "10": ["cc_0", "deg_2"], "17": ["cc_0", "deg_3"], "11": ["cc_0", "deg_2"], "22": ["cc_0", "deg_1"], "18": ["cc_0", "deg_1"], "2": ["cc_0", "deg_1"], "26": ["cc_0", "deg_3"], "20": ["cc_0", "deg_1"], "14": ["cc_0", "deg_1"], "9": ["cc_0", "deg_3"], "8": ["cc_0", "deg_1"], "15": ["cc_0", "deg_2"]}, "edges": [[0, 1], [1, 12], [1, 30], [2, 26], [3, 19], [3, 22], [4, 9], [5, 6], [6, 7], [7, 24], [8, 17], [9, 17], [9, 15], [10, 11], [10, 23], [11, 29], [12, 18], [12, 27], [12, 13], [13, 15], [13, 23], [14, 27], [16, 17], [19, 29], [20, 27], [21, 25], [23, 24], [25, 26], [26, 27], [28, 29], [29, 30]]}