{"label": 1, "edges": [[0, 16], [0, 5], [0, 7], [0, 34], [0, 29], [1, 35], [1, 2], [1, 23], [2, 4], [2, 23], [2, 8], [3, 25], [3, 5], [3, 29], [4, 16], [4, 26], [4, 13], [5, 21], [5, 6], [5, 22], [6, 32], [6, 28], [6, 7], [7, 24], [7, 31], [8, 9], [8, 10], [9, 13], [9, 23], [10, 11], [10, 12], [11, 32], [11, 35], [11, 25], [11, 12], [11, 13], [12, 19], [12, 29], [12, 14], [13, 16], [13, 14], [14, 16], [14, 15], [15, 16], [15, 17], [16, 18], [17, 18], [17, 19], [18, 20], [18, 24], [19, 21], [19, 33], [19, 29], [19, 30], [20, 27], [20, 21], [20, 22], [21, 28], [22, 23], [23, 32], [23, 25], [24, 25], [24, 34], [24, 30], [26, 28], [27, 33], [28, 30], [29, 30], [31, 32], [31, 33], [33, 34], [34, 35]], "features": {"27": ["cc_0", "deg_2"], "22": ["cc_0", "deg_3"], "32": ["cc_0", "deg_4"], "15": ["cc_11", "deg_3"], "4": ["cc_5", "deg_4"], "33": ["cc_0", "deg_4"], "35": ["cc_0", "deg_3"], "30": ["cc_5", "deg_4"], "0": ["cc_0", "deg_5"], "2": ["cc_5", "deg_4"], "6": ["cc_0", "deg_4"], "18": ["cc_0", "deg_4"], "5": ["cc_0", "deg_5"], "10": ["cc_11", "deg_3"], "14": ["cc_11", "deg_4"], "1": ["cc_11", "deg_3"], "29": ["cc_6", "deg_5"], "8": ["cc_0", "deg_3"], "20": ["cc_0", "deg_4"], "26": ["cc_0", "deg_2"], "3": ["cc_0", "deg_3"], "11": ["cc_2", "deg_6"], "28": ["cc_0", "deg_4"], "23": ["cc_2", "deg_6"], "19": ["cc_4", "deg_6"], "34": ["cc_0", "deg_4"], "13": ["cc_6", "deg_5"], "16": ["cc_6", "deg_6"], "7": ["cc_0", "deg_4"], "17": ["cc_0", "deg_3"], "12": ["cc_6", "deg_5"], "31": ["cc_0", "deg_3"], "25": ["cc_0", "deg_4"], "24": ["cc_0", "deg_5"], "9": ["cc_0", "deg_3"], "21": ["cc_0", "deg_4"]}}