{"label": 1, "features": {"53": ["cc_0", "deg_3"], "47": ["cc_6", "deg_5"], "21": ["cc_0", "deg_3"], "34": ["cc_0", "deg_3"], "41": ["cc_3", "deg_5"], "4": ["cc_3", "deg_5"], "42": ["cc_5", "deg_4"], "12": ["cc_0", "deg_3"], "28": ["cc_0", "deg_5"], "5": ["cc_0", "deg_2"], "61": ["cc_0", "deg_4"], "3": ["cc_5", "deg_4"], "51": ["cc_11", "deg_4"], "24": ["cc_2", "deg_6"], "56": ["cc_0", "deg_3"], "55": ["cc_1", "deg_7"], "19": ["cc_3", "deg_5"], "54": ["cc_0", "deg_3"], "36": ["cc_0", "deg_3"], "17": ["cc_5", "deg_4"], "11": ["cc_0", "deg_2"], "22": ["cc_11", "deg_3"], "18": ["cc_5", "deg_4"], "59": ["cc_0", "deg_5"], "2": ["cc_5", "deg_4"], "46": ["cc_33", "deg_2"], "37": ["cc_3", "deg_5"], "38": ["cc_3", "deg_5"], "9": ["cc_2", "deg_6"], "27": ["cc_4", "deg_6"], "58": ["cc_0", "deg_3"], "35": ["cc_0", "deg_3"], "1": ["cc_3", "deg_5"], "16": ["cc_0", "deg_4"], "25": ["cc_0", "deg_2"], "7": ["cc_0", "deg_2"], "39": ["cc_4", "deg_6"], "0": ["cc_1", "deg_7"], "29": ["cc_0", "deg_3"], "63": ["cc_3", "deg_5"], "13": ["cc_4", "deg_7"], "6": ["cc_0", "deg_2"], "30": ["cc_0", "deg_3"], "14": ["cc_0", "deg_2"], "32": ["cc_0", "deg_5"], "45": ["cc_6", "deg_6"], "10": ["cc_0", "deg_3"], "33": ["cc_0", "deg_2"], "23": ["cc_3", "deg_5"], "48": ["cc_10", "deg_5"], "40": ["cc_0", "deg_2"], "8": ["cc_0", "deg_5"], "44": ["cc_3", "deg_5"], "31": ["cc_3", "deg_5"], "26": ["cc_0", "deg_4"], "43": ["cc_0", "deg_2"], "57": ["cc_0", "deg_3"], "20": ["cc_0", "deg_2"], "50": ["cc_5", "deg_4"], "62": ["cc_0", "deg_4"], "60": ["cc_0", "deg_2"], "52": ["cc_0", "deg_4"], "15": ["cc_0", "deg_5"], "49": ["cc_0", "deg_6"]}, "edges": [[0, 1], [0, 49], [0, 40], [0, 9], [0, 13], [0, 62], [0, 31], [1, 55], [1, 8], [1, 9], [1, 58], [2, 34], [2, 3], [2, 4], [2, 31], [3, 4], [3, 56], [3, 47], [4, 49], [4, 21], [4, 9], [5, 61], [5, 21], [6, 63], [6, 15], [7, 8], [7, 55], [8, 53], [8, 24], [8, 10], [9, 39], [9, 10], [9, 12], [10, 49], [11, 52], [11, 22], [12, 32], [12, 13], [13, 48], [13, 27], [13, 39], [13, 55], [13, 47], [14, 16], [14, 15], [15, 17], [15, 36], [15, 59], [16, 17], [16, 56], [16, 58], [17, 18], [17, 19], [18, 19], [18, 27], [18, 33], [19, 34], [19, 28], [19, 29], [20, 45], [20, 23], [21, 44], [22, 24], [22, 23], [23, 50], [23, 38], [23, 24], [24, 32], [24, 54], [24, 28], [25, 49], [25, 27], [26, 60], [26, 27], [26, 28], [26, 61], [27, 39], [27, 55], [28, 57], [28, 43], [29, 54], [29, 30], [30, 32], [30, 47], [31, 55], [31, 41], [31, 42], [32, 49], [32, 34], [33, 35], [35, 36], [35, 37], [36, 38], [37, 52], [37, 44], [37, 38], [37, 39], [38, 39], [38, 63], [39, 41], [40, 41], [41, 56], [41, 42], [42, 50], [42, 59], [43, 44], [44, 51], [44, 45], [45, 48], [45, 50], [45, 51], [45, 63], [46, 48], [46, 47], [47, 48], [48, 50], [49, 51], [51, 63], [52, 59], [52, 53], [53, 55], [54, 55], [57, 58], [57, 59], [59, 61], [60, 62], [61, 62], [62, 63]]}