{"label": 2, "features": {"53": ["cc_0", "deg_3"], "47": ["cc_0", "deg_4"], "68": ["cc_0", "deg_2"], "21": ["cc_2", "deg_8"], "34": ["cc_0", "deg_3"], "67": ["cc_0", "deg_3"], "41": ["cc_0", "deg_3"], "4": ["cc_1", "deg_7"], "42": ["cc_0", "deg_4"], "12": ["cc_0", "deg_5"], "28": ["cc_0", "deg_4"], "66": ["cc_0", "deg_2"], "5": ["cc_5", "deg_4"], "65": ["cc_0", "deg_4"], "61": ["cc_0", "deg_3"], "3": ["cc_0", "deg_4"], "64": ["cc_0", "deg_4"], "51": ["cc_0", "deg_3"], "24": ["cc_3", "deg_5"], "56": ["cc_0", "deg_3"], "55": ["cc_0", "deg_2"], "19": ["cc_5", "deg_4"], "54": ["cc_0", "deg_2"], "36": ["cc_0", "deg_7"], "17": ["cc_0", "deg_3"], "11": ["cc_0", "deg_2"], "22": ["cc_0", "deg_3"], "71": ["cc_0", "deg_3"], "18": ["cc_2", "deg_6"], "59": ["cc_5", "deg_4"], "2": ["cc_0", "deg_3"], "46": ["cc_0", "deg_5"], "37": ["cc_5", "deg_4"], "38": ["cc_0", "deg_5"], "73": ["cc_0", "deg_4"], "78": ["cc_0", "deg_3"], "9": ["cc_0", "deg_4"], "27": ["cc_5", "deg_4"], "58": ["cc_0", "deg_4"], "35": ["cc_5", "deg_4"], "1": ["cc_2", "deg_8"], "16": ["cc_0", "deg_7"], "80": ["cc_0", "deg_4"], "25": ["cc_2", "deg_6"], "7": ["cc_0", "deg_4"], "39": ["cc_0", "deg_3"], "0": ["cc_0", "deg_3"], "82": ["cc_0", "deg_3"], "83": ["cc_0", "deg_2"], "29": ["cc_0", "deg_2"], "63": ["cc_0", "deg_3"], "13": ["cc_3", "deg_5"], "6": ["cc_0", "deg_4"], "30": ["cc_0", "deg_5"], "14": ["cc_0", "deg_3"], "32": ["cc_0", "deg_2"], "45": ["cc_0", "deg_2"], "10": ["cc_0", "deg_6"], "33": ["cc_0", "deg_4"], "23": ["cc_0", "deg_3"], "69": ["cc_0", "deg_2"], "76": ["cc_0", "deg_3"], "48": ["cc_0", "deg_4"], "79": ["cc_0", "deg_2"], "77": ["cc_0", "deg_3"], "40": ["cc_4", "deg_6"], "81": ["cc_0", "deg_4"], "72": ["cc_0", "deg_3"], "8": ["cc_1", "deg_8"], "44": ["cc_0", "deg_4"], "31": ["cc_0", "deg_4"], "75": ["cc_0", "deg_4"], "26": ["cc_0", "deg_3"], "43": ["cc_0", "deg_7"], "57": ["cc_0", "deg_3"], "20": ["cc_0", "deg_4"], "50": ["cc_0", "deg_5"], "62": ["cc_0", "deg_4"], "60": ["cc_2", "deg_6"], "52": ["cc_0", "deg_6"], "15": ["cc_5", "deg_4"], "74": ["cc_0", "deg_6"], "70": ["cc_5", "deg_4"], "49": ["cc_0", "deg_4"]}, "edges": [[0, 83], [0, 6], [0, 74], [1, 18], [1, 83], [1, 37], [1, 40], [1, 9], [1, 21], [1, 13], [1, 29], [2, 60], [2, 44], [2, 39], [3, 17], [3, 82], [3, 37], [3, 30], [4, 80], [4, 59], [4, 19], [4, 57], [4, 67], [4, 28], [4, 79], [5, 18], [5, 36], [5, 60], [5, 63], [6, 8], [6, 30], [6, 31], [7, 8], [7, 9], [7, 30], [7, 46], [8, 48], [8, 18], [8, 70], [8, 25], [8, 43], [8, 50], [9, 71], [9, 59], [10, 64], [10, 66], [10, 67], [10, 14], [10, 70], [10, 46], [11, 16], [11, 36], [12, 65], [12, 40], [12, 45], [12, 46], [12, 31], [13, 40], [13, 36], [13, 46], [13, 48], [14, 22], [14, 58], [15, 24], [15, 16], [15, 73], [15, 37], [16, 48], [16, 80], [16, 26], [16, 74], [16, 47], [17, 40], [17, 55], [18, 64], [18, 81], [18, 60], [19, 40], [19, 73], [19, 59], [20, 21], [20, 26], [20, 76], [20, 79], [21, 35], [21, 22], [21, 71], [21, 40], [21, 27], [21, 63], [22, 82], [23, 64], [23, 75], [23, 59], [24, 34], [24, 68], [24, 37], [24, 47], [25, 68], [25, 70], [25, 27], [25, 29], [25, 31], [26, 56], [27, 35], [27, 61], [28, 65], [28, 61], [28, 30], [30, 38], [31, 55], [32, 33], [32, 81], [33, 34], [33, 35], [33, 52], [34, 77], [35, 53], [36, 72], [36, 74], [36, 44], [36, 45], [38, 56], [38, 74], [38, 67], [38, 66], [39, 49], [39, 78], [41, 65], [41, 42], [41, 43], [42, 50], [42, 44], [42, 77], [43, 64], [43, 82], [43, 53], [43, 62], [43, 77], [44, 51], [46, 49], [47, 49], [47, 58], [48, 62], [49, 60], [50, 52], [50, 69], [50, 60], [51, 57], [51, 52], [52, 53], [52, 72], [52, 58], [54, 58], [54, 78], [56, 80], [57, 75], [60, 76], [61, 71], [62, 81], [62, 73], [63, 75], [65, 74], [69, 75], [70, 78], [72, 80], [73, 74], [76, 81]]}