{"label": 2, "features": {"68": ["cc_0", "deg_3"], "21": ["cc_0", "deg_4"], "34": ["cc_5", "deg_4"], "58": ["cc_0", "deg_3"], "69": ["cc_0", "deg_5"], "42": ["cc_0", "deg_5"], "12": ["cc_0", "deg_4"], "66": ["cc_0", "deg_2"], "5": ["cc_0", "deg_6"], "61": ["cc_2", "deg_6"], "51": ["cc_0", "deg_3"], "24": ["cc_0", "deg_3"], "56": ["cc_0", "deg_4"], "55": ["cc_0", "deg_3"], "17": ["cc_0", "deg_4"], "22": ["cc_0", "deg_6"], "74": ["cc_0", "deg_2"], "59": ["cc_0", "deg_4"], "46": ["cc_0", "deg_2"], "37": ["cc_0", "deg_5"], "38": ["cc_0", "deg_4"], "81": ["cc_0", "deg_3"], "35": ["cc_0", "deg_3"], "47": ["cc_3", "deg_5"], "16": ["cc_0", "deg_2"], "65": ["cc_0", "deg_2"], "23": ["cc_0", "deg_5"], "7": ["cc_0", "deg_5"], "82": ["cc_0", "deg_5"], "29": ["cc_0", "deg_3"], "13": ["cc_0", "deg_3"], "6": ["cc_0", "deg_4"], "30": ["cc_0", "deg_6"], "14": ["cc_0", "deg_3"], "40": ["cc_0", "deg_2"], "33": ["cc_5", "deg_4"], "73": ["cc_5", "deg_4"], "76": ["cc_0", "deg_6"], "8": ["cc_0", "deg_6"], "44": ["cc_0", "deg_4"], "26": ["cc_2", "deg_6"], "43": ["cc_0", "deg_4"], "57": ["cc_0", "deg_3"], "20": ["cc_0", "deg_4"], "89": ["cc_0", "deg_5"], "80": ["cc_0", "deg_4"], "70": ["cc_0", "deg_7"], "84": ["cc_0", "deg_3"], "53": ["cc_0", "deg_4"], "1": ["cc_0", "deg_5"], "54": ["cc_0", "deg_6"], "41": ["cc_0", "deg_4"], "4": ["cc_0", "deg_6"], "39": ["cc_2", "deg_6"], "28": ["cc_0", "deg_4"], "25": ["cc_0", "deg_4"], "78": ["cc_0", "deg_3"], "3": ["cc_0", "deg_3"], "64": ["cc_0", "deg_6"], "72": ["cc_0", "deg_4"], "87": ["cc_0", "deg_2"], "19": ["cc_0", "deg_3"], "86": ["cc_0", "deg_5"], "62": ["cc_0", "deg_2"], "11": ["cc_3", "deg_5"], "18": ["cc_0", "deg_6"], "67": ["cc_0", "deg_2"], "2": ["cc_0", "deg_5"], "9": ["cc_0", "deg_4"], "27": ["cc_0", "deg_3"], "15": ["cc_0", "deg_3"], "71": ["cc_2", "deg_6"], "88": ["cc_0", "deg_3"], "0": ["cc_0", "deg_5"], "63": ["cc_0", "deg_5"], "32": ["cc_3", "deg_5"], "45": ["cc_5", "deg_4"], "36": ["cc_0", "deg_2"], "83": ["cc_0", "deg_4"], "48": ["cc_0", "deg_2"], "79": ["cc_0", "deg_2"], "77": ["cc_0", "deg_4"], "10": ["cc_0", "deg_4"], "85": ["cc_0", "deg_2"], "31": ["cc_0", "deg_5"], "75": ["cc_0", "deg_3"], "50": ["cc_0", "deg_2"], "60": ["cc_0", "deg_4"], "52": ["cc_2", "deg_6"], "49": ["cc_0", "deg_4"]}, "edges": [[0, 24], [0, 88], [0, 42], [0, 13], [0, 77], [1, 2], [1, 3], [1, 54], [1, 22], [1, 25], [2, 7], [2, 36], [2, 43], [2, 61], [3, 18], [3, 5], [4, 82], [4, 86], [4, 56], [4, 89], [4, 18], [4, 34], [5, 16], [5, 49], [5, 53], [5, 42], [5, 30], [6, 35], [6, 7], [6, 58], [6, 30], [7, 83], [7, 8], [7, 74], [8, 65], [8, 53], [8, 9], [8, 10], [8, 85], [9, 87], [9, 73], [9, 77], [10, 12], [10, 77], [10, 62], [11, 52], [11, 41], [11, 26], [11, 75], [11, 79], [12, 71], [12, 56], [12, 13], [13, 15], [14, 64], [14, 37], [14, 46], [15, 76], [15, 45], [16, 89], [17, 23], [17, 80], [17, 66], [17, 19], [18, 83], [18, 42], [18, 43], [18, 61], [19, 20], [19, 39], [20, 84], [20, 86], [20, 22], [21, 82], [21, 70], [21, 24], [21, 87], [22, 80], [22, 64], [22, 78], [22, 31], [23, 50], [23, 38], [23, 57], [23, 63], [24, 75], [25, 80], [25, 67], [25, 31], [26, 48], [26, 52], [26, 37], [26, 70], [26, 89], [27, 52], [27, 28], [27, 53], [28, 49], [28, 29], [28, 63], [29, 47], [29, 83], [30, 82], [30, 84], [30, 54], [30, 44], [31, 32], [31, 51], [31, 39], [32, 33], [32, 34], [32, 59], [32, 78], [33, 72], [33, 34], [33, 51], [34, 68], [35, 37], [35, 72], [36, 38], [37, 69], [37, 75], [38, 70], [38, 59], [39, 82], [39, 73], [39, 44], [39, 61], [40, 42], [40, 58], [41, 81], [41, 89], [41, 60], [42, 54], [43, 76], [43, 44], [44, 88], [45, 71], [45, 77], [45, 47], [46, 86], [47, 49], [47, 61], [47, 71], [48, 76], [49, 69], [50, 52], [51, 52], [52, 71], [53, 76], [54, 69], [54, 56], [54, 68], [55, 56], [55, 57], [55, 64], [57, 59], [58, 60], [59, 84], [60, 80], [60, 71], [61, 69], [61, 73], [62, 64], [63, 64], [63, 66], [63, 76], [64, 65], [67, 89], [68, 70], [69, 70], [70, 71], [70, 72], [72, 79], [73, 78], [74, 76], [81, 82], [81, 83], [85, 86], [86, 88]]}