{"label": 1, "features": {"68": ["cc_3", "deg_5"], "21": ["cc_0", "deg_3"], "34": ["cc_3", "deg_5"], "94": ["cc_3", "deg_5"], "58": ["cc_0", "deg_2"], "69": ["cc_5", "deg_4"], "42": ["cc_0", "deg_4"], "12": ["cc_0", "deg_4"], "66": ["cc_0", "deg_5"], "5": ["cc_0", "deg_4"], "61": ["cc_0", "deg_4"], "91": ["cc_3", "deg_5"], "51": ["cc_0", "deg_3"], "24": ["cc_0", "deg_3"], "56": ["cc_0", "deg_4"], "55": ["cc_1", "deg_7"], "17": ["cc_0", "deg_6"], "22": ["cc_11", "deg_3"], "74": ["cc_3", "deg_5"], "59": ["cc_0", "deg_4"], "46": ["cc_0", "deg_7"], "37": ["cc_2", "deg_6"], "38": ["cc_0", "deg_4"], "81": ["cc_6", "deg_5"], "95": ["cc_0", "deg_4"], "90": ["cc_2", "deg_6"], "35": ["cc_4", "deg_6"], "47": ["cc_0", "deg_4"], "16": ["cc_0", "deg_3"], "65": ["cc_0", "deg_2"], "23": ["cc_11", "deg_3"], "7": ["cc_0", "deg_3"], "82": ["cc_0", "deg_3"], "29": ["cc_0", "deg_6"], "93": ["cc_0", "deg_3"], "13": ["cc_0", "deg_4"], "6": ["cc_0", "deg_2"], "30": ["cc_0", "deg_2"], "14": ["cc_0", "deg_4"], "40": ["cc_2", "deg_6"], "33": ["cc_3", "deg_5"], "73": ["cc_0", "deg_4"], "76": ["cc_1", "deg_8"], "8": ["cc_0", "deg_3"], "44": ["cc_0", "deg_3"], "26": ["cc_0", "deg_4"], "43": ["cc_0", "deg_4"], "57": ["cc_0", "deg_3"], "20": ["cc_0", "deg_3"], "89": ["cc_0", "deg_3"], "97": ["cc_0", "deg_3"], "80": ["cc_0", "deg_3"], "70": ["cc_11", "deg_3"], "84": ["cc_0", "deg_4"], "53": ["cc_0", "deg_5"], "1": ["cc_0", "deg_5"], "54": ["cc_3", "deg_7"], "98": ["cc_0", "deg_2"], "41": ["cc_0", "deg_5"], "4": ["cc_11", "deg_3"], "39": ["cc_0", "deg_4"], "28": ["cc_0", "deg_3"], "25": ["cc_5", "deg_4"], "78": ["cc_11", "deg_3"], "3": ["cc_0", "deg_4"], "64": ["cc_0", "deg_3"], "72": ["cc_0", "deg_2"], "87": ["cc_0", "deg_5"], "19": ["cc_0", "deg_5"], "92": ["cc_0", "deg_6"], "86": ["cc_0", "deg_3"], "62": ["cc_0", "deg_5"], "11": ["cc_11", "deg_3"], "18": ["cc_0", "deg_2"], "67": ["cc_2", "deg_6"], "2": ["cc_3", "deg_5"], "9": ["cc_0", "deg_5"], "27": ["cc_0", "deg_4"], "15": ["cc_0", "deg_4"], "71": ["cc_0", "deg_3"], "88": ["cc_0", "deg_4"], "0": ["cc_0", "deg_5"], "63": ["cc_0", "deg_3"], "32": ["cc_0", "deg_4"], "45": ["cc_0", "deg_4"], "36": ["cc_5", "deg_4"], "83": ["cc_0", "deg_2"], "48": ["cc_0", "deg_3"], "79": ["cc_0", "deg_2"], "77": ["cc_0", "deg_2"], "10": ["cc_0", "deg_5"], "85": ["cc_0", "deg_4"], "31": ["cc_0", "deg_3"], "75": ["cc_4", "deg_6"], "50": ["cc_0", "deg_3"], "60": ["cc_0", "deg_4"], "52": ["cc_0", "deg_4"], "96": ["cc_0", "deg_3"], "49": ["cc_0", "deg_4"]}, "edges": [[0, 97], [0, 21], [0, 75], [0, 12], [0, 2], [1, 96], [1, 2], [1, 27], [1, 98], [1, 13], [2, 40], [2, 60], [2, 78], [3, 5], [3, 76], [3, 77], [3, 62], [4, 33], [4, 94], [4, 63], [5, 66], [5, 28], [5, 92], [6, 41], [6, 7], [7, 8], [7, 46], [8, 9], [8, 10], [9, 96], [9, 12], [9, 29], [9, 61], [10, 56], [10, 39], [10, 90], [10, 76], [11, 35], [11, 25], [11, 13], [12, 83], [12, 14], [13, 37], [13, 29], [14, 17], [14, 77], [14, 47], [15, 46], [15, 75], [15, 78], [15, 95], [16, 17], [16, 50], [16, 67], [17, 43], [17, 19], [17, 23], [17, 27], [18, 32], [18, 20], [19, 98], [19, 55], [19, 87], [19, 29], [20, 67], [20, 22], [21, 96], [21, 66], [22, 90], [22, 91], [23, 75], [23, 76], [24, 67], [24, 88], [24, 44], [25, 35], [25, 53], [25, 56], [26, 33], [26, 82], [26, 65], [26, 43], [27, 48], [27, 97], [28, 47], [28, 29], [29, 45], [29, 95], [30, 32], [30, 44], [31, 49], [31, 76], [31, 45], [32, 33], [32, 34], [33, 35], [33, 94], [34, 92], [34, 35], [34, 36], [34, 60], [35, 36], [35, 47], [36, 37], [36, 87], [37, 81], [37, 54], [37, 58], [37, 60], [38, 71], [38, 84], [38, 93], [38, 39], [39, 41], [39, 94], [40, 51], [40, 78], [40, 42], [40, 76], [40, 46], [41, 48], [41, 54], [41, 42], [42, 67], [42, 95], [43, 49], [43, 45], [44, 46], [45, 46], [46, 48], [46, 53], [47, 90], [49, 54], [49, 87], [50, 89], [50, 51], [51, 53], [52, 53], [52, 54], [52, 57], [52, 95], [53, 90], [54, 81], [54, 82], [54, 55], [55, 64], [55, 81], [55, 84], [55, 62], [55, 63], [56, 86], [56, 59], [57, 59], [57, 62], [58, 94], [59, 92], [59, 61], [60, 68], [61, 86], [61, 62], [62, 66], [63, 66], [64, 80], [64, 92], [65, 66], [67, 68], [67, 69], [68, 97], [68, 69], [68, 70], [69, 76], [69, 71], [70, 74], [70, 75], [71, 73], [72, 74], [72, 76], [73, 74], [73, 79], [73, 92], [74, 91], [74, 75], [75, 76], [79, 80], [80, 81], [81, 89], [82, 84], [83, 85], [84, 85], [85, 86], [85, 87], [87, 88], [88, 89], [88, 90], [90, 91], [91, 92], [91, 93], [93, 94]]}