{"label": 1, "features": {"1": ["cc_11", "deg_4"], "16": ["cc_11", "deg_4"], "4": ["cc_11", "deg_3"], "21": ["cc_0", "deg_5"], "32": ["cc_16", "deg_4"], "34": ["cc_6", "deg_5"], "7": ["cc_5", "deg_4"], "25": ["cc_5", "deg_4"], "0": ["cc_6", "deg_5"], "12": ["cc_6", "deg_6"], "29": ["cc_11", "deg_3"], "28": ["cc_0", "deg_2"], "13": ["cc_6", "deg_5"], "6": ["cc_0", "deg_3"], "30": ["cc_11", "deg_4"], "5": ["cc_3", "deg_5"], "3": ["cc_11", "deg_3"], "24": ["cc_3", "deg_5"], "33": ["cc_10", "deg_5"], "23": ["cc_11", "deg_3"], "27": ["cc_0", "deg_3"], "19": ["cc_5", "deg_4"], "10": ["cc_5", "deg_4"], "17": ["cc_11", "deg_4"], "11": ["cc_11", "deg_4"], "22": ["cc_2", "deg_6"], "18": ["cc_33", "deg_2"], "31": ["cc_16", "deg_4"], "2": ["cc_11", "deg_4"], "26": ["cc_0", "deg_3"], "20": ["cc_6", "deg_5"], "14": ["cc_6", "deg_5"], "35": ["cc_11", "deg_3"], "9": ["cc_5", "deg_4"], "8": ["cc_5", "deg_4"], "15": ["cc_22", "deg_3"]}, "edges": [[0, 1], [0, 2], [0, 35], [0, 22], [0, 24], [1, 35], [1, 2], [1, 3], [2, 34], [2, 33], [3, 4], [3, 5], [4, 5], [4, 6], [5, 28], [5, 22], [5, 7], [6, 8], [6, 13], [7, 8], [7, 9], [7, 19], [8, 9], [8, 10], [9, 11], [9, 21], [10, 26], [10, 11], [10, 12], [11, 12], [11, 13], [12, 21], [12, 25], [12, 13], [12, 14], [13, 22], [13, 14], [14, 16], [14, 34], [14, 15], [15, 16], [15, 17], [16, 17], [16, 21], [17, 20], [17, 22], [18, 19], [18, 20], [19, 20], [19, 27], [20, 21], [20, 22], [21, 24], [22, 23], [23, 24], [23, 25], [24, 34], [24, 25], [25, 26], [26, 27], [27, 29], [28, 30], [29, 30], [29, 31], [30, 32], [30, 31], [31, 32], [31, 33], [32, 33], [32, 34], [33, 34], [33, 35]]}