{"label": 1, "features": {"1": ["cc_11", "deg_3"], "16": ["cc_11", "deg_3"], "4": ["cc_0", "deg_4"], "21": ["cc_11", "deg_3"], "7": ["cc_3", "deg_5"], "0": ["cc_10", "deg_5"], "12": ["cc_13", "deg_5"], "13": ["cc_3", "deg_5"], "6": ["cc_11", "deg_3"], "5": ["cc_11", "deg_3"], "3": ["cc_0", "deg_6"], "24": ["cc_22", "deg_3"], "23": ["cc_10", "deg_5"], "19": ["cc_0", "deg_3"], "10": ["cc_11", "deg_4"], "17": ["cc_0", "deg_3"], "11": ["cc_5", "deg_4"], "22": ["cc_5", "deg_4"], "18": ["cc_5", "deg_4"], "2": ["cc_0", "deg_2"], "20": ["cc_0", "deg_4"], "14": ["cc_6", "deg_5"], "9": ["cc_4", "deg_6"], "8": ["cc_6", "deg_5"], "15": ["cc_0", "deg_3"]}, "edges": [[0, 16], [0, 1], [0, 23], [0, 24], [0, 7], [1, 3], [1, 23], [2, 4], [2, 14], [3, 4], [3, 6], [3, 20], [3, 10], [3, 11], [4, 9], [4, 13], [5, 18], [5, 6], [5, 7], [6, 18], [7, 8], [7, 9], [7, 24], [8, 22], [8, 10], [8, 12], [8, 14], [9, 10], [9, 11], [9, 12], [9, 15], [10, 12], [11, 12], [11, 13], [12, 14], [13, 16], [13, 14], [13, 15], [14, 16], [15, 17], [17, 18], [17, 19], [18, 20], [19, 20], [19, 21], [20, 22], [21, 22], [21, 23], [22, 23], [23, 24]]}