{"label": 2, "features": {"68": ["cc_2", "deg_6"], "21": ["cc_0", "deg_3"], "34": ["cc_11", "deg_3"], "94": ["cc_2", "deg_8"], "58": ["cc_8", "deg_6"], "69": ["cc_6", "deg_5"], "42": ["cc_0", "deg_4"], "12": ["cc_2", "deg_6"], "66": ["cc_4", "deg_6"], "5": ["cc_0", "deg_9"], "61": ["cc_3", "deg_9"], "91": ["cc_5", "deg_4"], "51": ["cc_4", "deg_6"], "24": ["cc_0", "deg_4"], "56": ["cc_1", "deg_8"], "55": ["cc_6", "deg_5"], "17": ["cc_3", "deg_5"], "22": ["cc_0", "deg_6"], "74": ["cc_2", "deg_9"], "59": ["cc_6", "deg_5"], "46": ["cc_6", "deg_5"], "37": ["cc_2", "deg_9"], "38": ["cc_0", "deg_6"], "81": ["cc_1", "deg_8"], "95": ["cc_4", "deg_6"], "90": ["cc_0", "deg_7"], "35": ["cc_5", "deg_4"], "47": ["cc_0", "deg_5"], "16": ["cc_3", "deg_7"], "65": ["cc_5", "deg_4"], "23": ["cc_0", "deg_4"], "7": ["cc_4", "deg_6"], "82": ["cc_5", "deg_4"], "29": ["cc_3", "deg_5"], "93": ["cc_2", "deg_9"], "13": ["cc_3", "deg_5"], "6": ["cc_11", "deg_3"], "30": ["cc_0", "deg_5"], "14": ["cc_3", "deg_5"], "40": ["cc_0", "deg_6"], "33": ["cc_0", "deg_7"], "73": ["cc_0", "deg_3"], "76": ["cc_0", "deg_3"], "8": ["cc_1", "deg_8"], "44": ["cc_1", "deg_7"], "26": ["cc_2", "deg_6"], "43": ["cc_2", "deg_6"], "57": ["cc_1", "deg_7"], "20": ["cc_2", "deg_6"], "89": ["cc_0", "deg_11"], "97": ["cc_3", "deg_5"], "80": ["cc_0", "deg_5"], "70": ["cc_2", "deg_6"], "84": ["cc_3", "deg_7"], "53": ["cc_0", "deg_5"], "1": ["cc_2", "deg_8"], "54": ["cc_0", "deg_5"], "98": ["cc_0", "deg_5"], "41": ["cc_0", "deg_5"], "4": ["cc_6", "deg_5"], "39": ["cc_0", "deg_7"], "28": ["cc_0", "deg_5"], "25": ["cc_5", "deg_4"], "78": ["cc_2", "deg_8"], "3": ["cc_0", "deg_9"], "64": ["cc_11", "deg_6"], "72": ["cc_5", "deg_4"], "87": ["cc_0", "deg_7"], "19": ["cc_0", "deg_6"], "92": ["cc_5", "deg_4"], "86": ["cc_0", "deg_7"], "62": ["cc_3", "deg_5"], "11": ["cc_0", "deg_6"], "18": ["cc_2", "deg_8"], "67": ["cc_6", "deg_7"], "2": ["cc_0", "deg_7"], "9": ["cc_2", "deg_6"], "27": ["cc_1", "deg_7"], "15": ["cc_1", "deg_7"], "71": ["cc_3", "deg_7"], "88": ["cc_0", "deg_5"], "0": ["cc_0", "deg_7"], "63": ["cc_4", "deg_7"], "32": ["cc_0", "deg_7"], "45": ["cc_3", "deg_8"], "36": ["cc_4", "deg_6"], "83": ["cc_0", "deg_5"], "48": ["cc_2", "deg_8"], "79": ["cc_0", "deg_8"], "77": ["cc_2", "deg_6"], "10": ["cc_2", "deg_6"], "85": ["cc_0", "deg_5"], "31": ["cc_0", "deg_7"], "75": ["cc_4", "deg_7"], "50": ["cc_0", "deg_4"], "60": ["cc_3", "deg_5"], "52": ["cc_0", "deg_4"], "96": ["cc_3", "deg_8"], "49": ["cc_0", "deg_4"]}, "edges": [[0, 96], [0, 98], [0, 3], [0, 37], [0, 97], [0, 11], [0, 2], [1, 58], [1, 97], [1, 3], [1, 19], [1, 33], [1, 90], [1, 14], [1, 63], [2, 49], [2, 51], [2, 5], [2, 39], [2, 8], [2, 90], [3, 68], [3, 5], [3, 87], [3, 76], [3, 60], [3, 70], [3, 14], [4, 5], [4, 7], [4, 89], [4, 15], [4, 37], [5, 69], [5, 54], [5, 9], [5, 11], [5, 34], [5, 31], [6, 16], [6, 18], [6, 9], [7, 37], [7, 89], [7, 9], [7, 20], [7, 31], [8, 32], [8, 9], [8, 10], [8, 98], [8, 46], [8, 80], [8, 24], [9, 10], [9, 47], [10, 16], [10, 38], [10, 42], [10, 11], [11, 25], [11, 89], [11, 90], [12, 51], [12, 78], [12, 54], [12, 88], [12, 77], [12, 94], [13, 16], [13, 85], [13, 57], [13, 14], [13, 15], [14, 17], [14, 22], [15, 16], [15, 17], [15, 81], [15, 88], [15, 42], [16, 18], [16, 56], [16, 79], [17, 18], [17, 20], [17, 94], [18, 20], [18, 54], [18, 87], [18, 38], [18, 93], [19, 49], [19, 56], [19, 57], [19, 28], [19, 94], [20, 84], [20, 22], [20, 23], [21, 32], [21, 71], [21, 39], [22, 32], [22, 89], [22, 74], [22, 39], [23, 80], [23, 86], [23, 25], [24, 68], [24, 26], [24, 60], [25, 26], [25, 27], [26, 27], [26, 28], [26, 62], [26, 63], [27, 48], [27, 39], [27, 60], [27, 29], [27, 30], [28, 95], [28, 30], [28, 31], [29, 80], [29, 59], [29, 36], [29, 69], [30, 32], [30, 33], [30, 79], [31, 32], [31, 33], [31, 87], [31, 94], [32, 86], [32, 67], [33, 48], [33, 70], [33, 81], [33, 40], [34, 35], [34, 37], [35, 37], [35, 41], [35, 96], [36, 59], [36, 39], [36, 74], [36, 75], [36, 46], [37, 38], [37, 40], [37, 84], [37, 78], [38, 48], [38, 75], [38, 43], [39, 72], [39, 41], [40, 91], [40, 49], [40, 89], [40, 90], [41, 89], [41, 43], [41, 78], [42, 97], [42, 79], [43, 56], [43, 44], [43, 45], [43, 46], [44, 96], [44, 97], [44, 82], [44, 63], [44, 74], [44, 98], [45, 48], [45, 83], [45, 51], [45, 54], [45, 88], [45, 74], [45, 46], [46, 48], [47, 48], [47, 92], [47, 66], [47, 62], [48, 51], [48, 79], [49, 88], [50, 81], [50, 53], [50, 57], [50, 77], [51, 52], [51, 94], [52, 96], [52, 84], [52, 89], [53, 54], [53, 56], [53, 82], [53, 78], [55, 83], [55, 56], [55, 57], [55, 58], [55, 59], [56, 65], [56, 90], [56, 59], [57, 58], [57, 87], [57, 79], [58, 64], [58, 67], [58, 63], [59, 61], [60, 96], [60, 61], [61, 65], [61, 94], [61, 71], [61, 96], [61, 87], [61, 62], [61, 95], [62, 64], [62, 65], [63, 64], [63, 66], [63, 71], [64, 66], [64, 67], [64, 93], [65, 75], [66, 67], [66, 68], [66, 85], [67, 70], [67, 91], [67, 93], [68, 69], [68, 71], [68, 78], [69, 70], [69, 71], [70, 71], [70, 77], [71, 74], [72, 87], [72, 74], [72, 75], [73, 83], [73, 74], [73, 93], [74, 75], [74, 77], [75, 89], [75, 77], [76, 89], [76, 77], [78, 81], [78, 84], [78, 79], [79, 80], [79, 85], [80, 81], [81, 82], [81, 84], [81, 86], [82, 97], [83, 84], [83, 85], [84, 92], [85, 86], [86, 87], [86, 89], [86, 93], [88, 90], [89, 98], [90, 93], [91, 93], [91, 94], [92, 93], [92, 95], [93, 95], [94, 96], [95, 96], [95, 98]]}