{"label": 1, "features": {"1": ["cc_5", "deg_4"], "16": ["cc_5", "deg_4"], "4": ["cc_0", "deg_4"], "21": ["cc_6", "deg_6"], "32": ["cc_11", "deg_3"], "34": ["cc_3", "deg_5"], "7": ["cc_0", "deg_4"], "25": ["cc_2", "deg_6"], "0": ["cc_0", "deg_2"], "39": ["cc_4", "deg_6"], "12": ["cc_33", "deg_2"], "29": ["cc_6", "deg_5"], "28": ["cc_3", "deg_5"], "13": ["cc_5", "deg_4"], "6": ["cc_0", "deg_2"], "30": ["cc_0", "deg_2"], "5": ["cc_0", "deg_5"], "38": ["cc_6", "deg_6"], "3": ["cc_0", "deg_2"], "40": ["cc_0", "deg_3"], "24": ["cc_3", "deg_5"], "33": ["cc_33", "deg_2"], "23": ["cc_0", "deg_3"], "27": ["cc_5", "deg_4"], "19": ["cc_10", "deg_5"], "36": ["cc_11", "deg_3"], "10": ["cc_1", "deg_8"], "17": ["cc_33", "deg_2"], "11": ["cc_0", "deg_2"], "22": ["cc_6", "deg_5"], "18": ["cc_11", "deg_4"], "31": ["cc_11", "deg_3"], "2": ["cc_0", "deg_4"], "26": ["cc_0", "deg_3"], "20": ["cc_10", "deg_5"], "14": ["cc_5", "deg_4"], "35": ["cc_4", "deg_6"], "9": ["cc_3", "deg_5"], "8": ["cc_0", "deg_3"], "37": ["cc_10", "deg_5"], "15": ["cc_0", "deg_3"]}, "edges": [[0, 2], [0, 10], [1, 5], [1, 22], [1, 40], [1, 21], [2, 25], [2, 4], [2, 7], [3, 5], [3, 37], [4, 35], [4, 14], [4, 39], [5, 34], [5, 9], [5, 11], [6, 25], [6, 7], [7, 8], [7, 9], [8, 10], [8, 19], [9, 31], [9, 10], [9, 27], [10, 34], [10, 36], [10, 39], [10, 26], [10, 31], [11, 24], [12, 13], [12, 14], [13, 38], [13, 28], [13, 14], [14, 21], [15, 40], [15, 38], [15, 23], [16, 34], [16, 20], [16, 39], [16, 29], [17, 18], [17, 19], [18, 24], [18, 19], [18, 20], [19, 20], [19, 21], [20, 21], [20, 22], [21, 22], [21, 23], [22, 24], [22, 26], [23, 25], [24, 32], [24, 25], [25, 32], [25, 27], [26, 28], [27, 28], [27, 29], [28, 40], [28, 29], [29, 35], [29, 39], [30, 32], [30, 31], [33, 34], [33, 35], [34, 35], [35, 37], [35, 38], [36, 37], [36, 38], [37, 38], [37, 39], [38, 39]]}