{"label": 2, "features": {"53": ["cc_6", "deg_5"], "47": ["cc_0", "deg_2"], "68": ["cc_0", "deg_4"], "21": ["cc_5", "deg_4"], "34": ["cc_11", "deg_3"], "67": ["cc_0", "deg_4"], "41": ["cc_0", "deg_3"], "4": ["cc_0", "deg_4"], "42": ["cc_0", "deg_2"], "12": ["cc_0", "deg_2"], "28": ["cc_5", "deg_4"], "66": ["cc_0", "deg_5"], "5": ["cc_0", "deg_4"], "65": ["cc_0", "deg_4"], "61": ["cc_0", "deg_3"], "3": ["cc_11", "deg_3"], "64": ["cc_0", "deg_2"], "51": ["cc_0", "deg_5"], "24": ["cc_0", "deg_5"], "56": ["cc_3", "deg_8"], "55": ["cc_3", "deg_5"], "19": ["cc_0", "deg_3"], "54": ["cc_11", "deg_3"], "36": ["cc_0", "deg_3"], "17": ["cc_1", "deg_7"], "11": ["cc_0", "deg_4"], "22": ["cc_0", "deg_5"], "71": ["cc_0", "deg_2"], "18": ["cc_0", "deg_4"], "59": ["cc_0", "deg_4"], "2": ["cc_3", "deg_5"], "46": ["cc_0", "deg_3"], "37": ["cc_0", "deg_2"], "38": ["cc_0", "deg_6"], "73": ["cc_0", "deg_2"], "78": ["cc_0", "deg_2"], "9": ["cc_1", "deg_7"], "27": ["cc_5", "deg_4"], "58": ["cc_0", "deg_3"], "35": ["cc_0", "deg_6"], "1": ["cc_2", "deg_6"], "16": ["cc_0", "deg_8"], "80": ["cc_0", "deg_2"], "25": ["cc_6", "deg_5"], "7": ["cc_11", "deg_3"], "39": ["cc_0", "deg_4"], "0": ["cc_3", "deg_5"], "82": ["cc_0", "deg_2"], "83": ["cc_0", "deg_3"], "29": ["cc_0", "deg_3"], "63": ["cc_0", "deg_3"], "13": ["cc_0", "deg_6"], "6": ["cc_0", "deg_5"], "30": ["cc_0", "deg_4"], "14": ["cc_11", "deg_3"], "32": ["cc_0", "deg_3"], "45": ["cc_11", "deg_3"], "10": ["cc_0", "deg_6"], "33": ["cc_0", "deg_4"], "23": ["cc_0", "deg_3"], "69": ["cc_0", "deg_3"], "76": ["cc_0", "deg_4"], "48": ["cc_0", "deg_3"], "79": ["cc_5", "deg_4"], "77": ["cc_0", "deg_5"], "40": ["cc_0", "deg_3"], "81": ["cc_0", "deg_5"], "72": ["cc_0", "deg_5"], "8": ["cc_3", "deg_5"], "44": ["cc_3", "deg_5"], "31": ["cc_0", "deg_4"], "75": ["cc_0", "deg_3"], "26": ["cc_0", "deg_7"], "43": ["cc_0", "deg_4"], "57": ["cc_0", "deg_4"], "20": ["cc_3", "deg_5"], "50": ["cc_0", "deg_4"], "62": ["cc_0", "deg_3"], "60": ["cc_0", "deg_5"], "52": ["cc_5", "deg_4"], "15": ["cc_0", "deg_2"], "74": ["cc_0", "deg_3"], "70": ["cc_0", "deg_5"], "49": ["cc_0", "deg_4"]}, "edges": [[0, 1], [0, 66], [0, 51], [0, 69], [0, 14], [1, 67], [1, 55], [1, 57], [1, 14], [1, 63], [2, 81], [2, 54], [2, 73], [2, 26], [2, 45], [3, 9], [3, 47], [3, 21], [4, 64], [4, 49], [4, 35], [4, 43], [5, 65], [5, 9], [5, 24], [5, 73], [6, 14], [6, 39], [6, 26], [6, 13], [6, 78], [7, 8], [7, 51], [7, 27], [8, 71], [8, 57], [8, 27], [8, 26], [9, 16], [9, 49], [9, 21], [9, 25], [9, 15], [10, 16], [10, 64], [10, 39], [10, 63], [10, 60], [10, 31], [11, 65], [11, 35], [11, 37], [11, 57], [12, 81], [12, 53], [13, 35], [13, 68], [13, 38], [13, 41], [13, 59], [15, 27], [16, 68], [16, 30], [16, 38], [16, 41], [16, 74], [16, 77], [17, 56], [17, 51], [17, 38], [17, 72], [17, 25], [17, 58], [17, 31], [18, 33], [18, 82], [18, 39], [18, 76], [19, 33], [19, 44], [19, 61], [20, 50], [20, 53], [20, 55], [20, 69], [20, 31], [21, 22], [21, 58], [22, 57], [22, 77], [22, 46], [22, 31], [23, 51], [23, 40], [23, 79], [24, 70], [24, 40], [24, 59], [24, 63], [25, 81], [25, 56], [25, 28], [26, 48], [26, 38], [26, 70], [26, 46], [27, 56], [28, 56], [28, 30], [28, 33], [29, 83], [29, 38], [29, 41], [30, 48], [30, 76], [32, 66], [32, 75], [32, 76], [33, 75], [34, 56], [34, 74], [34, 52], [35, 61], [35, 72], [35, 77], [36, 49], [36, 72], [36, 62], [37, 70], [38, 65], [39, 54], [40, 72], [42, 81], [42, 44], [43, 50], [43, 67], [43, 60], [44, 52], [44, 53], [44, 79], [45, 48], [45, 54], [46, 55], [47, 68], [49, 50], [50, 81], [51, 61], [52, 80], [52, 56], [53, 55], [53, 79], [55, 62], [56, 71], [56, 60], [58, 67], [59, 74], [59, 77], [60, 75], [60, 70], [62, 83], [65, 66], [66, 68], [66, 70], [67, 82], [69, 72], [76, 79], [77, 80], [78, 83]]}