{"label": 2, "edges": [[0, 1], [0, 35], [0, 17], [1, 17], [1, 3], [1, 65], [1, 25], [2, 4], [2, 6], [2, 10], [2, 47], [3, 48], [3, 51], [3, 54], [3, 17], [4, 5], [4, 55], [4, 59], [4, 66], [4, 62], [5, 8], [5, 7], [5, 56], [5, 31], [6, 8], [6, 43], [7, 17], [7, 51], [7, 15], [8, 36], [8, 46], [9, 32], [9, 64], [9, 36], [9, 20], [10, 64], [11, 55], [11, 12], [11, 46], [12, 24], [12, 28], [12, 29], [12, 31], [13, 32], [13, 20], [13, 54], [13, 23], [13, 24], [13, 59], [13, 28], [13, 15], [14, 17], [14, 52], [14, 58], [14, 27], [15, 32], [15, 17], [15, 53], [15, 40], [16, 64], [16, 37], [16, 39], [17, 19], [17, 37], [17, 55], [18, 50], [18, 59], [18, 20], [18, 23], [18, 55], [18, 60], [19, 32], [19, 21], [20, 60], [21, 35], [21, 22], [21, 23], [22, 51], [22, 23], [23, 54], [24, 64], [24, 38], [25, 32], [25, 27], [26, 48], [26, 35], [26, 55], [27, 56], [27, 42], [27, 29], [27, 45], [28, 49], [28, 29], [29, 45], [30, 56], [30, 43], [30, 53], [31, 34], [33, 34], [33, 38], [34, 35], [36, 52], [38, 66], [39, 64], [39, 49], [39, 50], [40, 64], [40, 66], [40, 42], [41, 43], [41, 54], [42, 64], [42, 44], [44, 64], [44, 56], [44, 45], [45, 47], [46, 54], [47, 49], [47, 60], [48, 55], [48, 58], [49, 56], [52, 57], [52, 58], [53, 64], [57, 58], [61, 65], [61, 63], [62, 64], [63, 64], [63, 65], [63, 66], [65, 66]], "features": {"27": ["cc_2", "deg_6"], "35": ["cc_0", "deg_4"], "43": ["cc_0", "deg_3"], "47": ["cc_0", "deg_4"], "32": ["cc_3", "deg_5"], "56": ["cc_0", "deg_5"], "9": ["cc_0", "deg_4"], "33": ["cc_0", "deg_2"], "48": ["cc_5", "deg_4"], "55": ["cc_2", "deg_6"], "0": ["cc_11", "deg_3"], "2": ["cc_0", "deg_4"], "18": ["cc_2", "deg_6"], "5": ["cc_0", "deg_5"], "14": ["cc_5", "deg_4"], "38": ["cc_0", "deg_3"], "44": ["cc_5", "deg_4"], "39": ["cc_5", "deg_4"], "3": ["cc_3", "deg_5"], "28": ["cc_5", "deg_4"], "51": ["cc_0", "deg_3"], "23": ["cc_6", "deg_5"], "19": ["cc_0", "deg_3"], "61": ["cc_33", "deg_2"], "34": ["cc_0", "deg_3"], "11": ["cc_0", "deg_3"], "17": ["cc_2", "deg_9"], "12": ["cc_3", "deg_5"], "25": ["cc_0", "deg_3"], "24": ["cc_0", "deg_4"], "62": ["cc_0", "deg_2"], "59": ["cc_0", "deg_3"], "22": ["cc_11", "deg_3"], "60": ["cc_11", "deg_3"], "65": ["cc_11", "deg_4"], "15": ["cc_4", "deg_6"], "4": ["cc_0", "deg_6"], "37": ["cc_0", "deg_2"], "45": ["cc_5", "deg_4"], "42": ["cc_11", "deg_4"], "30": ["cc_0", "deg_3"], "31": ["cc_0", "deg_3"], "66": ["cc_3", "deg_5"], "36": ["cc_0", "deg_3"], "57": ["cc_33", "deg_2"], "53": ["cc_0", "deg_3"], "10": ["cc_0", "deg_2"], "49": ["cc_0", "deg_4"], "1": ["cc_6", "deg_5"], "46": ["cc_0", "deg_3"], "26": ["cc_11", "deg_3"], "40": ["cc_5", "deg_4"], "41": ["cc_0", "deg_2"], "20": ["cc_5", "deg_4"], "29": ["cc_11", "deg_4"], "52": ["cc_11", "deg_4"], "58": ["cc_11", "deg_4"], "63": ["cc_11", "deg_4"], "64": ["cc_1", "deg_11"], "13": ["cc_2", "deg_8"], "6": ["cc_0", "deg_3"], "7": ["cc_5", "deg_4"], "50": ["cc_0", "deg_2"], "8": ["cc_0", "deg_4"], "16": ["cc_11", "deg_3"], "54": ["cc_3", "deg_5"], "21": ["cc_5", "deg_4"]}}