{"label": 1, "features": {"1": ["cc_9", "deg_8"], "16": ["cc_6", "deg_7"], "4": ["cc_4", "deg_7"], "21": ["cc_9", "deg_7"], "32": ["cc_11", "deg_7"], "34": ["cc_11", "deg_4"], "7": ["cc_0", "deg_5"], "25": ["cc_4", "deg_6"], "0": ["cc_6", "deg_9"], "12": ["cc_4", "deg_6"], "29": ["cc_6", "deg_5"], "28": ["cc_5", "deg_4"], "13": ["cc_13", "deg_5"], "6": ["cc_0", "deg_6"], "30": ["cc_9", "deg_7"], "5": ["cc_0", "deg_4"], "3": ["cc_8", "deg_6"], "24": ["cc_6", "deg_5"], "33": ["cc_5", "deg_8"], "23": ["cc_10", "deg_5"], "27": ["cc_3", "deg_5"], "19": ["cc_8", "deg_8"], "36": ["cc_13", "deg_6"], "10": ["cc_0", "deg_5"], "17": ["cc_16", "deg_4"], "11": ["cc_4", "deg_7"], "22": ["cc_13", "deg_6"], "18": ["cc_7", "deg_7"], "31": ["cc_11", "deg_6"], "2": ["cc_13", "deg_6"], "26": ["cc_5", "deg_4"], "20": ["cc_17", "deg_6"], "14": ["cc_13", "deg_6"], "35": ["cc_8", "deg_6"], "9": ["cc_3", "deg_7"], "8": ["cc_0", "deg_5"], "15": ["cc_6", "deg_7"]}, "edges": [[0, 1], [0, 2], [0, 36], [0, 9], [0, 10], [0, 19], [0, 21], [0, 22], [0, 25], [1, 35], [1, 2], [1, 3], [1, 4], [1, 36], [1, 29], [1, 15], [2, 3], [2, 4], [2, 5], [2, 36], [3, 35], [3, 4], [3, 8], [3, 18], [4, 33], [4, 6], [4, 7], [4, 27], [5, 6], [5, 7], [5, 18], [6, 16], [6, 8], [6, 9], [6, 12], [7, 16], [7, 9], [7, 10], [8, 11], [8, 28], [8, 15], [9, 22], [9, 31], [9, 11], [9, 15], [10, 12], [10, 13], [10, 30], [11, 35], [11, 22], [11, 12], [11, 13], [11, 14], [12, 25], [12, 14], [12, 15], [13, 16], [13, 14], [13, 15], [14, 16], [14, 17], [14, 15], [15, 16], [16, 18], [16, 19], [17, 18], [17, 19], [17, 20], [18, 19], [18, 20], [18, 21], [19, 20], [19, 22], [19, 23], [19, 28], [20, 21], [20, 22], [20, 23], [21, 22], [21, 23], [21, 24], [21, 25], [23, 32], [23, 33], [24, 32], [24, 25], [24, 26], [24, 31], [25, 33], [25, 27], [26, 27], [26, 28], [26, 29], [27, 32], [27, 30], [28, 29], [29, 32], [29, 30], [30, 32], [30, 33], [30, 34], [30, 31], [31, 32], [31, 33], [31, 34], [32, 33], [33, 35], [33, 36], [34, 35], [34, 36], [35, 36]]}