{"label": 2, "features": {"47": ["cc_0", "deg_2"], "21": ["cc_0", "deg_2"], "34": ["cc_0", "deg_1"], "41": ["cc_0", "deg_1"], "4": ["cc_0", "deg_3"], "42": ["cc_0", "deg_2"], "12": ["cc_0", "deg_1"], "28": ["cc_0", "deg_2"], "5": ["cc_0", "deg_3"], "3": ["cc_0", "deg_1"], "51": ["cc_0", "deg_4"], "24": ["cc_0", "deg_3"], "19": ["cc_0", "deg_1"], "36": ["cc_0", "deg_1"], "17": ["cc_0", "deg_1"], "11": ["cc_0", "deg_2"], "22": ["cc_0", "deg_1"], "18": ["cc_0", "deg_2"], "2": ["cc_0", "deg_1"], "46": ["cc_0", "deg_2"], "37": ["cc_0", "deg_1"], "38": ["cc_0", "deg_1"], "9": ["cc_0", "deg_2"], "27": ["cc_0", "deg_1"], "35": ["cc_0", "deg_3"], "1": ["cc_0", "deg_2"], "16": ["cc_0", "deg_2"], "25": ["cc_0", "deg_1"], "7": ["cc_0", "deg_3"], "39": ["cc_0", "deg_1"], "0": ["cc_0", "deg_2"], "29": ["cc_0", "deg_2"], "13": ["cc_0", "deg_2"], "6": ["cc_0", "deg_1"], "30": ["cc_0", "deg_5"], "14": ["cc_0", "deg_3"], "32": ["cc_0", "deg_1"], "45": ["cc_0", "deg_4"], "10": ["cc_0", "deg_2"], "33": ["cc_0", "deg_2"], "23": ["cc_0", "deg_2"], "48": ["cc_0", "deg_1"], "40": ["cc_0", "deg_3"], "8": ["cc_0", "deg_2"], "44": ["cc_0", "deg_1"], "31": ["cc_0", "deg_3"], "26": ["cc_0", "deg_3"], "43": ["cc_0", "deg_5"], "20": ["cc_0", "deg_2"], "50": ["cc_0", "deg_2"], "15": ["cc_0", "deg_2"], "49": ["cc_0", "deg_1"]}, "edges": [[0, 12], [0, 5], [1, 40], [1, 35], [2, 51], [3, 4], [4, 5], [4, 39], [5, 14], [6, 15], [7, 35], [7, 20], [7, 21], [8, 30], [8, 23], [9, 10], [9, 36], [10, 11], [11, 28], [13, 26], [13, 19], [14, 34], [14, 43], [15, 16], [16, 31], [17, 51], [18, 51], [18, 29], [20, 24], [21, 46], [22, 33], [23, 24], [24, 33], [25, 26], [26, 45], [27, 45], [28, 30], [29, 30], [30, 48], [30, 37], [31, 40], [31, 47], [32, 47], [35, 50], [38, 40], [41, 42], [42, 43], [43, 51], [43, 46], [43, 45], [44, 45], [49, 50]]}