{"label": 2, "edges": [[0, 17], [0, 20], [0, 6], [0, 15], [1, 24], [1, 25], [1, 27], [2, 20], [2, 5], [2, 22], [2, 28], [3, 12], [3, 20], [4, 19], [4, 21], [4, 9], [4, 27], [4, 12], [5, 6], [5, 23], [5, 26], [5, 12], [5, 13], [6, 26], [6, 28], [7, 27], [7, 23], [8, 17], [8, 19], [9, 16], [9, 21], [9, 11], [10, 18], [10, 11], [10, 29], [11, 12], [11, 26], [12, 19], [12, 26], [13, 17], [13, 23], [14, 20], [14, 27], [14, 15], [15, 20], [15, 24], [15, 27], [16, 17], [16, 22], [17, 24], [17, 29], [18, 28], [18, 20], [19, 25], [19, 29], [20, 23], [22, 23], [23, 24], [24, 29], [25, 26]], "features": {"27": ["cc_3", "deg_5"], "22": ["cc_0", "deg_3"], "15": ["cc_10", "deg_5"], "4": ["cc_6", "deg_5"], "0": ["cc_5", "deg_4"], "2": ["cc_0", "deg_4"], "6": ["cc_5", "deg_4"], "18": ["cc_0", "deg_3"], "5": ["cc_6", "deg_6"], "10": ["cc_0", "deg_3"], "14": ["cc_22", "deg_3"], "1": ["cc_0", "deg_3"], "29": ["cc_5", "deg_4"], "8": ["cc_0", "deg_2"], "20": ["cc_3", "deg_7"], "26": ["cc_10", "deg_5"], "3": ["cc_0", "deg_2"], "11": ["cc_5", "deg_4"], "28": ["cc_0", "deg_3"], "23": ["cc_2", "deg_6"], "19": ["cc_3", "deg_5"], "13": ["cc_11", "deg_3"], "16": ["cc_0", "deg_3"], "7": ["cc_0", "deg_2"], "17": ["cc_2", "deg_6"], "12": ["cc_6", "deg_6"], "25": ["cc_0", "deg_3"], "24": ["cc_3", "deg_5"], "9": ["cc_5", "deg_4"], "21": ["cc_33", "deg_2"]}}