{"label": 2, "edges": [[0, 30], [0, 13], [0, 54], [1, 35], [1, 51], [1, 43], [2, 48], [2, 20], [3, 71], [4, 58], [4, 67], [4, 52], [4, 61], [5, 60], [6, 50], [6, 37], [7, 70], [8, 56], [8, 17], [9, 56], [10, 32], [11, 48], [11, 19], [12, 13], [12, 55], [14, 25], [14, 53], [15, 42], [15, 60], [16, 56], [16, 71], [17, 18], [17, 29], [18, 57], [19, 23], [20, 46], [21, 42], [21, 47], [22, 57], [23, 36], [24, 39], [25, 51], [26, 30], [27, 41], [27, 66], [27, 38], [28, 40], [28, 61], [31, 53], [32, 48], [32, 62], [33, 57], [33, 53], [34, 64], [36, 64], [38, 39], [39, 40], [42, 50], [43, 68], [44, 46], [45, 59], [47, 62], [48, 69], [49, 59], [49, 63], [51, 67], [53, 68], [54, 64], [59, 60], [64, 70], [65, 66], [68, 69]], "features": {"27": ["cc_0", "deg_3"], "35": ["cc_0", "deg_1"], "43": ["cc_0", "deg_2"], "47": ["cc_0", "deg_2"], "32": ["cc_0", "deg_3"], "56": ["cc_0", "deg_3"], "9": ["cc_0", "deg_1"], "33": ["cc_0", "deg_2"], "48": ["cc_0", "deg_4"], "55": ["cc_0", "deg_1"], "0": ["cc_0", "deg_3"], "2": ["cc_0", "deg_2"], "18": ["cc_0", "deg_2"], "5": ["cc_0", "deg_1"], "14": ["cc_0", "deg_2"], "38": ["cc_0", "deg_2"], "44": ["cc_0", "deg_1"], "39": ["cc_0", "deg_3"], "3": ["cc_0", "deg_1"], "68": ["cc_0", "deg_3"], "28": ["cc_0", "deg_2"], "51": ["cc_0", "deg_3"], "23": ["cc_0", "deg_2"], "19": ["cc_0", "deg_2"], "61": ["cc_0", "deg_2"], "34": ["cc_0", "deg_1"], "11": ["cc_0", "deg_2"], "17": ["cc_0", "deg_3"], "12": ["cc_0", "deg_2"], "25": ["cc_0", "deg_2"], "24": ["cc_0", "deg_1"], "62": ["cc_0", "deg_2"], "59": ["cc_0", "deg_3"], "69": ["cc_0", "deg_2"], "22": ["cc_0", "deg_1"], "60": ["cc_0", "deg_3"], "70": ["cc_0", "deg_2"], "65": ["cc_0", "deg_1"], "71": ["cc_0", "deg_2"], "15": ["cc_0", "deg_2"], "4": ["cc_0", "deg_4"], "37": ["cc_0", "deg_1"], "45": ["cc_0", "deg_1"], "42": ["cc_0", "deg_3"], "30": ["cc_0", "deg_2"], "31": ["cc_0", "deg_1"], "66": ["cc_0", "deg_2"], "36": ["cc_0", "deg_2"], "67": ["cc_0", "deg_2"], "57": ["cc_0", "deg_3"], "53": ["cc_0", "deg_4"], "10": ["cc_0", "deg_1"], "49": ["cc_0", "deg_2"], "1": ["cc_0", "deg_3"], "46": ["cc_0", "deg_2"], "26": ["cc_0", "deg_1"], "40": ["cc_0", "deg_2"], "41": ["cc_0", "deg_1"], "20": ["cc_0", "deg_2"], "29": ["cc_0", "deg_1"], "52": ["cc_0", "deg_1"], "58": ["cc_0", "deg_1"], "63": ["cc_0", "deg_1"], "64": ["cc_0", "deg_4"], "13": ["cc_0", "deg_2"], "6": ["cc_0", "deg_2"], "7": ["cc_0", "deg_1"], "50": ["cc_0", "deg_2"], "8": ["cc_0", "deg_2"], "16": ["cc_0", "deg_2"], "54": ["cc_0", "deg_2"], "21": ["cc_0", "deg_2"]}}