{"label": 2, "features": {"1": ["cc_3", "deg_8"], "16": ["cc_3", "deg_11"], "4": ["cc_0", "deg_3"], "21": ["cc_3", "deg_5"], "32": ["cc_11", "deg_4"], "34": ["cc_6", "deg_5"], "7": ["cc_5", "deg_4"], "25": ["cc_3", "deg_5"], "0": ["cc_0", "deg_4"], "39": ["cc_3", "deg_5"], "12": ["cc_1", "deg_7"], "29": ["cc_0", "deg_5"], "28": ["cc_3", "deg_5"], "13": ["cc_4", "deg_6"], "6": ["cc_4", "deg_6"], "30": ["cc_6", "deg_7"], "5": ["cc_4", "deg_7"], "38": ["cc_3", "deg_9"], "3": ["cc_5", "deg_4"], "40": ["cc_0", "deg_3"], "24": ["cc_5", "deg_4"], "33": ["cc_5", "deg_4"], "23": ["cc_6", "deg_5"], "27": ["cc_0", "deg_3"], "19": ["cc_4", "deg_8"], "36": ["cc_3", "deg_5"], "10": ["cc_4", "deg_8"], "17": ["cc_3", "deg_8"], "11": ["cc_11", "deg_6"], "22": ["cc_4", "deg_8"], "18": ["cc_4", "deg_7"], "31": ["cc_0", "deg_6"], "2": ["cc_3", "deg_11"], "26": ["cc_4", "deg_6"], "20": ["cc_9", "deg_7"], "14": ["cc_0", "deg_5"], "35": ["cc_2", "deg_6"], "9": ["cc_4", "deg_7"], "8": ["cc_3", "deg_7"], "37": ["cc_11", "deg_4"], "15": ["cc_2", "deg_8"]}, "edges": [[0, 35], [0, 2], [0, 36], [0, 26], [1, 32], [1, 8], [1, 2], [1, 17], [1, 6], [1, 22], [1, 39], [1, 29], [2, 5], [2, 38], [2, 32], [2, 40], [2, 10], [2, 11], [2, 13], [2, 19], [2, 31], [3, 32], [3, 17], [3, 12], [3, 37], [4, 17], [4, 5], [4, 8], [5, 30], [5, 6], [5, 9], [5, 11], [5, 14], [6, 22], [6, 13], [6, 30], [6, 21], [7, 39], [7, 9], [7, 10], [7, 26], [8, 19], [8, 22], [8, 23], [8, 38], [8, 31], [9, 16], [9, 35], [9, 38], [9, 10], [9, 23], [10, 35], [10, 36], [10, 21], [10, 13], [10, 30], [11, 30], [11, 38], [11, 18], [11, 13], [12, 40], [12, 14], [12, 16], [12, 17], [12, 21], [12, 24], [13, 16], [13, 15], [14, 35], [14, 22], [14, 39], [15, 17], [15, 18], [15, 38], [15, 25], [15, 27], [15, 30], [15, 31], [16, 33], [16, 34], [16, 37], [16, 39], [16, 19], [16, 20], [16, 23], [16, 31], [17, 18], [17, 26], [17, 28], [18, 34], [18, 19], [18, 35], [18, 26], [19, 32], [19, 20], [19, 22], [19, 24], [20, 38], [20, 22], [20, 23], [20, 33], [20, 37], [21, 36], [21, 23], [22, 25], [22, 27], [24, 25], [24, 28], [25, 28], [25, 29], [26, 33], [26, 34], [27, 28], [28, 30], [29, 34], [29, 36], [29, 31], [30, 38], [31, 35], [33, 40], [34, 39], [36, 38], [37, 38]]}