{"label": 0, "edges": [[0, 1], [0, 2], [0, 36], [0, 37], [1, 2], [1, 3], [1, 37], [2, 3], [2, 4], [3, 20], [3, 5], [4, 5], [4, 6], [5, 6], [5, 7], [6, 8], [6, 7], [7, 8], [7, 9], [8, 9], [8, 10], [9, 10], [9, 11], [10, 11], [10, 12], [11, 12], [11, 13], [12, 13], [12, 14], [13, 14], [13, 15], [14, 16], [14, 15], [15, 16], [15, 17], [16, 17], [16, 18], [17, 18], [17, 19], [18, 19], [18, 20], [19, 20], [19, 21], [20, 21], [20, 22], [21, 22], [21, 23], [22, 24], [22, 23], [23, 24], [23, 25], [24, 25], [24, 26], [25, 26], [25, 27], [26, 27], [26, 28], [27, 28], [27, 29], [28, 29], [28, 30], [29, 30], [29, 31], [30, 32], [30, 31], [31, 32], [31, 33], [32, 33], [32, 34], [33, 34], [33, 35], [34, 35], [34, 36], [35, 36], [35, 37], [36, 37]], "features": {"27": ["cc_16", "deg_4"], "22": ["cc_16", "deg_4"], "32": ["cc_16", "deg_4"], "15": ["cc_16", "deg_4"], "4": ["cc_11", "deg_3"], "33": ["cc_16", "deg_4"], "35": ["cc_16", "deg_4"], "30": ["cc_16", "deg_4"], "0": ["cc_16", "deg_4"], "2": ["cc_11", "deg_4"], "6": ["cc_16", "deg_4"], "18": ["cc_16", "deg_4"], "5": ["cc_11", "deg_4"], "10": ["cc_16", "deg_4"], "14": ["cc_16", "deg_4"], "1": ["cc_16", "deg_4"], "29": ["cc_16", "deg_4"], "37": ["cc_16", "deg_4"], "8": ["cc_16", "deg_4"], "20": ["cc_10", "deg_5"], "26": ["cc_16", "deg_4"], "3": ["cc_5", "deg_4"], "11": ["cc_16", "deg_4"], "28": ["cc_16", "deg_4"], "23": ["cc_16", "deg_4"], "19": ["cc_16", "deg_4"], "36": ["cc_16", "deg_4"], "34": ["cc_16", "deg_4"], "13": ["cc_16", "deg_4"], "16": ["cc_16", "deg_4"], "7": ["cc_16", "deg_4"], "17": ["cc_16", "deg_4"], "12": ["cc_16", "deg_4"], "31": ["cc_16", "deg_4"], "25": ["cc_16", "deg_4"], "24": ["cc_16", "deg_4"], "9": ["cc_16", "deg_4"], "21": ["cc_16", "deg_4"]}}