{"label": 0, "features": {"1": ["cc_17", "deg_6"], "16": ["cc_17", "deg_6"], "4": ["cc_13", "deg_6"], "21": ["cc_11", "deg_6"], "32": ["cc_22", "deg_4"], "34": ["cc_16", "deg_5"], "7": ["cc_23", "deg_5"], "25": ["cc_15", "deg_6"], "0": ["cc_11", "deg_6"], "12": ["cc_3", "deg_5"], "29": ["cc_16", "deg_5"], "28": ["cc_4", "deg_6"], "13": ["cc_6", "deg_5"], "6": ["cc_12", "deg_7"], "30": ["cc_12", "deg_7"], "5": ["cc_11", "deg_6"], "3": ["cc_13", "deg_6"], "24": ["cc_17", "deg_6"], "33": ["cc_15", "deg_6"], "23": ["cc_11", "deg_7"], "27": ["cc_15", "deg_7"], "19": ["cc_13", "deg_6"], "36": ["cc_15", "deg_6"], "10": ["cc_11", "deg_6"], "17": ["cc_20", "deg_6"], "11": ["cc_6", "deg_5"], "22": ["cc_17", "deg_6"], "18": ["cc_12", "deg_7"], "31": ["cc_13", "deg_5"], "2": ["cc_11", "deg_6"], "26": ["cc_20", "deg_5"], "20": ["cc_15", "deg_6"], "14": ["cc_13", "deg_5"], "35": ["cc_9", "deg_7"], "9": ["cc_9", "deg_7"], "8": ["cc_12", "deg_7"], "37": ["cc_8", "deg_6"], "15": ["cc_5", "deg_9"]}, "edges": [[0, 1], [0, 3], [0, 36], [0, 37], [0, 35], [0, 28], [1, 2], [1, 3], [1, 4], [1, 37], [1, 36], [2, 3], [2, 4], [2, 5], [2, 12], [2, 37], [3, 4], [3, 6], [3, 8], [4, 5], [4, 6], [4, 15], [5, 6], [5, 7], [5, 8], [5, 28], [6, 18], [6, 7], [6, 8], [6, 9], [7, 8], [7, 9], [7, 10], [8, 35], [8, 9], [8, 10], [9, 19], [9, 10], [9, 11], [9, 12], [10, 11], [10, 13], [10, 15], [11, 21], [11, 13], [11, 14], [12, 35], [12, 14], [12, 15], [13, 16], [13, 18], [13, 37], [14, 16], [14, 17], [14, 15], [15, 16], [15, 17], [15, 18], [15, 28], [15, 31], [16, 17], [16, 18], [16, 19], [17, 18], [17, 19], [17, 20], [18, 19], [18, 20], [19, 20], [19, 22], [20, 21], [20, 22], [20, 23], [21, 34], [21, 22], [21, 23], [21, 24], [22, 23], [22, 24], [22, 25], [23, 24], [23, 25], [23, 29], [23, 37], [24, 25], [24, 26], [24, 27], [25, 26], [25, 27], [25, 28], [26, 27], [26, 29], [26, 30], [27, 28], [27, 29], [27, 30], [27, 31], [28, 30], [29, 30], [29, 31], [30, 32], [30, 33], [30, 31], [31, 33], [32, 33], [32, 34], [32, 35], [33, 34], [33, 35], [33, 36], [34, 35], [34, 36], [35, 36], [36, 37]]}