{"label": 2, "features": {"47": ["cc_0", "deg_2"], "21": ["cc_0", "deg_2"], "34": ["cc_0", "deg_3"], "41": ["cc_0", "deg_3"], "4": ["cc_0", "deg_5"], "42": ["cc_0", "deg_2"], "12": ["cc_0", "deg_3"], "28": ["cc_5", "deg_4"], "5": ["cc_0", "deg_2"], "3": ["cc_5", "deg_4"], "51": ["cc_0", "deg_5"], "24": ["cc_1", "deg_7"], "19": ["cc_0", "deg_4"], "36": ["cc_0", "deg_4"], "17": ["cc_0", "deg_2"], "11": ["cc_0", "deg_5"], "22": ["cc_11", "deg_3"], "18": ["cc_0", "deg_2"], "2": ["cc_0", "deg_5"], "46": ["cc_33", "deg_2"], "37": ["cc_4", "deg_6"], "38": ["cc_0", "deg_2"], "9": ["cc_4", "deg_6"], "27": ["cc_11", "deg_3"], "35": ["cc_0", "deg_4"], "1": ["cc_0", "deg_2"], "16": ["cc_0", "deg_4"], "25": ["cc_0", "deg_5"], "7": ["cc_0", "deg_5"], "39": ["cc_1", "deg_8"], "0": ["cc_0", "deg_4"], "29": ["cc_1", "deg_7"], "13": ["cc_0", "deg_6"], "6": ["cc_0", "deg_5"], "30": ["cc_5", "deg_4"], "14": ["cc_0", "deg_3"], "32": ["cc_3", "deg_5"], "45": ["cc_0", "deg_5"], "10": ["cc_6", "deg_5"], "33": ["cc_6", "deg_5"], "23": ["cc_0", "deg_4"], "48": ["cc_0", "deg_4"], "40": ["cc_0", "deg_6"], "8": ["cc_0", "deg_3"], "44": ["cc_0", "deg_2"], "31": ["cc_0", "deg_2"], "26": ["cc_0", "deg_5"], "43": ["cc_0", "deg_2"], "20": ["cc_0", "deg_5"], "50": ["cc_0", "deg_3"], "15": ["cc_0", "deg_5"], "49": ["cc_0", "deg_4"]}, "edges": [[0, 35], [0, 51], [0, 23], [0, 13], [1, 2], [1, 37], [2, 48], [2, 23], [2, 9], [2, 29], [3, 33], [3, 37], [3, 39], [3, 11], [4, 36], [4, 21], [4, 39], [4, 24], [4, 14], [5, 45], [5, 39], [6, 36], [6, 7], [6, 40], [6, 45], [6, 47], [7, 24], [7, 44], [7, 42], [7, 12], [8, 9], [8, 11], [8, 14], [9, 49], [9, 37], [9, 39], [9, 10], [10, 20], [10, 37], [10, 39], [10, 11], [11, 49], [11, 40], [12, 51], [12, 13], [13, 36], [13, 21], [13, 40], [13, 15], [14, 29], [15, 32], [15, 19], [15, 43], [15, 45], [16, 48], [16, 36], [16, 24], [16, 34], [17, 33], [17, 19], [18, 35], [18, 20], [19, 25], [19, 37], [20, 48], [20, 26], [20, 28], [22, 24], [22, 27], [22, 46], [23, 24], [23, 25], [24, 50], [24, 46], [25, 31], [25, 26], [25, 51], [26, 35], [26, 41], [26, 45], [27, 28], [27, 29], [28, 29], [28, 31], [29, 41], [29, 34], [29, 30], [30, 32], [30, 40], [30, 33], [32, 33], [32, 34], [32, 41], [33, 37], [35, 49], [38, 40], [38, 39], [39, 50], [39, 42], [40, 51], [43, 51], [44, 45], [47, 48], [49, 50]]}