{"label": 2, "features": {"47": ["cc_4", "deg_6"], "21": ["cc_0", "deg_4"], "34": ["cc_0", "deg_4"], "41": ["cc_0", "deg_4"], "4": ["cc_2", "deg_6"], "42": ["cc_33", "deg_2"], "12": ["cc_1", "deg_7"], "28": ["cc_0", "deg_3"], "5": ["cc_0", "deg_4"], "3": ["cc_0", "deg_3"], "24": ["cc_5", "deg_4"], "19": ["cc_5", "deg_4"], "36": ["cc_0", "deg_5"], "17": ["cc_5", "deg_4"], "11": ["cc_0", "deg_2"], "22": ["cc_2", "deg_6"], "18": ["cc_0", "deg_2"], "2": ["cc_0", "deg_5"], "46": ["cc_0", "deg_5"], "37": ["cc_0", "deg_4"], "38": ["cc_0", "deg_5"], "9": ["cc_11", "deg_4"], "27": ["cc_0", "deg_3"], "35": ["cc_0", "deg_2"], "1": ["cc_0", "deg_4"], "16": ["cc_3", "deg_5"], "25": ["cc_0", "deg_2"], "7": ["cc_3", "deg_5"], "39": ["cc_0", "deg_5"], "0": ["cc_3", "deg_5"], "29": ["cc_0", "deg_5"], "13": ["cc_0", "deg_4"], "6": ["cc_0", "deg_4"], "30": ["cc_0", "deg_3"], "14": ["cc_0", "deg_4"], "32": ["cc_0", "deg_6"], "45": ["cc_0", "deg_2"], "10": ["cc_0", "deg_3"], "33": ["cc_11", "deg_3"], "23": ["cc_11", "deg_3"], "40": ["cc_0", "deg_3"], "8": ["cc_3", "deg_7"], "44": ["cc_0", "deg_3"], "31": ["cc_0", "deg_5"], "26": ["cc_5", "deg_4"], "43": ["cc_0", "deg_2"], "20": ["cc_3", "deg_5"], "15": ["cc_33", "deg_2"]}, "edges": [[0, 1], [0, 4], [0, 9], [0, 44], [0, 47], [1, 2], [1, 40], [1, 34], [2, 6], [2, 32], [2, 27], [2, 46], [3, 8], [3, 41], [3, 5], [4, 37], [4, 24], [4, 28], [4, 30], [4, 15], [5, 32], [5, 6], [5, 29], [6, 20], [6, 43], [7, 16], [7, 34], [7, 21], [7, 8], [7, 42], [8, 20], [8, 22], [8, 42], [8, 12], [8, 46], [9, 26], [9, 30], [9, 47], [10, 43], [10, 12], [10, 46], [11, 19], [11, 47], [12, 32], [12, 34], [12, 20], [12, 13], [12, 14], [13, 36], [13, 38], [13, 23], [14, 37], [14, 46], [14, 31], [15, 24], [16, 32], [16, 17], [16, 22], [16, 23], [17, 23], [17, 25], [17, 31], [18, 19], [18, 20], [19, 22], [19, 33], [20, 39], [21, 22], [21, 41], [21, 26], [22, 33], [22, 29], [24, 36], [24, 27], [25, 44], [26, 35], [26, 47], [27, 38], [28, 29], [28, 47], [29, 44], [29, 31], [30, 31], [31, 36], [32, 35], [32, 36], [33, 38], [34, 39], [36, 37], [37, 39], [38, 39], [38, 41], [39, 40], [40, 41], [45, 46], [45, 47]]}