{"label": 1, "edges": [[0, 64], [0, 2], [0, 38], [0, 8], [1, 64], [1, 2], [1, 4], [1, 21], [1, 56], [1, 12], [1, 63], [2, 19], [2, 18], [2, 3], [2, 4], [2, 49], [2, 52], [2, 31], [3, 20], [3, 6], [3, 55], [4, 51], [4, 5], [4, 6], [4, 33], [4, 38], [4, 44], [5, 6], [5, 7], [5, 41], [5, 43], [5, 28], [5, 44], [6, 24], [6, 35], [6, 7], [6, 26], [6, 28], [6, 46], [7, 18], [7, 55], [7, 9], [7, 30], [8, 33], [8, 36], [8, 38], [8, 59], [8, 29], [8, 61], [9, 32], [9, 21], [9, 58], [9, 12], [9, 45], [9, 61], [10, 59], [10, 23], [10, 12], [10, 15], [11, 36], [11, 41], [11, 57], [11, 12], [11, 13], [12, 54], [12, 13], [13, 48], [13, 64], [13, 46], [13, 14], [14, 19], [14, 50], [14, 35], [14, 40], [14, 58], [14, 62], [14, 15], [15, 16], [15, 18], [15, 36], [15, 53], [15, 44], [15, 27], [16, 17], [16, 18], [16, 37], [16, 57], [17, 32], [17, 20], [17, 62], [17, 55], [17, 63], [18, 54], [18, 63], [19, 44], [20, 21], [20, 60], [20, 63], [21, 54], [21, 22], [21, 23], [21, 26], [21, 27], [21, 30], [22, 64], [22, 23], [22, 24], [22, 57], [23, 34], [23, 42], [23, 25], [23, 59], [23, 62], [24, 52], [24, 27], [24, 31], [25, 52], [25, 27], [25, 28], [26, 29], [26, 30], [26, 31], [27, 29], [28, 56], [28, 42], [28, 59], [28, 29], [29, 32], [29, 54], [29, 39], [29, 30], [29, 31], [30, 32], [30, 59], [30, 47], [31, 35], [31, 37], [32, 33], [32, 34], [32, 51], [32, 36], [33, 35], [33, 52], [34, 64], [34, 52], [34, 39], [35, 36], [35, 60], [36, 49], [36, 50], [36, 37], [37, 49], [37, 39], [37, 46], [37, 47], [38, 39], [38, 59], [39, 56], [39, 54], [40, 41], [40, 42], [41, 48], [41, 46], [42, 50], [42, 44], [43, 61], [43, 47], [44, 51], [44, 45], [45, 56], [45, 61], [46, 49], [46, 62], [47, 49], [47, 57], [48, 49], [48, 57], [49, 53], [51, 60], [52, 53], [52, 54], [53, 55], [53, 61], [54, 55], [55, 56], [55, 57], [57, 63], [57, 60], [58, 59], [58, 60], [59, 61], [60, 61], [60, 63], [61, 62], [62, 64]], "features": {"27": ["cc_0", "deg_5"], "35": ["cc_0", "deg_6"], "43": ["cc_0", "deg_3"], "47": ["cc_3", "deg_5"], "32": ["cc_1", "deg_8"], "56": ["cc_0", "deg_5"], "9": ["cc_1", "deg_7"], "33": ["cc_0", "deg_5"], "48": ["cc_0", "deg_4"], "55": ["cc_0", "deg_7"], "0": ["cc_5", "deg_4"], "2": ["cc_0", "deg_9"], "18": ["cc_2", "deg_6"], "5": ["cc_6", "deg_7"], "14": ["cc_0", "deg_8"], "38": ["cc_6", "deg_5"], "44": ["cc_3", "deg_7"], "39": ["cc_2", "deg_6"], "3": ["cc_0", "deg_4"], "28": ["cc_1", "deg_7"], "51": ["cc_5", "deg_4"], "23": ["cc_2", "deg_8"], "19": ["cc_0", "deg_3"], "61": ["cc_2", "deg_8"], "34": ["cc_0", "deg_5"], "11": ["cc_3", "deg_5"], "17": ["cc_2", "deg_6"], "12": ["cc_2", "deg_6"], "25": ["cc_0", "deg_4"], "24": ["cc_0", "deg_5"], "62": ["cc_0", "deg_6"], "59": ["cc_3", "deg_8"], "22": ["cc_3", "deg_5"], "60": ["cc_3", "deg_7"], "15": ["cc_1", "deg_8"], "4": ["cc_4", "deg_8"], "37": ["cc_4", "deg_7"], "45": ["cc_5", "deg_4"], "42": ["cc_0", "deg_5"], "30": ["cc_4", "deg_7"], "31": ["cc_2", "deg_6"], "36": ["cc_1", "deg_8"], "57": ["cc_1", "deg_8"], "53": ["cc_0", "deg_5"], "10": ["cc_5", "deg_4"], "49": ["cc_4", "deg_7"], "1": ["cc_1", "deg_7"], "46": ["cc_2", "deg_6"], "26": ["cc_10", "deg_5"], "40": ["cc_0", "deg_3"], "41": ["cc_0", "deg_5"], "20": ["cc_6", "deg_5"], "29": ["cc_3", "deg_9"], "52": ["cc_0", "deg_7"], "58": ["cc_0", "deg_4"], "63": ["cc_6", "deg_6"], "64": ["cc_0", "deg_6"], "13": ["cc_2", "deg_6"], "6": ["cc_2", "deg_9"], "7": ["cc_2", "deg_6"], "50": ["cc_0", "deg_3"], "8": ["cc_4", "deg_7"], "16": ["cc_3", "deg_5"], "54": ["cc_1", "deg_7"], "21": ["cc_1", "deg_9"]}}