{"label": 2, "features": {"1": ["cc_3", "deg_9"], "16": ["cc_0", "deg_5"], "4": ["cc_0", "deg_2"], "21": ["cc_0", "deg_3"], "7": ["cc_11", "deg_4"], "25": ["cc_0", "deg_3"], "0": ["cc_0", "deg_5"], "12": ["cc_11", "deg_3"], "29": ["cc_33", "deg_2"], "28": ["cc_0", "deg_6"], "13": ["cc_11", "deg_3"], "6": ["cc_0", "deg_5"], "30": ["cc_11", "deg_3"], "5": ["cc_11", "deg_4"], "3": ["cc_11", "deg_4"], "24": ["cc_0", "deg_4"], "23": ["cc_5", "deg_4"], "27": ["cc_0", "deg_4"], "19": ["cc_2", "deg_6"], "10": ["cc_3", "deg_5"], "17": ["cc_5", "deg_4"], "11": ["cc_5", "deg_4"], "22": ["cc_0", "deg_4"], "18": ["cc_0", "deg_3"], "31": ["cc_0", "deg_2"], "2": ["cc_11", "deg_3"], "26": ["cc_11", "deg_4"], "20": ["cc_0", "deg_4"], "14": ["cc_0", "deg_4"], "9": ["cc_5", "deg_4"], "8": ["cc_3", "deg_5"], "15": ["cc_0", "deg_3"]}, "edges": [[0, 16], [0, 20], [0, 9], [0, 26], [0, 31], [1, 19], [1, 3], [1, 5], [1, 6], [1, 7], [1, 26], [1, 23], [1, 13], [1, 31], [2, 20], [2, 11], [2, 12], [3, 10], [3, 26], [3, 23], [4, 6], [4, 15], [5, 17], [5, 25], [5, 7], [6, 22], [6, 28], [6, 14], [7, 17], [7, 28], [8, 18], [8, 19], [8, 20], [8, 9], [8, 14], [9, 19], [9, 11], [10, 16], [10, 25], [10, 29], [10, 30], [11, 24], [11, 12], [12, 17], [13, 18], [13, 26], [14, 16], [14, 23], [15, 16], [15, 22], [16, 27], [17, 27], [18, 21], [19, 24], [19, 25], [19, 28], [20, 22], [21, 24], [21, 28], [22, 24], [23, 28], [27, 28], [27, 30], [29, 30]]}