{"label": 0, "features": {"53": ["cc_0", "deg_2"], "47": ["cc_0", "deg_1"], "68": ["cc_0", "deg_2"], "21": ["cc_0", "deg_2"], "34": ["cc_0", "deg_1"], "67": ["cc_0", "deg_2"], "41": ["cc_0", "deg_2"], "4": ["cc_0", "deg_2"], "42": ["cc_0", "deg_2"], "12": ["cc_0", "deg_2"], "28": ["cc_0", "deg_2"], "66": ["cc_0", "deg_2"], "5": ["cc_0", "deg_2"], "65": ["cc_0", "deg_2"], "61": ["cc_0", "deg_2"], "3": ["cc_0", "deg_1"], "64": ["cc_0", "deg_1"], "51": ["cc_0", "deg_2"], "24": ["cc_0", "deg_2"], "56": ["cc_0", "deg_2"], "55": ["cc_0", "deg_2"], "19": ["cc_0", "deg_2"], "54": ["cc_0", "deg_2"], "36": ["cc_0", "deg_2"], "17": ["cc_0", "deg_2"], "11": ["cc_0", "deg_2"], "22": ["cc_0", "deg_2"], "71": ["cc_0", "deg_2"], "18": ["cc_0", "deg_3"], "59": ["cc_0", "deg_2"], "2": ["cc_0", "deg_1"], "46": ["cc_0", "deg_1"], "37": ["cc_0", "deg_3"], "38": ["cc_0", "deg_2"], "9": ["cc_0", "deg_2"], "27": ["cc_0", "deg_2"], "58": ["cc_0", "deg_2"], "35": ["cc_0", "deg_2"], "1": ["cc_0", "deg_2"], "16": ["cc_0", "deg_2"], "25": ["cc_0", "deg_1"], "7": ["cc_0", "deg_2"], "39": ["cc_0", "deg_2"], "0": ["cc_0", "deg_2"], "29": ["cc_0", "deg_3"], "63": ["cc_0", "deg_2"], "13": ["cc_0", "deg_2"], "6": ["cc_0", "deg_2"], "30": ["cc_0", "deg_1"], "14": ["cc_0", "deg_2"], "32": ["cc_0", "deg_3"], "45": ["cc_0", "deg_2"], "10": ["cc_0", "deg_2"], "33": ["cc_0", "deg_2"], "23": ["cc_0", "deg_3"], "69": ["cc_0", "deg_3"], "48": ["cc_0", "deg_3"], "40": ["cc_0", "deg_2"], "8": ["cc_0", "deg_3"], "44": ["cc_0", "deg_1"], "31": ["cc_0", "deg_2"], "26": ["cc_0", "deg_2"], "43": ["cc_0", "deg_3"], "57": ["cc_0", "deg_2"], "20": ["cc_0", "deg_2"], "50": ["cc_0", "deg_2"], "62": ["cc_0", "deg_1"], "60": ["cc_0", "deg_2"], "52": ["cc_0", "deg_1"], "15": ["cc_0", "deg_2"], "70": ["cc_0", "deg_3"], "49": ["cc_0", "deg_3"]}, "edges": [[0, 1], [0, 71], [1, 38], [2, 60], [3, 4], [4, 5], [5, 6], [6, 7], [7, 8], [8, 9], [8, 43], [9, 10], [10, 11], [11, 12], [12, 13], [13, 14], [14, 15], [15, 16], [16, 17], [17, 18], [18, 42], [18, 19], [19, 20], [20, 21], [21, 22], [22, 23], [23, 24], [23, 37], [24, 48], [25, 26], [26, 27], [27, 28], [28, 29], [29, 33], [29, 43], [30, 69], [31, 32], [31, 63], [32, 33], [32, 51], [34, 35], [35, 36], [36, 37], [37, 61], [38, 39], [39, 40], [40, 41], [41, 42], [43, 46], [44, 45], [45, 70], [47, 48], [48, 49], [49, 50], [49, 59], [50, 51], [52, 53], [53, 54], [54, 55], [55, 56], [56, 57], [57, 58], [58, 59], [60, 61], [62, 63], [64, 65], [65, 66], [66, 67], [67, 68], [68, 69], [69, 70], [70, 71]]}