{"label": 0, "edges": [[0, 24], [0, 1], [0, 2], [0, 22], [0, 25], [1, 2], [1, 5], [1, 21], [2, 4], [2, 23], [3, 19], [3, 21], [4, 8], [4, 19], [4, 5], [4, 6], [5, 7], [6, 8], [6, 17], [6, 7], [7, 9], [7, 11], [8, 10], [9, 10], [9, 11], [10, 11], [10, 12], [11, 24], [11, 12], [11, 13], [12, 13], [12, 14], [13, 14], [13, 15], [14, 16], [14, 15], [15, 16], [15, 17], [16, 17], [16, 18], [17, 19], [18, 21], [18, 22], [19, 20], [20, 21], [20, 22], [21, 22], [21, 23], [22, 24], [22, 25], [23, 24], [23, 25]], "features": {"22": ["cc_8", "deg_6"], "15": ["cc_16", "deg_4"], "4": ["cc_3", "deg_5"], "0": ["cc_10", "deg_5"], "2": ["cc_5", "deg_4"], "6": ["cc_5", "deg_4"], "18": ["cc_11", "deg_3"], "5": ["cc_0", "deg_3"], "10": ["cc_11", "deg_4"], "14": ["cc_16", "deg_4"], "1": ["cc_5", "deg_4"], "8": ["cc_11", "deg_3"], "20": ["cc_11", "deg_3"], "3": ["cc_0", "deg_2"], "11": ["cc_8", "deg_6"], "23": ["cc_0", "deg_4"], "19": ["cc_0", "deg_4"], "13": ["cc_16", "deg_4"], "16": ["cc_11", "deg_4"], "7": ["cc_5", "deg_4"], "17": ["cc_5", "deg_4"], "12": ["cc_16", "deg_4"], "25": ["cc_11", "deg_3"], "24": ["cc_5", "deg_4"], "9": ["cc_22", "deg_3"], "21": ["cc_4", "deg_6"]}}