{"label": 1, "edges": [[0, 40], [0, 35], [0, 2], [0, 68], [1, 68], [1, 37], [1, 22], [2, 3], [2, 52], [2, 6], [3, 65], [3, 4], [3, 53], [3, 43], [3, 12], [4, 5], [4, 54], [5, 6], [5, 60], [5, 13], [5, 63], [6, 17], [6, 67], [6, 7], [6, 62], [7, 9], [7, 44], [8, 10], [8, 28], [9, 23], [9, 41], [9, 11], [10, 32], [10, 11], [10, 12], [11, 40], [11, 13], [12, 35], [13, 51], [13, 14], [13, 15], [14, 30], [14, 15], [15, 16], [15, 53], [16, 17], [16, 18], [17, 18], [17, 19], [17, 36], [18, 19], [18, 31], [19, 48], [19, 67], [20, 21], [20, 22], [21, 22], [21, 23], [22, 24], [22, 23], [23, 24], [23, 53], [24, 25], [24, 53], [25, 27], [25, 45], [26, 27], [26, 28], [27, 28], [27, 29], [28, 56], [28, 37], [29, 50], [29, 31], [30, 48], [30, 62], [30, 31], [31, 32], [31, 33], [31, 58], [32, 48], [32, 34], [33, 65], [33, 34], [34, 35], [34, 36], [34, 56], [34, 57], [34, 47], [35, 37], [35, 49], [35, 59], [36, 63], [37, 38], [37, 39], [37, 40], [38, 40], [38, 41], [38, 42], [39, 40], [39, 41], [41, 42], [41, 43], [42, 53], [43, 55], [44, 65], [44, 45], [45, 46], [45, 47], [46, 63], [46, 47], [47, 49], [49, 51], [49, 68], [50, 51], [50, 52], [51, 61], [52, 53], [53, 54], [54, 56], [54, 55], [55, 56], [55, 57], [56, 57], [57, 59], [57, 66], [58, 64], [58, 59], [58, 61], [59, 61], [60, 61], [61, 62], [62, 64], [63, 64], [64, 66], [65, 66], [66, 68], [67, 68]], "features": {"27": ["cc_5", "deg_4"], "35": ["cc_0", "deg_6"], "43": ["cc_0", "deg_3"], "47": ["cc_5", "deg_4"], "32": ["cc_0", "deg_4"], "56": ["cc_10", "deg_5"], "9": ["cc_0", "deg_4"], "33": ["cc_0", "deg_3"], "48": ["cc_0", "deg_3"], "55": ["cc_11", "deg_4"], "0": ["cc_0", "deg_4"], "2": ["cc_0", "deg_4"], "18": ["cc_11", "deg_4"], "5": ["cc_0", "deg_5"], "14": ["cc_11", "deg_3"], "38": ["cc_11", "deg_4"], "44": ["cc_0", "deg_3"], "39": ["cc_11", "deg_3"], "3": ["cc_0", "deg_6"], "68": ["cc_0", "deg_5"], "28": ["cc_3", "deg_5"], "51": ["cc_0", "deg_4"], "23": ["cc_10", "deg_5"], "19": ["cc_5", "deg_4"], "61": ["cc_3", "deg_5"], "34": ["cc_1", "deg_7"], "11": ["cc_0", "deg_4"], "17": ["cc_6", "deg_5"], "12": ["cc_0", "deg_3"], "25": ["cc_0", "deg_3"], "24": ["cc_11", "deg_4"], "62": ["cc_0", "deg_4"], "59": ["cc_5", "deg_4"], "22": ["cc_10", "deg_5"], "60": ["cc_0", "deg_2"], "65": ["cc_0", "deg_4"], "15": ["cc_5", "deg_4"], "4": ["cc_0", "deg_3"], "37": ["cc_4", "deg_6"], "45": ["cc_5", "deg_4"], "42": ["cc_11", "deg_3"], "30": ["cc_0", "deg_4"], "31": ["cc_0", "deg_6"], "66": ["cc_0", "deg_4"], "36": ["cc_0", "deg_3"], "67": ["cc_0", "deg_3"], "57": ["cc_6", "deg_5"], "53": ["cc_1", "deg_7"], "10": ["cc_0", "deg_4"], "49": ["cc_0", "deg_4"], "1": ["cc_0", "deg_3"], "46": ["cc_11", "deg_3"], "26": ["cc_33", "deg_2"], "40": ["cc_6", "deg_5"], "41": ["cc_3", "deg_5"], "20": ["cc_33", "deg_2"], "29": ["cc_0", "deg_3"], "52": ["cc_0", "deg_3"], "58": ["cc_5", "deg_4"], "63": ["cc_0", "deg_4"], "64": ["cc_0", "deg_4"], "13": ["cc_3", "deg_5"], "6": ["cc_0", "deg_6"], "7": ["cc_0", "deg_3"], "50": ["cc_0", "deg_3"], "8": ["cc_0", "deg_2"], "16": ["cc_11", "deg_3"], "54": ["cc_5", "deg_4"], "21": ["cc_22", "deg_3"]}}