{"label": 2, "features": {"53": ["cc_0", "deg_2"], "47": ["cc_11", "deg_3"], "68": ["cc_0", "deg_10"], "21": ["cc_0", "deg_3"], "34": ["cc_5", "deg_4"], "67": ["cc_0", "deg_2"], "41": ["cc_3", "deg_5"], "4": ["cc_2", "deg_6"], "42": ["cc_0", "deg_5"], "12": ["cc_0", "deg_2"], "28": ["cc_0", "deg_3"], "66": ["cc_0", "deg_3"], "5": ["cc_0", "deg_4"], "65": ["cc_33", "deg_2"], "61": ["cc_0", "deg_4"], "3": ["cc_0", "deg_6"], "64": ["cc_5", "deg_4"], "51": ["cc_0", "deg_5"], "24": ["cc_0", "deg_4"], "56": ["cc_0", "deg_6"], "55": ["cc_0", "deg_5"], "19": ["cc_0", "deg_3"], "54": ["cc_0", "deg_5"], "36": ["cc_0", "deg_3"], "17": ["cc_0", "deg_4"], "11": ["cc_6", "deg_5"], "22": ["cc_5", "deg_4"], "71": ["cc_0", "deg_2"], "18": ["cc_0", "deg_2"], "59": ["cc_0", "deg_4"], "2": ["cc_0", "deg_3"], "46": ["cc_0", "deg_3"], "37": ["cc_5", "deg_4"], "38": ["cc_0", "deg_3"], "73": ["cc_0", "deg_3"], "78": ["cc_0", "deg_5"], "9": ["cc_0", "deg_2"], "27": ["cc_0", "deg_3"], "58": ["cc_0", "deg_7"], "35": ["cc_5", "deg_4"], "1": ["cc_0", "deg_3"], "16": ["cc_0", "deg_3"], "25": ["cc_0", "deg_3"], "7": ["cc_0", "deg_4"], "39": ["cc_0", "deg_3"], "0": ["cc_0", "deg_2"], "29": ["cc_0", "deg_5"], "63": ["cc_0", "deg_5"], "13": ["cc_0", "deg_4"], "6": ["cc_0", "deg_2"], "30": ["cc_5", "deg_4"], "14": ["cc_0", "deg_4"], "32": ["cc_0", "deg_5"], "45": ["cc_0", "deg_5"], "10": ["cc_0", "deg_3"], "33": ["cc_0", "deg_5"], "23": ["cc_0", "deg_3"], "69": ["cc_0", "deg_4"], "76": ["cc_3", "deg_7"], "48": ["cc_0", "deg_6"], "77": ["cc_0", "deg_7"], "40": ["cc_0", "deg_5"], "72": ["cc_0", "deg_4"], "8": ["cc_0", "deg_4"], "44": ["cc_0", "deg_4"], "31": ["cc_0", "deg_2"], "75": ["cc_0", "deg_3"], "26": ["cc_0", "deg_5"], "43": ["cc_1", "deg_7"], "57": ["cc_0", "deg_3"], "20": ["cc_0", "deg_5"], "50": ["cc_0", "deg_3"], "62": ["cc_3", "deg_5"], "60": ["cc_0", "deg_4"], "52": ["cc_0", "deg_4"], "15": ["cc_0", "deg_4"], "74": ["cc_0", "deg_3"], "70": ["cc_0", "deg_4"], "49": ["cc_11", "deg_3"]}, "edges": [[0, 51], [0, 60], [1, 36], [1, 69], [1, 8], [2, 48], [2, 20], [2, 4], [3, 17], [3, 51], [3, 7], [3, 26], [3, 43], [3, 44], [4, 25], [4, 57], [4, 11], [4, 76], [4, 13], [5, 16], [5, 7], [5, 23], [5, 78], [6, 21], [6, 14], [7, 32], [7, 62], [8, 33], [8, 41], [8, 31], [9, 74], [9, 54], [10, 66], [10, 39], [10, 24], [11, 21], [11, 22], [11, 72], [11, 76], [12, 44], [12, 14], [13, 16], [13, 29], [13, 61], [14, 32], [14, 50], [15, 19], [15, 55], [15, 40], [15, 30], [16, 32], [17, 36], [17, 56], [17, 68], [18, 34], [18, 20], [19, 48], [19, 59], [20, 33], [20, 23], [20, 78], [21, 58], [22, 67], [22, 24], [22, 76], [23, 28], [24, 25], [24, 69], [25, 27], [26, 40], [26, 58], [26, 60], [26, 46], [27, 28], [27, 29], [28, 63], [29, 68], [29, 40], [29, 63], [30, 64], [30, 65], [30, 73], [31, 37], [32, 71], [32, 63], [33, 43], [33, 67], [33, 59], [34, 35], [34, 68], [34, 61], [35, 68], [35, 70], [35, 75], [36, 38], [37, 41], [37, 47], [37, 44], [38, 40], [38, 52], [39, 40], [39, 43], [41, 47], [41, 76], [41, 63], [42, 68], [42, 55], [42, 74], [42, 76], [42, 63], [43, 49], [43, 54], [43, 78], [43, 62], [44, 58], [45, 69], [45, 57], [45, 61], [45, 46], [45, 77], [46, 72], [47, 48], [48, 49], [48, 57], [48, 58], [49, 62], [50, 68], [50, 77], [51, 52], [51, 56], [51, 77], [52, 58], [52, 70], [53, 54], [53, 55], [54, 66], [54, 56], [55, 64], [55, 56], [56, 58], [56, 75], [58, 59], [59, 76], [60, 68], [60, 77], [61, 62], [62, 68], [64, 65], [64, 68], [66, 76], [68, 78], [69, 70], [70, 72], [71, 77], [72, 73], [73, 75], [74, 77], [77, 78]]}