{"label": 1, "edges": [[0, 1], [0, 2], [0, 3], [0, 72], [0, 73], [0, 74], [1, 3], [1, 4], [1, 73], [1, 74], [1, 46], [2, 19], [2, 3], [2, 5], [2, 22], [2, 40], [2, 74], [3, 68], [3, 5], [3, 6], [3, 33], [4, 16], [4, 35], [4, 5], [4, 6], [4, 71], [4, 44], [5, 6], [5, 7], [5, 8], [5, 26], [5, 23], [6, 7], [6, 8], [6, 9], [7, 8], [7, 9], [7, 29], [8, 39], [8, 10], [8, 11], [9, 50], [9, 37], [9, 56], [9, 57], [9, 55], [9, 29], [10, 56], [10, 11], [10, 12], [10, 13], [10, 30], [11, 16], [11, 12], [11, 13], [11, 14], [12, 13], [12, 14], [12, 15], [13, 27], [13, 71], [13, 15], [14, 34], [14, 51], [14, 15], [15, 16], [15, 18], [15, 66], [16, 65], [16, 66], [16, 63], [17, 32], [17, 33], [17, 19], [17, 38], [17, 55], [18, 32], [18, 64], [18, 19], [18, 42], [19, 21], [19, 22], [20, 22], [20, 23], [20, 40], [20, 39], [21, 22], [21, 23], [21, 58], [21, 28], [22, 23], [22, 24], [22, 25], [23, 64], [23, 25], [24, 65], [24, 50], [24, 25], [24, 26], [24, 44], [25, 40], [25, 26], [25, 27], [25, 28], [26, 72], [26, 27], [27, 32], [27, 28], [27, 30], [28, 61], [28, 29], [28, 62], [29, 32], [29, 31], [30, 33], [30, 57], [30, 31], [31, 32], [31, 33], [31, 34], [31, 53], [31, 73], [32, 33], [32, 35], [33, 34], [33, 35], [33, 36], [33, 49], [34, 35], [34, 36], [34, 54], [34, 56], [35, 38], [35, 45], [36, 37], [36, 38], [36, 39], [37, 39], [37, 40], [38, 54], [38, 39], [38, 40], [38, 41], [39, 64], [39, 41], [39, 42], [40, 64], [40, 41], [41, 42], [41, 43], [41, 44], [42, 65], [42, 44], [43, 73], [43, 44], [43, 45], [44, 62], [44, 45], [45, 48], [45, 60], [45, 47], [46, 49], [46, 62], [46, 47], [47, 48], [47, 49], [47, 50], [48, 49], [48, 50], [48, 58], [49, 67], [49, 52], [50, 68], [50, 53], [50, 55], [50, 63], [51, 52], [51, 53], [51, 54], [52, 53], [52, 54], [52, 60], [53, 55], [53, 56], [54, 56], [55, 56], [55, 58], [56, 58], [57, 66], [57, 59], [57, 60], [58, 59], [58, 60], [58, 61], [59, 64], [59, 60], [59, 61], [60, 70], [60, 61], [61, 64], [61, 66], [62, 64], [62, 68], [62, 63], [63, 65], [63, 66], [64, 66], [64, 67], [65, 66], [66, 67], [66, 68], [67, 68], [67, 69], [67, 74], [68, 69], [69, 70], [69, 71], [69, 72], [70, 71], [70, 72], [70, 73], [71, 72], [71, 73], [72, 73], [72, 74]], "features": {"27": ["cc_4", "deg_6"], "35": ["cc_4", "deg_6"], "43": ["cc_11", "deg_4"], "47": ["cc_13", "deg_5"], "32": ["cc_6", "deg_7"], "56": ["cc_6", "deg_7"], "9": ["cc_4", "deg_8"], "33": ["cc_6", "deg_9"], "48": ["cc_10", "deg_5"], "55": ["cc_11", "deg_6"], "0": ["cc_15", "deg_6"], "2": ["cc_6", "deg_7"], "18": ["cc_0", "deg_5"], "5": ["cc_7", "deg_8"], "14": ["cc_6", "deg_5"], "38": ["cc_4", "deg_7"], "73": ["cc_7", "deg_7"], "44": ["cc_4", "deg_7"], "39": ["cc_4", "deg_8"], "3": ["cc_6", "deg_7"], "68": ["cc_4", "deg_6"], "28": ["cc_2", "deg_6"], "51": ["cc_11", "deg_4"], "23": ["cc_6", "deg_6"], "19": ["cc_6", "deg_5"], "61": ["cc_11", "deg_6"], "34": ["cc_6", "deg_7"], "11": ["cc_11", "deg_6"], "72": ["cc_11", "deg_7"], "17": ["cc_3", "deg_5"], "12": ["cc_20", "deg_5"], "25": ["cc_7", "deg_7"], "24": ["cc_4", "deg_6"], "62": ["cc_0", "deg_6"], "59": ["cc_16", "deg_5"], "69": ["cc_13", "deg_5"], "22": ["cc_9", "deg_7"], "60": ["cc_6", "deg_7"], "70": ["cc_16", "deg_5"], "65": ["cc_10", "deg_5"], "71": ["cc_11", "deg_6"], "15": ["cc_6", "deg_6"], "4": ["cc_1", "deg_7"], "37": ["cc_5", "deg_4"], "45": ["cc_4", "deg_6"], "42": ["cc_6", "deg_5"], "30": ["cc_3", "deg_5"], "31": ["cc_6", "deg_7"], "66": ["cc_6", "deg_9"], "36": ["cc_10", "deg_5"], "67": ["cc_6", "deg_6"], "57": ["cc_3", "deg_5"], "53": ["cc_6", "deg_6"], "10": ["cc_8", "deg_6"], "49": ["cc_4", "deg_6"], "1": ["cc_6", "deg_6"], "46": ["cc_5", "deg_4"], "26": ["cc_6", "deg_5"], "40": ["cc_1", "deg_7"], "41": ["cc_11", "deg_6"], "20": ["cc_5", "deg_4"], "29": ["cc_6", "deg_5"], "52": ["cc_6", "deg_5"], "58": ["cc_6", "deg_7"], "63": ["cc_10", "deg_5"], "64": ["cc_2", "deg_9"], "74": ["cc_10", "deg_5"], "13": ["cc_8", "deg_6"], "6": ["cc_13", "deg_6"], "7": ["cc_16", "deg_5"], "50": ["cc_3", "deg_8"], "8": ["cc_8", "deg_6"], "16": ["cc_8", "deg_6"], "54": ["cc_6", "deg_5"], "21": ["cc_6", "deg_5"]}}