{"label": 0, "features": {"21": ["cc_6", "deg_5"], "34": ["cc_5", "deg_4"], "41": ["cc_3", "deg_5"], "4": ["cc_16", "deg_4"], "42": ["cc_11", "deg_3"], "12": ["cc_11", "deg_4"], "28": ["cc_5", "deg_4"], "5": ["cc_10", "deg_5"], "3": ["cc_6", "deg_5"], "24": ["cc_3", "deg_7"], "19": ["cc_22", "deg_4"], "36": ["cc_0", "deg_2"], "17": ["cc_11", "deg_4"], "11": ["cc_11", "deg_4"], "22": ["cc_11", "deg_3"], "18": ["cc_22", "deg_3"], "2": ["cc_5", "deg_4"], "46": ["cc_6", "deg_5"], "37": ["cc_0", "deg_3"], "38": ["cc_0", "deg_3"], "9": ["cc_33", "deg_2"], "27": ["cc_0", "deg_4"], "35": ["cc_0", "deg_2"], "1": ["cc_0", "deg_3"], "16": ["cc_0", "deg_4"], "25": ["cc_5", "deg_4"], "7": ["cc_0", "deg_2"], "39": ["cc_0", "deg_4"], "0": ["cc_3", "deg_5"], "29": ["cc_11", "deg_3"], "13": ["cc_10", "deg_5"], "6": ["cc_6", "deg_5"], "30": ["cc_5", "deg_4"], "14": ["cc_6", "deg_5"], "32": ["cc_22", "deg_3"], "45": ["cc_11", "deg_4"], "10": ["cc_2", "deg_6"], "33": ["cc_6", "deg_5"], "23": ["cc_11", "deg_4"], "40": ["cc_0", "deg_2"], "8": ["cc_5", "deg_4"], "44": ["cc_11", "deg_3"], "31": ["cc_3", "deg_5"], "26": ["cc_0", "deg_5"], "43": ["cc_3", "deg_5"], "20": ["cc_6", "deg_5"], "15": ["cc_5", "deg_4"]}, "edges": [[0, 8], [0, 1], [0, 30], [0, 45], [0, 46], [1, 16], [1, 2], [2, 27], [2, 3], [2, 4], [3, 16], [3, 4], [3, 5], [3, 38], [4, 5], [4, 6], [5, 33], [5, 6], [5, 8], [6, 8], [6, 27], [6, 45], [7, 24], [7, 20], [8, 10], [9, 10], [9, 11], [10, 36], [10, 26], [10, 11], [10, 29], [11, 12], [11, 13], [12, 34], [12, 13], [12, 14], [13, 39], [13, 14], [13, 15], [14, 16], [14, 35], [14, 15], [15, 17], [15, 31], [16, 28], [17, 18], [17, 19], [17, 21], [18, 19], [18, 20], [19, 20], [19, 21], [20, 21], [20, 22], [21, 34], [21, 41], [22, 24], [22, 23], [23, 24], [23, 25], [23, 37], [24, 40], [24, 25], [24, 26], [24, 42], [25, 31], [25, 27], [26, 43], [26, 27], [26, 28], [28, 29], [28, 30], [29, 30], [30, 31], [31, 32], [31, 33], [32, 33], [32, 34], [33, 34], [33, 46], [35, 43], [36, 37], [37, 38], [38, 39], [39, 41], [39, 46], [40, 41], [41, 42], [41, 43], [42, 43], [43, 44], [44, 45], [44, 46], [45, 46]]}