{"label": 2, "features": {"53": ["cc_3", "deg_7"], "47": ["cc_5", "deg_4"], "21": ["cc_0", "deg_5"], "34": ["cc_5", "deg_4"], "41": ["cc_3", "deg_5"], "4": ["cc_5", "deg_4"], "42": ["cc_2", "deg_9"], "12": ["cc_0", "deg_3"], "28": ["cc_0", "deg_6"], "5": ["cc_2", "deg_6"], "61": ["cc_2", "deg_6"], "3": ["cc_0", "deg_6"], "51": ["cc_3", "deg_7"], "24": ["cc_3", "deg_5"], "56": ["cc_2", "deg_10"], "55": ["cc_6", "deg_5"], "19": ["cc_5", "deg_4"], "54": ["cc_3", "deg_8"], "36": ["cc_0", "deg_3"], "17": ["cc_4", "deg_7"], "11": ["cc_2", "deg_9"], "22": ["cc_4", "deg_7"], "18": ["cc_1", "deg_8"], "59": ["cc_0", "deg_3"], "2": ["cc_2", "deg_6"], "46": ["cc_0", "deg_8"], "37": ["cc_0", "deg_4"], "38": ["cc_1", "deg_10"], "9": ["cc_1", "deg_7"], "27": ["cc_3", "deg_7"], "58": ["cc_3", "deg_5"], "35": ["cc_5", "deg_4"], "1": ["cc_4", "deg_6"], "16": ["cc_2", "deg_6"], "25": ["cc_0", "deg_7"], "7": ["cc_0", "deg_4"], "39": ["cc_1", "deg_7"], "0": ["cc_2", "deg_8"], "29": ["cc_0", "deg_6"], "13": ["cc_1", "deg_7"], "6": ["cc_2", "deg_6"], "30": ["cc_3", "deg_5"], "14": ["cc_11", "deg_3"], "32": ["cc_6", "deg_6"], "45": ["cc_5", "deg_4"], "10": ["cc_0", "deg_3"], "33": ["cc_0", "deg_4"], "23": ["cc_0", "deg_5"], "48": ["cc_2", "deg_11"], "40": ["cc_4", "deg_8"], "8": ["cc_6", "deg_7"], "44": ["cc_3", "deg_5"], "31": ["cc_0", "deg_9"], "26": ["cc_3", "deg_5"], "43": ["cc_3", "deg_8"], "57": ["cc_2", "deg_6"], "20": ["cc_0", "deg_9"], "50": ["cc_3", "deg_5"], "60": ["cc_2", "deg_6"], "52": ["cc_16", "deg_4"], "15": ["cc_4", "deg_6"], "49": ["cc_5", "deg_4"]}, "edges": [[0, 1], [0, 27], [0, 6], [0, 40], [0, 48], [0, 20], [0, 54], [0, 24], [1, 3], [1, 51], [1, 20], [1, 42], [1, 15], [2, 17], [2, 34], [2, 20], [2, 40], [2, 11], [2, 60], [3, 38], [3, 23], [3, 25], [3, 60], [3, 46], [4, 6], [4, 60], [4, 28], [4, 61], [5, 32], [5, 56], [5, 36], [5, 11], [5, 28], [5, 45], [6, 34], [6, 39], [6, 10], [6, 60], [7, 16], [7, 54], [7, 13], [7, 21], [8, 32], [8, 51], [8, 22], [8, 27], [8, 55], [8, 56], [8, 9], [9, 48], [9, 49], [9, 51], [9, 20], [9, 30], [9, 31], [10, 18], [10, 29], [11, 49], [11, 40], [11, 43], [11, 18], [11, 51], [11, 27], [11, 30], [12, 49], [12, 39], [12, 26], [13, 48], [13, 59], [13, 27], [13, 57], [13, 41], [13, 43], [14, 43], [14, 39], [14, 46], [15, 58], [15, 55], [15, 60], [15, 42], [15, 61], [16, 33], [16, 34], [16, 51], [16, 42], [16, 31], [17, 48], [17, 22], [17, 56], [17, 25], [17, 43], [17, 52], [18, 33], [18, 38], [18, 44], [18, 50], [18, 23], [18, 27], [19, 50], [19, 54], [19, 40], [19, 29], [20, 39], [20, 22], [20, 57], [20, 28], [20, 61], [21, 40], [21, 43], [21, 29], [21, 31], [22, 48], [22, 35], [22, 41], [22, 55], [23, 57], [23, 59], [23, 31], [24, 46], [24, 38], [24, 29], [24, 30], [25, 36], [25, 42], [25, 44], [25, 26], [25, 30], [26, 48], [26, 54], [26, 40], [27, 46], [27, 49], [28, 55], [28, 46], [28, 37], [29, 56], [29, 37], [30, 38], [31, 38], [31, 46], [31, 47], [31, 50], [31, 54], [32, 48], [32, 56], [32, 38], [32, 46], [33, 56], [33, 57], [34, 42], [35, 48], [35, 39], [35, 60], [36, 38], [37, 54], [37, 57], [38, 42], [38, 56], [38, 51], [39, 42], [39, 43], [40, 54], [40, 47], [41, 56], [41, 44], [41, 53], [42, 48], [42, 61], [43, 52], [43, 53], [44, 56], [44, 61], [45, 50], [45, 53], [45, 58], [46, 53], [47, 50], [47, 58], [48, 52], [48, 57], [51, 55], [52, 53], [53, 58], [53, 61], [54, 56], [58, 59]]}