{"label": 2, "edges": [[0, 21], [0, 12], [0, 30], [0, 42], [1, 48], [1, 8], [1, 67], [1, 56], [2, 9], [2, 44], [2, 77], [2, 60], [3, 4], [3, 21], [3, 32], [3, 73], [3, 75], [3, 44], [3, 39], [4, 48], [4, 21], [4, 41], [4, 42], [5, 17], [5, 21], [5, 70], [5, 72], [5, 18], [5, 12], [5, 45], [6, 49], [6, 20], [6, 57], [6, 7], [6, 61], [6, 62], [7, 67], [7, 22], [7, 55], [7, 24], [7, 54], [7, 71], [7, 70], [7, 53], [8, 48], [8, 24], [8, 62], [9, 32], [9, 77], [9, 49], [9, 52], [9, 22], [9, 29], [9, 63], [10, 17], [10, 68], [10, 22], [10, 57], [10, 27], [10, 12], [10, 77], [10, 15], [11, 51], [11, 13], [11, 15], [12, 68], [12, 70], [12, 71], [12, 52], [12, 21], [12, 60], [13, 53], [13, 38], [13, 26], [13, 31], [14, 75], [14, 21], [14, 38], [14, 35], [15, 17], [15, 22], [15, 25], [15, 58], [15, 34], [15, 78], [16, 42], [16, 40], [16, 69], [16, 24], [16, 74], [16, 62], [16, 63], [17, 64], [17, 76], [17, 46], [17, 50], [17, 19], [17, 27], [17, 74], [18, 49], [18, 66], [18, 69], [19, 65], [19, 35], [19, 40], [19, 74], [19, 56], [19, 24], [19, 57], [19, 31], [20, 48], [20, 54], [20, 55], [21, 76], [21, 68], [21, 26], [21, 27], [22, 75], [23, 56], [23, 75], [23, 28], [23, 31], [24, 78], [24, 62], [25, 65], [25, 68], [25, 46], [25, 47], [25, 50], [25, 54], [26, 48], [26, 51], [26, 73], [26, 58], [26, 29], [28, 57], [28, 73], [28, 54], [28, 47], [28, 31], [29, 67], [29, 51], [29, 36], [29, 69], [29, 52], [30, 33], [30, 70], [30, 49], [30, 41], [30, 39], [30, 62], [31, 34], [31, 67], [32, 58], [32, 43], [32, 47], [33, 35], [33, 40], [33, 41], [34, 36], [34, 57], [34, 78], [35, 66], [35, 69], [35, 60], [36, 58], [36, 74], [36, 42], [37, 64], [37, 65], [37, 66], [37, 50], [38, 66], [38, 55], [38, 71], [39, 64], [39, 55], [39, 58], [40, 66], [40, 53], [40, 55], [40, 57], [41, 53], [41, 74], [41, 59], [41, 61], [42, 54], [43, 49], [43, 70], [43, 58], [43, 60], [43, 45], [44, 55], [44, 72], [44, 76], [44, 63], [45, 50], [45, 75], [46, 61], [47, 65], [47, 56], [47, 59], [48, 69], [48, 76], [48, 57], [48, 58], [50, 55], [51, 65], [51, 72], [51, 55], [51, 56], [51, 59], [52, 72], [52, 71], [53, 77], [53, 57], [53, 60], [55, 64], [55, 66], [55, 61], [56, 67], [56, 75], [57, 68], [57, 73], [57, 61], [57, 62], [59, 68], [60, 67], [62, 70], [63, 68], [63, 70], [63, 74], [66, 77], [67, 76], [70, 75], [71, 72], [71, 75]], "features": {"27": ["cc_11", "deg_3"], "35": ["cc_0", "deg_6"], "43": ["cc_2", "deg_6"], "47": ["cc_2", "deg_6"], "32": ["cc_3", "deg_5"], "56": ["cc_3", "deg_7"], "77": ["cc_3", "deg_5"], "9": ["cc_2", "deg_8"], "33": ["cc_5", "deg_4"], "48": ["cc_1", "deg_9"], "55": ["cc_1", "deg_11"], "0": ["cc_5", "deg_4"], "2": ["cc_5", "deg_4"], "18": ["cc_0", "deg_4"], "5": ["cc_3", "deg_7"], "76": ["cc_0", "deg_5"], "14": ["cc_0", "deg_4"], "38": ["cc_3", "deg_5"], "73": ["cc_5", "deg_4"], "44": ["cc_0", "deg_6"], "39": ["cc_3", "deg_5"], "3": ["cc_1", "deg_7"], "68": ["cc_4", "deg_7"], "28": ["cc_4", "deg_6"], "51": ["cc_1", "deg_8"], "23": ["cc_11", "deg_4"], "19": ["cc_1", "deg_9"], "61": ["cc_3", "deg_5"], "34": ["cc_3", "deg_5"], "75": ["cc_1", "deg_8"], "11": ["cc_0", "deg_3"], "72": ["cc_3", "deg_5"], "17": ["cc_2", "deg_10"], "12": ["cc_5", "deg_9"], "25": ["cc_1", "deg_7"], "24": ["cc_4", "deg_6"], "62": ["cc_6", "deg_7"], "59": ["cc_0", "deg_4"], "69": ["cc_0", "deg_5"], "22": ["cc_3", "deg_5"], "60": ["cc_0", "deg_6"], "70": ["cc_2", "deg_8"], "65": ["cc_3", "deg_5"], "71": ["cc_4", "deg_6"], "15": ["cc_3", "deg_8"], "4": ["cc_3", "deg_5"], "78": ["cc_11", "deg_3"], "37": ["cc_0", "deg_4"], "45": ["cc_0", "deg_4"], "42": ["cc_0", "deg_5"], "30": ["cc_3", "deg_7"], "31": ["cc_2", "deg_6"], "66": ["cc_3", "deg_7"], "36": ["cc_0", "deg_5"], "67": ["cc_1", "deg_7"], "57": ["cc_3", "deg_12"], "53": ["cc_1", "deg_7"], "10": ["cc_5", "deg_8"], "49": ["cc_0", "deg_5"], "1": ["cc_11", "deg_4"], "46": ["cc_0", "deg_3"], "26": ["cc_3", "deg_7"], "40": ["cc_4", "deg_7"], "41": ["cc_1", "deg_7"], "20": ["cc_0", "deg_4"], "29": ["cc_3", "deg_7"], "52": ["cc_10", "deg_5"], "58": ["cc_3", "deg_7"], "63": ["cc_2", "deg_6"], "64": ["cc_5", "deg_4"], "74": ["cc_4", "deg_6"], "13": ["cc_0", "deg_5"], "6": ["cc_4", "deg_6"], "7": ["cc_0", "deg_9"], "50": ["cc_0", "deg_5"], "8": ["cc_11", "deg_4"], "16": ["cc_3", "deg_7"], "54": ["cc_0", "deg_5"], "21": ["cc_2", "deg_10"]}}