{"label": 1, "features": {"53": ["cc_0", "deg_3"], "47": ["cc_3", "deg_5"], "21": ["cc_5", "deg_4"], "34": ["cc_11", "deg_4"], "41": ["cc_3", "deg_7"], "4": ["cc_0", "deg_4"], "42": ["cc_5", "deg_4"], "12": ["cc_3", "deg_5"], "28": ["cc_5", "deg_4"], "5": ["cc_5", "deg_4"], "3": ["cc_0", "deg_5"], "51": ["cc_0", "deg_4"], "24": ["cc_0", "deg_3"], "19": ["cc_0", "deg_3"], "54": ["cc_0", "deg_5"], "36": ["cc_0", "deg_3"], "17": ["cc_0", "deg_4"], "11": ["cc_6", "deg_5"], "22": ["cc_5", "deg_4"], "18": ["cc_0", "deg_2"], "2": ["cc_5", "deg_4"], "46": ["cc_11", "deg_3"], "37": ["cc_11", "deg_3"], "38": ["cc_0", "deg_5"], "9": ["cc_11", "deg_4"], "27": ["cc_0", "deg_3"], "35": ["cc_5", "deg_4"], "1": ["cc_3", "deg_5"], "16": ["cc_0", "deg_2"], "25": ["cc_0", "deg_4"], "7": ["cc_10", "deg_5"], "39": ["cc_33", "deg_2"], "0": ["cc_11", "deg_3"], "29": ["cc_6", "deg_5"], "13": ["cc_4", "deg_8"], "6": ["cc_22", "deg_3"], "30": ["cc_6", "deg_6"], "14": ["cc_5", "deg_4"], "32": ["cc_6", "deg_5"], "45": ["cc_0", "deg_3"], "10": ["cc_3", "deg_5"], "33": ["cc_22", "deg_3"], "23": ["cc_11", "deg_3"], "48": ["cc_5", "deg_4"], "40": ["cc_11", "deg_4"], "8": ["cc_16", "deg_4"], "44": ["cc_0", "deg_3"], "31": ["cc_11", "deg_4"], "26": ["cc_0", "deg_5"], "43": ["cc_0", "deg_3"], "20": ["cc_0", "deg_5"], "50": ["cc_0", "deg_3"], "52": ["cc_0", "deg_3"], "15": ["cc_0", "deg_3"], "49": ["cc_0", "deg_5"]}, "edges": [[0, 1], [0, 2], [0, 53], [1, 43], [1, 2], [1, 3], [1, 54], [2, 4], [2, 38], [3, 5], [3, 38], [3, 49], [3, 10], [4, 47], [4, 5], [4, 29], [5, 6], [5, 7], [6, 8], [6, 7], [7, 8], [7, 9], [7, 31], [8, 9], [8, 10], [9, 10], [9, 11], [10, 12], [10, 53], [11, 37], [11, 27], [11, 12], [11, 13], [12, 49], [12, 26], [12, 13], [13, 34], [13, 21], [13, 22], [13, 23], [13, 14], [13, 37], [14, 21], [14, 28], [14, 15], [15, 17], [15, 47], [16, 17], [16, 26], [17, 38], [17, 54], [18, 19], [18, 20], [19, 21], [19, 30], [20, 48], [20, 42], [20, 21], [20, 22], [22, 24], [22, 23], [23, 25], [24, 26], [24, 51], [25, 36], [25, 54], [25, 26], [26, 27], [27, 28], [28, 29], [28, 30], [29, 48], [29, 30], [29, 31], [30, 32], [30, 41], [30, 31], [31, 32], [32, 33], [32, 34], [32, 50], [33, 34], [33, 35], [34, 35], [35, 37], [35, 41], [36, 49], [36, 38], [38, 40], [39, 40], [39, 41], [40, 41], [40, 42], [41, 51], [41, 50], [41, 42], [42, 43], [43, 44], [44, 45], [44, 46], [45, 54], [45, 47], [46, 48], [46, 47], [47, 48], [49, 51], [49, 50], [51, 52], [52, 53], [52, 54]]}