{"label": 1, "edges": [[0, 80], [0, 51], [0, 19], [0, 30], [0, 78], [1, 80], [1, 2], [1, 3], [1, 4], [1, 65], [1, 9], [1, 14], [1, 79], [2, 3], [2, 4], [2, 55], [3, 4], [3, 39], [3, 76], [3, 14], [4, 36], [4, 59], [4, 44], [4, 15], [5, 49], [5, 70], [5, 7], [5, 41], [5, 11], [6, 67], [6, 7], [6, 8], [6, 43], [7, 8], [7, 9], [7, 10], [7, 14], [8, 49], [8, 34], [8, 67], [8, 9], [8, 47], [8, 53], [9, 17], [9, 78], [10, 39], [10, 11], [10, 12], [11, 78], [11, 22], [11, 55], [11, 72], [11, 13], [12, 61], [12, 13], [12, 14], [12, 15], [13, 16], [13, 64], [13, 70], [13, 28], [13, 29], [13, 15], [14, 17], [14, 75], [14, 72], [15, 16], [15, 33], [15, 56], [16, 49], [16, 66], [16, 39], [16, 57], [16, 42], [16, 28], [17, 18], [17, 19], [17, 77], [17, 29], [18, 65], [18, 20], [19, 20], [19, 22], [19, 25], [19, 59], [19, 60], [20, 70], [20, 76], [20, 75], [20, 44], [20, 46], [20, 73], [20, 25], [20, 29], [21, 66], [21, 71], [21, 43], [21, 77], [22, 35], [22, 54], [22, 23], [22, 45], [22, 47], [23, 24], [23, 25], [23, 26], [24, 25], [24, 54], [24, 39], [24, 26], [24, 76], [24, 55], [24, 53], [25, 64], [25, 26], [26, 27], [26, 28], [26, 29], [27, 51], [27, 39], [27, 28], [27, 30], [28, 53], [28, 79], [28, 69], [28, 60], [28, 74], [29, 33], [29, 30], [30, 32], [30, 53], [30, 31], [31, 32], [31, 34], [31, 77], [32, 33], [32, 34], [32, 57], [32, 58], [33, 51], [33, 34], [33, 35], [33, 75], [34, 56], [34, 57], [35, 37], [35, 71], [36, 64], [36, 70], [36, 38], [37, 68], [37, 38], [37, 39], [37, 40], [37, 71], [37, 50], [38, 39], [38, 40], [38, 44], [39, 64], [39, 41], [39, 56], [40, 55], [40, 57], [40, 42], [40, 43], [41, 67], [41, 76], [41, 42], [41, 44], [41, 63], [42, 43], [42, 44], [42, 45], [42, 62], [42, 79], [43, 72], [43, 47], [44, 65], [44, 75], [44, 45], [44, 78], [44, 46], [44, 56], [44, 68], [45, 48], [45, 47], [46, 49], [46, 54], [46, 72], [47, 48], [47, 50], [48, 64], [48, 49], [48, 51], [49, 52], [50, 51], [50, 53], [51, 67], [51, 76], [52, 80], [52, 53], [52, 54], [52, 55], [53, 56], [54, 64], [54, 77], [55, 66], [56, 65], [57, 59], [58, 64], [58, 59], [59, 62], [60, 61], [60, 63], [61, 62], [61, 63], [62, 64], [62, 63], [63, 80], [63, 65], [64, 66], [64, 67], [65, 68], [65, 69], [66, 68], [66, 76], [67, 68], [67, 69], [67, 70], [68, 69], [69, 80], [69, 71], [71, 74], [72, 73], [73, 75], [73, 78], [74, 76], [74, 77], [75, 80], [75, 78], [77, 78], [77, 79]], "features": {"27": ["cc_3", "deg_5"], "35": ["cc_5", "deg_4"], "43": ["cc_2", "deg_6"], "47": ["cc_4", "deg_6"], "32": ["cc_8", "deg_6"], "56": ["cc_2", "deg_6"], "77": ["cc_0", "deg_7"], "9": ["cc_3", "deg_5"], "33": ["cc_1", "deg_7"], "48": ["cc_3", "deg_5"], "55": ["cc_0", "deg_6"], "0": ["cc_0", "deg_5"], "2": ["cc_16", "deg_4"], "18": ["cc_0", "deg_3"], "5": ["cc_0", "deg_5"], "76": ["cc_0", "deg_7"], "14": ["cc_1", "deg_7"], "38": ["cc_6", "deg_5"], "73": ["cc_11", "deg_4"], "44": ["cc_3", "deg_12"], "39": ["cc_0", "deg_10"], "3": ["cc_8", "deg_6"], "68": ["cc_6", "deg_6"], "28": ["cc_1", "deg_9"], "51": ["cc_0", "deg_7"], "23": ["cc_16", "deg_4"], "19": ["cc_1", "deg_7"], "61": ["cc_11", "deg_4"], "34": ["cc_6", "deg_6"], "75": ["cc_6", "deg_7"], "11": ["cc_0", "deg_7"], "72": ["cc_0", "deg_5"], "17": ["cc_0", "deg_6"], "12": ["cc_3", "deg_5"], "25": ["cc_8", "deg_6"], "24": ["cc_3", "deg_8"], "62": ["cc_3", "deg_5"], "59": ["cc_0", "deg_5"], "69": ["cc_4", "deg_6"], "22": ["cc_1", "deg_7"], "60": ["cc_5", "deg_4"], "70": ["cc_0", "deg_5"], "65": ["cc_4", "deg_7"], "71": ["cc_3", "deg_5"], "15": ["cc_4", "deg_6"], "4": ["cc_4", "deg_7"], "78": ["cc_3", "deg_7"], "80": ["cc_0", "deg_6"], "37": ["cc_4", "deg_7"], "45": ["cc_10", "deg_5"], "42": ["cc_3", "deg_8"], "30": ["cc_2", "deg_6"], "31": ["cc_11", "deg_4"], "66": ["cc_0", "deg_6"], "36": ["cc_0", "deg_4"], "67": ["cc_2", "deg_8"], "57": ["cc_3", "deg_5"], "53": ["cc_0", "deg_7"], "10": ["cc_0", "deg_4"], "49": ["cc_0", "deg_6"], "1": ["cc_4", "deg_8"], "46": ["cc_3", "deg_5"], "79": ["cc_0", "deg_4"], "26": ["cc_8", "deg_6"], "40": ["cc_4", "deg_6"], "41": ["cc_1", "deg_7"], "20": ["cc_2", "deg_10"], "29": ["cc_0", "deg_6"], "52": ["cc_0", "deg_5"], "58": ["cc_0", "deg_3"], "63": ["cc_4", "deg_6"], "64": ["cc_0", "deg_10"], "74": ["cc_0", "deg_4"], "13": ["cc_3", "deg_8"], "6": ["cc_11", "deg_4"], "7": ["cc_4", "deg_6"], "50": ["cc_0", "deg_4"], "8": ["cc_3", "deg_8"], "16": ["cc_2", "deg_8"], "54": ["cc_0", "deg_6"], "21": ["cc_0", "deg_4"]}}