{"label": 1, "features": {"53": ["cc_0", "deg_5"], "47": ["cc_3", "deg_5"], "68": ["cc_0", "deg_5"], "21": ["cc_4", "deg_6"], "34": ["cc_0", "deg_4"], "67": ["cc_6", "deg_7"], "41": ["cc_3", "deg_7"], "4": ["cc_5", "deg_4"], "42": ["cc_3", "deg_7"], "12": ["cc_6", "deg_5"], "28": ["cc_7", "deg_7"], "66": ["cc_3", "deg_9"], "5": ["cc_5", "deg_4"], "65": ["cc_10", "deg_5"], "61": ["cc_6", "deg_5"], "3": ["cc_3", "deg_7"], "64": ["cc_10", "deg_5"], "51": ["cc_6", "deg_6"], "24": ["cc_8", "deg_6"], "56": ["cc_3", "deg_8"], "55": ["cc_0", "deg_5"], "19": ["cc_0", "deg_6"], "54": ["cc_2", "deg_6"], "36": ["cc_33", "deg_3"], "17": ["cc_1", "deg_7"], "11": ["cc_4", "deg_7"], "22": ["cc_11", "deg_4"], "18": ["cc_0", "deg_4"], "59": ["cc_0", "deg_4"], "2": ["cc_4", "deg_7"], "46": ["cc_3", "deg_7"], "37": ["cc_6", "deg_6"], "38": ["cc_2", "deg_9"], "9": ["cc_11", "deg_6"], "27": ["cc_6", "deg_6"], "58": ["cc_0", "deg_4"], "35": ["cc_0", "deg_5"], "1": ["cc_10", "deg_5"], "16": ["cc_6", "deg_7"], "25": ["cc_7", "deg_8"], "7": ["cc_5", "deg_10"], "39": ["cc_7", "deg_7"], "0": ["cc_4", "deg_6"], "29": ["cc_0", "deg_6"], "63": ["cc_3", "deg_5"], "13": ["cc_16", "deg_5"], "6": ["cc_4", "deg_6"], "30": ["cc_0", "deg_3"], "14": ["cc_9", "deg_7"], "32": ["cc_0", "deg_3"], "45": ["cc_0", "deg_4"], "10": ["cc_9", "deg_7"], "33": ["cc_0", "deg_7"], "23": ["cc_4", "deg_6"], "69": ["cc_3", "deg_8"], "48": ["cc_0", "deg_3"], "40": ["cc_10", "deg_5"], "8": ["cc_11", "deg_7"], "44": ["cc_5", "deg_8"], "31": ["cc_0", "deg_5"], "26": ["cc_5", "deg_8"], "43": ["cc_4", "deg_8"], "57": ["cc_0", "deg_9"], "20": ["cc_3", "deg_8"], "50": ["cc_2", "deg_8"], "62": ["cc_0", "deg_4"], "60": ["cc_2", "deg_6"], "52": ["cc_4", "deg_6"], "15": ["cc_9", "deg_7"], "49": ["cc_10", "deg_5"]}, "edges": [[0, 1], [0, 2], [0, 3], [0, 68], [0, 69], [0, 50], [1, 3], [1, 4], [1, 69], [1, 60], [2, 39], [2, 40], [2, 46], [2, 25], [2, 28], [2, 63], [3, 67], [3, 52], [3, 5], [3, 6], [3, 56], [4, 69], [4, 6], [4, 25], [5, 50], [5, 6], [5, 7], [6, 57], [6, 8], [6, 9], [7, 8], [7, 9], [7, 10], [7, 43], [7, 44], [7, 48], [7, 56], [7, 24], [7, 29], [8, 35], [8, 56], [8, 9], [8, 10], [8, 43], [9, 54], [9, 44], [9, 10], [10, 56], [10, 11], [10, 12], [10, 13], [11, 16], [11, 53], [11, 41], [11, 57], [11, 44], [11, 13], [12, 27], [12, 44], [12, 14], [12, 15], [13, 16], [13, 14], [13, 15], [14, 16], [14, 17], [14, 60], [14, 63], [14, 15], [15, 16], [15, 17], [15, 18], [15, 44], [16, 64], [16, 37], [16, 46], [17, 27], [17, 19], [17, 55], [17, 68], [17, 31], [18, 66], [18, 19], [18, 20], [19, 22], [19, 33], [19, 38], [19, 29], [20, 51], [20, 68], [20, 21], [20, 23], [20, 43], [20, 61], [20, 46], [21, 49], [21, 62], [21, 38], [21, 61], [21, 46], [22, 23], [22, 24], [22, 25], [23, 33], [23, 67], [23, 24], [23, 26], [24, 69], [24, 25], [24, 26], [25, 66], [25, 26], [25, 27], [25, 28], [26, 59], [26, 57], [26, 27], [26, 28], [26, 31], [27, 28], [27, 29], [28, 68], [28, 46], [28, 50], [29, 69], [29, 54], [29, 31], [30, 33], [30, 52], [30, 38], [31, 33], [31, 38], [32, 33], [32, 34], [32, 56], [33, 35], [33, 58], [34, 64], [34, 35], [34, 57], [35, 38], [35, 65], [36, 37], [36, 38], [36, 39], [37, 50], [37, 38], [37, 39], [37, 57], [38, 39], [38, 41], [39, 40], [39, 42], [39, 69], [40, 57], [40, 41], [40, 42], [41, 48], [41, 60], [41, 43], [41, 44], [42, 59], [42, 51], [42, 57], [42, 43], [42, 47], [43, 44], [43, 45], [43, 61], [44, 67], [45, 66], [45, 46], [45, 47], [46, 55], [47, 49], [47, 50], [47, 55], [48, 50], [49, 50], [49, 51], [49, 52], [50, 51], [51, 52], [51, 54], [52, 53], [52, 54], [53, 55], [53, 56], [53, 66], [54, 56], [54, 57], [55, 62], [56, 68], [57, 58], [58, 60], [58, 61], [59, 60], [59, 61], [60, 63], [62, 65], [62, 63], [63, 66], [64, 65], [64, 66], [64, 67], [65, 66], [65, 67], [66, 67], [66, 69], [67, 69]]}