{"label": 2, "features": {"1": ["cc_3", "deg_5"], "16": ["cc_11", "deg_4"], "4": ["cc_0", "deg_5"], "21": ["cc_2", "deg_6"], "7": ["cc_0", "deg_4"], "25": ["cc_5", "deg_4"], "0": ["cc_0", "deg_4"], "12": ["cc_5", "deg_4"], "29": ["cc_0", "deg_2"], "28": ["cc_11", "deg_3"], "13": ["cc_11", "deg_3"], "6": ["cc_0", "deg_3"], "30": ["cc_0", "deg_3"], "5": ["cc_0", "deg_4"], "3": ["cc_0", "deg_2"], "24": ["cc_0", "deg_3"], "23": ["cc_10", "deg_5"], "27": ["cc_6", "deg_5"], "19": ["cc_0", "deg_4"], "10": ["cc_1", "deg_7"], "17": ["cc_0", "deg_4"], "11": ["cc_0", "deg_4"], "22": ["cc_4", "deg_6"], "18": ["cc_6", "deg_5"], "2": ["cc_0", "deg_3"], "26": ["cc_5", "deg_4"], "20": ["cc_6", "deg_5"], "14": ["cc_0", "deg_4"], "9": ["cc_0", "deg_4"], "8": ["cc_0", "deg_3"], "15": ["cc_0", "deg_2"]}, "edges": [[0, 1], [0, 4], [0, 6], [0, 9], [1, 16], [1, 18], [1, 12], [1, 30], [2, 17], [2, 21], [2, 22], [3, 4], [3, 5], [4, 18], [4, 22], [4, 7], [5, 7], [5, 9], [5, 11], [6, 10], [6, 15], [7, 8], [7, 21], [8, 9], [8, 11], [9, 22], [10, 27], [10, 19], [10, 25], [10, 11], [10, 29], [10, 28], [11, 30], [12, 21], [12, 26], [12, 13], [13, 26], [13, 14], [14, 19], [14, 21], [14, 24], [15, 23], [16, 18], [16, 28], [16, 25], [17, 18], [17, 24], [17, 27], [18, 25], [19, 26], [19, 30], [20, 21], [20, 22], [20, 23], [20, 24], [20, 29], [21, 23], [22, 23], [22, 27], [23, 27], [25, 26], [27, 28]]}