{"label": 0, "features": {"21": ["cc_11", "deg_6"], "34": ["cc_13", "deg_6"], "41": ["cc_6", "deg_5"], "4": ["cc_17", "deg_6"], "42": ["cc_9", "deg_7"], "12": ["cc_15", "deg_6"], "28": ["cc_11", "deg_6"], "5": ["cc_20", "deg_5"], "3": ["cc_13", "deg_6"], "24": ["cc_14", "deg_7"], "19": ["cc_17", "deg_6"], "36": ["cc_13", "deg_5"], "17": ["cc_20", "deg_6"], "11": ["cc_13", "deg_5"], "22": ["cc_16", "deg_5"], "18": ["cc_17", "deg_6"], "2": ["cc_12", "deg_7"], "46": ["cc_14", "deg_7"], "37": ["cc_13", "deg_6"], "38": ["cc_5", "deg_4"], "9": ["cc_9", "deg_7"], "27": ["cc_9", "deg_7"], "35": ["cc_13", "deg_5"], "1": ["cc_17", "deg_7"], "16": ["cc_13", "deg_5"], "25": ["cc_17", "deg_7"], "7": ["cc_20", "deg_6"], "39": ["cc_8", "deg_6"], "0": ["cc_20", "deg_6"], "29": ["cc_11", "deg_3"], "13": ["cc_8", "deg_6"], "6": ["cc_17", "deg_6"], "30": ["cc_6", "deg_7"], "14": ["cc_8", "deg_6"], "32": ["cc_8", "deg_6"], "45": ["cc_7", "deg_7"], "10": ["cc_15", "deg_6"], "33": ["cc_6", "deg_7"], "23": ["cc_20", "deg_6"], "40": ["cc_13", "deg_5"], "8": ["cc_15", "deg_6"], "44": ["cc_9", "deg_7"], "31": ["cc_5", "deg_4"], "26": ["cc_8", "deg_8"], "43": ["cc_16", "deg_5"], "20": ["cc_15", "deg_6"], "15": ["cc_7", "deg_8"]}, "edges": [[0, 1], [0, 2], [0, 3], [0, 44], [0, 45], [0, 46], [1, 2], [1, 3], [1, 4], [1, 44], [1, 45], [1, 46], [2, 3], [2, 4], [2, 5], [2, 28], [2, 46], [3, 4], [3, 21], [3, 6], [4, 5], [4, 6], [4, 7], [5, 6], [5, 7], [5, 8], [6, 7], [6, 8], [6, 9], [7, 8], [7, 9], [7, 10], [8, 24], [8, 9], [8, 10], [9, 10], [9, 27], [9, 12], [9, 31], [10, 11], [10, 12], [10, 13], [11, 33], [11, 12], [11, 13], [11, 14], [12, 13], [12, 14], [12, 15], [13, 16], [13, 44], [13, 15], [14, 16], [14, 17], [14, 26], [14, 15], [15, 17], [15, 18], [15, 19], [15, 30], [15, 39], [16, 17], [16, 18], [16, 19], [17, 18], [17, 19], [17, 20], [18, 19], [18, 20], [18, 21], [19, 20], [19, 22], [20, 21], [20, 22], [20, 23], [21, 23], [21, 24], [21, 25], [22, 23], [22, 24], [22, 25], [23, 24], [23, 25], [23, 26], [24, 25], [24, 26], [24, 27], [25, 26], [25, 27], [25, 28], [26, 35], [26, 38], [26, 27], [26, 28], [27, 46], [27, 28], [27, 30], [28, 33], [28, 30], [29, 32], [29, 30], [29, 31], [30, 32], [30, 33], [30, 45], [31, 33], [31, 34], [32, 33], [32, 34], [32, 35], [32, 41], [33, 34], [33, 42], [34, 35], [34, 36], [34, 37], [35, 36], [35, 37], [36, 37], [36, 39], [36, 45], [37, 38], [37, 39], [37, 40], [38, 39], [38, 41], [39, 40], [39, 42], [40, 41], [40, 42], [40, 43], [41, 42], [41, 44], [42, 43], [42, 44], [42, 45], [43, 44], [43, 45], [43, 46], [44, 46], [45, 46]]}