{"label": 1, "features": {"68": ["cc_11", "deg_4"], "21": ["cc_4", "deg_6"], "34": ["cc_4", "deg_9"], "94": ["cc_0", "deg_6"], "58": ["cc_4", "deg_6"], "69": ["cc_1", "deg_7"], "42": ["cc_2", "deg_6"], "12": ["cc_4", "deg_6"], "66": ["cc_4", "deg_6"], "5": ["cc_11", "deg_4"], "61": ["cc_1", "deg_7"], "91": ["cc_1", "deg_8"], "51": ["cc_6", "deg_6"], "24": ["cc_0", "deg_9"], "56": ["cc_13", "deg_5"], "55": ["cc_6", "deg_5"], "17": ["cc_6", "deg_5"], "22": ["cc_4", "deg_6"], "74": ["cc_6", "deg_6"], "59": ["cc_3", "deg_5"], "46": ["cc_4", "deg_7"], "37": ["cc_3", "deg_5"], "38": ["cc_3", "deg_7"], "81": ["cc_0", "deg_4"], "95": ["cc_2", "deg_6"], "90": ["cc_10", "deg_5"], "35": ["cc_4", "deg_7"], "47": ["cc_5", "deg_8"], "16": ["cc_3", "deg_8"], "65": ["cc_6", "deg_5"], "23": ["cc_0", "deg_4"], "7": ["cc_6", "deg_5"], "82": ["cc_1", "deg_7"], "29": ["cc_2", "deg_6"], "93": ["cc_3", "deg_7"], "13": ["cc_4", "deg_7"], "6": ["cc_3", "deg_8"], "30": ["cc_0", "deg_5"], "14": ["cc_3", "deg_5"], "40": ["cc_3", "deg_5"], "33": ["cc_4", "deg_9"], "73": ["cc_2", "deg_10"], "76": ["cc_5", "deg_4"], "8": ["cc_2", "deg_6"], "44": ["cc_0", "deg_5"], "26": ["cc_3", "deg_5"], "43": ["cc_1", "deg_7"], "57": ["cc_3", "deg_7"], "20": ["cc_10", "deg_5"], "89": ["cc_3", "deg_5"], "80": ["cc_5", "deg_4"], "70": ["cc_11", "deg_6"], "84": ["cc_1", "deg_7"], "53": ["cc_0", "deg_6"], "1": ["cc_0", "deg_6"], "54": ["cc_11", "deg_4"], "41": ["cc_0", "deg_5"], "4": ["cc_0", "deg_7"], "39": ["cc_0", "deg_5"], "28": ["cc_3", "deg_8"], "25": ["cc_0", "deg_6"], "78": ["cc_0", "deg_4"], "3": ["cc_4", "deg_8"], "64": ["cc_4", "deg_6"], "72": ["cc_3", "deg_5"], "87": ["cc_0", "deg_4"], "19": ["cc_7", "deg_7"], "92": ["cc_3", "deg_5"], "86": ["cc_0", "deg_4"], "62": ["cc_2", "deg_8"], "11": ["cc_4", "deg_7"], "18": ["cc_3", "deg_8"], "67": ["cc_4", "deg_6"], "2": ["cc_0", "deg_5"], "9": ["cc_5", "deg_4"], "27": ["cc_4", "deg_9"], "15": ["cc_6", "deg_5"], "71": ["cc_3", "deg_8"], "88": ["cc_0", "deg_6"], "0": ["cc_4", "deg_6"], "63": ["cc_4", "deg_6"], "32": ["cc_6", "deg_5"], "45": ["cc_16", "deg_4"], "36": ["cc_3", "deg_5"], "83": ["cc_3", "deg_5"], "48": ["cc_3", "deg_8"], "79": ["cc_2", "deg_6"], "77": ["cc_0", "deg_4"], "10": ["cc_0", "deg_4"], "85": ["cc_1", "deg_7"], "31": ["cc_3", "deg_7"], "75": ["cc_6", "deg_6"], "50": ["cc_3", "deg_5"], "60": ["cc_0", "deg_5"], "52": ["cc_4", "deg_8"], "49": ["cc_8", "deg_6"]}, "edges": [[0, 3], [0, 41], [0, 90], [0, 28], [0, 93], [0, 95], [1, 33], [1, 66], [1, 85], [1, 78], [1, 61], [1, 94], [2, 48], [2, 3], [2, 4], [2, 8], [2, 74], [3, 85], [3, 6], [3, 89], [3, 90], [3, 27], [3, 44], [4, 5], [4, 10], [4, 30], [4, 55], [4, 77], [4, 94], [5, 6], [5, 27], [5, 29], [6, 88], [6, 8], [6, 27], [6, 45], [6, 14], [6, 95], [7, 50], [7, 34], [7, 22], [7, 24], [7, 29], [8, 27], [8, 38], [8, 10], [8, 61], [9, 82], [9, 57], [9, 11], [9, 13], [10, 11], [10, 79], [11, 58], [11, 21], [11, 12], [11, 13], [11, 14], [12, 83], [12, 36], [12, 30], [12, 13], [12, 14], [13, 16], [13, 68], [13, 88], [13, 15], [14, 16], [14, 32], [15, 16], [15, 18], [15, 58], [15, 62], [16, 18], [16, 19], [16, 53], [16, 37], [16, 28], [17, 82], [17, 19], [17, 20], [17, 94], [17, 63], [18, 65], [18, 19], [18, 85], [18, 21], [18, 69], [18, 30], [19, 20], [19, 21], [19, 38], [19, 71], [20, 82], [20, 21], [20, 23], [21, 24], [21, 95], [22, 34], [22, 24], [22, 25], [22, 42], [22, 61], [23, 24], [23, 25], [23, 26], [24, 52], [24, 87], [24, 27], [24, 93], [24, 46], [25, 66], [25, 35], [25, 88], [25, 28], [26, 84], [26, 75], [26, 28], [26, 46], [27, 34], [27, 41], [27, 90], [27, 29], [28, 75], [28, 33], [28, 79], [28, 31], [29, 62], [29, 94], [29, 31], [30, 33], [30, 89], [31, 33], [31, 39], [31, 60], [31, 79], [31, 93], [32, 48], [32, 33], [32, 34], [32, 35], [33, 34], [33, 35], [33, 36], [33, 76], [34, 51], [34, 36], [34, 80], [34, 52], [35, 37], [35, 38], [35, 91], [35, 76], [36, 84], [36, 40], [37, 38], [37, 39], [37, 79], [38, 48], [38, 71], [38, 62], [39, 48], [39, 40], [39, 57], [40, 42], [40, 43], [40, 69], [41, 71], [41, 87], [41, 42], [42, 53], [42, 43], [42, 93], [43, 49], [43, 57], [43, 91], [43, 44], [43, 94], [44, 73], [44, 46], [44, 95], [45, 48], [45, 46], [45, 47], [46, 48], [46, 82], [46, 47], [47, 48], [47, 49], [47, 50], [47, 52], [47, 92], [47, 61], [48, 85], [49, 50], [49, 51], [49, 52], [49, 67], [50, 69], [50, 55], [51, 80], [51, 52], [51, 53], [51, 72], [52, 67], [52, 62], [52, 95], [53, 54], [53, 71], [53, 74], [54, 55], [54, 56], [54, 57], [55, 56], [55, 58], [56, 64], [56, 57], [56, 58], [57, 58], [57, 60], [58, 59], [59, 65], [59, 86], [59, 61], [59, 62], [60, 85], [60, 61], [60, 63], [61, 62], [62, 64], [62, 63], [63, 64], [63, 65], [63, 66], [64, 67], [64, 70], [64, 74], [65, 66], [65, 67], [66, 67], [66, 89], [67, 69], [68, 69], [68, 70], [68, 71], [69, 70], [69, 72], [70, 71], [70, 73], [70, 74], [71, 82], [71, 73], [72, 84], [72, 73], [72, 75], [73, 81], [73, 91], [73, 86], [73, 74], [73, 75], [73, 76], [74, 75], [75, 77], [76, 78], [77, 80], [77, 79], [78, 91], [78, 79], [80, 81], [81, 82], [81, 83], [82, 84], [83, 84], [83, 85], [83, 86], [84, 85], [84, 87], [86, 88], [87, 88], [88, 91], [89, 90], [89, 92], [90, 91], [91, 92], [91, 93], [92, 93], [92, 94], [93, 95]]}