{"label": 1, "features": {"53": ["cc_0", "deg_1"], "47": ["cc_0", "deg_2"], "21": ["cc_0", "deg_2"], "34": ["cc_0", "deg_1"], "41": ["cc_0", "deg_1"], "4": ["cc_0", "deg_2"], "42": ["cc_0", "deg_2"], "12": ["cc_0", "deg_1"], "28": ["cc_0", "deg_1"], "5": ["cc_0", "deg_2"], "3": ["cc_0", "deg_1"], "51": ["cc_0", "deg_2"], "24": ["cc_0", "deg_4"], "56": ["cc_0", "deg_2"], "55": ["cc_0", "deg_1"], "19": ["cc_0", "deg_2"], "54": ["cc_0", "deg_2"], "36": ["cc_0", "deg_3"], "17": ["cc_0", "deg_3"], "11": ["cc_0", "deg_2"], "22": ["cc_0", "deg_2"], "18": ["cc_0", "deg_1"], "2": ["cc_0", "deg_1"], "46": ["cc_0", "deg_2"], "37": ["cc_0", "deg_4"], "38": ["cc_0", "deg_1"], "9": ["cc_0", "deg_2"], "27": ["cc_0", "deg_1"], "58": ["cc_0", "deg_1"], "35": ["cc_0", "deg_3"], "1": ["cc_0", "deg_3"], "16": ["cc_0", "deg_2"], "25": ["cc_0", "deg_2"], "7": ["cc_0", "deg_3"], "39": ["cc_0", "deg_2"], "0": ["cc_0", "deg_3"], "29": ["cc_0", "deg_2"], "13": ["cc_0", "deg_2"], "6": ["cc_0", "deg_2"], "30": ["cc_0", "deg_2"], "14": ["cc_0", "deg_2"], "32": ["cc_0", "deg_1"], "45": ["cc_0", "deg_2"], "10": ["cc_0", "deg_1"], "33": ["cc_0", "deg_2"], "23": ["cc_0", "deg_1"], "48": ["cc_0", "deg_1"], "40": ["cc_0", "deg_1"], "8": ["cc_0", "deg_2"], "44": ["cc_0", "deg_1"], "31": ["cc_0", "deg_3"], "26": ["cc_0", "deg_3"], "43": ["cc_0", "deg_3"], "57": ["cc_0", "deg_3"], "20": ["cc_0", "deg_2"], "50": ["cc_0", "deg_3"], "52": ["cc_0", "deg_2"], "15": ["cc_0", "deg_6"], "49": ["cc_0", "deg_1"]}, "edges": [[0, 1], [0, 58], [0, 53], [1, 37], [1, 15], [2, 31], [3, 4], [4, 5], [5, 6], [6, 7], [7, 8], [7, 16], [8, 9], [9, 51], [10, 11], [11, 57], [12, 13], [13, 14], [14, 15], [15, 17], [15, 26], [15, 43], [15, 31], [16, 20], [17, 47], [17, 27], [18, 19], [19, 50], [20, 40], [21, 26], [21, 22], [22, 37], [23, 24], [24, 25], [24, 39], [24, 52], [25, 26], [28, 29], [29, 30], [30, 31], [32, 33], [33, 36], [34, 35], [35, 36], [35, 54], [36, 37], [37, 57], [38, 39], [41, 42], [42, 43], [43, 48], [44, 45], [45, 46], [46, 47], [49, 50], [50, 54], [51, 52], [55, 56], [56, 57]]}