{"label": 1, "edges": [[0, 1], [0, 54], [1, 17], [2, 36], [3, 35], [3, 31], [4, 17], [4, 11], [5, 28], [5, 6], [6, 51], [6, 7], [7, 18], [8, 9], [9, 10], [10, 11], [11, 23], [12, 13], [12, 47], [13, 14], [14, 40], [15, 16], [16, 41], [17, 18], [18, 19], [18, 33], [19, 20], [20, 21], [21, 22], [22, 32], [22, 48], [24, 25], [25, 26], [25, 46], [26, 27], [27, 40], [27, 28], [29, 30], [30, 31], [32, 33], [34, 35], [35, 36], [36, 37], [37, 38], [38, 39], [39, 40], [39, 53], [41, 42], [42, 43], [43, 44], [44, 45], [45, 46], [49, 50], [50, 51], [52, 53]], "features": {"27": ["cc_0", "deg_3"], "35": ["cc_0", "deg_3"], "43": ["cc_0", "deg_2"], "47": ["cc_0", "deg_1"], "32": ["cc_0", "deg_2"], "9": ["cc_0", "deg_2"], "33": ["cc_0", "deg_2"], "48": ["cc_0", "deg_1"], "0": ["cc_0", "deg_2"], "2": ["cc_0", "deg_1"], "18": ["cc_0", "deg_4"], "5": ["cc_0", "deg_2"], "14": ["cc_0", "deg_2"], "38": ["cc_0", "deg_2"], "44": ["cc_0", "deg_2"], "39": ["cc_0", "deg_3"], "3": ["cc_0", "deg_2"], "28": ["cc_0", "deg_2"], "51": ["cc_0", "deg_2"], "23": ["cc_0", "deg_1"], "19": ["cc_0", "deg_2"], "34": ["cc_0", "deg_1"], "11": ["cc_0", "deg_3"], "17": ["cc_0", "deg_3"], "12": ["cc_0", "deg_2"], "25": ["cc_0", "deg_3"], "24": ["cc_0", "deg_1"], "22": ["cc_0", "deg_3"], "15": ["cc_0", "deg_1"], "4": ["cc_0", "deg_2"], "37": ["cc_0", "deg_2"], "45": ["cc_0", "deg_2"], "42": ["cc_0", "deg_2"], "30": ["cc_0", "deg_2"], "31": ["cc_0", "deg_2"], "36": ["cc_0", "deg_3"], "53": ["cc_0", "deg_2"], "10": ["cc_0", "deg_2"], "49": ["cc_0", "deg_1"], "1": ["cc_0", "deg_2"], "46": ["cc_0", "deg_2"], "26": ["cc_0", "deg_2"], "40": ["cc_0", "deg_3"], "41": ["cc_0", "deg_2"], "20": ["cc_0", "deg_2"], "29": ["cc_0", "deg_1"], "52": ["cc_0", "deg_1"], "13": ["cc_0", "deg_2"], "6": ["cc_0", "deg_3"], "7": ["cc_0", "deg_2"], "50": ["cc_0", "deg_2"], "8": ["cc_0", "deg_1"], "16": ["cc_0", "deg_2"], "54": ["cc_0", "deg_1"], "21": ["cc_0", "deg_2"]}}