{"label": 1, "features": {"1": ["cc_10", "deg_5"], "16": ["cc_9", "deg_7"], "4": ["cc_16", "deg_4"], "21": ["cc_10", "deg_5"], "7": ["cc_4", "deg_7"], "25": ["cc_7", "deg_7"], "0": ["cc_11", "deg_7"], "12": ["cc_8", "deg_6"], "13": ["cc_6", "deg_5"], "6": ["cc_10", "deg_5"], "5": ["cc_9", "deg_9"], "3": ["cc_10", "deg_5"], "24": ["cc_8", "deg_6"], "23": ["cc_11", "deg_6"], "19": ["cc_16", "deg_4"], "10": ["cc_6", "deg_7"], "17": ["cc_10", "deg_5"], "11": ["cc_8", "deg_6"], "22": ["cc_10", "deg_5"], "18": ["cc_8", "deg_9"], "2": ["cc_6", "deg_5"], "26": ["cc_11", "deg_6"], "20": ["cc_8", "deg_6"], "14": ["cc_7", "deg_8"], "9": ["cc_6", "deg_6"], "8": ["cc_4", "deg_6"], "15": ["cc_6", "deg_5"]}, "edges": [[0, 1], [0, 3], [0, 20], [0, 23], [0, 25], [0, 26], [0, 11], [1, 16], [1, 4], [1, 5], [1, 20], [2, 8], [2, 9], [2, 13], [2, 10], [2, 15], [3, 16], [3, 18], [3, 20], [3, 26], [4, 5], [4, 7], [4, 24], [5, 16], [5, 22], [5, 19], [5, 7], [5, 8], [5, 18], [5, 24], [6, 25], [6, 21], [6, 7], [6, 10], [6, 26], [7, 16], [7, 9], [7, 15], [7, 21], [8, 20], [8, 25], [8, 10], [8, 11], [9, 23], [9, 10], [9, 11], [9, 12], [10, 24], [10, 20], [10, 14], [11, 23], [11, 12], [11, 14], [12, 17], [12, 25], [12, 14], [12, 15], [13, 17], [13, 22], [13, 24], [13, 18], [14, 16], [14, 17], [14, 18], [14, 26], [14, 15], [15, 18], [16, 18], [16, 22], [17, 18], [17, 23], [18, 19], [18, 24], [19, 21], [19, 22], [20, 24], [21, 22], [21, 25], [23, 25], [23, 26], [25, 26]]}