{"label": 1, "features": {"53": ["cc_3", "deg_5"], "47": ["cc_6", "deg_7"], "21": ["cc_4", "deg_6"], "34": ["cc_0", "deg_4"], "41": ["cc_4", "deg_7"], "4": ["cc_10", "deg_5"], "42": ["cc_3", "deg_8"], "12": ["cc_6", "deg_5"], "28": ["cc_4", "deg_8"], "5": ["cc_1", "deg_7"], "3": ["cc_4", "deg_7"], "51": ["cc_5", "deg_8"], "24": ["cc_3", "deg_5"], "19": ["cc_3", "deg_8"], "36": ["cc_0", "deg_6"], "17": ["cc_3", "deg_8"], "11": ["cc_4", "deg_8"], "22": ["cc_2", "deg_6"], "18": ["cc_4", "deg_6"], "2": ["cc_0", "deg_5"], "46": ["cc_3", "deg_8"], "37": ["cc_0", "deg_3"], "38": ["cc_0", "deg_5"], "9": ["cc_3", "deg_5"], "27": ["cc_11", "deg_4"], "35": ["cc_3", "deg_7"], "1": ["cc_3", "deg_5"], "16": ["cc_0", "deg_5"], "25": ["cc_2", "deg_9"], "7": ["cc_22", "deg_3"], "39": ["cc_11", "deg_3"], "0": ["cc_2", "deg_6"], "29": ["cc_9", "deg_7"], "13": ["cc_0", "deg_3"], "6": ["cc_3", "deg_7"], "30": ["cc_9", "deg_8"], "14": ["cc_5", "deg_4"], "32": ["cc_9", "deg_7"], "45": ["cc_2", "deg_6"], "10": ["cc_4", "deg_7"], "33": ["cc_7", "deg_7"], "23": ["cc_3", "deg_7"], "48": ["cc_13", "deg_6"], "40": ["cc_3", "deg_5"], "8": ["cc_4", "deg_6"], "44": ["cc_3", "deg_5"], "31": ["cc_5", "deg_4"], "26": ["cc_6", "deg_7"], "43": ["cc_0", "deg_4"], "20": ["cc_2", "deg_6"], "50": ["cc_4", "deg_8"], "52": ["cc_11", "deg_3"], "15": ["cc_6", "deg_6"], "49": ["cc_3", "deg_9"]}, "edges": [[0, 17], [0, 6], [0, 23], [0, 25], [0, 26], [0, 31], [1, 16], [1, 53], [1, 38], [1, 52], [1, 26], [2, 3], [2, 36], [2, 39], [2, 25], [2, 30], [3, 33], [3, 4], [3, 23], [3, 8], [3, 7], [3, 34], [4, 33], [4, 6], [4, 23], [4, 11], [5, 32], [5, 33], [5, 20], [5, 37], [5, 41], [5, 36], [5, 23], [6, 35], [6, 10], [6, 11], [6, 45], [6, 20], [7, 8], [7, 9], [8, 52], [8, 9], [8, 10], [8, 42], [9, 20], [9, 12], [9, 45], [10, 18], [10, 51], [10, 22], [10, 11], [10, 12], [11, 34], [11, 50], [11, 12], [11, 44], [11, 18], [12, 48], [12, 49], [13, 49], [13, 35], [13, 53], [14, 16], [14, 17], [14, 42], [14, 15], [15, 17], [15, 35], [15, 51], [15, 40], [15, 28], [16, 19], [16, 25], [16, 44], [17, 18], [17, 19], [17, 22], [17, 28], [17, 44], [18, 19], [18, 49], [18, 40], [19, 21], [19, 32], [19, 38], [19, 27], [19, 30], [20, 21], [20, 40], [20, 43], [21, 40], [21, 22], [21, 23], [21, 24], [22, 50], [22, 38], [22, 23], [23, 42], [24, 50], [24, 25], [24, 26], [24, 27], [25, 43], [25, 38], [25, 26], [25, 28], [25, 47], [26, 41], [26, 28], [26, 29], [27, 29], [27, 30], [28, 49], [28, 46], [28, 29], [28, 30], [29, 32], [29, 33], [29, 45], [29, 30], [30, 32], [30, 33], [30, 35], [31, 41], [31, 42], [31, 47], [32, 33], [32, 34], [32, 35], [33, 53], [34, 36], [35, 51], [35, 36], [36, 50], [36, 49], [37, 38], [37, 40], [39, 41], [39, 42], [41, 49], [41, 51], [41, 42], [42, 46], [42, 44], [43, 45], [43, 46], [44, 46], [45, 48], [45, 47], [46, 50], [46, 51], [46, 53], [46, 47], [47, 48], [47, 49], [47, 50], [48, 49], [48, 50], [48, 51], [49, 51], [50, 51], [52, 53]]}