{"label": 2, "edges": [[0, 1], [0, 21], [0, 6], [0, 74], [0, 31], [1, 64], [1, 5], [1, 45], [1, 52], [1, 20], [1, 63], [2, 16], [2, 67], [2, 5], [2, 8], [2, 59], [2, 14], [2, 31], [3, 48], [3, 17], [3, 41], [3, 77], [4, 65], [4, 67], [4, 36], [4, 5], [4, 24], [5, 54], [5, 9], [5, 71], [6, 48], [6, 19], [6, 37], [6, 45], [7, 49], [7, 74], [7, 61], [8, 49], [8, 20], [8, 36], [8, 60], [8, 30], [9, 76], [9, 73], [9, 63], [9, 14], [9, 44], [10, 25], [10, 58], [10, 77], [10, 45], [11, 49], [11, 18], [11, 54], [11, 38], [11, 55], [11, 12], [11, 29], [12, 27], [12, 51], [12, 57], [12, 23], [12, 72], [12, 61], [13, 66], [13, 69], [13, 55], [13, 71], [13, 18], [13, 53], [14, 33], [14, 43], [14, 48], [14, 77], [15, 59], [15, 56], [15, 27], [15, 62], [16, 39], [16, 43], [16, 48], [16, 23], [16, 58], [16, 28], [17, 18], [17, 21], [17, 23], [17, 62], [18, 51], [18, 23], [18, 71], [19, 64], [19, 31], [20, 25], [20, 44], [20, 47], [21, 32], [21, 22], [21, 40], [21, 52], [21, 54], [21, 72], [21, 57], [21, 58], [22, 68], [22, 63], [22, 44], [22, 55], [22, 27], [22, 28], [22, 61], [22, 31], [23, 65], [23, 34], [23, 68], [23, 70], [23, 49], [23, 42], [23, 75], [23, 77], [23, 27], [24, 33], [24, 73], [24, 29], [24, 77], [25, 64], [25, 76], [25, 54], [25, 59], [25, 60], [25, 62], [26, 34], [26, 62], [26, 27], [26, 46], [27, 41], [27, 75], [27, 46], [27, 50], [27, 51], [27, 58], [27, 63], [28, 64], [28, 48], [28, 35], [28, 37], [28, 76], [28, 50], [28, 52], [28, 53], [28, 29], [29, 66], [29, 34], [29, 30], [29, 63], [30, 65], [30, 52], [30, 38], [30, 54], [30, 46], [31, 37], [31, 40], [31, 61], [32, 33], [32, 37], [32, 57], [32, 62], [32, 61], [33, 67], [33, 68], [33, 40], [33, 75], [33, 44], [34, 42], [34, 76], [34, 59], [34, 61], [35, 51], [35, 76], [35, 42], [35, 43], [36, 60], [36, 47], [38, 55], [38, 40], [38, 52], [39, 41], [39, 59], [39, 77], [40, 46], [41, 48], [41, 68], [41, 56], [41, 58], [41, 71], [42, 64], [42, 50], [43, 50], [43, 70], [44, 65], [44, 52], [45, 65], [45, 75], [46, 73], [46, 54], [47, 69], [47, 66], [49, 69], [49, 58], [50, 54], [51, 77], [51, 62], [52, 66], [52, 72], [53, 58], [54, 68], [54, 74], [54, 57], [54, 56], [55, 60], [56, 66], [56, 57], [56, 61], [57, 63], [58, 69], [60, 75], [61, 70], [61, 74], [64, 70], [66, 76], [67, 70], [67, 71], [67, 74], [72, 74]], "features": {"27": ["cc_3", "deg_12"], "35": ["cc_3", "deg_5"], "43": ["cc_0", "deg_5"], "47": ["cc_0", "deg_4"], "32": ["cc_2", "deg_6"], "56": ["cc_2", "deg_6"], "77": ["cc_0", "deg_7"], "9": ["cc_0", "deg_6"], "33": ["cc_0", "deg_8"], "48": ["cc_4", "deg_6"], "55": ["cc_3", "deg_5"], "0": ["cc_0", "deg_5"], "2": ["cc_0", "deg_7"], "18": ["cc_4", "deg_6"], "5": ["cc_0", "deg_6"], "76": ["cc_2", "deg_6"], "14": ["cc_0", "deg_6"], "38": ["cc_6", "deg_5"], "73": ["cc_0", "deg_3"], "44": ["cc_0", "deg_6"], "39": ["cc_0", "deg_4"], "3": ["cc_5", "deg_4"], "68": ["cc_0", "deg_5"], "28": ["cc_1", "deg_11"], "51": ["cc_2", "deg_6"], "23": ["cc_1", "deg_13"], "19": ["cc_0", "deg_3"], "61": ["cc_1", "deg_9"], "34": ["cc_1", "deg_7"], "75": ["cc_3", "deg_5"], "11": ["cc_1", "deg_7"], "72": ["cc_5", "deg_4"], "17": ["cc_3", "deg_5"], "12": ["cc_3", "deg_7"], "25": ["cc_0", "deg_8"], "24": ["cc_0", "deg_5"], "62": ["cc_0", "deg_6"], "59": ["cc_0", "deg_5"], "69": ["cc_5", "deg_4"], "22": ["cc_1", "deg_9"], "60": ["cc_3", "deg_5"], "70": ["cc_0", "deg_5"], "65": ["cc_0", "deg_5"], "71": ["cc_3", "deg_5"], "15": ["cc_0", "deg_4"], "4": ["cc_0", "deg_5"], "37": ["cc_0", "deg_4"], "45": ["cc_0", "deg_5"], "42": ["cc_3", "deg_5"], "30": ["cc_3", "deg_7"], "31": ["cc_1", "deg_7"], "66": ["cc_0", "deg_6"], "36": ["cc_5", "deg_4"], "67": ["cc_0", "deg_6"], "57": ["cc_6", "deg_6"], "53": ["cc_0", "deg_3"], "10": ["cc_0", "deg_4"], "49": ["cc_2", "deg_6"], "1": ["cc_0", "deg_7"], "46": ["cc_4", "deg_6"], "26": ["cc_5", "deg_4"], "40": ["cc_0", "deg_5"], "41": ["cc_2", "deg_8"], "20": ["cc_0", "deg_5"], "29": ["cc_0", "deg_7"], "52": ["cc_2", "deg_8"], "58": ["cc_2", "deg_8"], "63": ["cc_2", "deg_6"], "64": ["cc_0", "deg_6"], "74": ["cc_2", "deg_6"], "13": ["cc_2", "deg_6"], "6": ["cc_0", "deg_5"], "7": ["cc_11", "deg_3"], "50": ["cc_0", "deg_5"], "8": ["cc_2", "deg_6"], "16": ["cc_1", "deg_7"], "54": ["cc_1", "deg_11"], "21": ["cc_2", "deg_10"]}}