{"label": 2, "features": {"1": ["cc_6", "deg_6"], "16": ["cc_0", "deg_6"], "4": ["cc_4", "deg_8"], "21": ["cc_3", "deg_5"], "32": ["cc_4", "deg_7"], "34": ["cc_3", "deg_5"], "7": ["cc_3", "deg_5"], "25": ["cc_33", "deg_3"], "0": ["cc_8", "deg_6"], "12": ["cc_6", "deg_5"], "29": ["cc_5", "deg_8"], "28": ["cc_4", "deg_6"], "13": ["cc_5", "deg_4"], "6": ["cc_6", "deg_7"], "30": ["cc_1", "deg_7"], "5": ["cc_4", "deg_6"], "3": ["cc_6", "deg_6"], "24": ["cc_5", "deg_4"], "33": ["cc_0", "deg_5"], "23": ["cc_0", "deg_5"], "27": ["cc_2", "deg_6"], "19": ["cc_2", "deg_6"], "36": ["cc_6", "deg_6"], "10": ["cc_2", "deg_8"], "17": ["cc_3", "deg_7"], "11": ["cc_3", "deg_5"], "22": ["cc_3", "deg_5"], "18": ["cc_6", "deg_6"], "31": ["cc_0", "deg_5"], "2": ["cc_6", "deg_5"], "26": ["cc_3", "deg_7"], "20": ["cc_6", "deg_9"], "14": ["cc_11", "deg_4"], "35": ["cc_5", "deg_9"], "9": ["cc_3", "deg_8"], "8": ["cc_2", "deg_6"], "15": ["cc_0", "deg_6"]}, "edges": [[0, 19], [0, 3], [0, 35], [0, 9], [0, 4], [0, 29], [1, 4], [1, 30], [1, 25], [1, 26], [1, 11], [1, 20], [2, 32], [2, 18], [2, 20], [2, 14], [2, 30], [3, 35], [3, 23], [3, 26], [3, 28], [3, 15], [4, 6], [4, 8], [4, 10], [4, 20], [4, 25], [4, 31], [5, 33], [5, 19], [5, 22], [5, 24], [5, 26], [5, 10], [6, 17], [6, 20], [6, 21], [6, 7], [6, 23], [6, 36], [7, 33], [7, 17], [7, 27], [7, 15], [8, 16], [8, 34], [8, 21], [8, 9], [8, 13], [9, 19], [9, 27], [9, 22], [9, 33], [9, 29], [9, 31], [10, 35], [10, 15], [10, 18], [10, 22], [10, 26], [10, 27], [11, 18], [11, 35], [11, 29], [11, 31], [12, 35], [12, 19], [12, 23], [12, 24], [12, 14], [13, 32], [13, 18], [13, 27], [14, 35], [14, 20], [15, 19], [15, 32], [15, 34], [16, 32], [16, 19], [16, 30], [16, 23], [16, 26], [17, 20], [17, 30], [17, 22], [17, 24], [17, 26], [18, 32], [18, 36], [20, 36], [20, 25], [20, 28], [21, 34], [21, 29], [21, 31], [22, 23], [24, 35], [26, 28], [27, 28], [27, 29], [28, 35], [28, 34], [29, 35], [29, 36], [29, 30], [30, 36], [30, 31], [32, 33], [32, 36], [33, 34]]}