{"label": 1, "features": {"21": ["cc_6", "deg_5"], "34": ["cc_7", "deg_7"], "41": ["cc_5", "deg_4"], "4": ["cc_3", "deg_7"], "42": ["cc_4", "deg_7"], "12": ["cc_4", "deg_8"], "28": ["cc_5", "deg_9"], "5": ["cc_6", "deg_5"], "3": ["cc_11", "deg_6"], "24": ["cc_3", "deg_5"], "19": ["cc_6", "deg_5"], "36": ["cc_4", "deg_8"], "17": ["cc_6", "deg_5"], "11": ["cc_4", "deg_8"], "22": ["cc_1", "deg_9"], "18": ["cc_4", "deg_6"], "2": ["cc_0", "deg_3"], "37": ["cc_6", "deg_6"], "38": ["cc_0", "deg_5"], "9": ["cc_0", "deg_6"], "27": ["cc_0", "deg_5"], "35": ["cc_3", "deg_8"], "1": ["cc_4", "deg_9"], "16": ["cc_6", "deg_7"], "25": ["cc_4", "deg_6"], "7": ["cc_0", "deg_5"], "39": ["cc_5", "deg_4"], "0": ["cc_3", "deg_8"], "29": ["cc_2", "deg_6"], "13": ["cc_6", "deg_5"], "6": ["cc_0", "deg_5"], "30": ["cc_3", "deg_8"], "14": ["cc_6", "deg_5"], "32": ["cc_3", "deg_7"], "10": ["cc_0", "deg_6"], "33": ["cc_6", "deg_6"], "23": ["cc_11", "deg_6"], "40": ["cc_0", "deg_3"], "8": ["cc_0", "deg_3"], "31": ["cc_5", "deg_8"], "26": ["cc_6", "deg_6"], "43": ["cc_3", "deg_5"], "20": ["cc_6", "deg_5"], "15": ["cc_11", "deg_4"]}, "edges": [[0, 19], [0, 1], [0, 35], [0, 43], [0, 17], [0, 41], [0, 11], [0, 31], [1, 16], [1, 10], [1, 3], [1, 23], [1, 9], [1, 26], [1, 29], [1, 31], [2, 9], [2, 10], [2, 29], [3, 4], [3, 37], [3, 23], [3, 36], [3, 26], [4, 19], [4, 6], [4, 24], [4, 25], [4, 23], [4, 39], [5, 37], [5, 38], [5, 28], [5, 12], [5, 21], [6, 40], [6, 7], [6, 26], [6, 29], [7, 32], [7, 18], [7, 22], [7, 10], [8, 35], [8, 10], [8, 21], [9, 35], [9, 22], [9, 42], [9, 12], [10, 27], [10, 12], [11, 32], [11, 19], [11, 36], [11, 28], [11, 42], [11, 12], [11, 13], [12, 25], [12, 28], [12, 13], [12, 15], [13, 34], [13, 22], [13, 14], [14, 16], [14, 34], [14, 35], [14, 32], [15, 16], [15, 18], [15, 25], [16, 17], [16, 18], [16, 39], [16, 31], [17, 19], [17, 20], [17, 30], [18, 20], [18, 42], [18, 31], [19, 33], [20, 21], [20, 22], [20, 30], [21, 22], [21, 23], [22, 43], [22, 38], [22, 23], [22, 29], [23, 26], [24, 38], [24, 25], [24, 26], [24, 27], [25, 35], [25, 36], [26, 28], [27, 41], [27, 28], [27, 30], [28, 35], [28, 34], [28, 37], [28, 31], [29, 32], [29, 30], [30, 32], [30, 43], [30, 38], [30, 31], [31, 34], [31, 39], [32, 33], [32, 43], [33, 34], [33, 36], [33, 41], [33, 42], [34, 35], [34, 36], [35, 37], [36, 37], [36, 38], [36, 42], [37, 39], [40, 42], [40, 43], [41, 42]]}