{"label": 1, "features": {"68": ["cc_0", "deg_3"], "21": ["cc_0", "deg_5"], "34": ["cc_0", "deg_4"], "58": ["cc_11", "deg_4"], "69": ["cc_10", "deg_5"], "42": ["cc_1", "deg_7"], "12": ["cc_1", "deg_7"], "66": ["cc_1", "deg_7"], "5": ["cc_4", "deg_6"], "61": ["cc_10", "deg_5"], "51": ["cc_2", "deg_10"], "24": ["cc_1", "deg_9"], "56": ["cc_0", "deg_5"], "55": ["cc_0", "deg_7"], "17": ["cc_0", "deg_5"], "22": ["cc_5", "deg_4"], "74": ["cc_3", "deg_7"], "59": ["cc_0", "deg_9"], "46": ["cc_8", "deg_6"], "37": ["cc_10", "deg_5"], "38": ["cc_2", "deg_6"], "81": ["cc_4", "deg_7"], "35": ["cc_1", "deg_7"], "47": ["cc_3", "deg_7"], "16": ["cc_0", "deg_3"], "65": ["cc_3", "deg_5"], "23": ["cc_2", "deg_6"], "7": ["cc_0", "deg_5"], "82": ["cc_0", "deg_5"], "29": ["cc_13", "deg_6"], "13": ["cc_6", "deg_5"], "6": ["cc_3", "deg_5"], "30": ["cc_8", "deg_9"], "14": ["cc_2", "deg_6"], "40": ["cc_0", "deg_4"], "33": ["cc_0", "deg_3"], "73": ["cc_6", "deg_7"], "76": ["cc_6", "deg_6"], "8": ["cc_0", "deg_5"], "44": ["cc_0", "deg_6"], "26": ["cc_11", "deg_4"], "43": ["cc_0", "deg_4"], "57": ["cc_0", "deg_5"], "20": ["cc_1", "deg_7"], "80": ["cc_3", "deg_5"], "70": ["cc_8", "deg_6"], "84": ["cc_2", "deg_9"], "53": ["cc_0", "deg_5"], "1": ["cc_2", "deg_8"], "54": ["cc_5", "deg_4"], "41": ["cc_0", "deg_4"], "4": ["cc_2", "deg_8"], "39": ["cc_4", "deg_7"], "28": ["cc_11", "deg_6"], "25": ["cc_2", "deg_6"], "78": ["cc_9", "deg_7"], "3": ["cc_4", "deg_6"], "64": ["cc_0", "deg_6"], "72": ["cc_7", "deg_8"], "87": ["cc_6", "deg_5"], "19": ["cc_0", "deg_5"], "86": ["cc_6", "deg_6"], "62": ["cc_2", "deg_6"], "11": ["cc_0", "deg_5"], "18": ["cc_0", "deg_5"], "67": ["cc_2", "deg_6"], "2": ["cc_22", "deg_3"], "9": ["cc_0", "deg_7"], "27": ["cc_6", "deg_5"], "15": ["cc_2", "deg_6"], "71": ["cc_3", "deg_10"], "88": ["cc_3", "deg_7"], "0": ["cc_6", "deg_7"], "63": ["cc_0", "deg_5"], "32": ["cc_4", "deg_8"], "45": ["cc_2", "deg_6"], "36": ["cc_4", "deg_6"], "83": ["cc_0", "deg_6"], "48": ["cc_3", "deg_7"], "79": ["cc_4", "deg_10"], "77": ["cc_2", "deg_6"], "10": ["cc_0", "deg_7"], "85": ["cc_4", "deg_6"], "31": ["cc_11", "deg_6"], "75": ["cc_2", "deg_8"], "50": ["cc_6", "deg_5"], "60": ["cc_0", "deg_7"], "52": ["cc_2", "deg_6"], "49": ["cc_11", "deg_4"]}, "edges": [[0, 1], [0, 75], [0, 3], [0, 87], [0, 88], [0, 71], [0, 24], [1, 48], [1, 3], [1, 4], [1, 32], [1, 87], [1, 40], [1, 85], [2, 4], [2, 5], [2, 15], [3, 83], [3, 5], [3, 6], [3, 72], [4, 5], [4, 73], [4, 25], [4, 59], [4, 82], [4, 15], [5, 86], [5, 6], [5, 7], [6, 32], [6, 10], [6, 59], [7, 32], [7, 66], [7, 9], [7, 77], [8, 81], [8, 67], [8, 71], [8, 9], [8, 44], [9, 24], [9, 55], [9, 11], [9, 12], [9, 60], [10, 33], [10, 38], [10, 12], [10, 85], [10, 56], [10, 31], [11, 88], [11, 18], [11, 27], [11, 14], [12, 16], [12, 74], [12, 13], [12, 14], [12, 15], [13, 67], [13, 75], [13, 45], [13, 14], [14, 51], [14, 24], [14, 26], [15, 17], [15, 66], [15, 24], [16, 17], [16, 71], [17, 18], [17, 20], [17, 79], [18, 75], [18, 19], [18, 38], [19, 39], [19, 64], [19, 80], [19, 44], [20, 22], [20, 23], [20, 88], [20, 41], [20, 87], [20, 76], [21, 48], [21, 84], [21, 23], [21, 24], [21, 68], [22, 23], [22, 24], [22, 42], [23, 25], [23, 74], [23, 47], [24, 50], [24, 71], [24, 88], [25, 64], [25, 51], [25, 28], [25, 30], [26, 30], [26, 27], [26, 28], [27, 70], [27, 29], [27, 30], [28, 35], [28, 29], [28, 30], [28, 31], [29, 32], [29, 59], [29, 30], [29, 31], [30, 32], [30, 80], [30, 52], [30, 31], [31, 32], [31, 34], [32, 35], [32, 36], [33, 82], [33, 35], [34, 35], [34, 37], [34, 62], [35, 36], [35, 38], [35, 42], [36, 37], [36, 39], [36, 49], [36, 74], [37, 38], [37, 39], [37, 42], [38, 39], [38, 71], [39, 72], [39, 40], [39, 42], [40, 56], [40, 41], [41, 42], [41, 43], [42, 53], [42, 44], [43, 59], [43, 44], [43, 46], [44, 51], [44, 47], [45, 48], [45, 80], [45, 83], [45, 55], [45, 46], [46, 48], [46, 73], [46, 79], [46, 47], [47, 48], [47, 50], [47, 73], [47, 82], [48, 51], [48, 69], [49, 81], [49, 51], [49, 84], [50, 51], [50, 52], [50, 54], [51, 52], [51, 53], [51, 54], [51, 81], [52, 55], [52, 83], [52, 60], [53, 64], [53, 55], [53, 83], [54, 56], [54, 57], [55, 65], [55, 57], [55, 77], [56, 58], [56, 60], [57, 84], [57, 59], [57, 60], [58, 59], [58, 61], [58, 78], [59, 77], [59, 61], [59, 62], [60, 61], [60, 62], [60, 63], [61, 78], [61, 79], [62, 64], [62, 65], [62, 66], [63, 66], [63, 84], [63, 75], [63, 82], [64, 67], [64, 76], [65, 66], [65, 88], [65, 71], [66, 67], [66, 69], [67, 83], [67, 75], [68, 70], [68, 81], [69, 70], [69, 71], [69, 72], [70, 71], [70, 72], [70, 73], [71, 74], [71, 72], [72, 73], [72, 74], [72, 75], [73, 74], [73, 79], [74, 77], [75, 76], [75, 78], [76, 77], [76, 78], [76, 79], [77, 79], [78, 80], [78, 81], [78, 79], [79, 80], [79, 81], [79, 86], [81, 84], [82, 85], [83, 84], [84, 85], [84, 86], [84, 87], [85, 86], [85, 88], [86, 87], [86, 88]]}