{"label": 1, "edges": [[0, 32], [0, 1], [0, 2], [0, 12], [1, 50], [1, 36], [1, 54], [1, 23], [2, 37], [2, 31], [2, 46], [2, 47], [3, 9], [3, 5], [3, 49], [4, 52], [4, 5], [4, 6], [5, 6], [5, 7], [6, 8], [6, 48], [7, 8], [7, 9], [7, 39], [8, 22], [8, 28], [8, 37], [9, 11], [10, 11], [10, 12], [11, 12], [11, 13], [11, 15], [12, 14], [13, 23], [13, 38], [14, 16], [14, 15], [15, 17], [16, 17], [16, 18], [17, 19], [17, 18], [17, 51], [17, 49], [18, 19], [18, 41], [19, 20], [19, 21], [20, 21], [20, 22], [21, 35], [21, 23], [21, 27], [22, 24], [22, 29], [23, 50], [23, 37], [24, 25], [24, 26], [25, 26], [25, 27], [26, 34], [26, 35], [26, 36], [26, 53], [26, 27], [27, 28], [27, 52], [28, 29], [28, 30], [29, 50], [29, 30], [30, 51], [30, 54], [31, 32], [32, 33], [33, 34], [33, 35], [34, 35], [34, 36], [35, 46], [36, 38], [37, 52], [38, 40], [38, 39], [39, 40], [40, 41], [40, 42], [41, 42], [41, 43], [42, 43], [42, 44], [42, 47], [43, 44], [43, 45], [43, 54], [44, 45], [44, 46], [45, 46], [45, 47], [47, 48], [48, 49], [48, 50], [48, 53], [49, 50], [50, 51], [50, 52], [51, 53]], "features": {"27": ["cc_3", "deg_5"], "35": ["cc_6", "deg_5"], "43": ["cc_10", "deg_5"], "47": ["cc_0", "deg_4"], "32": ["cc_0", "deg_3"], "9": ["cc_0", "deg_3"], "33": ["cc_11", "deg_3"], "48": ["cc_3", "deg_5"], "0": ["cc_0", "deg_4"], "2": ["cc_0", "deg_5"], "18": ["cc_11", "deg_4"], "5": ["cc_5", "deg_4"], "14": ["cc_0", "deg_3"], "38": ["cc_5", "deg_4"], "44": ["cc_16", "deg_4"], "39": ["cc_11", "deg_3"], "3": ["cc_0", "deg_3"], "28": ["cc_5", "deg_4"], "51": ["cc_0", "deg_4"], "23": ["cc_3", "deg_5"], "19": ["cc_11", "deg_4"], "34": ["cc_16", "deg_4"], "11": ["cc_3", "deg_5"], "17": ["cc_4", "deg_6"], "12": ["cc_5", "deg_4"], "25": ["cc_22", "deg_3"], "24": ["cc_11", "deg_3"], "22": ["cc_0", "deg_4"], "15": ["cc_0", "deg_3"], "4": ["cc_11", "deg_3"], "37": ["cc_0", "deg_4"], "45": ["cc_11", "deg_4"], "42": ["cc_10", "deg_5"], "30": ["cc_5", "deg_4"], "31": ["cc_0", "deg_2"], "36": ["cc_5", "deg_4"], "53": ["cc_0", "deg_3"], "10": ["cc_33", "deg_2"], "49": ["cc_5", "deg_4"], "1": ["cc_3", "deg_5"], "46": ["cc_5", "deg_4"], "26": ["cc_6", "deg_7"], "40": ["cc_11", "deg_4"], "41": ["cc_11", "deg_4"], "20": ["cc_11", "deg_3"], "29": ["cc_5", "deg_4"], "52": ["cc_0", "deg_4"], "13": ["cc_0", "deg_3"], "6": ["cc_5", "deg_4"], "7": ["cc_0", "deg_4"], "50": ["cc_3", "deg_7"], "8": ["cc_0", "deg_5"], "16": ["cc_11", "deg_3"], "54": ["cc_0", "deg_3"], "21": ["cc_3", "deg_5"]}}