{"label": 2, "features": {"47": ["cc_0", "deg_4"], "21": ["cc_0", "deg_3"], "34": ["cc_0", "deg_3"], "41": ["cc_0", "deg_2"], "4": ["cc_0", "deg_5"], "42": ["cc_0", "deg_4"], "12": ["cc_0", "deg_4"], "28": ["cc_0", "deg_4"], "5": ["cc_0", "deg_3"], "3": ["cc_0", "deg_4"], "24": ["cc_0", "deg_4"], "19": ["cc_22", "deg_3"], "36": ["cc_0", "deg_4"], "17": ["cc_5", "deg_4"], "11": ["cc_0", "deg_4"], "22": ["cc_0", "deg_4"], "18": ["cc_0", "deg_3"], "2": ["cc_0", "deg_4"], "46": ["cc_0", "deg_4"], "37": ["cc_0", "deg_7"], "38": ["cc_0", "deg_2"], "9": ["cc_0", "deg_8"], "27": ["cc_0", "deg_7"], "35": ["cc_0", "deg_3"], "1": ["cc_0", "deg_3"], "16": ["cc_0", "deg_4"], "25": ["cc_0", "deg_3"], "7": ["cc_5", "deg_4"], "39": ["cc_5", "deg_4"], "0": ["cc_0", "deg_3"], "29": ["cc_0", "deg_2"], "13": ["cc_0", "deg_2"], "6": ["cc_11", "deg_4"], "30": ["cc_0", "deg_7"], "14": ["cc_5", "deg_4"], "32": ["cc_0", "deg_3"], "45": ["cc_0", "deg_3"], "10": ["cc_0", "deg_5"], "33": ["cc_0", "deg_2"], "23": ["cc_2", "deg_6"], "40": ["cc_6", "deg_5"], "8": ["cc_0", "deg_3"], "44": ["cc_0", "deg_4"], "31": ["cc_0", "deg_5"], "26": ["cc_5", "deg_4"], "43": ["cc_6", "deg_5"], "20": ["cc_2", "deg_6"], "15": ["cc_0", "deg_4"]}, "edges": [[0, 2], [0, 18], [0, 46], [1, 17], [1, 44], [1, 47], [2, 16], [2, 27], [2, 23], [3, 40], [3, 37], [3, 7], [3, 24], [4, 20], [4, 8], [4, 36], [4, 45], [4, 29], [5, 25], [5, 10], [5, 11], [6, 26], [6, 19], [6, 28], [6, 7], [7, 19], [7, 14], [8, 9], [8, 23], [9, 32], [9, 34], [9, 30], [9, 22], [9, 42], [9, 12], [9, 14], [10, 18], [10, 22], [10, 23], [10, 12], [11, 32], [11, 35], [11, 30], [12, 36], [12, 46], [13, 36], [13, 30], [14, 20], [14, 39], [15, 16], [15, 39], [15, 41], [15, 31], [16, 44], [16, 38], [17, 37], [17, 40], [17, 43], [18, 25], [19, 26], [20, 35], [20, 39], [20, 24], [20, 31], [21, 27], [21, 37], [21, 43], [22, 39], [22, 31], [23, 40], [23, 43], [23, 37], [24, 34], [24, 30], [25, 30], [26, 37], [26, 27], [27, 32], [27, 33], [27, 28], [27, 45], [28, 36], [28, 42], [29, 30], [30, 44], [31, 38], [31, 47], [33, 43], [34, 37], [35, 37], [40, 43], [40, 47], [41, 42], [42, 46], [44, 46], [45, 47]]}