{"label": 1, "edges": [[0, 1], [0, 2], [0, 8], [0, 88], [1, 2], [1, 23], [1, 28], [2, 4], [2, 7], [2, 72], [2, 64], [2, 54], [2, 55], [2, 63], [3, 4], [3, 5], [3, 6], [3, 40], [3, 21], [4, 16], [4, 5], [4, 6], [4, 7], [5, 7], [5, 12], [5, 30], [6, 8], [6, 9], [6, 90], [6, 27], [7, 25], [7, 8], [7, 9], [7, 10], [7, 76], [8, 64], [8, 82], [8, 10], [8, 11], [8, 28], [8, 13], [9, 71], [9, 39], [9, 10], [9, 11], [9, 26], [10, 64], [10, 41], [10, 11], [10, 12], [11, 67], [11, 86], [11, 12], [11, 90], [12, 17], [12, 35], [12, 14], [12, 15], [13, 16], [13, 56], [13, 15], [14, 17], [14, 59], [14, 55], [14, 46], [14, 15], [15, 16], [15, 17], [15, 80], [15, 57], [15, 75], [16, 39], [16, 89], [16, 77], [17, 70], [17, 73], [17, 90], [18, 32], [18, 19], [18, 47], [19, 48], [19, 20], [19, 22], [19, 78], [20, 83], [20, 22], [20, 58], [21, 67], [21, 38], [21, 76], [22, 85], [22, 89], [22, 24], [22, 25], [23, 48], [23, 24], [23, 25], [23, 26], [24, 32], [24, 83], [24, 25], [24, 26], [24, 27], [25, 49], [25, 27], [25, 62], [25, 63], [26, 64], [26, 49], [26, 85], [26, 89], [27, 41], [27, 28], [27, 30], [28, 45], [28, 81], [28, 29], [28, 30], [29, 32], [29, 89], [29, 30], [30, 32], [30, 33], [30, 31], [31, 32], [31, 33], [31, 34], [32, 61], [32, 35], [32, 66], [33, 82], [33, 35], [33, 42], [34, 35], [34, 68], [34, 37], [34, 43], [35, 36], [35, 38], [35, 41], [36, 52], [36, 37], [36, 38], [36, 39], [36, 85], [37, 69], [37, 38], [37, 39], [37, 41], [37, 58], [38, 39], [38, 40], [38, 41], [39, 50], [39, 41], [39, 79], [40, 42], [40, 43], [41, 55], [41, 42], [41, 43], [42, 48], [42, 43], [42, 44], [43, 90], [43, 76], [43, 45], [44, 82], [44, 46], [44, 47], [45, 48], [45, 88], [45, 46], [46, 48], [46, 49], [46, 52], [46, 55], [46, 68], [47, 48], [47, 49], [47, 50], [47, 87], [48, 82], [48, 51], [48, 53], [48, 54], [49, 50], [49, 69], [50, 51], [50, 53], [50, 65], [51, 52], [51, 53], [51, 54], [52, 55], [52, 84], [53, 54], [53, 55], [54, 66], [55, 56], [55, 57], [55, 58], [56, 70], [56, 58], [57, 72], [57, 60], [58, 83], [58, 60], [59, 60], [59, 61], [59, 62], [60, 70], [60, 86], [60, 62], [61, 64], [61, 85], [61, 79], [61, 62], [61, 63], [62, 64], [62, 65], [62, 89], [62, 63], [63, 65], [64, 82], [65, 83], [65, 67], [65, 68], [66, 83], [66, 68], [66, 74], [67, 82], [67, 69], [67, 70], [68, 69], [69, 70], [70, 71], [70, 73], [71, 84], [71, 72], [71, 74], [72, 73], [72, 74], [72, 75], [73, 74], [73, 76], [73, 78], [74, 81], [74, 86], [74, 75], [74, 77], [75, 76], [75, 77], [76, 78], [77, 84], [77, 78], [77, 79], [78, 81], [78, 88], [79, 81], [80, 82], [80, 83], [81, 82], [82, 83], [83, 85], [83, 86], [84, 85], [86, 87], [86, 88], [86, 89], [87, 88], [87, 89], [88, 90]], "features": {"27": ["cc_4", "deg_6"], "35": ["cc_3", "deg_7"], "43": ["cc_3", "deg_7"], "47": ["cc_2", "deg_6"], "56": ["cc_5", "deg_4"], "23": ["cc_6", "deg_5"], "9": ["cc_3", "deg_7"], "0": ["cc_5", "deg_4"], "6": ["cc_2", "deg_6"], "18": ["cc_0", "deg_3"], "14": ["cc_8", "deg_6"], "38": ["cc_11", "deg_7"], "82": ["cc_1", "deg_9"], "68": ["cc_0", "deg_5"], "51": ["cc_13", "deg_5"], "77": ["cc_2", "deg_6"], "19": ["cc_3", "deg_5"], "34": ["cc_0", "deg_5"], "75": ["cc_6", "deg_5"], "11": ["cc_4", "deg_7"], "88": ["cc_2", "deg_6"], "17": ["cc_8", "deg_6"], "25": ["cc_4", "deg_8"], "24": ["cc_6", "deg_7"], "70": ["cc_3", "deg_7"], "15": ["cc_4", "deg_8"], "62": ["cc_7", "deg_8"], "40": ["cc_5", "deg_4"], "30": ["cc_7", "deg_7"], "31": ["cc_11", "deg_4"], "66": ["cc_0", "deg_5"], "36": ["cc_8", "deg_6"], "57": ["cc_0", "deg_4"], "10": ["cc_9", "deg_7"], "49": ["cc_2", "deg_6"], "1": ["cc_5", "deg_4"], "46": ["cc_3", "deg_8"], "60": ["cc_2", "deg_6"], "41": ["cc_4", "deg_9"], "29": ["cc_11", "deg_4"], "74": ["cc_4", "deg_8"], "13": ["cc_5", "deg_4"], "2": ["cc_1", "deg_9"], "7": ["cc_4", "deg_8"], "84": ["cc_0", "deg_4"], "79": ["cc_0", "deg_4"], "90": ["cc_0", "deg_5"], "32": ["cc_2", "deg_8"], "33": ["cc_3", "deg_5"], "55": ["cc_2", "deg_9"], "48": ["cc_2", "deg_10"], "85": ["cc_0", "deg_6"], "5": ["cc_6", "deg_5"], "80": ["cc_11", "deg_3"], "81": ["cc_0", "deg_5"], "86": ["cc_3", "deg_7"], "87": ["cc_11", "deg_4"], "44": ["cc_0", "deg_4"], "39": ["cc_5", "deg_8"], "3": ["cc_6", "deg_5"], "28": ["cc_3", "deg_7"], "83": ["cc_1", "deg_9"], "76": ["cc_2", "deg_6"], "72": ["cc_6", "deg_6"], "89": ["cc_1", "deg_7"], "12": ["cc_6", "deg_7"], "59": ["cc_11", "deg_4"], "69": ["cc_3", "deg_5"], "22": ["cc_4", "deg_6"], "50": ["cc_4", "deg_6"], "71": ["cc_3", "deg_5"], "4": ["cc_8", "deg_6"], "78": ["cc_2", "deg_6"], "45": ["cc_3", "deg_5"], "42": ["cc_4", "deg_6"], "21": ["cc_0", "deg_4"], "8": ["cc_3", "deg_9"], "53": ["cc_13", "deg_5"], "67": ["cc_2", "deg_6"], "37": ["cc_7", "deg_7"], "20": ["cc_11", "deg_4"], "26": ["cc_1", "deg_7"], "52": ["cc_3", "deg_5"], "58": ["cc_4", "deg_6"], "63": ["cc_10", "deg_5"], "64": ["cc_4", "deg_7"], "54": ["cc_10", "deg_5"], "65": ["cc_2", "deg_6"], "61": ["cc_4", "deg_7"], "16": ["cc_2", "deg_6"], "73": ["cc_6", "deg_6"]}}