{"label": 1, "edges": [[0, 49], [0, 52], [0, 57], [0, 13], [0, 4], [0, 15], [1, 2], [1, 3], [1, 30], [2, 4], [2, 39], [2, 58], [3, 4], [3, 5], [3, 17], [4, 34], [4, 5], [4, 6], [4, 14], [5, 49], [5, 50], [5, 35], [5, 37], [5, 6], [6, 20], [6, 30], [6, 31], [7, 8], [7, 22], [7, 38], [8, 15], [8, 47], [9, 52], [9, 10], [9, 11], [9, 29], [10, 12], [10, 20], [11, 44], [11, 13], [11, 31], [12, 26], [12, 22], [12, 31], [12, 13], [12, 46], [12, 15], [13, 17], [14, 19], [14, 41], [14, 47], [15, 43], [16, 17], [16, 18], [17, 19], [17, 45], [18, 19], [18, 23], [19, 20], [19, 21], [19, 56], [20, 21], [20, 39], [21, 37], [21, 23], [23, 24], [23, 25], [24, 25], [24, 26], [25, 49], [25, 58], [26, 56], [26, 51], [27, 43], [27, 28], [28, 29], [28, 30], [29, 30], [30, 58], [31, 32], [31, 50], [31, 54], [32, 33], [32, 34], [33, 34], [33, 35], [34, 51], [34, 36], [35, 37], [36, 40], [36, 43], [36, 38], [37, 38], [37, 43], [38, 50], [38, 46], [39, 43], [39, 47], [40, 42], [41, 42], [42, 43], [42, 44], [42, 48], [43, 44], [44, 50], [45, 48], [46, 48], [48, 58], [49, 50], [50, 52], [52, 58], [53, 54], [53, 55], [54, 55], [55, 56], [55, 57], [56, 57], [57, 58]], "features": {"27": ["cc_0", "deg_2"], "35": ["cc_11", "deg_3"], "43": ["cc_1", "deg_7"], "47": ["cc_0", "deg_3"], "32": ["cc_11", "deg_3"], "56": ["cc_5", "deg_4"], "9": ["cc_0", "deg_4"], "33": ["cc_11", "deg_3"], "48": ["cc_0", "deg_4"], "55": ["cc_11", "deg_4"], "0": ["cc_0", "deg_6"], "2": ["cc_0", "deg_4"], "18": ["cc_0", "deg_3"], "5": ["cc_6", "deg_7"], "14": ["cc_0", "deg_4"], "38": ["cc_0", "deg_5"], "44": ["cc_5", "deg_4"], "39": ["cc_0", "deg_4"], "3": ["cc_5", "deg_4"], "28": ["cc_11", "deg_3"], "51": ["cc_0", "deg_2"], "23": ["cc_5", "deg_4"], "19": ["cc_2", "deg_6"], "34": ["cc_3", "deg_5"], "11": ["cc_0", "deg_4"], "17": ["cc_0", "deg_5"], "12": ["cc_0", "deg_7"], "25": ["cc_5", "deg_4"], "24": ["cc_11", "deg_3"], "22": ["cc_0", "deg_2"], "15": ["cc_0", "deg_4"], "4": ["cc_3", "deg_7"], "37": ["cc_3", "deg_5"], "45": ["cc_0", "deg_2"], "42": ["cc_3", "deg_5"], "30": ["cc_3", "deg_5"], "31": ["cc_0", "deg_6"], "36": ["cc_0", "deg_4"], "57": ["cc_5", "deg_4"], "53": ["cc_33", "deg_2"], "10": ["cc_0", "deg_3"], "49": ["cc_5", "deg_4"], "1": ["cc_0", "deg_3"], "46": ["cc_0", "deg_3"], "26": ["cc_0", "deg_4"], "40": ["cc_0", "deg_2"], "41": ["cc_0", "deg_2"], "20": ["cc_3", "deg_5"], "29": ["cc_11", "deg_3"], "52": ["cc_0", "deg_4"], "58": ["cc_0", "deg_6"], "13": ["cc_0", "deg_4"], "6": ["cc_3", "deg_5"], "7": ["cc_0", "deg_3"], "50": ["cc_2", "deg_6"], "8": ["cc_0", "deg_3"], "16": ["cc_0", "deg_2"], "54": ["cc_11", "deg_3"], "21": ["cc_5", "deg_4"]}}