{"label": 1, "edges": [[0, 34], [0, 42], [0, 2], [0, 15], [1, 16], [1, 3], [1, 42], [2, 3], [2, 4], [3, 42], [3, 33], [4, 20], [4, 5], [5, 27], [5, 19], [5, 6], [5, 7], [5, 11], [6, 18], [6, 22], [6, 8], [7, 8], [7, 20], [8, 9], [8, 30], [8, 21], [9, 12], [9, 30], [9, 15], [10, 11], [10, 15], [11, 18], [11, 35], [11, 31], [12, 22], [12, 23], [13, 17], [13, 27], [13, 30], [14, 41], [14, 25], [14, 31], [15, 16], [15, 32], [15, 40], [15, 27], [16, 17], [17, 18], [17, 34], [17, 30], [18, 20], [18, 39], [19, 20], [20, 21], [20, 22], [20, 25], [21, 36], [22, 24], [23, 24], [23, 29], [24, 33], [24, 37], [25, 27], [26, 27], [26, 28], [27, 29], [28, 40], [28, 30], [29, 31], [30, 41], [30, 39], [30, 31], [31, 33], [32, 34], [33, 36], [33, 40], [34, 36], [35, 38], [36, 37], [36, 38], [37, 38], [37, 39], [38, 40], [38, 39], [39, 40], [40, 41]], "features": {"27": ["cc_0", "deg_6"], "22": ["cc_0", "deg_4"], "32": ["cc_0", "deg_2"], "15": ["cc_0", "deg_7"], "4": ["cc_0", "deg_3"], "33": ["cc_0", "deg_5"], "40": ["cc_2", "deg_6"], "35": ["cc_0", "deg_2"], "42": ["cc_11", "deg_3"], "30": ["cc_2", "deg_8"], "0": ["cc_0", "deg_4"], "2": ["cc_0", "deg_3"], "6": ["cc_0", "deg_4"], "18": ["cc_0", "deg_5"], "5": ["cc_0", "deg_6"], "10": ["cc_0", "deg_2"], "14": ["cc_0", "deg_3"], "41": ["cc_0", "deg_3"], "1": ["cc_11", "deg_3"], "29": ["cc_0", "deg_3"], "37": ["cc_11", "deg_4"], "8": ["cc_3", "deg_5"], "20": ["cc_0", "deg_7"], "26": ["cc_0", "deg_2"], "3": ["cc_5", "deg_4"], "11": ["cc_0", "deg_5"], "28": ["cc_0", "deg_3"], "39": ["cc_6", "deg_5"], "23": ["cc_0", "deg_3"], "19": ["cc_0", "deg_2"], "36": ["cc_3", "deg_5"], "38": ["cc_10", "deg_5"], "34": ["cc_0", "deg_4"], "13": ["cc_11", "deg_3"], "16": ["cc_0", "deg_3"], "7": ["cc_0", "deg_3"], "17": ["cc_3", "deg_5"], "12": ["cc_0", "deg_3"], "31": ["cc_0", "deg_5"], "25": ["cc_0", "deg_3"], "24": ["cc_0", "deg_4"], "9": ["cc_5", "deg_4"], "21": ["cc_0", "deg_3"]}}