{"label": 1, "features": {"1": ["cc_6", "deg_6"], "16": ["cc_11", "deg_7"], "4": ["cc_3", "deg_7"], "21": ["cc_2", "deg_6"], "7": ["cc_3", "deg_7"], "0": ["cc_11", "deg_3"], "12": ["cc_11", "deg_7"], "13": ["cc_6", "deg_9"], "6": ["cc_2", "deg_6"], "5": ["cc_11", "deg_3"], "3": ["cc_3", "deg_5"], "24": ["cc_6", "deg_7"], "23": ["cc_6", "deg_6"], "19": ["cc_4", "deg_6"], "10": ["cc_8", "deg_9"], "17": ["cc_4", "deg_6"], "11": ["cc_9", "deg_7"], "22": ["cc_11", "deg_7"], "18": ["cc_0", "deg_4"], "2": ["cc_6", "deg_5"], "20": ["cc_4", "deg_6"], "14": ["cc_9", "deg_7"], "9": ["cc_13", "deg_5"], "8": ["cc_6", "deg_5"], "15": ["cc_11", "deg_4"]}, "edges": [[0, 1], [0, 2], [0, 3], [1, 6], [1, 23], [1, 10], [1, 11], [1, 13], [2, 3], [2, 4], [2, 7], [2, 24], [3, 19], [3, 6], [3, 13], [4, 16], [4, 11], [4, 20], [4, 6], [4, 7], [4, 23], [5, 22], [5, 7], [5, 13], [6, 18], [6, 7], [6, 9], [7, 17], [7, 10], [7, 21], [8, 20], [8, 23], [8, 10], [8, 12], [8, 21], [9, 20], [9, 10], [9, 11], [9, 12], [10, 20], [10, 22], [10, 11], [10, 12], [10, 13], [11, 17], [11, 12], [11, 14], [12, 16], [12, 24], [12, 14], [13, 16], [13, 21], [13, 22], [13, 23], [13, 14], [14, 16], [14, 17], [14, 19], [14, 15], [15, 17], [15, 21], [15, 24], [16, 19], [16, 22], [16, 24], [17, 18], [17, 20], [18, 19], [18, 21], [19, 20], [19, 22], [21, 24], [22, 23], [22, 24], [23, 24]]}