{"label": 1, "features": {"68": ["cc_2", "deg_6"], "21": ["cc_0", "deg_3"], "34": ["cc_0", "deg_2"], "58": ["cc_0", "deg_2"], "69": ["cc_5", "deg_4"], "42": ["cc_0", "deg_4"], "12": ["cc_0", "deg_5"], "66": ["cc_0", "deg_3"], "5": ["cc_0", "deg_5"], "61": ["cc_5", "deg_4"], "91": ["cc_0", "deg_3"], "51": ["cc_0", "deg_5"], "24": ["cc_6", "deg_5"], "56": ["cc_0", "deg_3"], "55": ["cc_3", "deg_5"], "17": ["cc_5", "deg_4"], "22": ["cc_5", "deg_4"], "74": ["cc_0", "deg_3"], "59": ["cc_0", "deg_2"], "46": ["cc_0", "deg_3"], "37": ["cc_0", "deg_4"], "38": ["cc_2", "deg_6"], "81": ["cc_0", "deg_7"], "90": ["cc_0", "deg_5"], "35": ["cc_0", "deg_4"], "47": ["cc_0", "deg_4"], "16": ["cc_11", "deg_3"], "65": ["cc_0", "deg_5"], "23": ["cc_11", "deg_4"], "7": ["cc_0", "deg_5"], "82": ["cc_0", "deg_3"], "29": ["cc_5", "deg_4"], "93": ["cc_0", "deg_3"], "13": ["cc_0", "deg_5"], "6": ["cc_0", "deg_6"], "30": ["cc_0", "deg_3"], "14": ["cc_2", "deg_6"], "40": ["cc_0", "deg_3"], "33": ["cc_0", "deg_3"], "73": ["cc_5", "deg_4"], "76": ["cc_0", "deg_3"], "8": ["cc_2", "deg_6"], "44": ["cc_0", "deg_5"], "26": ["cc_0", "deg_6"], "43": ["cc_0", "deg_3"], "57": ["cc_5", "deg_4"], "20": ["cc_0", "deg_3"], "89": ["cc_0", "deg_7"], "80": ["cc_0", "deg_2"], "70": ["cc_11", "deg_3"], "84": ["cc_0", "deg_3"], "53": ["cc_0", "deg_3"], "1": ["cc_0", "deg_3"], "54": ["cc_0", "deg_2"], "41": ["cc_0", "deg_2"], "4": ["cc_0", "deg_4"], "39": ["cc_0", "deg_2"], "28": ["cc_0", "deg_2"], "25": ["cc_3", "deg_5"], "78": ["cc_0", "deg_3"], "3": ["cc_0", "deg_4"], "64": ["cc_0", "deg_4"], "72": ["cc_0", "deg_2"], "87": ["cc_0", "deg_4"], "19": ["cc_0", "deg_2"], "92": ["cc_0", "deg_2"], "86": ["cc_0", "deg_6"], "62": ["cc_3", "deg_7"], "11": ["cc_0", "deg_4"], "18": ["cc_5", "deg_4"], "67": ["cc_0", "deg_4"], "2": ["cc_0", "deg_5"], "9": ["cc_0", "deg_5"], "27": ["cc_0", "deg_2"], "15": ["cc_2", "deg_6"], "71": ["cc_5", "deg_4"], "88": ["cc_0", "deg_4"], "0": ["cc_0", "deg_3"], "63": ["cc_0", "deg_6"], "32": ["cc_0", "deg_5"], "45": ["cc_0", "deg_5"], "36": ["cc_0", "deg_5"], "83": ["cc_0", "deg_3"], "48": ["cc_0", "deg_4"], "79": ["cc_0", "deg_5"], "77": ["cc_0", "deg_4"], "10": ["cc_0", "deg_4"], "85": ["cc_0", "deg_4"], "31": ["cc_0", "deg_3"], "75": ["cc_3", "deg_5"], "50": ["cc_0", "deg_4"], "60": ["cc_3", "deg_5"], "52": ["cc_3", "deg_5"], "49": ["cc_0", "deg_4"]}, "edges": [[0, 2], [0, 90], [0, 92], [1, 22], [1, 39], [1, 79], [2, 76], [2, 26], [2, 3], [2, 4], [3, 81], [3, 10], [3, 59], [4, 6], [4, 40], [4, 60], [5, 83], [5, 6], [5, 44], [5, 45], [5, 62], [6, 7], [6, 11], [6, 92], [6, 78], [7, 72], [7, 25], [7, 8], [7, 74], [8, 68], [8, 9], [8, 26], [8, 28], [8, 62], [9, 81], [9, 25], [9, 11], [9, 76], [10, 19], [10, 12], [10, 70], [11, 24], [11, 26], [12, 37], [12, 89], [12, 60], [12, 93], [13, 51], [13, 84], [13, 87], [13, 57], [13, 15], [14, 64], [14, 52], [14, 37], [14, 70], [14, 40], [14, 15], [15, 21], [15, 70], [15, 44], [15, 60], [16, 17], [16, 18], [16, 91], [17, 48], [17, 18], [17, 34], [18, 20], [18, 45], [19, 81], [20, 85], [20, 38], [21, 22], [21, 79], [22, 24], [22, 23], [23, 24], [23, 25], [23, 53], [24, 25], [24, 42], [25, 68], [26, 36], [26, 37], [26, 90], [27, 93], [27, 81], [28, 79], [29, 32], [29, 52], [29, 38], [29, 30], [30, 44], [30, 31], [31, 32], [31, 49], [32, 36], [32, 56], [32, 77], [33, 55], [33, 73], [33, 46], [34, 35], [35, 67], [35, 36], [35, 83], [36, 38], [36, 55], [37, 85], [38, 80], [38, 63], [38, 52], [39, 89], [40, 58], [41, 42], [41, 61], [42, 67], [42, 44], [43, 44], [43, 45], [43, 93], [45, 69], [45, 47], [46, 48], [46, 82], [47, 72], [47, 49], [47, 57], [48, 50], [48, 71], [49, 51], [49, 62], [50, 51], [50, 85], [50, 90], [51, 76], [51, 52], [52, 86], [53, 89], [53, 59], [54, 56], [54, 55], [55, 57], [55, 75], [56, 65], [57, 75], [58, 75], [60, 61], [60, 62], [61, 62], [61, 63], [62, 64], [62, 68], [63, 64], [63, 71], [63, 90], [63, 87], [64, 65], [65, 66], [65, 67], [65, 86], [66, 68], [66, 84], [67, 69], [68, 78], [68, 74], [69, 71], [69, 73], [71, 73], [73, 75], [74, 88], [75, 77], [77, 88], [77, 79], [78, 89], [79, 81], [80, 86], [81, 82], [81, 91], [82, 83], [84, 86], [85, 86], [86, 87], [87, 89], [88, 89], [88, 90], [89, 91]]}