{"label": 0, "features": {"21": ["cc_3", "deg_5"], "34": ["cc_5", "deg_4"], "41": ["cc_1", "deg_7"], "4": ["cc_0", "deg_4"], "42": ["cc_0", "deg_2"], "12": ["cc_22", "deg_3"], "28": ["cc_11", "deg_3"], "5": ["cc_33", "deg_2"], "3": ["cc_3", "deg_5"], "24": ["cc_11", "deg_3"], "19": ["cc_3", "deg_5"], "36": ["cc_5", "deg_4"], "17": ["cc_5", "deg_4"], "11": ["cc_11", "deg_3"], "22": ["cc_0", "deg_3"], "18": ["cc_0", "deg_4"], "2": ["cc_10", "deg_5"], "46": ["cc_0", "deg_4"], "37": ["cc_0", "deg_4"], "38": ["cc_0", "deg_3"], "9": ["cc_2", "deg_6"], "27": ["cc_5", "deg_4"], "35": ["cc_0", "deg_2"], "1": ["cc_11", "deg_4"], "16": ["cc_0", "deg_3"], "25": ["cc_3", "deg_5"], "7": ["cc_3", "deg_5"], "39": ["cc_11", "deg_3"], "0": ["cc_22", "deg_3"], "29": ["cc_5", "deg_4"], "13": ["cc_11", "deg_4"], "6": ["cc_11", "deg_3"], "30": ["cc_0", "deg_3"], "14": ["cc_3", "deg_5"], "32": ["cc_2", "deg_6"], "45": ["cc_6", "deg_5"], "10": ["cc_2", "deg_6"], "33": ["cc_11", "deg_3"], "23": ["cc_2", "deg_6"], "40": ["cc_3", "deg_5"], "8": ["cc_11", "deg_3"], "44": ["cc_5", "deg_4"], "31": ["cc_0", "deg_3"], "26": ["cc_3", "deg_5"], "43": ["cc_3", "deg_5"], "20": ["cc_11", "deg_3"], "15": ["cc_0", "deg_3"]}, "edges": [[0, 1], [0, 2], [0, 45], [1, 2], [1, 3], [1, 46], [2, 3], [2, 4], [2, 45], [3, 17], [3, 40], [3, 11], [4, 23], [4, 44], [4, 18], [5, 6], [5, 7], [6, 23], [6, 7], [7, 25], [7, 9], [7, 29], [8, 9], [8, 10], [8, 35], [9, 33], [9, 38], [9, 10], [9, 46], [10, 22], [10, 44], [10, 14], [10, 31], [11, 12], [11, 13], [12, 13], [12, 14], [13, 41], [13, 14], [14, 23], [14, 15], [15, 16], [15, 32], [16, 17], [16, 18], [17, 36], [17, 26], [18, 40], [18, 19], [19, 32], [19, 20], [19, 21], [19, 46], [20, 43], [20, 21], [21, 34], [21, 22], [21, 30], [22, 23], [23, 24], [23, 25], [24, 25], [24, 26], [25, 37], [25, 27], [26, 42], [26, 27], [26, 36], [27, 28], [27, 29], [28, 29], [28, 31], [29, 30], [30, 41], [31, 32], [32, 33], [32, 34], [32, 41], [33, 34], [34, 36], [35, 37], [36, 41], [37, 38], [37, 39], [38, 40], [39, 40], [39, 41], [40, 41], [41, 43], [42, 43], [43, 44], [43, 45], [44, 45], [45, 46]]}