{"label": 1, "features": {"21": ["cc_0", "deg_3"], "34": ["cc_5", "deg_4"], "41": ["cc_0", "deg_6"], "4": ["cc_4", "deg_6"], "42": ["cc_0", "deg_4"], "12": ["cc_0", "deg_5"], "28": ["cc_3", "deg_5"], "5": ["cc_5", "deg_4"], "3": ["cc_0", "deg_4"], "24": ["cc_0", "deg_2"], "19": ["cc_0", "deg_4"], "36": ["cc_22", "deg_3"], "17": ["cc_5", "deg_4"], "11": ["cc_0", "deg_2"], "22": ["cc_0", "deg_4"], "18": ["cc_0", "deg_4"], "2": ["cc_0", "deg_3"], "46": ["cc_0", "deg_3"], "37": ["cc_6", "deg_6"], "38": ["cc_2", "deg_6"], "9": ["cc_5", "deg_4"], "27": ["cc_2", "deg_6"], "35": ["cc_11", "deg_3"], "1": ["cc_0", "deg_4"], "16": ["cc_0", "deg_2"], "25": ["cc_0", "deg_5"], "7": ["cc_0", "deg_3"], "39": ["cc_2", "deg_6"], "0": ["cc_0", "deg_6"], "29": ["cc_5", "deg_4"], "13": ["cc_0", "deg_4"], "6": ["cc_0", "deg_3"], "30": ["cc_0", "deg_2"], "14": ["cc_0", "deg_5"], "32": ["cc_0", "deg_4"], "45": ["cc_0", "deg_4"], "10": ["cc_3", "deg_5"], "33": ["cc_0", "deg_2"], "23": ["cc_0", "deg_5"], "40": ["cc_0", "deg_4"], "8": ["cc_11", "deg_3"], "44": ["cc_0", "deg_6"], "31": ["cc_0", "deg_3"], "26": ["cc_11", "deg_3"], "43": ["cc_0", "deg_4"], "20": ["cc_0", "deg_2"], "15": ["cc_5", "deg_4"]}, "edges": [[0, 32], [0, 16], [0, 2], [0, 23], [0, 45], [0, 46], [1, 3], [1, 21], [1, 41], [1, 46], [2, 4], [2, 39], [3, 32], [3, 38], [3, 44], [4, 37], [4, 6], [4, 15], [4, 29], [4, 5], [5, 37], [5, 14], [5, 7], [6, 8], [6, 25], [7, 9], [7, 39], [8, 9], [8, 10], [9, 10], [9, 14], [10, 42], [10, 43], [10, 12], [11, 12], [11, 13], [12, 28], [12, 30], [12, 14], [13, 44], [13, 14], [13, 31], [14, 15], [15, 25], [15, 29], [16, 41], [17, 18], [17, 19], [17, 34], [17, 39], [18, 23], [18, 42], [18, 27], [19, 32], [19, 21], [19, 37], [20, 38], [20, 22], [21, 23], [22, 40], [22, 43], [22, 23], [23, 25], [24, 25], [24, 26], [25, 27], [26, 27], [26, 28], [27, 38], [27, 28], [27, 44], [28, 34], [28, 29], [29, 46], [30, 31], [31, 32], [33, 41], [33, 34], [34, 39], [35, 36], [35, 37], [35, 45], [36, 37], [36, 38], [37, 38], [38, 39], [39, 40], [40, 41], [40, 42], [41, 43], [41, 44], [42, 44], [43, 45], [44, 45]]}