{"label": 2, "edges": [[0, 4], [0, 8], [0, 25], [0, 26], [0, 11], [1, 20], [1, 8], [1, 25], [1, 13], [2, 3], [2, 5], [3, 16], [3, 19], [3, 20], [3, 5], [3, 25], [3, 14], [4, 5], [4, 6], [4, 9], [5, 7], [5, 10], [6, 8], [6, 11], [7, 17], [7, 18], [7, 23], [7, 8], [7, 21], [8, 22], [8, 11], [9, 19], [9, 12], [10, 19], [10, 23], [10, 15], [11, 21], [11, 22], [11, 14], [12, 17], [12, 24], [12, 26], [12, 14], [13, 24], [13, 15], [14, 22], [15, 17], [16, 22], [17, 23], [18, 20], [18, 24], [18, 25], [23, 25], [25, 26]], "features": {"22": ["cc_11", "deg_4"], "15": ["cc_0", "deg_3"], "4": ["cc_0", "deg_4"], "0": ["cc_6", "deg_5"], "2": ["cc_33", "deg_2"], "6": ["cc_11", "deg_3"], "18": ["cc_0", "deg_4"], "5": ["cc_3", "deg_5"], "10": ["cc_0", "deg_4"], "14": ["cc_5", "deg_4"], "1": ["cc_0", "deg_4"], "8": ["cc_6", "deg_6"], "20": ["cc_0", "deg_3"], "26": ["cc_11", "deg_3"], "3": ["cc_1", "deg_7"], "11": ["cc_8", "deg_6"], "23": ["cc_5", "deg_4"], "19": ["cc_0", "deg_3"], "13": ["cc_0", "deg_3"], "16": ["cc_0", "deg_2"], "7": ["cc_2", "deg_6"], "17": ["cc_5", "deg_4"], "12": ["cc_0", "deg_5"], "25": ["cc_2", "deg_6"], "24": ["cc_0", "deg_3"], "9": ["cc_0", "deg_3"], "21": ["cc_0", "deg_2"]}}