{"label": 2, "features": {"53": ["cc_5", "deg_4"], "47": ["cc_0", "deg_3"], "68": ["cc_0", "deg_4"], "21": ["cc_0", "deg_4"], "34": ["cc_4", "deg_6"], "67": ["cc_0", "deg_5"], "41": ["cc_0", "deg_5"], "4": ["cc_33", "deg_2"], "42": ["cc_0", "deg_6"], "12": ["cc_0", "deg_5"], "28": ["cc_0", "deg_3"], "66": ["cc_0", "deg_5"], "5": ["cc_11", "deg_4"], "65": ["cc_5", "deg_4"], "61": ["cc_0", "deg_2"], "3": ["cc_0", "deg_4"], "64": ["cc_0", "deg_4"], "51": ["cc_0", "deg_3"], "24": ["cc_0", "deg_5"], "56": ["cc_0", "deg_5"], "55": ["cc_3", "deg_5"], "19": ["cc_0", "deg_4"], "54": ["cc_0", "deg_4"], "36": ["cc_11", "deg_3"], "17": ["cc_0", "deg_4"], "11": ["cc_0", "deg_5"], "22": ["cc_0", "deg_5"], "71": ["cc_0", "deg_4"], "18": ["cc_0", "deg_2"], "59": ["cc_0", "deg_3"], "2": ["cc_0", "deg_4"], "46": ["cc_0", "deg_2"], "37": ["cc_0", "deg_6"], "38": ["cc_0", "deg_3"], "9": ["cc_0", "deg_2"], "27": ["cc_0", "deg_3"], "58": ["cc_0", "deg_6"], "35": ["cc_5", "deg_4"], "1": ["cc_0", "deg_3"], "16": ["cc_0", "deg_4"], "25": ["cc_0", "deg_3"], "7": ["cc_3", "deg_5"], "39": ["cc_0", "deg_5"], "0": ["cc_0", "deg_3"], "29": ["cc_0", "deg_3"], "63": ["cc_0", "deg_4"], "13": ["cc_1", "deg_7"], "6": ["cc_6", "deg_5"], "30": ["cc_0", "deg_5"], "14": ["cc_5", "deg_4"], "32": ["cc_11", "deg_3"], "45": ["cc_0", "deg_2"], "10": ["cc_0", "deg_3"], "33": ["cc_5", "deg_4"], "23": ["cc_0", "deg_2"], "69": ["cc_0", "deg_3"], "48": ["cc_0", "deg_5"], "40": ["cc_0", "deg_3"], "8": ["cc_0", "deg_5"], "44": ["cc_0", "deg_4"], "31": ["cc_0", "deg_2"], "26": ["cc_0", "deg_4"], "43": ["cc_0", "deg_2"], "57": ["cc_0", "deg_3"], "20": ["cc_3", "deg_5"], "50": ["cc_0", "deg_6"], "62": ["cc_0", "deg_7"], "60": ["cc_0", "deg_5"], "52": ["cc_0", "deg_5"], "15": ["cc_0", "deg_3"], "70": ["cc_0", "deg_5"], "49": ["cc_0", "deg_4"]}, "edges": [[0, 1], [0, 21], [0, 12], [1, 57], [1, 10], [2, 64], [2, 42], [2, 61], [2, 47], [3, 16], [3, 11], [3, 39], [3, 43], [4, 5], [4, 6], [5, 18], [5, 6], [5, 7], [6, 8], [6, 44], [6, 7], [7, 42], [7, 27], [7, 12], [8, 25], [8, 10], [8, 46], [8, 23], [9, 17], [9, 11], [10, 56], [11, 50], [11, 68], [11, 58], [12, 19], [12, 70], [12, 14], [13, 65], [13, 19], [13, 22], [13, 33], [13, 56], [13, 14], [13, 15], [14, 65], [14, 66], [15, 24], [15, 67], [16, 37], [16, 30], [16, 63], [17, 31], [17, 66], [17, 19], [18, 37], [19, 54], [20, 53], [20, 55], [20, 56], [20, 59], [20, 21], [21, 37], [21, 22], [22, 66], [22, 71], [22, 62], [23, 62], [24, 37], [24, 56], [24, 28], [24, 44], [25, 26], [25, 41], [26, 40], [26, 39], [26, 62], [27, 30], [27, 71], [28, 43], [28, 29], [29, 33], [29, 56], [30, 50], [30, 45], [30, 38], [31, 52], [32, 33], [32, 34], [32, 70], [33, 34], [34, 35], [34, 36], [34, 48], [34, 61], [35, 36], [35, 37], [35, 62], [36, 39], [37, 52], [38, 39], [38, 60], [39, 55], [40, 42], [40, 71], [41, 69], [41, 55], [41, 42], [41, 60], [42, 62], [42, 63], [44, 48], [44, 59], [45, 67], [46, 60], [47, 49], [47, 58], [48, 50], [48, 51], [48, 67], [49, 65], [49, 50], [49, 51], [50, 55], [50, 64], [51, 52], [52, 58], [52, 53], [53, 54], [53, 55], [54, 70], [54, 69], [57, 58], [57, 59], [58, 60], [58, 63], [60, 62], [62, 64], [63, 65], [64, 66], [66, 67], [67, 68], [68, 69], [68, 70], [70, 71]]}