{"label": 0, "edges": [[0, 1], [0, 2], [0, 19], [0, 30], [1, 2], [1, 3], [1, 31], [2, 3], [2, 4], [2, 22], [2, 30], [3, 4], [3, 6], [3, 9], [4, 5], [4, 6], [5, 6], [5, 10], [5, 30], [6, 9], [6, 13], [7, 9], [7, 14], [8, 19], [8, 12], [9, 27], [9, 10], [10, 11], [11, 16], [11, 12], [12, 28], [12, 13], [12, 14], [13, 26], [13, 15], [14, 16], [14, 15], [15, 16], [15, 17], [16, 17], [16, 18], [17, 18], [17, 28], [18, 19], [18, 20], [19, 24], [19, 21], [20, 21], [20, 22], [20, 29], [21, 22], [21, 23], [22, 23], [23, 24], [23, 25], [24, 25], [24, 31], [25, 26], [25, 27], [26, 27], [26, 28], [27, 29], [28, 30], [29, 30]], "features": {"27": ["cc_5", "deg_4"], "22": ["cc_11", "deg_4"], "15": ["cc_11", "deg_4"], "4": ["cc_16", "deg_4"], "30": ["cc_3", "deg_5"], "0": ["cc_11", "deg_4"], "2": ["cc_8", "deg_6"], "6": ["cc_10", "deg_5"], "18": ["cc_5", "deg_4"], "5": ["cc_5", "deg_4"], "10": ["cc_0", "deg_3"], "14": ["cc_5", "deg_4"], "1": ["cc_11", "deg_4"], "29": ["cc_0", "deg_3"], "8": ["cc_0", "deg_2"], "20": ["cc_5", "deg_4"], "26": ["cc_5", "deg_4"], "3": ["cc_13", "deg_5"], "11": ["cc_0", "deg_3"], "28": ["cc_0", "deg_4"], "23": ["cc_11", "deg_4"], "19": ["cc_0", "deg_5"], "13": ["cc_0", "deg_4"], "16": ["cc_10", "deg_5"], "7": ["cc_0", "deg_2"], "17": ["cc_11", "deg_4"], "12": ["cc_0", "deg_5"], "31": ["cc_0", "deg_2"], "25": ["cc_11", "deg_4"], "24": ["cc_5", "deg_4"], "9": ["cc_3", "deg_5"], "21": ["cc_11", "deg_4"]}}