{"label": 2, "edges": [[0, 23], [0, 2], [1, 2], [1, 5], [1, 6], [2, 3], [2, 4], [2, 17], [3, 16], [3, 6], [3, 24], [3, 9], [3, 12], [3, 15], [4, 19], [4, 5], [4, 22], [4, 23], [5, 19], [5, 11], [6, 19], [6, 20], [6, 7], [6, 26], [6, 14], [7, 22], [7, 8], [7, 10], [7, 11], [8, 21], [8, 24], [9, 11], [9, 13], [10, 20], [10, 23], [12, 17], [12, 18], [12, 25], [12, 13], [13, 20], [13, 14], [14, 17], [14, 23], [15, 18], [15, 20], [15, 23], [15, 25], [16, 18], [16, 26], [17, 21], [18, 21], [19, 23], [20, 26], [24, 26]], "features": {"22": ["cc_0", "deg_2"], "15": ["cc_0", "deg_5"], "4": ["cc_6", "deg_5"], "0": ["cc_0", "deg_2"], "2": ["cc_0", "deg_5"], "6": ["cc_1", "deg_7"], "18": ["cc_0", "deg_4"], "5": ["cc_5", "deg_4"], "10": ["cc_0", "deg_3"], "14": ["cc_0", "deg_4"], "1": ["cc_0", "deg_3"], "8": ["cc_0", "deg_3"], "20": ["cc_3", "deg_5"], "26": ["cc_5", "deg_4"], "3": ["cc_0", "deg_7"], "11": ["cc_0", "deg_3"], "23": ["cc_2", "deg_6"], "19": ["cc_11", "deg_4"], "13": ["cc_0", "deg_4"], "16": ["cc_0", "deg_3"], "7": ["cc_0", "deg_5"], "17": ["cc_0", "deg_4"], "12": ["cc_0", "deg_5"], "25": ["cc_0", "deg_2"], "24": ["cc_0", "deg_3"], "9": ["cc_0", "deg_3"], "21": ["cc_0", "deg_3"]}}