{"label": 1, "features": {"68": ["cc_0", "deg_3"], "21": ["cc_33", "deg_2"], "34": ["cc_6", "deg_6"], "58": ["cc_0", "deg_3"], "69": ["cc_0", "deg_3"], "42": ["cc_0", "deg_3"], "12": ["cc_2", "deg_6"], "66": ["cc_3", "deg_5"], "5": ["cc_0", "deg_4"], "61": ["cc_0", "deg_4"], "51": ["cc_0", "deg_5"], "24": ["cc_33", "deg_2"], "56": ["cc_0", "deg_4"], "55": ["cc_0", "deg_4"], "17": ["cc_3", "deg_5"], "22": ["cc_11", "deg_3"], "74": ["cc_0", "deg_2"], "59": ["cc_0", "deg_6"], "46": ["cc_3", "deg_5"], "37": ["cc_11", "deg_3"], "38": ["cc_3", "deg_5"], "81": ["cc_0", "deg_3"], "35": ["cc_11", "deg_4"], "47": ["cc_2", "deg_6"], "16": ["cc_6", "deg_5"], "65": ["cc_4", "deg_6"], "23": ["cc_5", "deg_4"], "7": ["cc_0", "deg_3"], "82": ["cc_0", "deg_3"], "29": ["cc_5", "deg_4"], "13": ["cc_11", "deg_3"], "6": ["cc_0", "deg_4"], "30": ["cc_5", "deg_4"], "14": ["cc_11", "deg_4"], "40": ["cc_0", "deg_4"], "33": ["cc_11", "deg_4"], "73": ["cc_0", "deg_3"], "76": ["cc_0", "deg_5"], "8": ["cc_0", "deg_2"], "44": ["cc_0", "deg_3"], "26": ["cc_6", "deg_5"], "43": ["cc_0", "deg_3"], "57": ["cc_0", "deg_5"], "20": ["cc_0", "deg_5"], "89": ["cc_0", "deg_3"], "80": ["cc_0", "deg_3"], "70": ["cc_0", "deg_4"], "84": ["cc_0", "deg_3"], "53": ["cc_0", "deg_5"], "1": ["cc_0", "deg_2"], "54": ["cc_0", "deg_3"], "41": ["cc_0", "deg_5"], "4": ["cc_0", "deg_3"], "39": ["cc_3", "deg_5"], "28": ["cc_5", "deg_4"], "25": ["cc_4", "deg_6"], "78": ["cc_0", "deg_4"], "3": ["cc_2", "deg_6"], "64": ["cc_11", "deg_3"], "72": ["cc_11", "deg_3"], "87": ["cc_2", "deg_6"], "19": ["cc_0", "deg_4"], "86": ["cc_0", "deg_3"], "62": ["cc_0", "deg_4"], "11": ["cc_0", "deg_2"], "18": ["cc_0", "deg_3"], "67": ["cc_0", "deg_4"], "2": ["cc_0", "deg_4"], "9": ["cc_3", "deg_5"], "27": ["cc_1", "deg_7"], "15": ["cc_22", "deg_3"], "71": ["cc_0", "deg_3"], "88": ["cc_0", "deg_3"], "0": ["cc_0", "deg_3"], "63": ["cc_0", "deg_5"], "32": ["cc_0", "deg_4"], "45": ["cc_5", "deg_4"], "36": ["cc_5", "deg_4"], "83": ["cc_0", "deg_2"], "48": ["cc_0", "deg_5"], "79": ["cc_5", "deg_4"], "77": ["cc_1", "deg_8"], "10": ["cc_0", "deg_6"], "85": ["cc_0", "deg_5"], "31": ["cc_0", "deg_2"], "75": ["cc_0", "deg_6"], "50": ["cc_0", "deg_2"], "60": ["cc_0", "deg_3"], "52": ["cc_0", "deg_4"], "49": ["cc_0", "deg_5"]}, "edges": [[0, 2], [0, 27], [0, 89], [1, 3], [1, 20], [2, 20], [2, 3], [2, 4], [3, 5], [3, 89], [3, 77], [3, 79], [4, 5], [4, 46], [5, 32], [5, 6], [6, 59], [6, 52], [6, 7], [7, 9], [7, 12], [8, 10], [8, 27], [9, 85], [9, 87], [9, 72], [9, 60], [10, 32], [10, 85], [10, 70], [10, 39], [10, 58], [11, 48], [11, 12], [12, 83], [12, 85], [12, 13], [12, 14], [13, 52], [13, 14], [14, 16], [14, 15], [15, 16], [15, 17], [16, 17], [16, 18], [16, 68], [17, 19], [17, 36], [17, 25], [18, 20], [18, 69], [19, 20], [19, 53], [19, 63], [20, 87], [21, 22], [21, 23], [22, 65], [22, 23], [23, 27], [23, 63], [24, 25], [24, 26], [25, 73], [25, 26], [25, 27], [25, 88], [26, 27], [26, 28], [26, 62], [27, 59], [27, 29], [28, 80], [28, 29], [28, 30], [29, 49], [29, 30], [30, 32], [30, 41], [31, 75], [31, 43], [32, 33], [33, 34], [33, 35], [33, 47], [34, 35], [34, 36], [34, 71], [34, 72], [34, 47], [35, 36], [35, 37], [36, 38], [37, 38], [37, 39], [38, 40], [38, 83], [38, 39], [39, 41], [39, 76], [40, 57], [40, 77], [40, 81], [41, 56], [41, 67], [41, 47], [42, 44], [42, 78], [42, 79], [43, 76], [43, 45], [44, 81], [44, 76], [45, 65], [45, 56], [45, 46], [46, 48], [46, 65], [46, 47], [47, 57], [47, 76], [48, 49], [48, 62], [48, 75], [49, 51], [49, 54], [49, 88], [50, 51], [50, 52], [51, 64], [51, 53], [51, 70], [52, 53], [53, 55], [53, 61], [54, 66], [54, 56], [55, 56], [55, 57], [55, 78], [57, 58], [57, 59], [58, 77], [59, 68], [59, 60], [59, 61], [60, 62], [61, 62], [61, 63], [63, 65], [63, 81], [64, 65], [64, 66], [65, 66], [66, 67], [66, 68], [67, 85], [67, 79], [69, 70], [69, 71], [70, 75], [71, 73], [72, 87], [73, 75], [74, 75], [74, 87], [75, 77], [76, 77], [77, 82], [77, 78], [77, 79], [78, 80], [80, 82], [82, 84], [84, 85], [84, 86], [86, 88], [86, 87], [87, 89]]}