{"label": 2, "features": {"1": ["cc_0", "deg_1"], "16": ["cc_0", "deg_3"], "4": ["cc_0", "deg_2"], "21": ["cc_0", "deg_1"], "32": ["cc_0", "deg_2"], "34": ["cc_0", "deg_2"], "7": ["cc_0", "deg_2"], "25": ["cc_0", "deg_3"], "0": ["cc_0", "deg_4"], "12": ["cc_0", "deg_4"], "29": ["cc_0", "deg_4"], "28": ["cc_0", "deg_1"], "13": ["cc_0", "deg_1"], "6": ["cc_0", "deg_1"], "30": ["cc_0", "deg_2"], "5": ["cc_0", "deg_2"], "3": ["cc_0", "deg_1"], "24": ["cc_0", "deg_1"], "33": ["cc_0", "deg_3"], "23": ["cc_0", "deg_3"], "27": ["cc_0", "deg_2"], "19": ["cc_0", "deg_2"], "36": ["cc_0", "deg_3"], "10": ["cc_0", "deg_1"], "17": ["cc_0", "deg_2"], "11": ["cc_0", "deg_3"], "22": ["cc_0", "deg_1"], "18": ["cc_0", "deg_2"], "31": ["cc_0", "deg_2"], "2": ["cc_0", "deg_1"], "26": ["cc_0", "deg_4"], "20": ["cc_0", "deg_2"], "14": ["cc_0", "deg_2"], "35": ["cc_0", "deg_1"], "9": ["cc_0", "deg_1"], "8": ["cc_0", "deg_2"], "37": ["cc_0", "deg_1"], "15": ["cc_0", "deg_1"]}, "edges": [[0, 19], [0, 35], [0, 11], [0, 31], [1, 25], [2, 12], [3, 23], [4, 16], [4, 10], [5, 27], [5, 12], [6, 7], [7, 31], [8, 17], [8, 33], [9, 33], [11, 26], [11, 12], [12, 29], [13, 14], [14, 20], [15, 36], [16, 36], [16, 18], [17, 29], [18, 37], [19, 23], [20, 33], [21, 32], [22, 26], [23, 34], [24, 25], [25, 26], [26, 27], [28, 30], [29, 30], [29, 36], [32, 34]]}