{"label": 2, "features": {"53": ["cc_2", "deg_6"], "47": ["cc_1", "deg_7"], "68": ["cc_1", "deg_8"], "21": ["cc_3", "deg_7"], "34": ["cc_0", "deg_8"], "67": ["cc_0", "deg_5"], "41": ["cc_6", "deg_5"], "4": ["cc_0", "deg_6"], "42": ["cc_1", "deg_7"], "12": ["cc_4", "deg_8"], "28": ["cc_3", "deg_7"], "66": ["cc_0", "deg_5"], "5": ["cc_0", "deg_6"], "65": ["cc_2", "deg_6"], "61": ["cc_6", "deg_5"], "3": ["cc_3", "deg_5"], "64": ["cc_3", "deg_5"], "51": ["cc_0", "deg_6"], "24": ["cc_0", "deg_3"], "56": ["cc_2", "deg_6"], "55": ["cc_2", "deg_6"], "19": ["cc_2", "deg_6"], "54": ["cc_5", "deg_4"], "36": ["cc_0", "deg_5"], "17": ["cc_3", "deg_8"], "11": ["cc_2", "deg_6"], "22": ["cc_1", "deg_8"], "71": ["cc_5", "deg_4"], "18": ["cc_0", "deg_4"], "59": ["cc_6", "deg_6"], "2": ["cc_11", "deg_4"], "46": ["cc_0", "deg_7"], "37": ["cc_0", "deg_7"], "38": ["cc_6", "deg_5"], "73": ["cc_2", "deg_6"], "9": ["cc_2", "deg_6"], "27": ["cc_3", "deg_7"], "58": ["cc_0", "deg_6"], "35": ["cc_3", "deg_9"], "1": ["cc_0", "deg_5"], "16": ["cc_3", "deg_5"], "25": ["cc_1", "deg_7"], "7": ["cc_0", "deg_8"], "39": ["cc_1", "deg_7"], "0": ["cc_3", "deg_5"], "29": ["cc_1", "deg_7"], "63": ["cc_4", "deg_6"], "13": ["cc_3", "deg_5"], "6": ["cc_0", "deg_6"], "30": ["cc_3", "deg_5"], "14": ["cc_0", "deg_7"], "32": ["cc_1", "deg_8"], "45": ["cc_1", "deg_8"], "10": ["cc_4", "deg_6"], "33": ["cc_4", "deg_7"], "23": ["cc_4", "deg_6"], "69": ["cc_3", "deg_5"], "76": ["cc_3", "deg_5"], "48": ["cc_0", "deg_6"], "77": ["cc_2", "deg_6"], "40": ["cc_0", "deg_7"], "72": ["cc_0", "deg_5"], "8": ["cc_0", "deg_4"], "44": ["cc_6", "deg_6"], "31": ["cc_3", "deg_7"], "75": ["cc_3", "deg_7"], "26": ["cc_5", "deg_4"], "43": ["cc_1", "deg_9"], "57": ["cc_0", "deg_7"], "20": ["cc_1", "deg_7"], "50": ["cc_0", "deg_4"], "62": ["cc_11", "deg_4"], "60": ["cc_2", "deg_6"], "52": ["cc_5", "deg_4"], "15": ["cc_4", "deg_6"], "74": ["cc_2", "deg_6"], "70": ["cc_1", "deg_7"], "49": ["cc_0", "deg_3"]}, "edges": [[0, 34], [0, 21], [0, 55], [0, 40], [0, 73], [1, 19], [1, 48], [1, 34], [1, 67], [1, 14], [2, 65], [2, 38], [2, 25], [2, 45], [3, 65], [3, 42], [3, 11], [3, 30], [3, 63], [4, 72], [4, 34], [4, 21], [4, 24], [4, 9], [4, 53], [5, 34], [5, 58], [5, 67], [5, 28], [5, 66], [5, 45], [6, 40], [6, 50], [6, 53], [6, 71], [6, 42], [6, 14], [7, 69], [7, 41], [7, 43], [7, 18], [7, 51], [7, 57], [7, 31], [7, 37], [8, 75], [8, 51], [8, 76], [8, 34], [9, 50], [9, 75], [9, 70], [9, 62], [9, 63], [10, 18], [10, 39], [10, 28], [10, 43], [10, 12], [10, 61], [11, 33], [11, 46], [11, 22], [11, 55], [11, 62], [12, 34], [12, 35], [12, 77], [12, 71], [12, 41], [12, 26], [12, 74], [13, 22], [13, 70], [13, 44], [13, 58], [13, 31], [14, 75], [14, 38], [14, 25], [14, 28], [14, 70], [15, 32], [15, 37], [15, 25], [15, 43], [15, 21], [15, 63], [16, 49], [16, 65], [16, 27], [16, 76], [16, 30], [17, 35], [17, 20], [17, 69], [17, 23], [17, 52], [17, 42], [17, 75], [17, 31], [18, 68], [18, 47], [19, 68], [19, 58], [19, 60], [19, 42], [19, 29], [20, 48], [20, 69], [20, 58], [20, 39], [20, 76], [20, 47], [21, 32], [21, 67], [21, 25], [21, 66], [22, 68], [22, 73], [22, 50], [22, 26], [22, 59], [22, 60], [23, 66], [23, 36], [23, 59], [23, 28], [23, 47], [24, 74], [24, 45], [25, 68], [25, 51], [25, 58], [26, 74], [26, 46], [27, 64], [27, 52], [27, 71], [27, 36], [27, 43], [27, 76], [28, 64], [28, 39], [28, 59], [29, 65], [29, 68], [29, 40], [29, 75], [29, 45], [29, 46], [30, 59], [30, 56], [30, 61], [31, 48], [31, 33], [31, 39], [31, 44], [32, 51], [32, 50], [32, 53], [32, 40], [32, 73], [32, 61], [33, 77], [33, 52], [33, 76], [33, 44], [33, 62], [34, 46], [34, 49], [35, 71], [35, 40], [35, 41], [35, 75], [35, 47], [35, 52], [35, 72], [36, 51], [36, 73], [36, 60], [37, 49], [37, 67], [37, 55], [37, 42], [37, 66], [38, 65], [38, 69], [38, 45], [39, 40], [39, 60], [39, 74], [40, 57], [41, 56], [41, 77], [42, 70], [42, 63], [43, 64], [43, 66], [43, 73], [43, 61], [43, 74], [44, 64], [44, 62], [44, 45], [45, 48], [45, 70], [46, 54], [46, 58], [46, 47], [47, 65], [47, 59], [48, 56], [48, 57], [51, 72], [53, 69], [53, 70], [53, 54], [54, 64], [54, 70], [55, 57], [55, 73], [55, 77], [56, 72], [56, 60], [56, 61], [57, 67], [57, 68], [57, 72], [59, 60], [63, 75], [63, 77], [68, 74], [68, 77]]}