{"label": 1, "edges": [[0, 1], [0, 2], [0, 3], [0, 84], [0, 63], [1, 2], [1, 4], [1, 85], [1, 10], [1, 75], [2, 71], [2, 24], [2, 15], [3, 4], [3, 5], [3, 6], [3, 39], [4, 18], [4, 5], [4, 65], [4, 27], [5, 51], [5, 28], [5, 47], [6, 48], [6, 37], [6, 54], [6, 7], [6, 8], [6, 62], [7, 22], [7, 9], [7, 79], [8, 18], [8, 9], [8, 11], [8, 42], [9, 81], [9, 84], [9, 28], [9, 10], [9, 39], [10, 85], [10, 17], [10, 26], [10, 12], [11, 12], [11, 13], [11, 61], [12, 22], [12, 13], [12, 14], [12, 15], [13, 64], [13, 34], [13, 67], [13, 57], [13, 47], [13, 15], [14, 17], [14, 69], [14, 73], [14, 31], [15, 64], [15, 34], [15, 81], [15, 24], [15, 27], [16, 48], [16, 17], [16, 19], [16, 36], [16, 64], [16, 68], [17, 18], [17, 19], [17, 20], [18, 20], [18, 84], [19, 68], [19, 21], [19, 55], [19, 20], [20, 32], [20, 83], [20, 21], [20, 23], [20, 41], [20, 49], [21, 56], [21, 67], [21, 71], [21, 42], [21, 62], [21, 63], [22, 69], [22, 46], [22, 37], [23, 70], [23, 24], [23, 27], [23, 74], [23, 62], [24, 39], [24, 26], [24, 34], [25, 81], [25, 43], [25, 70], [25, 56], [25, 27], [26, 65], [26, 28], [26, 29], [27, 34], [27, 30], [28, 82], [28, 29], [28, 31], [29, 32], [29, 83], [29, 39], [29, 31], [30, 33], [30, 38], [30, 31], [31, 33], [31, 34], [32, 34], [32, 35], [32, 45], [33, 34], [33, 36], [33, 69], [33, 76], [33, 61], [34, 66], [34, 76], [35, 51], [35, 37], [35, 38], [35, 58], [36, 37], [36, 54], [36, 39], [36, 40], [36, 53], [37, 80], [37, 38], [38, 56], [38, 81], [38, 57], [39, 42], [40, 41], [40, 43], [40, 60], [41, 73], [41, 43], [41, 44], [42, 82], [42, 44], [43, 57], [43, 44], [43, 45], [43, 46], [43, 61], [44, 80], [44, 45], [44, 78], [45, 48], [45, 73], [46, 49], [46, 84], [46, 47], [47, 48], [47, 49], [47, 50], [47, 81], [48, 49], [48, 78], [48, 59], [49, 50], [50, 64], [50, 51], [50, 53], [51, 81], [51, 52], [51, 69], [51, 54], [51, 77], [52, 53], [52, 54], [52, 55], [53, 54], [53, 55], [53, 71], [54, 69], [54, 55], [54, 58], [55, 56], [55, 57], [55, 61], [56, 66], [56, 58], [56, 59], [56, 74], [57, 58], [57, 60], [58, 68], [58, 84], [59, 85], [59, 60], [59, 61], [59, 62], [60, 76], [60, 62], [60, 63], [62, 72], [63, 74], [63, 82], [64, 80], [64, 67], [64, 72], [64, 77], [65, 66], [65, 67], [66, 67], [66, 70], [66, 78], [67, 68], [67, 69], [67, 71], [67, 78], [68, 69], [68, 70], [68, 72], [69, 71], [70, 83], [71, 85], [72, 73], [72, 74], [73, 74], [73, 79], [74, 75], [74, 77], [75, 76], [75, 77], [76, 77], [77, 85], [77, 79], [78, 80], [78, 81], [79, 80], [79, 81], [79, 82], [80, 82], [80, 83], [83, 84]], "features": {"27": ["cc_2", "deg_6"], "35": ["cc_3", "deg_5"], "43": ["cc_3", "deg_8"], "47": ["cc_4", "deg_7"], "56": ["cc_0", "deg_8"], "23": ["cc_0", "deg_6"], "9": ["cc_0", "deg_7"], "0": ["cc_3", "deg_5"], "6": ["cc_0", "deg_7"], "18": ["cc_3", "deg_5"], "14": ["cc_0", "deg_5"], "38": ["cc_2", "deg_6"], "82": ["cc_3", "deg_5"], "68": ["cc_3", "deg_7"], "51": ["cc_2", "deg_8"], "77": ["cc_3", "deg_7"], "19": ["cc_8", "deg_6"], "34": ["cc_4", "deg_9"], "75": ["cc_11", "deg_4"], "11": ["cc_5", "deg_4"], "17": ["cc_6", "deg_6"], "25": ["cc_0", "deg_5"], "24": ["cc_4", "deg_6"], "70": ["cc_0", "deg_5"], "15": ["cc_7", "deg_8"], "62": ["cc_2", "deg_6"], "40": ["cc_5", "deg_4"], "30": ["cc_5", "deg_4"], "31": ["cc_6", "deg_6"], "66": ["cc_4", "deg_6"], "36": ["cc_1", "deg_7"], "57": ["cc_0", "deg_6"], "10": ["cc_2", "deg_6"], "49": ["cc_10", "deg_5"], "1": ["cc_4", "deg_6"], "46": ["cc_3", "deg_5"], "60": ["cc_2", "deg_6"], "41": ["cc_6", "deg_5"], "29": ["cc_4", "deg_6"], "74": ["cc_3", "deg_7"], "13": ["cc_5", "deg_8"], "2": ["cc_6", "deg_5"], "7": ["cc_0", "deg_4"], "84": ["cc_0", "deg_6"], "79": ["cc_2", "deg_6"], "32": ["cc_0", "deg_5"], "33": ["cc_4", "deg_7"], "55": ["cc_4", "deg_7"], "48": ["cc_1", "deg_7"], "85": ["cc_3", "deg_5"], "5": ["cc_3", "deg_5"], "80": ["cc_3", "deg_7"], "81": ["cc_0", "deg_8"], "44": ["cc_6", "deg_6"], "39": ["cc_0", "deg_6"], "3": ["cc_3", "deg_5"], "28": ["cc_4", "deg_6"], "83": ["cc_0", "deg_5"], "76": ["cc_6", "deg_5"], "72": ["cc_3", "deg_5"], "12": ["cc_4", "deg_6"], "59": ["cc_2", "deg_6"], "69": ["cc_3", "deg_8"], "22": ["cc_0", "deg_5"], "50": ["cc_3", "deg_5"], "71": ["cc_4", "deg_6"], "4": ["cc_2", "deg_6"], "78": ["cc_4", "deg_6"], "45": ["cc_3", "deg_5"], "42": ["cc_0", "deg_5"], "21": ["cc_2", "deg_8"], "8": ["cc_0", "deg_5"], "53": ["cc_8", "deg_6"], "67": ["cc_5", "deg_9"], "37": ["cc_2", "deg_6"], "20": ["cc_2", "deg_9"], "26": ["cc_3", "deg_5"], "52": ["cc_22", "deg_4"], "58": ["cc_0", "deg_6"], "63": ["cc_0", "deg_5"], "64": ["cc_2", "deg_8"], "54": ["cc_7", "deg_8"], "65": ["cc_5", "deg_4"], "61": ["cc_0", "deg_5"], "16": ["cc_4", "deg_6"], "73": ["cc_2", "deg_6"]}}