{"label": 1, "features": {"53": ["cc_0", "deg_3"], "47": ["cc_0", "deg_2"], "21": ["cc_0", "deg_2"], "34": ["cc_3", "deg_5"], "41": ["cc_0", "deg_4"], "4": ["cc_0", "deg_3"], "42": ["cc_0", "deg_5"], "12": ["cc_0", "deg_4"], "28": ["cc_5", "deg_4"], "5": ["cc_11", "deg_3"], "3": ["cc_0", "deg_3"], "51": ["cc_5", "deg_4"], "24": ["cc_0", "deg_4"], "56": ["cc_0", "deg_3"], "55": ["cc_0", "deg_3"], "19": ["cc_0", "deg_3"], "54": ["cc_0", "deg_4"], "36": ["cc_6", "deg_6"], "17": ["cc_0", "deg_7"], "11": ["cc_0", "deg_4"], "22": ["cc_0", "deg_4"], "18": ["cc_2", "deg_6"], "2": ["cc_0", "deg_2"], "46": ["cc_0", "deg_4"], "37": ["cc_10", "deg_5"], "38": ["cc_6", "deg_6"], "9": ["cc_4", "deg_6"], "27": ["cc_3", "deg_5"], "35": ["cc_11", "deg_4"], "1": ["cc_0", "deg_3"], "16": ["cc_0", "deg_3"], "25": ["cc_3", "deg_5"], "7": ["cc_8", "deg_6"], "39": ["cc_10", "deg_5"], "0": ["cc_0", "deg_6"], "29": ["cc_11", "deg_3"], "13": ["cc_3", "deg_5"], "6": ["cc_11", "deg_4"], "30": ["cc_4", "deg_6"], "14": ["cc_0", "deg_2"], "32": ["cc_5", "deg_4"], "45": ["cc_0", "deg_4"], "10": ["cc_0", "deg_3"], "33": ["cc_0", "deg_3"], "23": ["cc_0", "deg_3"], "48": ["cc_5", "deg_4"], "40": ["cc_11", "deg_3"], "8": ["cc_6", "deg_5"], "44": ["cc_0", "deg_4"], "31": ["cc_11", "deg_4"], "26": ["cc_0", "deg_3"], "43": ["cc_0", "deg_4"], "20": ["cc_0", "deg_5"], "50": ["cc_11", "deg_3"], "52": ["cc_0", "deg_3"], "15": ["cc_0", "deg_2"], "49": ["cc_3", "deg_5"]}, "edges": [[0, 55], [0, 56], [0, 9], [0, 11], [0, 12], [0, 45], [1, 36], [1, 11], [1, 47], [2, 3], [2, 54], [3, 4], [3, 45], [4, 25], [4, 5], [5, 6], [5, 7], [6, 8], [6, 56], [6, 7], [7, 17], [7, 39], [7, 8], [7, 9], [8, 9], [8, 10], [8, 26], [9, 39], [9, 42], [9, 13], [10, 41], [10, 12], [11, 34], [11, 51], [12, 13], [12, 22], [13, 48], [13, 18], [13, 50], [14, 42], [14, 36], [15, 16], [15, 17], [16, 18], [16, 44], [17, 40], [17, 18], [17, 33], [17, 24], [17, 43], [18, 20], [18, 48], [18, 32], [19, 24], [19, 38], [19, 31], [20, 52], [20, 21], [20, 24], [20, 42], [21, 22], [22, 27], [22, 43], [23, 52], [23, 26], [23, 30], [24, 37], [25, 54], [25, 44], [25, 27], [25, 28], [26, 27], [27, 28], [27, 29], [28, 49], [28, 30], [29, 30], [29, 31], [30, 32], [30, 46], [30, 31], [31, 32], [32, 34], [33, 34], [33, 41], [34, 35], [34, 36], [35, 36], [35, 37], [35, 52], [36, 37], [36, 38], [37, 38], [37, 39], [38, 39], [38, 40], [38, 45], [39, 40], [41, 55], [41, 42], [42, 43], [43, 44], [44, 46], [45, 46], [46, 48], [47, 49], [48, 49], [49, 50], [49, 51], [50, 51], [51, 53], [53, 54], [53, 55], [54, 56]]}