{"label": 0, "edges": [[0, 1], [0, 2], [0, 60], [0, 61], [1, 2], [1, 3], [1, 61], [2, 3], [2, 4], [2, 37], [3, 4], [3, 5], [4, 5], [4, 6], [5, 8], [5, 7], [6, 8], [6, 7], [7, 24], [7, 8], [7, 53], [7, 47], [8, 9], [8, 10], [9, 10], [9, 11], [10, 11], [10, 12], [11, 12], [11, 13], [12, 13], [12, 14], [13, 14], [13, 15], [14, 16], [14, 15], [15, 16], [15, 17], [16, 17], [16, 18], [17, 18], [17, 19], [18, 19], [18, 20], [19, 20], [19, 21], [20, 21], [20, 46], [21, 48], [21, 33], [21, 22], [22, 24], [22, 23], [23, 24], [23, 25], [23, 35], [24, 25], [24, 26], [25, 26], [25, 27], [26, 27], [26, 28], [27, 28], [27, 31], [28, 29], [28, 30], [29, 30], [29, 31], [30, 32], [30, 31], [31, 32], [31, 33], [32, 33], [32, 34], [33, 35], [33, 43], [34, 35], [34, 36], [35, 36], [36, 37], [36, 38], [37, 39], [38, 40], [38, 39], [39, 40], [39, 41], [40, 41], [40, 42], [41, 42], [41, 43], [42, 43], [42, 44], [43, 45], [44, 45], [44, 46], [45, 46], [45, 47], [46, 48], [46, 47], [47, 49], [48, 49], [48, 50], [49, 50], [49, 51], [50, 51], [50, 52], [51, 52], [51, 53], [52, 53], [52, 54], [53, 55], [54, 56], [54, 55], [55, 56], [55, 57], [56, 57], [56, 58], [57, 58], [57, 59], [58, 59], [58, 60], [59, 60], [59, 61], [60, 61]], "features": {"27": ["cc_11", "deg_4"], "35": ["cc_5", "deg_4"], "43": ["cc_5", "deg_4"], "47": ["cc_5", "deg_4"], "32": ["cc_11", "deg_4"], "56": ["cc_16", "deg_4"], "9": ["cc_22", "deg_3"], "33": ["cc_3", "deg_5"], "48": ["cc_5", "deg_4"], "55": ["cc_11", "deg_4"], "0": ["cc_16", "deg_4"], "2": ["cc_10", "deg_5"], "18": ["cc_16", "deg_4"], "5": ["cc_11", "deg_4"], "14": ["cc_16", "deg_4"], "38": ["cc_11", "deg_3"], "44": ["cc_11", "deg_3"], "39": ["cc_11", "deg_4"], "3": ["cc_16", "deg_4"], "28": ["cc_11", "deg_4"], "51": ["cc_16", "deg_4"], "23": ["cc_11", "deg_4"], "19": ["cc_16", "deg_4"], "61": ["cc_16", "deg_4"], "34": ["cc_11", "deg_3"], "11": ["cc_16", "deg_4"], "17": ["cc_16", "deg_4"], "12": ["cc_16", "deg_4"], "25": ["cc_16", "deg_4"], "24": ["cc_10", "deg_5"], "59": ["cc_16", "deg_4"], "22": ["cc_11", "deg_3"], "60": ["cc_16", "deg_4"], "15": ["cc_16", "deg_4"], "4": ["cc_11", "deg_4"], "37": ["cc_0", "deg_3"], "45": ["cc_11", "deg_4"], "42": ["cc_11", "deg_4"], "30": ["cc_16", "deg_4"], "31": ["cc_10", "deg_5"], "36": ["cc_5", "deg_4"], "57": ["cc_16", "deg_4"], "53": ["cc_5", "deg_4"], "10": ["cc_16", "deg_4"], "49": ["cc_11", "deg_4"], "1": ["cc_16", "deg_4"], "46": ["cc_6", "deg_5"], "26": ["cc_16", "deg_4"], "40": ["cc_16", "deg_4"], "41": ["cc_16", "deg_4"], "20": ["cc_11", "deg_4"], "29": ["cc_22", "deg_3"], "52": ["cc_11", "deg_4"], "58": ["cc_16", "deg_4"], "13": ["cc_16", "deg_4"], "6": ["cc_11", "deg_3"], "7": ["cc_4", "deg_6"], "50": ["cc_16", "deg_4"], "8": ["cc_10", "deg_5"], "16": ["cc_16", "deg_4"], "54": ["cc_11", "deg_3"], "21": ["cc_3", "deg_5"]}}