{"label": 1, "features": {"47": ["cc_0", "deg_4"], "21": ["cc_0", "deg_2"], "34": ["cc_0", "deg_2"], "41": ["cc_0", "deg_1"], "4": ["cc_0", "deg_2"], "42": ["cc_0", "deg_2"], "12": ["cc_0", "deg_1"], "28": ["cc_0", "deg_1"], "5": ["cc_0", "deg_3"], "3": ["cc_0", "deg_2"], "24": ["cc_0", "deg_2"], "19": ["cc_0", "deg_1"], "36": ["cc_0", "deg_3"], "17": ["cc_0", "deg_2"], "11": ["cc_0", "deg_2"], "22": ["cc_0", "deg_2"], "18": ["cc_0", "deg_2"], "2": ["cc_0", "deg_1"], "46": ["cc_0", "deg_3"], "37": ["cc_0", "deg_1"], "38": ["cc_0", "deg_2"], "9": ["cc_0", "deg_1"], "27": ["cc_0", "deg_2"], "35": ["cc_0", "deg_1"], "1": ["cc_0", "deg_3"], "16": ["cc_0", "deg_3"], "25": ["cc_0", "deg_2"], "7": ["cc_0", "deg_1"], "39": ["cc_0", "deg_1"], "0": ["cc_0", "deg_2"], "29": ["cc_0", "deg_2"], "13": ["cc_0", "deg_1"], "6": ["cc_0", "deg_2"], "30": ["cc_0", "deg_2"], "14": ["cc_0", "deg_2"], "32": ["cc_0", "deg_2"], "45": ["cc_0", "deg_4"], "10": ["cc_0", "deg_2"], "33": ["cc_0", "deg_2"], "23": ["cc_0", "deg_2"], "48": ["cc_0", "deg_3"], "40": ["cc_0", "deg_3"], "8": ["cc_0", "deg_2"], "44": ["cc_0", "deg_1"], "31": ["cc_0", "deg_2"], "26": ["cc_0", "deg_2"], "43": ["cc_0", "deg_4"], "20": ["cc_0", "deg_1"], "15": ["cc_0", "deg_2"]}, "edges": [[0, 48], [0, 40], [1, 40], [1, 12], [1, 6], [2, 3], [3, 4], [4, 5], [5, 40], [5, 6], [7, 8], [8, 34], [9, 10], [10, 11], [11, 45], [13, 14], [14, 15], [15, 16], [16, 17], [16, 36], [17, 18], [18, 46], [19, 47], [20, 21], [21, 22], [22, 23], [23, 24], [24, 25], [25, 26], [26, 27], [27, 45], [28, 29], [29, 30], [30, 31], [31, 32], [32, 33], [33, 47], [34, 43], [35, 36], [36, 39], [37, 38], [38, 43], [41, 42], [42, 43], [43, 48], [44, 45], [45, 46], [46, 47], [47, 48]]}