{"label": 2, "features": {"1": ["cc_11", "deg_4"], "16": ["cc_2", "deg_10"], "4": ["cc_6", "deg_6"], "21": ["cc_5", "deg_4"], "32": ["cc_6", "deg_5"], "34": ["cc_2", "deg_6"], "7": ["cc_3", "deg_5"], "25": ["cc_0", "deg_6"], "0": ["cc_0", "deg_6"], "39": ["cc_0", "deg_5"], "12": ["cc_1", "deg_8"], "29": ["cc_0", "deg_4"], "28": ["cc_3", "deg_5"], "13": ["cc_0", "deg_4"], "6": ["cc_0", "deg_6"], "30": ["cc_4", "deg_7"], "5": ["cc_1", "deg_8"], "38": ["cc_3", "deg_7"], "3": ["cc_6", "deg_5"], "24": ["cc_6", "deg_6"], "33": ["cc_6", "deg_5"], "23": ["cc_4", "deg_7"], "27": ["cc_3", "deg_8"], "19": ["cc_2", "deg_8"], "36": ["cc_3", "deg_8"], "10": ["cc_0", "deg_5"], "17": ["cc_3", "deg_5"], "11": ["cc_5", "deg_4"], "22": ["cc_1", "deg_7"], "18": ["cc_3", "deg_5"], "31": ["cc_6", "deg_6"], "2": ["cc_1", "deg_7"], "26": ["cc_1", "deg_7"], "20": ["cc_0", "deg_3"], "14": ["cc_1", "deg_7"], "35": ["cc_10", "deg_5"], "9": ["cc_3", "deg_5"], "8": ["cc_6", "deg_6"], "37": ["cc_4", "deg_8"], "15": ["cc_3", "deg_7"]}, "edges": [[0, 32], [0, 34], [0, 7], [0, 14], [0, 25], [0, 5], [1, 16], [1, 36], [1, 15], [1, 31], [2, 8], [2, 10], [2, 13], [2, 14], [2, 21], [2, 22], [2, 29], [3, 17], [3, 19], [3, 38], [3, 7], [3, 24], [4, 16], [4, 21], [4, 24], [4, 11], [4, 37], [4, 8], [5, 36], [5, 37], [5, 39], [5, 20], [5, 22], [5, 30], [5, 31], [6, 16], [6, 21], [6, 39], [6, 25], [6, 28], [6, 15], [7, 38], [7, 22], [7, 15], [8, 16], [8, 35], [8, 39], [8, 24], [9, 32], [9, 22], [9, 24], [9, 27], [9, 14], [10, 11], [10, 20], [10, 27], [10, 31], [11, 19], [11, 15], [12, 36], [12, 38], [12, 39], [12, 15], [12, 16], [12, 22], [12, 25], [12, 28], [13, 19], [13, 37], [13, 18], [14, 19], [14, 38], [14, 26], [14, 27], [15, 19], [15, 31], [16, 35], [16, 33], [16, 17], [16, 27], [16, 30], [17, 34], [17, 19], [17, 25], [18, 33], [18, 35], [18, 36], [18, 27], [19, 36], [19, 29], [20, 25], [21, 22], [22, 23], [23, 32], [23, 38], [23, 39], [23, 24], [23, 30], [23, 37], [24, 37], [25, 27], [26, 32], [26, 33], [26, 37], [26, 28], [26, 30], [26, 31], [27, 30], [27, 34], [28, 35], [28, 36], [29, 33], [29, 38], [30, 34], [30, 38], [31, 36], [32, 37], [33, 35], [34, 36], [34, 37]]}