{"label": 0, "edges": [[0, 48], [0, 1], [1, 2], [2, 3], [3, 4], [4, 5], [5, 6], [6, 7], [7, 8], [8, 9], [9, 10], [10, 11], [11, 12], [12, 13], [13, 14], [14, 15], [15, 16], [16, 17], [17, 18], [18, 19], [19, 20], [20, 21], [21, 22], [22, 23], [23, 24], [24, 25], [25, 26], [26, 27], [27, 28], [28, 29], [29, 30], [30, 31], [31, 32], [32, 33], [33, 34], [34, 35], [35, 36], [36, 37], [37, 38], [38, 39], [39, 40], [40, 41], [41, 42], [42, 43], [43, 44], [44, 45], [45, 46], [46, 47], [47, 48]], "features": {"27": ["cc_0", "deg_2"], "35": ["cc_0", "deg_2"], "43": ["cc_0", "deg_2"], "47": ["cc_0", "deg_2"], "32": ["cc_0", "deg_2"], "9": ["cc_0", "deg_2"], "33": ["cc_0", "deg_2"], "48": ["cc_0", "deg_2"], "0": ["cc_0", "deg_2"], "2": ["cc_0", "deg_2"], "18": ["cc_0", "deg_2"], "5": ["cc_0", "deg_2"], "14": ["cc_0", "deg_2"], "38": ["cc_0", "deg_2"], "44": ["cc_0", "deg_2"], "39": ["cc_0", "deg_2"], "3": ["cc_0", "deg_2"], "28": ["cc_0", "deg_2"], "23": ["cc_0", "deg_2"], "19": ["cc_0", "deg_2"], "34": ["cc_0", "deg_2"], "11": ["cc_0", "deg_2"], "17": ["cc_0", "deg_2"], "12": ["cc_0", "deg_2"], "25": ["cc_0", "deg_2"], "24": ["cc_0", "deg_2"], "22": ["cc_0", "deg_2"], "15": ["cc_0", "deg_2"], "4": ["cc_0", "deg_2"], "37": ["cc_0", "deg_2"], "45": ["cc_0", "deg_2"], "42": ["cc_0", "deg_2"], "30": ["cc_0", "deg_2"], "31": ["cc_0", "deg_2"], "36": ["cc_0", "deg_2"], "10": ["cc_0", "deg_2"], "1": ["cc_0", "deg_2"], "46": ["cc_0", "deg_2"], "26": ["cc_0", "deg_2"], "40": ["cc_0", "deg_2"], "41": ["cc_0", "deg_2"], "20": ["cc_0", "deg_2"], "29": ["cc_0", "deg_2"], "13": ["cc_0", "deg_2"], "6": ["cc_0", "deg_2"], "7": ["cc_0", "deg_2"], "8": ["cc_0", "deg_2"], "16": ["cc_0", "deg_2"], "21": ["cc_0", "deg_2"]}}