{"label": 2, "features": {"53": ["cc_0", "deg_3"], "47": ["cc_0", "deg_4"], "21": ["cc_2", "deg_6"], "34": ["cc_6", "deg_5"], "41": ["cc_0", "deg_2"], "4": ["cc_0", "deg_4"], "42": ["cc_0", "deg_4"], "12": ["cc_0", "deg_2"], "28": ["cc_0", "deg_3"], "5": ["cc_5", "deg_4"], "61": ["cc_0", "deg_4"], "3": ["cc_0", "deg_2"], "64": ["cc_0", "deg_4"], "51": ["cc_0", "deg_4"], "24": ["cc_0", "deg_2"], "56": ["cc_5", "deg_4"], "55": ["cc_2", "deg_6"], "19": ["cc_0", "deg_4"], "54": ["cc_0", "deg_5"], "36": ["cc_0", "deg_3"], "17": ["cc_0", "deg_4"], "11": ["cc_0", "deg_4"], "22": ["cc_0", "deg_4"], "18": ["cc_3", "deg_5"], "59": ["cc_0", "deg_3"], "2": ["cc_0", "deg_5"], "46": ["cc_0", "deg_3"], "37": ["cc_0", "deg_6"], "38": ["cc_0", "deg_3"], "9": ["cc_0", "deg_5"], "27": ["cc_0", "deg_2"], "58": ["cc_0", "deg_4"], "35": ["cc_0", "deg_3"], "1": ["cc_3", "deg_5"], "16": ["cc_0", "deg_4"], "25": ["cc_0", "deg_5"], "7": ["cc_0", "deg_5"], "39": ["cc_0", "deg_4"], "0": ["cc_0", "deg_3"], "29": ["cc_0", "deg_5"], "63": ["cc_3", "deg_5"], "13": ["cc_0", "deg_3"], "6": ["cc_0", "deg_3"], "30": ["cc_0", "deg_3"], "14": ["cc_0", "deg_5"], "32": ["cc_4", "deg_6"], "45": ["cc_0", "deg_2"], "10": ["cc_5", "deg_4"], "33": ["cc_2", "deg_6"], "23": ["cc_0", "deg_3"], "48": ["cc_0", "deg_6"], "40": ["cc_0", "deg_6"], "8": ["cc_0", "deg_4"], "44": ["cc_5", "deg_4"], "31": ["cc_0", "deg_3"], "26": ["cc_1", "deg_8"], "43": ["cc_0", "deg_2"], "57": ["cc_0", "deg_5"], "20": ["cc_0", "deg_3"], "50": ["cc_2", "deg_6"], "62": ["cc_11", "deg_3"], "60": ["cc_0", "deg_2"], "52": ["cc_0", "deg_3"], "15": ["cc_0", "deg_3"], "49": ["cc_3", "deg_5"]}, "edges": [[0, 17], [0, 25], [0, 13], [1, 32], [1, 34], [1, 54], [1, 47], [1, 31], [2, 48], [2, 35], [2, 25], [2, 58], [2, 60], [3, 52], [3, 6], [4, 37], [4, 18], [4, 54], [4, 21], [5, 38], [5, 55], [5, 56], [5, 11], [6, 48], [6, 37], [7, 18], [7, 54], [7, 57], [7, 44], [7, 62], [8, 34], [8, 59], [8, 37], [8, 27], [9, 16], [9, 17], [9, 58], [9, 12], [9, 14], [10, 50], [10, 44], [10, 34], [10, 14], [11, 16], [11, 22], [11, 26], [12, 48], [13, 49], [13, 37], [14, 40], [14, 59], [14, 26], [15, 40], [15, 41], [15, 38], [16, 25], [16, 55], [17, 20], [17, 47], [18, 32], [18, 49], [18, 58], [19, 64], [19, 23], [19, 56], [19, 28], [20, 32], [20, 33], [21, 33], [21, 35], [21, 56], [21, 63], [21, 47], [22, 40], [22, 44], [22, 29], [23, 30], [23, 54], [24, 57], [24, 26], [25, 57], [25, 61], [26, 50], [26, 51], [26, 62], [26, 43], [26, 63], [27, 47], [28, 50], [28, 42], [29, 48], [29, 39], [29, 55], [29, 63], [30, 61], [30, 39], [31, 49], [31, 51], [32, 49], [32, 34], [32, 40], [33, 51], [33, 41], [33, 61], [33, 63], [34, 44], [35, 45], [36, 50], [36, 39], [36, 40], [37, 51], [37, 52], [38, 49], [39, 54], [40, 48], [42, 64], [42, 58], [42, 63], [43, 46], [45, 53], [46, 55], [46, 59], [48, 57], [50, 60], [50, 62], [52, 55], [53, 64], [53, 57], [55, 56], [61, 64]]}