{"label": 0, "features": {"1": ["cc_10", "deg_5"], "16": ["cc_0", "deg_2"], "4": ["cc_5", "deg_4"], "21": ["cc_33", "deg_2"], "7": ["cc_11", "deg_4"], "25": ["cc_5", "deg_4"], "0": ["cc_16", "deg_4"], "12": ["cc_16", "deg_4"], "13": ["cc_22", "deg_4"], "6": ["cc_11", "deg_4"], "5": ["cc_22", "deg_3"], "3": ["cc_5", "deg_4"], "24": ["cc_5", "deg_4"], "23": ["cc_6", "deg_5"], "27": ["cc_16", "deg_4"], "19": ["cc_6", "deg_5"], "10": ["cc_11", "deg_3"], "17": ["cc_5", "deg_4"], "11": ["cc_8", "deg_6"], "22": ["cc_6", "deg_5"], "18": ["cc_22", "deg_3"], "2": ["cc_11", "deg_4"], "26": ["cc_22", "deg_3"], "20": ["cc_5", "deg_4"], "14": ["cc_6", "deg_5"], "9": ["cc_6", "deg_5"], "8": ["cc_0", "deg_3"], "15": ["cc_13", "deg_5"]}, "edges": [[0, 1], [0, 2], [0, 27], [0, 26], [1, 27], [1, 2], [1, 3], [1, 9], [2, 3], [2, 22], [3, 19], [3, 4], [4, 16], [4, 5], [4, 6], [5, 6], [5, 7], [6, 25], [6, 7], [7, 9], [7, 15], [8, 9], [8, 10], [8, 23], [9, 11], [9, 15], [10, 11], [10, 12], [11, 20], [11, 12], [11, 13], [11, 15], [12, 13], [12, 14], [13, 14], [13, 15], [14, 19], [14, 23], [14, 15], [16, 17], [17, 24], [17, 18], [17, 19], [18, 19], [18, 20], [19, 20], [20, 22], [21, 22], [21, 23], [22, 24], [22, 23], [23, 24], [24, 25], [25, 26], [25, 27], [26, 27]]}