{"label": 0, "edges": [[0, 1], [0, 2], [0, 3], [0, 85], [0, 86], [0, 87], [1, 2], [1, 3], [1, 86], [1, 87], [1, 41], [2, 3], [2, 5], [2, 54], [3, 4], [3, 5], [3, 6], [3, 78], [3, 15], [4, 5], [4, 6], [4, 7], [5, 6], [5, 7], [5, 8], [6, 7], [6, 8], [6, 9], [6, 55], [7, 8], [7, 9], [7, 10], [8, 9], [8, 10], [8, 11], [9, 51], [9, 10], [9, 11], [9, 12], [10, 11], [10, 12], [10, 13], [11, 12], [11, 13], [11, 14], [12, 84], [12, 68], [12, 39], [12, 40], [12, 13], [13, 34], [13, 14], [13, 15], [14, 17], [14, 67], [14, 15], [15, 17], [15, 58], [16, 19], [16, 84], [16, 59], [17, 18], [17, 19], [17, 20], [18, 19], [18, 20], [18, 21], [19, 20], [19, 21], [19, 22], [19, 43], [20, 21], [20, 22], [20, 23], [21, 22], [21, 23], [21, 24], [22, 23], [22, 24], [22, 25], [23, 24], [23, 25], [23, 26], [24, 41], [24, 25], [24, 26], [24, 27], [24, 30], [25, 36], [25, 44], [25, 26], [25, 28], [26, 27], [26, 28], [26, 29], [27, 28], [27, 29], [27, 30], [28, 46], [28, 29], [28, 30], [29, 32], [29, 30], [29, 31], [30, 33], [30, 31], [31, 32], [31, 33], [31, 34], [31, 64], [32, 33], [32, 34], [32, 35], [33, 80], [33, 34], [33, 35], [33, 36], [34, 35], [34, 37], [34, 47], [35, 37], [35, 38], [35, 77], [36, 37], [36, 38], [36, 59], [37, 38], [37, 39], [37, 40], [38, 39], [38, 40], [38, 41], [39, 40], [39, 41], [39, 69], [40, 87], [40, 42], [40, 43], [40, 53], [41, 42], [41, 44], [42, 43], [42, 44], [42, 45], [43, 44], [43, 45], [44, 46], [44, 47], [45, 48], [45, 46], [45, 47], [46, 48], [46, 49], [46, 47], [47, 48], [47, 49], [47, 50], [48, 49], [48, 50], [48, 51], [49, 50], [49, 51], [49, 52], [50, 51], [50, 52], [50, 53], [51, 52], [51, 54], [51, 85], [52, 53], [52, 54], [52, 69], [53, 72], [53, 54], [53, 55], [54, 55], [54, 56], [54, 57], [55, 57], [55, 58], [55, 86], [56, 58], [56, 59], [56, 70], [57, 58], [57, 59], [57, 60], [58, 59], [58, 60], [58, 61], [59, 60], [59, 61], [59, 62], [60, 61], [60, 62], [60, 63], [61, 64], [61, 75], [61, 63], [62, 64], [62, 65], [62, 63], [63, 64], [63, 65], [63, 66], [64, 66], [64, 67], [65, 66], [65, 67], [65, 68], [66, 67], [66, 68], [66, 69], [67, 68], [67, 69], [67, 70], [68, 70], [68, 71], [69, 70], [69, 71], [69, 72], [70, 71], [70, 73], [70, 85], [71, 72], [71, 73], [71, 74], [72, 73], [72, 74], [73, 74], [73, 75], [73, 76], [74, 75], [74, 76], [74, 77], [75, 76], [75, 77], [75, 78], [76, 77], [76, 78], [76, 79], [77, 80], [77, 78], [77, 79], [78, 80], [78, 81], [79, 80], [79, 81], [79, 82], [80, 81], [80, 83], [81, 82], [81, 83], [81, 84], [82, 83], [82, 84], [82, 85], [83, 84], [83, 85], [83, 86], [84, 85], [84, 86], [84, 87], [85, 87]], "features": {"27": ["cc_23", "deg_5"], "35": ["cc_11", "deg_6"], "43": ["cc_10", "deg_5"], "47": ["cc_12", "deg_7"], "56": ["cc_5", "deg_4"], "23": ["cc_20", "deg_6"], "9": ["cc_14", "deg_7"], "0": ["cc_13", "deg_6"], "6": ["cc_14", "deg_7"], "18": ["cc_27", "deg_4"], "14": ["cc_10", "deg_5"], "38": ["cc_13", "deg_6"], "82": ["cc_20", "deg_5"], "68": ["cc_11", "deg_6"], "51": ["cc_9", "deg_7"], "77": ["cc_12", "deg_7"], "19": ["cc_11", "deg_7"], "34": ["cc_9", "deg_7"], "75": ["cc_15", "deg_6"], "11": ["cc_17", "deg_6"], "17": ["cc_13", "deg_5"], "25": ["cc_9", "deg_7"], "24": ["cc_10", "deg_8"], "70": ["cc_7", "deg_7"], "15": ["cc_6", "deg_5"], "62": ["cc_13", "deg_5"], "40": ["cc_5", "deg_8"], "30": ["cc_13", "deg_6"], "31": ["cc_13", "deg_6"], "66": ["cc_15", "deg_6"], "36": ["cc_3", "deg_5"], "57": ["cc_16", "deg_5"], "10": ["cc_20", "deg_6"], "49": ["cc_20", "deg_6"], "1": ["cc_11", "deg_6"], "46": ["cc_13", "deg_6"], "60": ["cc_17", "deg_6"], "41": ["cc_4", "deg_6"], "29": ["cc_15", "deg_6"], "74": ["cc_17", "deg_6"], "13": ["cc_11", "deg_6"], "2": ["cc_13", "deg_5"], "7": ["cc_20", "deg_6"], "84": ["cc_8", "deg_8"], "79": ["cc_13", "deg_5"], "32": ["cc_20", "deg_5"], "33": ["cc_9", "deg_7"], "55": ["cc_6", "deg_6"], "48": ["cc_20", "deg_6"], "85": ["cc_7", "deg_7"], "5": ["cc_17", "deg_6"], "80": ["cc_11", "deg_6"], "81": ["cc_15", "deg_6"], "86": ["cc_6", "deg_5"], "87": ["cc_10", "deg_5"], "44": ["cc_6", "deg_6"], "39": ["cc_11", "deg_6"], "3": ["cc_8", "deg_8"], "28": ["cc_13", "deg_6"], "83": ["cc_15", "deg_6"], "76": ["cc_17", "deg_6"], "72": ["cc_13", "deg_5"], "12": ["cc_7", "deg_8"], "59": ["cc_8", "deg_8"], "69": ["cc_6", "deg_7"], "22": ["cc_20", "deg_6"], "50": ["cc_17", "deg_6"], "71": ["cc_15", "deg_6"], "4": ["cc_27", "deg_4"], "78": ["cc_11", "deg_6"], "45": ["cc_13", "deg_5"], "42": ["cc_13", "deg_5"], "21": ["cc_20", "deg_6"], "8": ["cc_20", "deg_6"], "53": ["cc_6", "deg_6"], "67": ["cc_11", "deg_7"], "37": ["cc_13", "deg_6"], "20": ["cc_20", "deg_6"], "26": ["cc_17", "deg_6"], "52": ["cc_13", "deg_6"], "58": ["cc_11", "deg_7"], "63": ["cc_15", "deg_6"], "64": ["cc_8", "deg_6"], "54": ["cc_6", "deg_7"], "65": ["cc_16", "deg_5"], "61": ["cc_11", "deg_6"], "16": ["cc_0", "deg_3"], "73": ["cc_15", "deg_6"]}}