{"label": 2, "features": {"53": ["cc_0", "deg_2"], "47": ["cc_0", "deg_4"], "68": ["cc_6", "deg_5"], "21": ["cc_0", "deg_2"], "34": ["cc_0", "deg_4"], "67": ["cc_0", "deg_4"], "41": ["cc_11", "deg_3"], "4": ["cc_0", "deg_4"], "42": ["cc_0", "deg_4"], "12": ["cc_0", "deg_4"], "28": ["cc_0", "deg_4"], "66": ["cc_0", "deg_7"], "5": ["cc_0", "deg_4"], "65": ["cc_0", "deg_8"], "61": ["cc_0", "deg_3"], "3": ["cc_5", "deg_4"], "64": ["cc_0", "deg_4"], "51": ["cc_0", "deg_2"], "24": ["cc_5", "deg_4"], "56": ["cc_0", "deg_5"], "55": ["cc_0", "deg_2"], "19": ["cc_0", "deg_5"], "54": ["cc_0", "deg_6"], "36": ["cc_3", "deg_8"], "17": ["cc_6", "deg_5"], "11": ["cc_0", "deg_6"], "22": ["cc_0", "deg_3"], "71": ["cc_0", "deg_5"], "18": ["cc_0", "deg_3"], "59": ["cc_0", "deg_2"], "2": ["cc_0", "deg_4"], "46": ["cc_0", "deg_5"], "37": ["cc_0", "deg_2"], "38": ["cc_3", "deg_5"], "73": ["cc_0", "deg_4"], "78": ["cc_0", "deg_2"], "9": ["cc_0", "deg_2"], "27": ["cc_0", "deg_5"], "58": ["cc_0", "deg_3"], "35": ["cc_0", "deg_4"], "1": ["cc_0", "deg_2"], "16": ["cc_5", "deg_4"], "80": ["cc_0", "deg_5"], "25": ["cc_0", "deg_2"], "7": ["cc_0", "deg_6"], "39": ["cc_5", "deg_4"], "0": ["cc_5", "deg_4"], "82": ["cc_0", "deg_4"], "83": ["cc_0", "deg_3"], "29": ["cc_0", "deg_3"], "63": ["cc_0", "deg_6"], "13": ["cc_11", "deg_3"], "6": ["cc_0", "deg_5"], "30": ["cc_0", "deg_3"], "14": ["cc_0", "deg_4"], "32": ["cc_0", "deg_4"], "45": ["cc_0", "deg_3"], "10": ["cc_0", "deg_5"], "33": ["cc_3", "deg_5"], "23": ["cc_0", "deg_6"], "69": ["cc_0", "deg_3"], "76": ["cc_0", "deg_2"], "48": ["cc_0", "deg_3"], "79": ["cc_0", "deg_2"], "77": ["cc_1", "deg_7"], "40": ["cc_8", "deg_6"], "81": ["cc_0", "deg_2"], "72": ["cc_0", "deg_3"], "8": ["cc_0", "deg_6"], "44": ["cc_0", "deg_4"], "31": ["cc_0", "deg_2"], "75": ["cc_0", "deg_3"], "26": ["cc_0", "deg_7"], "43": ["cc_0", "deg_6"], "57": ["cc_0", "deg_3"], "20": ["cc_0", "deg_3"], "50": ["cc_0", "deg_3"], "62": ["cc_1", "deg_7"], "60": ["cc_0", "deg_4"], "52": ["cc_0", "deg_4"], "15": ["cc_11", "deg_4"], "74": ["cc_0", "deg_5"], "70": ["cc_0", "deg_2"], "49": ["cc_0", "deg_2"]}, "edges": [[0, 83], [0, 36], [0, 6], [0, 40], [1, 66], [1, 73], [2, 37], [2, 70], [2, 23], [2, 27], [3, 81], [3, 77], [3, 62], [3, 37], [4, 51], [4, 68], [4, 57], [4, 46], [5, 65], [5, 52], [5, 7], [5, 45], [6, 67], [6, 7], [6, 43], [6, 14], [7, 83], [7, 8], [7, 22], [7, 12], [8, 34], [8, 27], [8, 23], [8, 77], [8, 47], [9, 11], [9, 28], [10, 65], [10, 23], [10, 43], [10, 76], [10, 63], [11, 50], [11, 54], [11, 42], [11, 12], [11, 13], [12, 69], [12, 62], [13, 17], [13, 15], [14, 65], [14, 35], [14, 69], [15, 16], [15, 17], [15, 78], [16, 17], [16, 20], [16, 36], [17, 18], [17, 19], [18, 56], [18, 67], [19, 48], [19, 38], [19, 71], [19, 26], [20, 26], [20, 38], [21, 56], [21, 47], [22, 23], [22, 30], [23, 82], [23, 56], [24, 65], [24, 71], [24, 39], [24, 41], [25, 80], [25, 36], [26, 66], [26, 54], [26, 55], [26, 27], [26, 44], [27, 28], [27, 61], [28, 32], [28, 29], [29, 30], [29, 63], [30, 33], [31, 32], [31, 77], [32, 34], [32, 71], [33, 80], [33, 35], [33, 68], [33, 40], [34, 35], [34, 36], [35, 39], [36, 68], [36, 38], [36, 40], [36, 79], [38, 40], [38, 46], [39, 40], [39, 41], [40, 68], [41, 43], [42, 66], [42, 55], [42, 62], [43, 82], [43, 44], [43, 77], [44, 45], [44, 63], [45, 47], [46, 54], [46, 73], [46, 74], [47, 48], [48, 66], [49, 50], [49, 66], [50, 52], [51, 52], [52, 63], [53, 80], [53, 54], [54, 64], [54, 67], [56, 57], [56, 58], [57, 75], [58, 65], [58, 60], [59, 65], [59, 60], [60, 82], [60, 62], [61, 64], [61, 72], [62, 64], [62, 72], [62, 77], [63, 80], [63, 83], [64, 75], [65, 66], [65, 67], [66, 74], [68, 74], [69, 71], [70, 71], [72, 73], [73, 80], [74, 78], [74, 79], [75, 77], [76, 77], [81, 82]]}