{"label": 1, "edges": [[0, 65], [0, 54], [0, 42], [0, 14], [1, 2], [1, 3], [2, 3], [2, 17], [2, 45], [3, 4], [3, 5], [3, 56], [3, 10], [3, 29], [4, 5], [4, 6], [4, 11], [4, 44], [5, 32], [5, 62], [5, 6], [5, 7], [5, 57], [5, 46], [5, 31], [6, 28], [6, 29], [7, 8], [7, 25], [8, 9], [8, 10], [8, 36], [9, 41], [9, 11], [10, 16], [10, 13], [11, 13], [11, 15], [12, 50], [12, 13], [12, 14], [13, 14], [14, 15], [15, 17], [16, 18], [16, 19], [16, 20], [16, 59], [17, 42], [18, 19], [18, 44], [19, 49], [19, 23], [19, 64], [19, 25], [19, 50], [19, 61], [20, 41], [20, 63], [21, 22], [21, 23], [21, 41], [21, 58], [22, 29], [22, 23], [23, 50], [24, 25], [24, 31], [25, 56], [25, 28], [26, 27], [26, 28], [26, 46], [27, 48], [27, 54], [27, 28], [27, 29], [28, 60], [28, 29], [28, 30], [29, 38], [29, 30], [30, 61], [30, 45], [31, 32], [31, 38], [32, 35], [32, 59], [32, 43], [32, 47], [33, 34], [33, 35], [34, 40], [34, 61], [35, 48], [35, 66], [35, 37], [35, 65], [36, 38], [37, 38], [37, 39], [39, 40], [39, 64], [40, 41], [40, 44], [41, 42], [42, 43], [42, 44], [43, 44], [44, 56], [45, 46], [45, 47], [47, 64], [48, 50], [49, 50], [49, 51], [51, 52], [51, 53], [52, 53], [52, 54], [53, 54], [53, 55], [54, 56], [55, 56], [55, 57], [56, 58], [57, 58], [58, 60], [60, 61], [60, 63], [61, 66], [61, 63], [62, 63], [64, 65]], "features": {"27": ["cc_6", "deg_5"], "35": ["cc_0", "deg_6"], "43": ["cc_11", "deg_3"], "47": ["cc_0", "deg_3"], "32": ["cc_2", "deg_6"], "56": ["cc_0", "deg_6"], "9": ["cc_0", "deg_3"], "33": ["cc_0", "deg_2"], "48": ["cc_0", "deg_3"], "55": ["cc_0", "deg_3"], "0": ["cc_0", "deg_4"], "2": ["cc_5", "deg_4"], "18": ["cc_11", "deg_3"], "5": ["cc_2", "deg_9"], "14": ["cc_5", "deg_4"], "38": ["cc_0", "deg_4"], "44": ["cc_2", "deg_6"], "39": ["cc_0", "deg_3"], "3": ["cc_3", "deg_7"], "28": ["cc_6", "deg_7"], "51": ["cc_11", "deg_3"], "23": ["cc_11", "deg_4"], "19": ["cc_3", "deg_8"], "61": ["cc_2", "deg_6"], "34": ["cc_0", "deg_3"], "11": ["cc_0", "deg_4"], "17": ["cc_0", "deg_3"], "12": ["cc_11", "deg_3"], "25": ["cc_0", "deg_5"], "24": ["cc_0", "deg_2"], "62": ["cc_0", "deg_2"], "59": ["cc_0", "deg_2"], "22": ["cc_11", "deg_3"], "60": ["cc_5", "deg_4"], "65": ["cc_0", "deg_3"], "15": ["cc_0", "deg_3"], "4": ["cc_6", "deg_5"], "37": ["cc_0", "deg_3"], "45": ["cc_0", "deg_4"], "42": ["cc_3", "deg_5"], "30": ["cc_5", "deg_4"], "31": ["cc_5", "deg_4"], "66": ["cc_0", "deg_2"], "36": ["cc_0", "deg_2"], "57": ["cc_0", "deg_3"], "53": ["cc_11", "deg_4"], "10": ["cc_0", "deg_4"], "49": ["cc_11", "deg_3"], "1": ["cc_33", "deg_2"], "46": ["cc_0", "deg_3"], "26": ["cc_11", "deg_3"], "40": ["cc_0", "deg_4"], "41": ["cc_0", "deg_5"], "20": ["cc_0", "deg_3"], "29": ["cc_4", "deg_7"], "52": ["cc_22", "deg_3"], "58": ["cc_0", "deg_4"], "63": ["cc_5", "deg_4"], "64": ["cc_0", "deg_4"], "13": ["cc_5", "deg_4"], "6": ["cc_11", "deg_4"], "7": ["cc_0", "deg_3"], "50": ["cc_6", "deg_5"], "8": ["cc_0", "deg_4"], "16": ["cc_3", "deg_5"], "54": ["cc_3", "deg_5"], "21": ["cc_5", "deg_4"]}}