{"label": 0, "features": {"21": ["cc_6", "deg_6"], "34": ["cc_22", "deg_3"], "41": ["cc_11", "deg_4"], "4": ["cc_5", "deg_4"], "42": ["cc_3", "deg_5"], "12": ["cc_0", "deg_4"], "28": ["cc_3", "deg_5"], "5": ["cc_0", "deg_3"], "3": ["cc_11", "deg_4"], "24": ["cc_6", "deg_5"], "19": ["cc_4", "deg_6"], "36": ["cc_5", "deg_4"], "17": ["cc_0", "deg_3"], "11": ["cc_5", "deg_4"], "22": ["cc_11", "deg_4"], "18": ["cc_33", "deg_2"], "2": ["cc_11", "deg_4"], "46": ["cc_3", "deg_7"], "37": ["cc_0", "deg_3"], "38": ["cc_33", "deg_2"], "9": ["cc_11", "deg_3"], "27": ["cc_11", "deg_3"], "35": ["cc_11", "deg_4"], "1": ["cc_6", "deg_5"], "16": ["cc_0", "deg_4"], "25": ["cc_11", "deg_4"], "7": ["cc_5", "deg_4"], "39": ["cc_11", "deg_4"], "0": ["cc_11", "deg_4"], "29": ["cc_11", "deg_4"], "13": ["cc_0", "deg_4"], "6": ["cc_11", "deg_3"], "30": ["cc_5", "deg_4"], "14": ["cc_0", "deg_2"], "32": ["cc_5", "deg_4"], "45": ["cc_11", "deg_3"], "10": ["cc_3", "deg_5"], "33": ["cc_4", "deg_6"], "23": ["cc_6", "deg_5"], "40": ["cc_16", "deg_4"], "8": ["cc_3", "deg_5"], "44": ["cc_0", "deg_3"], "31": ["cc_11", "deg_4"], "26": ["cc_5", "deg_4"], "43": ["cc_0", "deg_4"], "20": ["cc_16", "deg_4"], "15": ["cc_0", "deg_3"]}, "edges": [[0, 1], [0, 26], [0, 45], [0, 46], [1, 2], [1, 3], [1, 42], [1, 46], [2, 3], [2, 4], [2, 12], [3, 4], [3, 5], [4, 6], [4, 23], [5, 24], [5, 7], [6, 8], [6, 7], [7, 8], [7, 9], [8, 10], [8, 28], [8, 30], [9, 10], [9, 11], [10, 11], [10, 12], [10, 14], [11, 13], [11, 21], [12, 35], [12, 13], [13, 24], [13, 15], [14, 16], [15, 16], [15, 17], [16, 32], [16, 28], [17, 33], [17, 19], [18, 19], [18, 20], [19, 20], [19, 21], [19, 30], [19, 46], [20, 21], [20, 22], [21, 22], [21, 23], [21, 44], [22, 42], [22, 23], [23, 24], [23, 25], [24, 25], [24, 26], [25, 26], [25, 46], [26, 28], [27, 36], [27, 28], [27, 29], [28, 29], [29, 30], [29, 31], [30, 31], [31, 32], [31, 33], [32, 33], [32, 46], [33, 34], [33, 35], [33, 41], [34, 35], [34, 36], [35, 36], [36, 37], [37, 43], [37, 39], [38, 40], [38, 39], [39, 40], [39, 41], [40, 41], [40, 42], [41, 42], [42, 43], [43, 44], [43, 45], [44, 46], [45, 46]]}