{"label": 2, "edges": [[0, 48], [0, 59], [0, 53], [1, 2], [1, 53], [2, 3], [3, 54], [4, 34], [4, 5], [5, 51], [5, 38], [5, 23], [6, 12], [7, 8], [7, 21], [8, 24], [8, 9], [8, 23], [9, 10], [9, 22], [10, 53], [11, 41], [11, 12], [12, 19], [12, 42], [13, 58], [13, 19], [13, 36], [14, 42], [15, 33], [16, 33], [17, 18], [18, 28], [20, 47], [23, 49], [25, 26], [25, 44], [26, 57], [27, 28], [27, 30], [28, 38], [29, 37], [31, 54], [31, 38], [32, 45], [33, 34], [34, 50], [35, 40], [36, 43], [37, 43], [39, 55], [40, 41], [42, 53], [45, 46], [46, 48], [47, 50], [47, 55], [49, 57], [52, 53], [56, 57]], "features": {"27": ["cc_0", "deg_2"], "35": ["cc_0", "deg_1"], "43": ["cc_0", "deg_2"], "47": ["cc_0", "deg_3"], "32": ["cc_0", "deg_1"], "56": ["cc_0", "deg_1"], "9": ["cc_0", "deg_3"], "33": ["cc_0", "deg_3"], "48": ["cc_0", "deg_2"], "55": ["cc_0", "deg_2"], "0": ["cc_0", "deg_3"], "2": ["cc_0", "deg_2"], "18": ["cc_0", "deg_2"], "5": ["cc_0", "deg_4"], "14": ["cc_0", "deg_1"], "38": ["cc_0", "deg_3"], "44": ["cc_0", "deg_1"], "39": ["cc_0", "deg_1"], "3": ["cc_0", "deg_2"], "28": ["cc_0", "deg_3"], "51": ["cc_0", "deg_1"], "23": ["cc_0", "deg_3"], "19": ["cc_0", "deg_2"], "34": ["cc_0", "deg_3"], "11": ["cc_0", "deg_2"], "17": ["cc_0", "deg_1"], "12": ["cc_0", "deg_4"], "25": ["cc_0", "deg_2"], "24": ["cc_0", "deg_1"], "59": ["cc_0", "deg_1"], "22": ["cc_0", "deg_1"], "15": ["cc_0", "deg_1"], "4": ["cc_0", "deg_2"], "37": ["cc_0", "deg_2"], "45": ["cc_0", "deg_2"], "42": ["cc_0", "deg_3"], "30": ["cc_0", "deg_1"], "31": ["cc_0", "deg_2"], "36": ["cc_0", "deg_2"], "57": ["cc_0", "deg_3"], "53": ["cc_0", "deg_5"], "10": ["cc_0", "deg_2"], "49": ["cc_0", "deg_2"], "1": ["cc_0", "deg_2"], "46": ["cc_0", "deg_2"], "26": ["cc_0", "deg_2"], "40": ["cc_0", "deg_2"], "41": ["cc_0", "deg_2"], "20": ["cc_0", "deg_1"], "29": ["cc_0", "deg_1"], "52": ["cc_0", "deg_1"], "58": ["cc_0", "deg_1"], "13": ["cc_0", "deg_3"], "6": ["cc_0", "deg_1"], "7": ["cc_0", "deg_2"], "50": ["cc_0", "deg_2"], "8": ["cc_0", "deg_4"], "16": ["cc_0", "deg_1"], "54": ["cc_0", "deg_2"], "21": ["cc_0", "deg_1"]}}