{"label": 2, "features": {"1": ["cc_11", "deg_3"], "16": ["cc_0", "deg_2"], "4": ["cc_11", "deg_3"], "21": ["cc_3", "deg_5"], "7": ["cc_5", "deg_4"], "25": ["cc_0", "deg_3"], "0": ["cc_0", "deg_4"], "12": ["cc_5", "deg_4"], "29": ["cc_11", "deg_3"], "28": ["cc_0", "deg_2"], "13": ["cc_0", "deg_2"], "6": ["cc_0", "deg_4"], "5": ["cc_2", "deg_6"], "3": ["cc_0", "deg_3"], "24": ["cc_5", "deg_4"], "23": ["cc_3", "deg_5"], "27": ["cc_0", "deg_4"], "19": ["cc_0", "deg_2"], "10": ["cc_6", "deg_5"], "17": ["cc_0", "deg_4"], "11": ["cc_0", "deg_4"], "22": ["cc_0", "deg_5"], "18": ["cc_5", "deg_4"], "2": ["cc_5", "deg_4"], "26": ["cc_11", "deg_3"], "20": ["cc_0", "deg_6"], "14": ["cc_4", "deg_6"], "9": ["cc_3", "deg_5"], "8": ["cc_0", "deg_5"], "15": ["cc_2", "deg_6"]}, "edges": [[0, 17], [0, 2], [0, 3], [0, 27], [1, 10], [1, 18], [1, 12], [2, 21], [2, 22], [2, 29], [3, 20], [3, 15], [4, 26], [4, 5], [4, 14], [5, 19], [5, 6], [5, 23], [5, 20], [5, 12], [6, 26], [6, 28], [6, 7], [7, 8], [7, 10], [7, 15], [8, 17], [8, 20], [8, 22], [8, 27], [9, 16], [9, 19], [9, 24], [9, 12], [9, 14], [10, 18], [10, 27], [10, 15], [11, 22], [11, 23], [11, 29], [11, 13], [12, 23], [13, 14], [14, 24], [14, 26], [14, 15], [15, 16], [15, 17], [17, 18], [18, 20], [20, 25], [20, 28], [21, 23], [21, 25], [21, 27], [21, 29], [22, 24], [22, 25], [23, 24]]}