{"label": 2, "features": {"68": ["cc_0", "deg_9"], "21": ["cc_6", "deg_5"], "34": ["cc_3", "deg_7"], "94": ["cc_0", "deg_5"], "58": ["cc_2", "deg_6"], "69": ["cc_0", "deg_5"], "42": ["cc_0", "deg_6"], "12": ["cc_1", "deg_8"], "66": ["cc_3", "deg_5"], "5": ["cc_0", "deg_5"], "61": ["cc_0", "deg_4"], "91": ["cc_11", "deg_3"], "51": ["cc_3", "deg_7"], "24": ["cc_0", "deg_4"], "56": ["cc_2", "deg_8"], "55": ["cc_3", "deg_5"], "17": ["cc_6", "deg_5"], "22": ["cc_0", "deg_5"], "74": ["cc_0", "deg_3"], "59": ["cc_2", "deg_8"], "46": ["cc_2", "deg_8"], "37": ["cc_1", "deg_10"], "38": ["cc_3", "deg_5"], "81": ["cc_1", "deg_9"], "90": ["cc_0", "deg_6"], "35": ["cc_0", "deg_4"], "47": ["cc_3", "deg_7"], "16": ["cc_0", "deg_6"], "65": ["cc_3", "deg_5"], "23": ["cc_4", "deg_6"], "7": ["cc_1", "deg_8"], "82": ["cc_0", "deg_3"], "29": ["cc_1", "deg_9"], "93": ["cc_3", "deg_7"], "13": ["cc_2", "deg_6"], "6": ["cc_3", "deg_7"], "30": ["cc_1", "deg_7"], "14": ["cc_0", "deg_7"], "40": ["cc_0", "deg_5"], "33": ["cc_0", "deg_6"], "73": ["cc_0", "deg_4"], "76": ["cc_2", "deg_6"], "8": ["cc_0", "deg_4"], "44": ["cc_0", "deg_3"], "26": ["cc_0", "deg_5"], "43": ["cc_0", "deg_5"], "57": ["cc_6", "deg_7"], "20": ["cc_0", "deg_3"], "89": ["cc_0", "deg_8"], "80": ["cc_1", "deg_12"], "70": ["cc_0", "deg_4"], "84": ["cc_2", "deg_6"], "53": ["cc_0", "deg_6"], "1": ["cc_0", "deg_8"], "54": ["cc_0", "deg_5"], "41": ["cc_0", "deg_5"], "4": ["cc_2", "deg_6"], "39": ["cc_1", "deg_8"], "28": ["cc_3", "deg_8"], "25": ["cc_3", "deg_7"], "78": ["cc_0", "deg_7"], "3": ["cc_3", "deg_5"], "64": ["cc_3", "deg_5"], "72": ["cc_0", "deg_5"], "87": ["cc_5", "deg_4"], "19": ["cc_1", "deg_8"], "92": ["cc_0", "deg_9"], "86": ["cc_0", "deg_10"], "62": ["cc_1", "deg_7"], "11": ["cc_0", "deg_9"], "18": ["cc_1", "deg_7"], "67": ["cc_0", "deg_8"], "2": ["cc_0", "deg_3"], "9": ["cc_0", "deg_8"], "27": ["cc_0", "deg_3"], "15": ["cc_0", "deg_5"], "71": ["cc_0", "deg_8"], "88": ["cc_1", "deg_7"], "0": ["cc_2", "deg_10"], "63": ["cc_0", "deg_5"], "32": ["cc_0", "deg_4"], "45": ["cc_0", "deg_5"], "36": ["cc_11", "deg_3"], "83": ["cc_11", "deg_3"], "48": ["cc_0", "deg_4"], "79": ["cc_2", "deg_6"], "77": ["cc_5", "deg_4"], "10": ["cc_1", "deg_7"], "85": ["cc_4", "deg_6"], "31": ["cc_0", "deg_4"], "75": ["cc_1", "deg_7"], "50": ["cc_4", "deg_6"], "60": ["cc_0", "deg_6"], "52": ["cc_5", "deg_4"], "49": ["cc_5", "deg_4"]}, "edges": [[0, 6], [0, 75], [0, 78], [0, 47], [0, 18], [0, 84], [0, 85], [0, 58], [0, 92], [0, 93], [1, 16], [1, 49], [1, 18], [1, 27], [1, 68], [1, 22], [1, 33], [1, 43], [2, 72], [2, 14], [2, 63], [3, 83], [3, 68], [3, 40], [3, 75], [3, 12], [4, 50], [4, 72], [4, 39], [4, 11], [4, 92], [4, 45], [5, 86], [5, 89], [5, 58], [5, 50], [5, 63], [6, 33], [6, 64], [6, 89], [6, 91], [6, 93], [6, 88], [7, 71], [7, 14], [7, 19], [7, 78], [7, 57], [7, 90], [7, 59], [7, 53], [8, 84], [8, 11], [8, 60], [8, 29], [9, 54], [9, 71], [9, 25], [9, 10], [9, 75], [9, 94], [9, 42], [9, 46], [10, 80], [10, 11], [10, 35], [10, 39], [10, 59], [10, 44], [11, 67], [11, 69], [11, 80], [11, 17], [11, 90], [11, 63], [12, 32], [12, 81], [12, 39], [12, 14], [12, 80], [12, 49], [12, 91], [13, 80], [13, 65], [13, 37], [13, 25], [13, 29], [13, 78], [14, 16], [14, 33], [14, 89], [14, 46], [15, 18], [15, 65], [15, 82], [15, 46], [15, 47], [16, 32], [16, 48], [16, 54], [16, 81], [17, 62], [17, 23], [17, 74], [17, 46], [18, 87], [18, 88], [18, 28], [18, 30], [19, 28], [19, 81], [19, 51], [19, 94], [19, 86], [19, 92], [19, 30], [20, 22], [20, 29], [20, 79], [21, 80], [21, 49], [21, 65], [21, 76], [21, 34], [22, 53], [22, 51], [22, 40], [23, 67], [23, 46], [23, 89], [23, 77], [23, 62], [24, 82], [24, 86], [24, 41], [24, 89], [25, 50], [25, 51], [25, 38], [25, 56], [25, 62], [26, 64], [26, 67], [26, 69], [26, 38], [26, 28], [27, 86], [27, 92], [28, 68], [28, 43], [28, 86], [28, 56], [28, 57], [29, 36], [29, 37], [29, 75], [29, 40], [29, 30], [29, 31], [30, 35], [30, 46], [30, 52], [30, 53], [31, 51], [31, 92], [31, 90], [32, 33], [32, 59], [33, 78], [33, 60], [34, 80], [34, 53], [34, 68], [34, 70], [34, 38], [34, 76], [35, 37], [35, 60], [36, 68], [36, 37], [37, 61], [37, 53], [37, 54], [37, 39], [37, 42], [37, 67], [38, 51], [38, 89], [39, 49], [39, 70], [39, 89], [39, 75], [40, 41], [40, 47], [41, 51], [41, 42], [41, 62], [42, 86], [42, 60], [42, 78], [43, 80], [43, 45], [43, 46], [44, 67], [44, 76], [45, 71], [45, 84], [45, 78], [46, 52], [47, 73], [47, 85], [47, 57], [47, 58], [48, 71], [48, 89], [48, 59], [50, 92], [50, 67], [50, 51], [52, 54], [52, 92], [53, 84], [54, 64], [55, 81], [55, 68], [55, 57], [55, 90], [55, 62], [56, 84], [56, 68], [56, 69], [56, 73], [56, 57], [56, 58], [57, 81], [57, 59], [58, 90], [58, 59], [59, 81], [59, 79], [60, 71], [60, 62], [61, 88], [61, 74], [61, 94], [62, 87], [63, 81], [63, 77], [64, 65], [64, 66], [65, 66], [66, 67], [66, 73], [66, 93], [67, 68], [68, 71], [69, 76], [69, 74], [70, 81], [70, 88], [71, 81], [71, 72], [72, 80], [72, 94], [73, 92], [75, 80], [75, 83], [76, 78], [76, 93], [77, 80], [77, 79], [79, 80], [79, 86], [79, 92], [80, 93], [82, 85], [83, 86], [84, 85], [85, 86], [85, 94], [86, 88], [87, 88], [87, 93], [88, 90], [91, 93]]}