{"label": 2, "features": {"1": ["cc_11", "deg_3"], "16": ["cc_5", "deg_4"], "4": ["cc_0", "deg_2"], "21": ["cc_0", "deg_3"], "7": ["cc_0", "deg_4"], "25": ["cc_1", "deg_7"], "0": ["cc_3", "deg_5"], "12": ["cc_5", "deg_4"], "29": ["cc_0", "deg_3"], "28": ["cc_11", "deg_3"], "13": ["cc_0", "deg_5"], "6": ["cc_6", "deg_5"], "30": ["cc_0", "deg_3"], "5": ["cc_0", "deg_2"], "3": ["cc_0", "deg_5"], "24": ["cc_0", "deg_4"], "23": ["cc_0", "deg_3"], "27": ["cc_0", "deg_4"], "19": ["cc_0", "deg_2"], "10": ["cc_0", "deg_4"], "17": ["cc_4", "deg_6"], "11": ["cc_0", "deg_3"], "22": ["cc_1", "deg_9"], "18": ["cc_3", "deg_5"], "2": ["cc_6", "deg_5"], "26": ["cc_0", "deg_2"], "20": ["cc_0", "deg_4"], "14": ["cc_3", "deg_5"], "9": ["cc_3", "deg_5"], "8": ["cc_0", "deg_2"], "15": ["cc_11", "deg_3"]}, "edges": [[0, 16], [0, 1], [0, 24], [0, 27], [0, 30], [1, 16], [1, 3], [2, 17], [2, 6], [2, 25], [2, 9], [2, 14], [3, 18], [3, 23], [3, 9], [3, 13], [4, 25], [4, 17], [5, 17], [5, 11], [6, 16], [6, 17], [6, 22], [6, 24], [7, 24], [7, 17], [7, 26], [7, 21], [8, 9], [8, 27], [9, 22], [9, 25], [10, 21], [10, 27], [10, 12], [10, 29], [11, 18], [11, 22], [12, 28], [12, 18], [12, 22], [13, 25], [13, 26], [13, 28], [13, 29], [14, 20], [14, 22], [14, 29], [14, 15], [15, 22], [15, 25], [16, 25], [17, 22], [18, 20], [18, 28], [19, 24], [19, 23], [20, 27], [20, 30], [21, 22], [22, 23], [25, 30]]}