{"label": 2, "features": {"47": ["cc_0", "deg_3"], "21": ["cc_0", "deg_1"], "34": ["cc_0", "deg_1"], "41": ["cc_0", "deg_1"], "4": ["cc_0", "deg_4"], "42": ["cc_0", "deg_2"], "12": ["cc_0", "deg_1"], "28": ["cc_0", "deg_1"], "5": ["cc_0", "deg_2"], "3": ["cc_0", "deg_2"], "24": ["cc_0", "deg_3"], "19": ["cc_0", "deg_1"], "36": ["cc_0", "deg_1"], "17": ["cc_0", "deg_2"], "11": ["cc_0", "deg_1"], "22": ["cc_0", "deg_3"], "18": ["cc_0", "deg_3"], "2": ["cc_0", "deg_2"], "46": ["cc_0", "deg_1"], "37": ["cc_0", "deg_3"], "38": ["cc_0", "deg_2"], "9": ["cc_0", "deg_1"], "27": ["cc_0", "deg_3"], "35": ["cc_0", "deg_1"], "1": ["cc_0", "deg_3"], "16": ["cc_0", "deg_3"], "25": ["cc_0", "deg_1"], "7": ["cc_0", "deg_2"], "39": ["cc_0", "deg_1"], "0": ["cc_0", "deg_3"], "29": ["cc_0", "deg_2"], "13": ["cc_0", "deg_4"], "6": ["cc_0", "deg_3"], "30": ["cc_0", "deg_3"], "14": ["cc_0", "deg_2"], "32": ["cc_0", "deg_1"], "45": ["cc_0", "deg_4"], "10": ["cc_0", "deg_1"], "33": ["cc_0", "deg_2"], "23": ["cc_0", "deg_1"], "40": ["cc_0", "deg_1"], "8": ["cc_0", "deg_2"], "44": ["cc_0", "deg_2"], "31": ["cc_0", "deg_2"], "26": ["cc_0", "deg_2"], "43": ["cc_0", "deg_2"], "20": ["cc_0", "deg_2"], "15": ["cc_0", "deg_2"]}, "edges": [[0, 33], [0, 4], [0, 37], [1, 18], [1, 4], [1, 22], [2, 27], [2, 3], [3, 37], [4, 43], [4, 30], [5, 8], [5, 6], [6, 9], [6, 7], [7, 14], [8, 41], [10, 47], [11, 16], [12, 29], [13, 34], [13, 37], [13, 25], [13, 42], [14, 22], [15, 19], [15, 45], [16, 17], [16, 39], [17, 18], [18, 46], [20, 35], [20, 31], [21, 24], [22, 47], [23, 42], [24, 44], [24, 38], [26, 27], [26, 36], [27, 40], [28, 43], [29, 30], [30, 33], [31, 45], [32, 45], [38, 47], [44, 45]]}