{"label": 0, "edges": [[0, 1], [0, 82], [0, 2], [0, 81], [1, 82], [1, 68], [1, 61], [2, 3], [2, 4], [3, 4], [3, 5], [3, 24], [3, 11], [4, 65], [4, 5], [4, 6], [4, 75], [5, 45], [5, 7], [6, 8], [6, 7], [7, 8], [7, 9], [8, 9], [8, 33], [9, 10], [9, 11], [10, 11], [10, 12], [11, 59], [11, 13], [12, 13], [12, 14], [13, 30], [13, 14], [14, 16], [14, 15], [15, 16], [15, 17], [16, 18], [16, 69], [17, 18], [17, 19], [17, 45], [18, 19], [18, 20], [19, 20], [19, 21], [20, 21], [20, 22], [21, 22], [21, 23], [22, 24], [22, 53], [22, 23], [23, 25], [23, 63], [24, 26], [25, 26], [25, 27], [26, 27], [26, 69], [27, 28], [27, 46], [28, 29], [28, 30], [29, 30], [29, 31], [30, 32], [30, 75], [30, 31], [31, 32], [31, 33], [32, 33], [32, 34], [33, 34], [33, 35], [34, 35], [34, 36], [35, 36], [35, 37], [36, 80], [36, 44], [37, 38], [37, 39], [38, 40], [38, 39], [39, 40], [39, 41], [40, 41], [40, 42], [41, 42], [41, 43], [42, 44], [42, 47], [43, 44], [43, 45], [44, 45], [44, 46], [45, 46], [46, 48], [46, 47], [47, 48], [47, 49], [48, 49], [48, 50], [49, 50], [49, 51], [50, 51], [50, 52], [51, 52], [51, 53], [52, 53], [52, 54], [53, 56], [54, 56], [54, 71], [54, 55], [55, 56], [55, 57], [56, 57], [56, 58], [57, 58], [57, 59], [58, 59], [58, 60], [59, 61], [60, 61], [60, 62], [61, 62], [61, 63], [62, 64], [62, 63], [63, 64], [63, 65], [64, 65], [64, 66], [65, 66], [66, 67], [66, 68], [67, 68], [67, 69], [68, 69], [68, 70], [69, 70], [69, 71], [70, 72], [70, 76], [70, 71], [71, 73], [72, 73], [72, 74], [73, 74], [73, 75], [74, 75], [74, 76], [76, 77], [77, 78], [77, 79], [78, 80], [78, 79], [79, 80], [79, 81], [80, 81], [80, 82], [81, 82]], "features": {"27": ["cc_5", "deg_4"], "35": ["cc_11", "deg_4"], "43": ["cc_11", "deg_3"], "47": ["cc_11", "deg_4"], "32": ["cc_16", "deg_4"], "56": ["cc_10", "deg_5"], "77": ["cc_11", "deg_3"], "9": ["cc_11", "deg_4"], "33": ["cc_10", "deg_5"], "48": ["cc_16", "deg_4"], "55": ["cc_22", "deg_3"], "0": ["cc_11", "deg_4"], "2": ["cc_11", "deg_3"], "18": ["cc_11", "deg_4"], "5": ["cc_5", "deg_4"], "76": ["cc_0", "deg_3"], "14": ["cc_11", "deg_4"], "81": ["cc_16", "deg_4"], "38": ["cc_22", "deg_3"], "73": ["cc_11", "deg_4"], "44": ["cc_6", "deg_5"], "39": ["cc_16", "deg_4"], "82": ["cc_16", "deg_4"], "3": ["cc_6", "deg_5"], "68": ["cc_10", "deg_5"], "28": ["cc_11", "deg_3"], "51": ["cc_16", "deg_4"], "23": ["cc_5", "deg_4"], "19": ["cc_16", "deg_4"], "61": ["cc_6", "deg_5"], "34": ["cc_16", "deg_4"], "75": ["cc_5", "deg_4"], "11": ["cc_3", "deg_5"], "72": ["cc_11", "deg_3"], "17": ["cc_5", "deg_4"], "12": ["cc_11", "deg_3"], "25": ["cc_11", "deg_3"], "24": ["cc_0", "deg_3"], "62": ["cc_16", "deg_4"], "59": ["cc_5", "deg_4"], "69": ["cc_6", "deg_6"], "22": ["cc_6", "deg_5"], "60": ["cc_11", "deg_3"], "70": ["cc_6", "deg_5"], "65": ["cc_11", "deg_4"], "71": ["cc_5", "deg_4"], "15": ["cc_11", "deg_3"], "4": ["cc_4", "deg_6"], "78": ["cc_22", "deg_3"], "80": ["cc_10", "deg_5"], "37": ["cc_11", "deg_3"], "45": ["cc_6", "deg_5"], "42": ["cc_5", "deg_4"], "30": ["cc_6", "deg_6"], "31": ["cc_16", "deg_4"], "66": ["cc_11", "deg_4"], "36": ["cc_5", "deg_4"], "67": ["cc_22", "deg_3"], "57": ["cc_16", "deg_4"], "53": ["cc_5", "deg_4"], "10": ["cc_11", "deg_3"], "49": ["cc_16", "deg_4"], "1": ["cc_5", "deg_4"], "46": ["cc_6", "deg_5"], "79": ["cc_16", "deg_4"], "26": ["cc_5", "deg_4"], "40": ["cc_16", "deg_4"], "41": ["cc_11", "deg_4"], "20": ["cc_16", "deg_4"], "29": ["cc_22", "deg_3"], "52": ["cc_11", "deg_4"], "58": ["cc_11", "deg_4"], "63": ["cc_10", "deg_5"], "64": ["cc_16", "deg_4"], "74": ["cc_11", "deg_4"], "13": ["cc_5", "deg_4"], "6": ["cc_11", "deg_3"], "7": ["cc_11", "deg_4"], "50": ["cc_16", "deg_4"], "8": ["cc_11", "deg_4"], "16": ["cc_5", "deg_4"], "54": ["cc_5", "deg_4"], "21": ["cc_16", "deg_4"]}}