{"label": 1, "edges": [[0, 1], [0, 2], [1, 32], [1, 3], [2, 9], [2, 59], [2, 4], [2, 13], [3, 4], [3, 7], [4, 5], [4, 6], [4, 39], [5, 51], [5, 42], [6, 8], [6, 68], [7, 8], [7, 9], [7, 43], [7, 63], [8, 68], [8, 10], [8, 14], [9, 20], [9, 10], [9, 11], [10, 50], [10, 11], [10, 12], [10, 62], [11, 42], [11, 60], [11, 34], [12, 60], [12, 14], [12, 15], [13, 28], [13, 60], [13, 14], [14, 16], [14, 40], [14, 25], [15, 16], [15, 50], [15, 58], [16, 23], [16, 56], [16, 41], [17, 32], [17, 18], [17, 19], [18, 19], [18, 20], [18, 31], [19, 35], [19, 21], [19, 29], [19, 37], [20, 57], [20, 27], [21, 38], [21, 43], [21, 46], [22, 24], [22, 51], [23, 24], [23, 25], [24, 25], [24, 26], [25, 64], [25, 27], [26, 65], [26, 54], [26, 30], [27, 48], [28, 30], [29, 32], [30, 69], [30, 38], [31, 33], [31, 66], [31, 49], [32, 33], [32, 52], [33, 34], [33, 50], [34, 55], [34, 42], [35, 48], [35, 36], [36, 37], [36, 38], [36, 56], [36, 46], [36, 63], [37, 69], [37, 38], [38, 66], [38, 40], [39, 41], [40, 42], [40, 43], [41, 66], [41, 45], [42, 44], [43, 68], [43, 61], [44, 45], [44, 46], [45, 47], [47, 48], [47, 49], [48, 49], [48, 61], [49, 50], [50, 52], [51, 65], [51, 52], [51, 59], [52, 53], [53, 62], [53, 54], [53, 55], [54, 56], [54, 55], [55, 56], [55, 57], [56, 58], [57, 58], [57, 59], [58, 59], [61, 62], [61, 63], [64, 66], [65, 66], [65, 67], [66, 68], [67, 68], [67, 69]], "features": {"27": ["cc_0", "deg_3"], "35": ["cc_0", "deg_3"], "43": ["cc_0", "deg_5"], "47": ["cc_11", "deg_3"], "32": ["cc_0", "deg_5"], "56": ["cc_3", "deg_5"], "9": ["cc_3", "deg_5"], "33": ["cc_0", "deg_4"], "48": ["cc_3", "deg_5"], "55": ["cc_6", "deg_5"], "0": ["cc_0", "deg_2"], "2": ["cc_0", "deg_5"], "18": ["cc_5", "deg_4"], "5": ["cc_0", "deg_3"], "14": ["cc_0", "deg_6"], "38": ["cc_2", "deg_6"], "44": ["cc_0", "deg_3"], "39": ["cc_0", "deg_2"], "3": ["cc_0", "deg_3"], "68": ["cc_3", "deg_5"], "28": ["cc_0", "deg_2"], "51": ["cc_0", "deg_5"], "23": ["cc_11", "deg_3"], "19": ["cc_2", "deg_6"], "61": ["cc_0", "deg_4"], "34": ["cc_5", "deg_4"], "11": ["cc_6", "deg_5"], "17": ["cc_11", "deg_3"], "12": ["cc_0", "deg_4"], "25": ["cc_3", "deg_5"], "24": ["cc_5", "deg_4"], "62": ["cc_0", "deg_3"], "59": ["cc_5", "deg_4"], "69": ["cc_0", "deg_3"], "22": ["cc_0", "deg_2"], "60": ["cc_0", "deg_3"], "65": ["cc_0", "deg_4"], "15": ["cc_0", "deg_4"], "4": ["cc_0", "deg_5"], "37": ["cc_5", "deg_4"], "45": ["cc_0", "deg_3"], "42": ["cc_3", "deg_5"], "30": ["cc_0", "deg_4"], "31": ["cc_0", "deg_4"], "66": ["cc_0", "deg_6"], "36": ["cc_2", "deg_6"], "67": ["cc_0", "deg_3"], "57": ["cc_5", "deg_4"], "53": ["cc_5", "deg_4"], "10": ["cc_2", "deg_6"], "49": ["cc_5", "deg_4"], "1": ["cc_0", "deg_3"], "46": ["cc_0", "deg_3"], "26": ["cc_0", "deg_4"], "40": ["cc_0", "deg_4"], "41": ["cc_0", "deg_4"], "20": ["cc_0", "deg_4"], "29": ["cc_0", "deg_2"], "52": ["cc_0", "deg_4"], "58": ["cc_5", "deg_4"], "63": ["cc_0", "deg_3"], "64": ["cc_0", "deg_2"], "13": ["cc_0", "deg_4"], "6": ["cc_11", "deg_3"], "7": ["cc_0", "deg_5"], "50": ["cc_0", "deg_5"], "8": ["cc_3", "deg_5"], "16": ["cc_0", "deg_5"], "54": ["cc_11", "deg_4"], "21": ["cc_0", "deg_4"]}}