{"label": 1, "features": {"53": ["cc_6", "deg_6"], "47": ["cc_4", "deg_6"], "68": ["cc_2", "deg_6"], "21": ["cc_4", "deg_6"], "34": ["cc_6", "deg_6"], "67": ["cc_3", "deg_7"], "41": ["cc_2", "deg_6"], "4": ["cc_2", "deg_6"], "42": ["cc_2", "deg_6"], "12": ["cc_11", "deg_4"], "28": ["cc_6", "deg_6"], "66": ["cc_6", "deg_5"], "5": ["cc_4", "deg_6"], "65": ["cc_2", "deg_6"], "61": ["cc_10", "deg_5"], "3": ["cc_2", "deg_10"], "64": ["cc_5", "deg_4"], "51": ["cc_11", "deg_6"], "24": ["cc_8", "deg_6"], "56": ["cc_11", "deg_4"], "55": ["cc_4", "deg_6"], "19": ["cc_6", "deg_6"], "54": ["cc_1", "deg_7"], "36": ["cc_5", "deg_9"], "17": ["cc_6", "deg_6"], "11": ["cc_4", "deg_7"], "22": ["cc_10", "deg_5"], "71": ["cc_5", "deg_4"], "18": ["cc_4", "deg_7"], "59": ["cc_7", "deg_7"], "2": ["cc_0", "deg_5"], "46": ["cc_16", "deg_4"], "37": ["cc_3", "deg_5"], "38": ["cc_2", "deg_6"], "73": ["cc_4", "deg_7"], "78": ["cc_8", "deg_6"], "9": ["cc_4", "deg_9"], "27": ["cc_6", "deg_5"], "58": ["cc_10", "deg_5"], "35": ["cc_4", "deg_6"], "1": ["cc_3", "deg_5"], "16": ["cc_7", "deg_7"], "80": ["cc_3", "deg_5"], "25": ["cc_6", "deg_6"], "7": ["cc_1", "deg_7"], "39": ["cc_0", "deg_5"], "0": ["cc_0", "deg_4"], "82": ["cc_0", "deg_6"], "83": ["cc_1", "deg_8"], "29": ["cc_8", "deg_6"], "63": ["cc_11", "deg_4"], "13": ["cc_13", "deg_5"], "6": ["cc_3", "deg_7"], "30": ["cc_6", "deg_6"], "14": ["cc_6", "deg_7"], "32": ["cc_6", "deg_6"], "45": ["cc_5", "deg_4"], "10": ["cc_3", "deg_5"], "33": ["cc_3", "deg_5"], "23": ["cc_2", "deg_9"], "69": ["cc_3", "deg_7"], "76": ["cc_13", "deg_5"], "48": ["cc_6", "deg_6"], "79": ["cc_3", "deg_8"], "77": ["cc_6", "deg_5"], "40": ["cc_1", "deg_7"], "81": ["cc_5", "deg_4"], "72": ["cc_3", "deg_5"], "8": ["cc_3", "deg_7"], "44": ["cc_0", "deg_6"], "31": ["cc_3", "deg_5"], "75": ["cc_4", "deg_6"], "26": ["cc_2", "deg_8"], "43": ["cc_0", "deg_6"], "57": ["cc_6", "deg_6"], "20": ["cc_1", "deg_7"], "50": ["cc_7", "deg_7"], "62": ["cc_11", "deg_4"], "60": ["cc_2", "deg_9"], "52": ["cc_4", "deg_6"], "15": ["cc_16", "deg_5"], "74": ["cc_2", "deg_6"], "70": ["cc_3", "deg_5"], "49": ["cc_7", "deg_8"]}, "edges": [[0, 35], [0, 3], [0, 20], [0, 82], [1, 3], [1, 2], [1, 4], [1, 36], [1, 82], [2, 83], [2, 5], [2, 57], [2, 26], [3, 34], [3, 83], [3, 68], [3, 69], [3, 19], [3, 36], [3, 42], [3, 50], [4, 5], [4, 6], [4, 24], [4, 9], [4, 44], [5, 69], [5, 6], [5, 7], [5, 8], [6, 83], [6, 8], [6, 74], [6, 12], [6, 79], [7, 23], [7, 9], [7, 10], [7, 52], [7, 62], [7, 79], [8, 43], [8, 59], [8, 9], [8, 11], [8, 37], [9, 65], [9, 34], [9, 11], [9, 60], [9, 62], [9, 63], [10, 70], [10, 41], [10, 11], [10, 60], [11, 41], [11, 12], [11, 13], [11, 29], [12, 13], [12, 14], [13, 16], [13, 14], [13, 15], [14, 17], [14, 37], [14, 57], [14, 59], [14, 15], [15, 16], [15, 17], [15, 18], [16, 17], [16, 18], [16, 19], [16, 49], [16, 42], [17, 48], [17, 19], [17, 38], [18, 19], [18, 20], [18, 21], [18, 68], [18, 53], [19, 21], [19, 66], [20, 23], [20, 41], [20, 55], [20, 78], [20, 63], [21, 65], [21, 22], [21, 24], [21, 41], [22, 23], [22, 24], [22, 25], [22, 30], [23, 83], [23, 24], [23, 26], [23, 27], [23, 60], [23, 61], [24, 25], [24, 26], [25, 81], [25, 36], [25, 27], [25, 28], [26, 32], [26, 68], [26, 36], [26, 28], [26, 61], [27, 28], [27, 29], [27, 79], [28, 54], [28, 29], [28, 30], [29, 32], [29, 30], [29, 31], [30, 32], [30, 33], [30, 83], [31, 32], [31, 33], [31, 40], [31, 80], [32, 34], [32, 83], [33, 34], [33, 36], [33, 60], [34, 35], [34, 36], [35, 36], [35, 37], [35, 38], [35, 71], [36, 81], [36, 42], [37, 38], [37, 45], [38, 39], [38, 40], [38, 69], [39, 65], [39, 82], [39, 41], [39, 43], [40, 51], [40, 53], [40, 55], [40, 42], [40, 43], [41, 44], [42, 70], [42, 45], [43, 52], [43, 54], [43, 44], [44, 66], [44, 58], [44, 47], [45, 49], [45, 46], [46, 48], [46, 49], [46, 47], [47, 64], [47, 49], [47, 50], [47, 79], [48, 49], [48, 50], [48, 55], [48, 73], [49, 50], [49, 51], [49, 65], [50, 51], [50, 52], [50, 69], [51, 52], [51, 53], [51, 54], [52, 53], [52, 75], [53, 54], [53, 62], [54, 55], [54, 56], [54, 77], [55, 78], [55, 73], [56, 57], [56, 58], [56, 59], [57, 72], [57, 59], [57, 60], [58, 64], [58, 59], [58, 61], [59, 60], [59, 61], [60, 74], [60, 62], [60, 63], [61, 64], [63, 65], [64, 67], [65, 67], [66, 67], [66, 68], [66, 69], [67, 68], [67, 69], [67, 70], [67, 74], [68, 71], [69, 72], [70, 72], [70, 73], [71, 73], [71, 74], [72, 73], [72, 75], [73, 74], [73, 76], [74, 75], [75, 76], [75, 77], [75, 78], [76, 77], [76, 78], [76, 79], [77, 82], [77, 79], [78, 80], [78, 79], [79, 80], [80, 82], [80, 83], [81, 82], [81, 83]]}