{"label": 1, "edges": [[0, 1], [0, 61], [0, 9], [1, 2], [1, 37], [1, 42], [1, 62], [1, 14], [2, 4], [2, 55], [3, 18], [3, 51], [3, 4], [3, 38], [3, 17], [3, 60], [4, 36], [4, 5], [4, 11], [4, 61], [5, 6], [5, 7], [6, 8], [6, 23], [6, 7], [7, 8], [7, 22], [8, 10], [8, 54], [9, 10], [9, 39], [10, 11], [10, 12], [10, 35], [11, 12], [12, 49], [12, 14], [13, 39], [13, 14], [13, 15], [14, 16], [14, 24], [14, 15], [15, 33], [15, 52], [15, 41], [15, 26], [15, 27], [16, 17], [16, 18], [17, 19], [17, 28], [18, 19], [18, 52], [19, 20], [19, 21], [20, 27], [20, 21], [20, 22], [21, 48], [21, 22], [21, 23], [22, 23], [22, 44], [22, 62], [23, 25], [24, 25], [24, 37], [25, 47], [25, 27], [26, 34], [26, 57], [26, 27], [28, 52], [29, 30], [29, 31], [30, 40], [30, 31], [31, 33], [31, 61], [32, 33], [32, 45], [33, 34], [34, 35], [34, 36], [35, 37], [36, 37], [38, 40], [39, 40], [40, 41], [40, 42], [41, 42], [42, 43], [42, 47], [43, 44], [43, 45], [43, 53], [44, 51], [45, 46], [45, 47], [46, 50], [46, 55], [46, 47], [47, 49], [48, 49], [48, 54], [49, 50], [49, 53], [50, 51], [50, 52], [50, 54], [51, 52], [51, 53], [52, 54], [52, 60], [55, 57], [55, 62], [56, 57], [56, 58], [57, 59], [58, 59], [58, 60], [59, 60], [59, 61], [60, 62], [61, 62]], "features": {"27": ["cc_5", "deg_4"], "35": ["cc_0", "deg_3"], "43": ["cc_0", "deg_4"], "47": ["cc_3", "deg_5"], "32": ["cc_0", "deg_2"], "56": ["cc_0", "deg_2"], "9": ["cc_0", "deg_3"], "33": ["cc_0", "deg_4"], "48": ["cc_0", "deg_3"], "55": ["cc_0", "deg_4"], "0": ["cc_0", "deg_3"], "2": ["cc_0", "deg_3"], "18": ["cc_0", "deg_4"], "5": ["cc_11", "deg_3"], "14": ["cc_2", "deg_6"], "38": ["cc_0", "deg_2"], "44": ["cc_0", "deg_3"], "39": ["cc_0", "deg_3"], "3": ["cc_0", "deg_6"], "28": ["cc_0", "deg_2"], "51": ["cc_3", "deg_5"], "23": ["cc_5", "deg_4"], "19": ["cc_5", "deg_4"], "61": ["cc_0", "deg_5"], "34": ["cc_0", "deg_4"], "11": ["cc_11", "deg_3"], "17": ["cc_0", "deg_4"], "12": ["cc_5", "deg_4"], "25": ["cc_0", "deg_4"], "24": ["cc_0", "deg_3"], "62": ["cc_0", "deg_5"], "59": ["cc_5", "deg_4"], "22": ["cc_4", "deg_6"], "60": ["cc_3", "deg_5"], "15": ["cc_3", "deg_7"], "4": ["cc_0", "deg_6"], "37": ["cc_0", "deg_4"], "45": ["cc_5", "deg_4"], "42": ["cc_3", "deg_5"], "30": ["cc_11", "deg_3"], "31": ["cc_5", "deg_4"], "36": ["cc_0", "deg_3"], "57": ["cc_0", "deg_4"], "53": ["cc_0", "deg_3"], "10": ["cc_3", "deg_5"], "49": ["cc_0", "deg_5"], "1": ["cc_0", "deg_6"], "46": ["cc_5", "deg_4"], "26": ["cc_5", "deg_4"], "40": ["cc_3", "deg_5"], "41": ["cc_11", "deg_3"], "20": ["cc_11", "deg_4"], "29": ["cc_33", "deg_2"], "52": ["cc_3", "deg_7"], "58": ["cc_11", "deg_3"], "13": ["cc_11", "deg_3"], "6": ["cc_11", "deg_4"], "7": ["cc_11", "deg_4"], "50": ["cc_6", "deg_5"], "8": ["cc_5", "deg_4"], "16": ["cc_0", "deg_3"], "54": ["cc_5", "deg_4"], "21": ["cc_10", "deg_5"]}}