{"label": 2, "features": {"1": ["cc_5", "deg_4"], "16": ["cc_6", "deg_5"], "4": ["cc_3", "deg_5"], "21": ["cc_5", "deg_4"], "32": ["cc_0", "deg_2"], "34": ["cc_0", "deg_5"], "7": ["cc_5", "deg_4"], "25": ["cc_1", "deg_7"], "0": ["cc_11", "deg_4"], "39": ["cc_0", "deg_4"], "12": ["cc_0", "deg_6"], "29": ["cc_10", "deg_5"], "28": ["cc_11", "deg_3"], "13": ["cc_6", "deg_5"], "6": ["cc_5", "deg_4"], "30": ["cc_0", "deg_3"], "5": ["cc_11", "deg_3"], "38": ["cc_0", "deg_4"], "3": ["cc_5", "deg_4"], "40": ["cc_0", "deg_3"], "24": ["cc_0", "deg_2"], "33": ["cc_2", "deg_6"], "23": ["cc_0", "deg_3"], "27": ["cc_33", "deg_2"], "19": ["cc_0", "deg_2"], "36": ["cc_0", "deg_7"], "10": ["cc_5", "deg_4"], "17": ["cc_0", "deg_4"], "11": ["cc_5", "deg_4"], "22": ["cc_4", "deg_6"], "18": ["cc_3", "deg_5"], "31": ["cc_33", "deg_2"], "2": ["cc_0", "deg_5"], "26": ["cc_5", "deg_4"], "20": ["cc_0", "deg_2"], "14": ["cc_4", "deg_6"], "41": ["cc_33", "deg_2"], "35": ["cc_0", "deg_4"], "9": ["cc_5", "deg_4"], "8": ["cc_11", "deg_3"], "37": ["cc_0", "deg_3"], "15": ["cc_5", "deg_4"]}, "edges": [[0, 1], [0, 26], [0, 21], [0, 41], [1, 41], [1, 3], [1, 28], [2, 32], [2, 4], [2, 5], [2, 7], [2, 12], [3, 4], [3, 5], [3, 6], [4, 33], [4, 10], [4, 14], [5, 6], [6, 35], [6, 9], [7, 17], [7, 22], [7, 29], [8, 11], [8, 18], [8, 35], [9, 25], [9, 14], [9, 31], [10, 36], [10, 27], [10, 29], [11, 18], [11, 39], [11, 40], [12, 17], [12, 36], [12, 37], [12, 24], [12, 20], [13, 16], [13, 38], [13, 39], [13, 14], [13, 15], [14, 16], [14, 33], [14, 37], [15, 16], [15, 33], [15, 35], [16, 19], [16, 36], [17, 33], [17, 38], [18, 34], [18, 37], [18, 24], [19, 34], [20, 25], [21, 34], [21, 22], [21, 26], [22, 40], [22, 23], [22, 28], [22, 29], [23, 25], [23, 36], [25, 33], [25, 26], [25, 30], [25, 31], [26, 39], [27, 29], [28, 29], [30, 34], [30, 38], [32, 33], [34, 36], [35, 40], [36, 38], [36, 39]]}