{"label": 1, "edges": [[0, 51], [0, 52], [0, 22], [0, 9], [1, 3], [1, 52], [1, 38], [1, 59], [2, 35], [2, 3], [2, 5], [2, 14], [3, 20], [3, 5], [3, 11], [4, 51], [4, 8], [4, 59], [5, 48], [5, 35], [5, 7], [5, 28], [6, 53], [6, 26], [6, 28], [7, 57], [7, 12], [7, 10], [7, 28], [7, 45], [7, 29], [8, 35], [8, 54], [8, 9], [9, 16], [9, 43], [9, 37], [9, 17], [9, 42], [9, 47], [10, 25], [10, 43], [10, 13], [11, 40], [11, 35], [11, 49], [11, 42], [11, 31], [12, 54], [12, 40], [12, 31], [13, 16], [13, 43], [13, 14], [13, 15], [14, 32], [14, 41], [14, 48], [14, 23], [14, 57], [14, 58], [15, 17], [15, 50], [15, 37], [15, 56], [15, 26], [15, 59], [16, 18], [16, 20], [16, 53], [16, 46], [17, 33], [17, 18], [17, 20], [17, 38], [17, 27], [18, 19], [18, 21], [18, 33], [18, 43], [19, 32], [19, 20], [19, 21], [19, 24], [19, 25], [19, 50], [20, 50], [20, 39], [20, 44], [20, 35], [21, 52], [21, 22], [21, 24], [21, 57], [21, 44], [22, 41], [22, 24], [22, 25], [22, 42], [23, 38], [23, 40], [23, 25], [24, 25], [24, 27], [25, 26], [25, 27], [26, 27], [26, 28], [27, 51], [27, 28], [27, 29], [27, 30], [28, 59], [28, 52], [28, 58], [28, 30], [29, 32], [29, 46], [29, 31], [30, 52], [30, 40], [30, 58], [30, 31], [31, 34], [31, 36], [31, 59], [32, 38], [33, 35], [33, 39], [34, 35], [34, 39], [34, 42], [34, 47], [34, 58], [35, 36], [35, 39], [36, 51], [36, 37], [36, 39], [36, 41], [36, 55], [36, 45], [37, 49], [37, 39], [38, 52], [38, 54], [38, 47], [39, 40], [39, 41], [40, 43], [41, 48], [41, 42], [41, 44], [42, 43], [42, 48], [42, 49], [43, 52], [43, 53], [43, 54], [44, 45], [44, 47], [45, 48], [45, 46], [46, 48], [46, 59], [46, 56], [47, 49], [48, 52], [49, 52], [49, 56], [50, 52], [50, 58], [51, 55], [53, 54], [53, 55], [53, 56], [55, 56], [56, 57], [56, 59], [57, 58]], "features": {"27": ["cc_4", "deg_8"], "35": ["cc_4", "deg_9"], "43": ["cc_2", "deg_9"], "47": ["cc_0", "deg_5"], "32": ["cc_0", "deg_4"], "56": ["cc_4", "deg_7"], "9": ["cc_1", "deg_8"], "33": ["cc_11", "deg_4"], "48": ["cc_4", "deg_7"], "55": ["cc_11", "deg_4"], "0": ["cc_0", "deg_4"], "2": ["cc_11", "deg_4"], "18": ["cc_4", "deg_6"], "5": ["cc_6", "deg_6"], "14": ["cc_2", "deg_8"], "38": ["cc_1", "deg_7"], "44": ["cc_0", "deg_5"], "39": ["cc_7", "deg_8"], "3": ["cc_3", "deg_5"], "28": ["cc_5", "deg_9"], "51": ["cc_3", "deg_5"], "23": ["cc_0", "deg_4"], "19": ["cc_6", "deg_7"], "34": ["cc_2", "deg_6"], "11": ["cc_2", "deg_6"], "17": ["cc_1", "deg_7"], "12": ["cc_0", "deg_4"], "25": ["cc_6", "deg_7"], "24": ["cc_16", "deg_5"], "59": ["cc_3", "deg_7"], "22": ["cc_6", "deg_6"], "15": ["cc_1", "deg_7"], "4": ["cc_0", "deg_3"], "37": ["cc_3", "deg_5"], "45": ["cc_3", "deg_5"], "42": ["cc_4", "deg_8"], "30": ["cc_6", "deg_6"], "31": ["cc_0", "deg_7"], "36": ["cc_4", "deg_8"], "57": ["cc_3", "deg_5"], "53": ["cc_4", "deg_6"], "10": ["cc_5", "deg_4"], "49": ["cc_2", "deg_6"], "1": ["cc_5", "deg_4"], "46": ["cc_4", "deg_6"], "26": ["cc_10", "deg_5"], "40": ["cc_0", "deg_6"], "41": ["cc_6", "deg_7"], "20": ["cc_2", "deg_8"], "29": ["cc_0", "deg_5"], "52": ["cc_1", "deg_10"], "58": ["cc_4", "deg_6"], "13": ["cc_3", "deg_5"], "6": ["cc_11", "deg_3"], "7": ["cc_1", "deg_7"], "50": ["cc_3", "deg_5"], "8": ["cc_0", "deg_4"], "16": ["cc_0", "deg_6"], "54": ["cc_3", "deg_5"], "21": ["cc_4", "deg_7"]}}