{"label": 0, "features": {"47": ["cc_11", "deg_3"], "21": ["cc_11", "deg_3"], "34": ["cc_0", "deg_4"], "41": ["cc_11", "deg_4"], "4": ["cc_3", "deg_5"], "42": ["cc_10", "deg_5"], "12": ["cc_11", "deg_4"], "28": ["cc_11", "deg_3"], "5": ["cc_0", "deg_3"], "3": ["cc_11", "deg_4"], "24": ["cc_16", "deg_4"], "19": ["cc_6", "deg_5"], "36": ["cc_22", "deg_3"], "17": ["cc_11", "deg_3"], "11": ["cc_11", "deg_3"], "22": ["cc_22", "deg_3"], "18": ["cc_11", "deg_4"], "2": ["cc_16", "deg_4"], "46": ["cc_5", "deg_4"], "37": ["cc_11", "deg_4"], "38": ["cc_11", "deg_4"], "9": ["cc_11", "deg_3"], "27": ["cc_6", "deg_5"], "35": ["cc_5", "deg_4"], "1": ["cc_16", "deg_4"], "16": ["cc_3", "deg_5"], "25": ["cc_22", "deg_4"], "7": ["cc_6", "deg_5"], "39": ["cc_11", "deg_3"], "0": ["cc_11", "deg_4"], "29": ["cc_11", "deg_4"], "13": ["cc_16", "deg_4"], "6": ["cc_0", "deg_5"], "30": ["cc_10", "deg_5"], "14": ["cc_10", "deg_5"], "32": ["cc_11", "deg_4"], "45": ["cc_11", "deg_3"], "10": ["cc_11", "deg_4"], "33": ["cc_3", "deg_5"], "23": ["cc_13", "deg_5"], "40": ["cc_16", "deg_4"], "8": ["cc_5", "deg_4"], "44": ["cc_11", "deg_4"], "31": ["cc_10", "deg_5"], "26": ["cc_11", "deg_4"], "43": ["cc_11", "deg_3"], "20": ["cc_5", "deg_4"], "15": ["cc_11", "deg_4"]}, "edges": [[0, 1], [0, 2], [0, 46], [0, 47], [1, 2], [1, 3], [1, 47], [2, 3], [2, 4], [3, 4], [3, 5], [4, 46], [4, 30], [4, 6], [5, 6], [5, 7], [6, 34], [6, 8], [6, 20], [7, 20], [7, 8], [7, 9], [7, 10], [8, 16], [8, 10], [9, 10], [9, 11], [10, 12], [11, 12], [11, 13], [12, 13], [12, 14], [13, 14], [13, 15], [14, 16], [14, 34], [14, 15], [15, 16], [15, 17], [16, 18], [16, 47], [17, 18], [17, 19], [18, 19], [18, 20], [19, 20], [19, 21], [19, 33], [21, 22], [21, 23], [22, 24], [22, 23], [23, 24], [23, 25], [23, 27], [24, 25], [24, 26], [25, 26], [25, 27], [26, 27], [26, 28], [27, 29], [27, 45], [28, 29], [28, 30], [29, 30], [29, 31], [30, 32], [30, 31], [31, 32], [31, 33], [31, 41], [32, 33], [32, 34], [33, 35], [33, 43], [34, 35], [35, 36], [35, 37], [36, 37], [36, 38], [37, 38], [37, 39], [38, 40], [38, 42], [39, 40], [39, 41], [40, 41], [40, 42], [41, 42], [42, 43], [42, 44], [43, 44], [44, 45], [44, 46], [45, 46]]}