{"label": 2, "features": {"53": ["cc_1", "deg_8"], "47": ["cc_5", "deg_4"], "21": ["cc_0", "deg_4"], "34": ["cc_0", "deg_3"], "41": ["cc_0", "deg_2"], "4": ["cc_1", "deg_9"], "42": ["cc_0", "deg_2"], "12": ["cc_3", "deg_5"], "28": ["cc_5", "deg_4"], "66": ["cc_0", "deg_2"], "5": ["cc_0", "deg_3"], "65": ["cc_0", "deg_4"], "61": ["cc_0", "deg_3"], "3": ["cc_3", "deg_7"], "64": ["cc_0", "deg_4"], "51": ["cc_5", "deg_4"], "24": ["cc_2", "deg_6"], "56": ["cc_0", "deg_2"], "55": ["cc_0", "deg_4"], "19": ["cc_0", "deg_3"], "54": ["cc_0", "deg_5"], "36": ["cc_11", "deg_4"], "17": ["cc_0", "deg_2"], "11": ["cc_11", "deg_3"], "22": ["cc_0", "deg_3"], "18": ["cc_1", "deg_7"], "59": ["cc_0", "deg_3"], "2": ["cc_11", "deg_4"], "46": ["cc_11", "deg_3"], "37": ["cc_0", "deg_3"], "38": ["cc_22", "deg_3"], "9": ["cc_3", "deg_5"], "27": ["cc_3", "deg_5"], "58": ["cc_3", "deg_5"], "35": ["cc_2", "deg_6"], "1": ["cc_0", "deg_5"], "16": ["cc_11", "deg_3"], "25": ["cc_0", "deg_5"], "7": ["cc_4", "deg_6"], "39": ["cc_11", "deg_4"], "0": ["cc_11", "deg_3"], "29": ["cc_2", "deg_6"], "63": ["cc_0", "deg_4"], "13": ["cc_0", "deg_3"], "6": ["cc_0", "deg_3"], "30": ["cc_2", "deg_6"], "14": ["cc_0", "deg_3"], "32": ["cc_0", "deg_2"], "45": ["cc_6", "deg_5"], "10": ["cc_0", "deg_4"], "33": ["cc_0", "deg_4"], "23": ["cc_0", "deg_6"], "48": ["cc_0", "deg_5"], "40": ["cc_0", "deg_2"], "8": ["cc_0", "deg_4"], "44": ["cc_0", "deg_3"], "31": ["cc_0", "deg_5"], "26": ["cc_3", "deg_5"], "43": ["cc_0", "deg_3"], "57": ["cc_0", "deg_3"], "20": ["cc_0", "deg_3"], "50": ["cc_0", "deg_4"], "62": ["cc_0", "deg_3"], "60": ["cc_0", "deg_2"], "52": ["cc_5", "deg_4"], "15": ["cc_11", "deg_3"], "49": ["cc_0", "deg_3"]}, "edges": [[0, 39], [0, 7], [0, 31], [1, 65], [1, 40], [1, 25], [1, 12], [1, 31], [2, 3], [2, 4], [2, 38], [2, 45], [3, 20], [3, 21], [3, 22], [3, 24], [3, 58], [3, 45], [4, 48], [4, 49], [4, 35], [4, 54], [4, 38], [4, 42], [4, 59], [4, 18], [5, 9], [5, 18], [5, 57], [6, 25], [6, 28], [6, 54], [7, 33], [7, 48], [7, 39], [7, 27], [7, 44], [8, 41], [8, 35], [8, 14], [8, 65], [9, 42], [9, 29], [9, 62], [9, 47], [10, 58], [10, 60], [10, 50], [10, 13], [11, 35], [11, 28], [11, 15], [12, 50], [12, 19], [12, 53], [12, 51], [13, 65], [13, 23], [14, 50], [14, 15], [15, 28], [16, 18], [16, 51], [16, 46], [17, 48], [17, 29], [18, 62], [18, 24], [18, 43], [18, 46], [19, 54], [19, 31], [20, 55], [20, 56], [21, 49], [21, 51], [21, 40], [22, 56], [22, 29], [23, 48], [23, 35], [23, 52], [23, 25], [23, 61], [24, 33], [24, 58], [24, 50], [24, 47], [25, 34], [25, 43], [26, 64], [26, 36], [26, 63], [26, 30], [26, 31], [27, 64], [27, 39], [27, 58], [27, 55], [28, 64], [29, 53], [29, 61], [29, 47], [30, 36], [30, 53], [30, 55], [30, 41], [30, 60], [31, 47], [32, 53], [32, 39], [33, 49], [33, 66], [34, 65], [34, 63], [35, 37], [35, 38], [36, 52], [36, 45], [37, 45], [37, 54], [43, 63], [44, 57], [44, 55], [45, 52], [46, 53], [48, 63], [51, 53], [52, 59], [53, 54], [53, 58], [57, 62], [59, 64], [61, 66]]}