{"label": 0, "features": {"53": ["cc_15", "deg_6"], "47": ["cc_6", "deg_5"], "68": ["cc_6", "deg_7"], "21": ["cc_20", "deg_6"], "34": ["cc_7", "deg_8"], "67": ["cc_11", "deg_6"], "41": ["cc_10", "deg_5"], "4": ["cc_13", "deg_5"], "42": ["cc_10", "deg_5"], "12": ["cc_8", "deg_6"], "28": ["cc_11", "deg_7"], "66": ["cc_16", "deg_4"], "5": ["cc_6", "deg_7"], "65": ["cc_11", "deg_6"], "61": ["cc_4", "deg_8"], "3": ["cc_13", "deg_5"], "64": ["cc_16", "deg_5"], "51": ["cc_11", "deg_7"], "24": ["cc_17", "deg_6"], "56": ["cc_20", "deg_5"], "55": ["cc_13", "deg_6"], "19": ["cc_10", "deg_8"], "54": ["cc_17", "deg_6"], "36": ["cc_4", "deg_6"], "17": ["cc_20", "deg_6"], "11": ["cc_8", "deg_8"], "22": ["cc_20", "deg_6"], "71": ["cc_11", "deg_4"], "18": ["cc_20", "deg_6"], "59": ["cc_15", "deg_6"], "2": ["cc_10", "deg_5"], "46": ["cc_2", "deg_6"], "37": ["cc_13", "deg_6"], "38": ["cc_3", "deg_7"], "73": ["cc_11", "deg_4"], "9": ["cc_13", "deg_5"], "27": ["cc_16", "deg_5"], "58": ["cc_23", "deg_5"], "35": ["cc_11", "deg_6"], "1": ["cc_6", "deg_7"], "16": ["cc_20", "deg_6"], "25": ["cc_13", "deg_6"], "7": ["cc_8", "deg_6"], "39": ["cc_11", "deg_4"], "0": ["cc_11", "deg_6"], "29": ["cc_11", "deg_6"], "63": ["cc_16", "deg_4"], "13": ["cc_11", "deg_7"], "6": ["cc_8", "deg_6"], "30": ["cc_10", "deg_5"], "14": ["cc_13", "deg_6"], "32": ["cc_7", "deg_7"], "45": ["cc_6", "deg_7"], "10": ["cc_6", "deg_6"], "33": ["cc_16", "deg_5"], "23": ["cc_14", "deg_7"], "69": ["cc_3", "deg_7"], "76": ["cc_16", "deg_5"], "48": ["cc_0", "deg_5"], "77": ["cc_11", "deg_6"], "40": ["cc_6", "deg_6"], "72": ["cc_7", "deg_7"], "8": ["cc_8", "deg_6"], "44": ["cc_8", "deg_6"], "31": ["cc_11", "deg_7"], "75": ["cc_4", "deg_6"], "26": ["cc_12", "deg_7"], "43": ["cc_7", "deg_7"], "57": ["cc_17", "deg_6"], "20": ["cc_10", "deg_8"], "50": ["cc_9", "deg_7"], "62": ["cc_13", "deg_5"], "60": ["cc_9", "deg_7"], "52": ["cc_20", "deg_6"], "15": ["cc_17", "deg_6"], "74": ["cc_7", "deg_8"], "70": ["cc_11", "deg_4"], "49": ["cc_13", "deg_5"]}, "edges": [[0, 1], [0, 2], [0, 3], [0, 53], [0, 76], [0, 77], [1, 2], [1, 4], [1, 10], [1, 76], [1, 77], [1, 46], [2, 3], [2, 5], [2, 75], [3, 4], [3, 5], [3, 6], [4, 5], [4, 6], [4, 7], [5, 7], [5, 8], [5, 68], [5, 74], [6, 7], [6, 8], [6, 9], [6, 60], [7, 34], [7, 8], [7, 38], [8, 51], [8, 9], [8, 10], [9, 10], [9, 11], [9, 12], [10, 11], [10, 13], [10, 61], [11, 66], [11, 68], [11, 12], [11, 13], [11, 14], [11, 45], [12, 45], [12, 36], [12, 13], [12, 15], [13, 16], [13, 29], [13, 14], [13, 15], [14, 16], [14, 17], [14, 75], [14, 15], [15, 16], [15, 17], [15, 18], [16, 17], [16, 18], [16, 19], [17, 18], [17, 19], [17, 20], [18, 19], [18, 20], [18, 21], [19, 20], [19, 21], [19, 22], [19, 70], [19, 61], [20, 48], [20, 21], [20, 22], [20, 23], [20, 73], [21, 22], [21, 23], [21, 24], [22, 23], [22, 24], [22, 25], [23, 55], [23, 24], [23, 25], [23, 26], [24, 25], [24, 26], [24, 27], [25, 60], [25, 26], [25, 28], [26, 27], [26, 28], [26, 29], [26, 45], [27, 28], [27, 29], [27, 30], [28, 77], [28, 29], [28, 30], [28, 31], [29, 32], [29, 31], [30, 32], [30, 74], [30, 31], [31, 32], [31, 33], [31, 34], [31, 63], [32, 33], [32, 34], [32, 75], [32, 44], [33, 34], [33, 35], [33, 36], [34, 35], [34, 37], [34, 40], [34, 61], [35, 36], [35, 37], [35, 38], [35, 65], [36, 50], [36, 37], [36, 46], [37, 38], [37, 39], [37, 40], [38, 71], [38, 40], [38, 41], [38, 46], [39, 40], [39, 41], [39, 42], [40, 43], [40, 69], [41, 42], [41, 43], [41, 44], [42, 49], [42, 43], [42, 45], [43, 59], [43, 44], [43, 45], [43, 46], [44, 45], [44, 46], [44, 47], [45, 47], [46, 69], [47, 48], [47, 49], [47, 50], [48, 61], [48, 68], [48, 72], [49, 50], [49, 51], [49, 52], [50, 51], [50, 52], [50, 53], [50, 69], [51, 67], [51, 52], [51, 53], [51, 54], [52, 53], [52, 54], [52, 55], [53, 54], [53, 55], [54, 55], [54, 56], [54, 57], [55, 56], [55, 57], [56, 57], [56, 58], [56, 59], [57, 58], [57, 59], [57, 60], [58, 59], [58, 60], [58, 61], [59, 60], [59, 61], [60, 61], [60, 62], [61, 62], [62, 64], [62, 65], [62, 63], [63, 64], [63, 65], [64, 65], [64, 66], [64, 67], [65, 67], [65, 68], [66, 67], [66, 68], [67, 68], [67, 69], [68, 69], [69, 70], [69, 72], [70, 71], [70, 72], [71, 72], [71, 74], [72, 73], [72, 74], [72, 75], [73, 74], [73, 76], [74, 75], [74, 76], [74, 77], [75, 77], [76, 77]]}