{"label": 0, "features": {"1": ["cc_3", "deg_9"], "16": ["cc_15", "deg_6"], "4": ["cc_6", "deg_6"], "21": ["cc_17", "deg_6"], "32": ["cc_16", "deg_5"], "34": ["cc_6", "deg_7"], "7": ["cc_17", "deg_6"], "25": ["cc_13", "deg_5"], "0": ["cc_13", "deg_5"], "39": ["cc_13", "deg_6"], "12": ["cc_17", "deg_6"], "29": ["cc_15", "deg_6"], "28": ["cc_12", "deg_7"], "13": ["cc_17", "deg_6"], "6": ["cc_17", "deg_6"], "30": ["cc_12", "deg_7"], "5": ["cc_11", "deg_6"], "38": ["cc_10", "deg_5"], "3": ["cc_16", "deg_5"], "24": ["cc_13", "deg_6"], "33": ["cc_12", "deg_7"], "23": ["cc_11", "deg_6"], "27": ["cc_22", "deg_4"], "19": ["cc_15", "deg_6"], "36": ["cc_10", "deg_5"], "10": ["cc_20", "deg_6"], "17": ["cc_15", "deg_7"], "11": ["cc_15", "deg_6"], "22": ["cc_16", "deg_5"], "18": ["cc_20", "deg_5"], "31": ["cc_13", "deg_6"], "2": ["cc_13", "deg_5"], "26": ["cc_8", "deg_6"], "20": ["cc_8", "deg_8"], "14": ["cc_12", "deg_7"], "35": ["cc_13", "deg_6"], "9": ["cc_20", "deg_6"], "8": ["cc_14", "deg_7"], "37": ["cc_16", "deg_5"], "15": ["cc_17", "deg_6"]}, "edges": [[0, 1], [0, 2], [0, 3], [0, 37], [0, 39], [1, 33], [1, 4], [1, 17], [1, 38], [1, 39], [1, 24], [1, 16], [1, 31], [2, 3], [2, 4], [2, 5], [2, 39], [3, 4], [3, 5], [3, 6], [4, 6], [4, 7], [4, 14], [5, 6], [5, 7], [5, 8], [5, 34], [6, 7], [6, 8], [6, 9], [7, 8], [7, 9], [7, 10], [8, 38], [8, 9], [8, 10], [8, 11], [9, 10], [9, 11], [9, 12], [10, 11], [10, 12], [10, 13], [11, 12], [11, 13], [11, 28], [12, 13], [12, 14], [12, 15], [13, 16], [13, 14], [13, 15], [14, 16], [14, 17], [14, 20], [14, 15], [15, 16], [15, 17], [15, 18], [16, 17], [16, 19], [17, 18], [17, 19], [17, 20], [18, 19], [18, 20], [18, 21], [19, 20], [19, 21], [19, 22], [20, 36], [20, 21], [20, 23], [20, 34], [21, 22], [21, 23], [21, 24], [22, 23], [22, 24], [22, 25], [23, 24], [23, 26], [23, 30], [24, 25], [24, 26], [25, 26], [25, 27], [25, 28], [26, 34], [26, 28], [26, 29], [27, 28], [27, 29], [27, 30], [28, 29], [28, 30], [28, 31], [29, 32], [29, 30], [29, 31], [30, 32], [30, 33], [30, 31], [31, 33], [31, 34], [32, 33], [32, 34], [32, 35], [33, 34], [33, 35], [33, 36], [34, 35], [35, 36], [35, 37], [35, 38], [36, 37], [36, 39], [37, 38], [37, 39], [38, 39]]}