{"label": 2, "edges": [[0, 54], [0, 20], [0, 6], [0, 27], [0, 26], [0, 45], [1, 32], [1, 3], [1, 36], [1, 41], [1, 42], [1, 45], [2, 33], [2, 3], [2, 54], [2, 24], [2, 10], [3, 19], [3, 4], [3, 5], [3, 22], [3, 8], [3, 44], [3, 35], [4, 52], [4, 6], [4, 12], [5, 50], [5, 40], [5, 39], [5, 8], [5, 12], [5, 45], [5, 14], [6, 33], [6, 40], [6, 9], [6, 43], [6, 13], [6, 14], [6, 15], [6, 8], [6, 23], [6, 25], [7, 16], [7, 8], [7, 25], [7, 13], [8, 43], [8, 14], [8, 17], [8, 18], [8, 22], [8, 39], [8, 26], [8, 27], [9, 19], [9, 16], [9, 43], [10, 52], [10, 21], [10, 54], [10, 25], [10, 11], [11, 48], [11, 22], [11, 12], [11, 26], [11, 14], [12, 38], [12, 40], [12, 42], [12, 44], [12, 52], [12, 26], [13, 16], [13, 17], [13, 26], [14, 23], [14, 31], [15, 33], [15, 28], [15, 31], [16, 18], [16, 21], [17, 18], [17, 20], [17, 44], [18, 35], [18, 52], [18, 39], [18, 53], [18, 30], [19, 32], [19, 33], [19, 47], [20, 21], [20, 22], [20, 47], [21, 37], [21, 39], [21, 23], [21, 27], [21, 28], [23, 38], [24, 40], [24, 27], [24, 28], [25, 32], [25, 38], [25, 53], [26, 50], [26, 48], [26, 42], [27, 41], [27, 28], [28, 49], [28, 29], [28, 30], [29, 32], [29, 49], [29, 33], [29, 42], [30, 52], [30, 41], [31, 33], [32, 38], [32, 54], [33, 35], [33, 38], [33, 43], [34, 36], [34, 37], [34, 52], [35, 51], [35, 48], [36, 37], [36, 38], [36, 46], [37, 38], [37, 41], [38, 50], [38, 40], [40, 53], [40, 44], [41, 51], [41, 53], [41, 42], [42, 47], [43, 51], [43, 46], [44, 45], [45, 51], [46, 49], [46, 52], [47, 52], [47, 53], [48, 49], [48, 50], [48, 53], [49, 51], [50, 51], [50, 53], [51, 52], [52, 53]], "features": {"27": ["cc_4", "deg_6"], "35": ["cc_0", "deg_5"], "43": ["cc_6", "deg_6"], "47": ["cc_3", "deg_5"], "32": ["cc_2", "deg_6"], "9": ["cc_5", "deg_4"], "33": ["cc_2", "deg_9"], "48": ["cc_6", "deg_6"], "0": ["cc_0", "deg_6"], "2": ["cc_3", "deg_5"], "18": ["cc_4", "deg_8"], "5": ["cc_4", "deg_8"], "14": ["cc_6", "deg_6"], "38": ["cc_2", "deg_9"], "44": ["cc_3", "deg_5"], "39": ["cc_11", "deg_4"], "3": ["cc_1", "deg_9"], "28": ["cc_4", "deg_7"], "51": ["cc_0", "deg_7"], "23": ["cc_5", "deg_4"], "19": ["cc_0", "deg_5"], "34": ["cc_11", "deg_3"], "11": ["cc_4", "deg_6"], "17": ["cc_3", "deg_5"], "12": ["cc_5", "deg_9"], "25": ["cc_2", "deg_6"], "24": ["cc_5", "deg_4"], "22": ["cc_5", "deg_4"], "15": ["cc_11", "deg_4"], "4": ["cc_5", "deg_4"], "37": ["cc_6", "deg_5"], "45": ["cc_0", "deg_5"], "42": ["cc_4", "deg_6"], "30": ["cc_5", "deg_4"], "31": ["cc_11", "deg_3"], "36": ["cc_6", "deg_5"], "53": ["cc_3", "deg_8"], "10": ["cc_2", "deg_6"], "49": ["cc_3", "deg_5"], "1": ["cc_2", "deg_6"], "46": ["cc_0", "deg_4"], "26": ["cc_4", "deg_8"], "40": ["cc_4", "deg_7"], "41": ["cc_1", "deg_7"], "20": ["cc_0", "deg_5"], "29": ["cc_3", "deg_5"], "52": ["cc_2", "deg_10"], "13": ["cc_3", "deg_5"], "6": ["cc_3", "deg_12"], "7": ["cc_5", "deg_4"], "50": ["cc_4", "deg_6"], "8": ["cc_4", "deg_12"], "16": ["cc_3", "deg_5"], "54": ["cc_5", "deg_4"], "21": ["cc_1", "deg_8"]}}