{"label": 2, "edges": [[0, 1], [0, 30], [0, 9], [1, 38], [1, 70], [1, 89], [1, 15], [2, 27], [2, 31], [2, 47], [3, 44], [3, 4], [3, 6], [4, 5], [4, 87], [4, 57], [4, 39], [5, 17], [5, 21], [5, 65], [5, 7], [5, 74], [5, 43], [5, 58], [6, 65], [6, 41], [6, 11], [7, 81], [7, 67], [7, 41], [7, 22], [7, 23], [7, 26], [7, 70], [8, 34], [8, 30], [8, 94], [8, 45], [8, 14], [9, 62], [9, 39], [9, 44], [9, 13], [9, 14], [10, 58], [10, 11], [10, 12], [10, 26], [11, 80], [11, 57], [11, 55], [12, 60], [12, 14], [13, 14], [14, 57], [14, 30], [15, 68], [15, 72], [16, 36], [16, 52], [17, 39], [17, 29], [18, 76], [18, 50], [19, 65], [19, 68], [20, 88], [20, 50], [21, 36], [22, 33], [22, 37], [22, 88], [22, 42], [22, 85], [23, 41], [23, 29], [23, 78], [24, 66], [24, 38], [24, 59], [24, 29], [24, 85], [24, 47], [25, 64], [25, 65], [25, 34], [25, 89], [26, 93], [27, 64], [27, 83], [27, 52], [28, 81], [28, 83], [28, 91], [28, 38], [28, 75], [28, 77], [29, 52], [29, 46], [31, 84], [31, 77], [32, 34], [32, 90], [32, 46], [33, 82], [33, 50], [33, 78], [34, 91], [34, 38], [34, 70], [34, 43], [34, 61], [34, 47], [35, 42], [35, 93], [35, 69], [36, 52], [36, 45], [37, 51], [37, 86], [37, 46], [38, 88], [40, 48], [40, 43], [40, 47], [41, 82], [42, 86], [42, 43], [43, 64], [43, 54], [43, 76], [43, 45], [44, 51], [45, 49], [45, 60], [45, 46], [45, 63], [46, 65], [46, 87], [46, 47], [47, 86], [47, 76], [48, 74], [49, 84], [49, 91], [50, 71], [52, 53], [52, 54], [53, 69], [53, 54], [54, 69], [55, 76], [56, 89], [56, 73], [56, 63], [57, 61], [58, 73], [59, 61], [60, 71], [62, 63], [63, 65], [63, 68], [64, 66], [65, 82], [66, 67], [66, 74], [66, 79], [67, 71], [68, 69], [68, 73], [68, 92], [70, 84], [71, 82], [71, 94], [72, 92], [72, 94], [74, 85], [75, 76], [75, 77], [76, 92], [76, 82], [77, 94], [79, 80], [80, 86], [81, 84], [82, 85], [85, 86], [85, 93], [87, 93], [90, 91]], "features": {"27": ["cc_0", "deg_4"], "35": ["cc_0", "deg_3"], "43": ["cc_0", "deg_8"], "47": ["cc_0", "deg_7"], "56": ["cc_0", "deg_3"], "23": ["cc_5", "deg_4"], "9": ["cc_2", "deg_6"], "94": ["cc_0", "deg_4"], "0": ["cc_0", "deg_3"], "6": ["cc_0", "deg_4"], "18": ["cc_0", "deg_2"], "14": ["cc_4", "deg_6"], "38": ["cc_0", "deg_5"], "82": ["cc_0", "deg_6"], "68": ["cc_0", "deg_6"], "51": ["cc_0", "deg_2"], "77": ["cc_5", "deg_4"], "19": ["cc_0", "deg_2"], "34": ["cc_0", "deg_9"], "75": ["cc_11", "deg_3"], "11": ["cc_0", "deg_5"], "88": ["cc_0", "deg_3"], "17": ["cc_0", "deg_3"], "25": ["cc_0", "deg_4"], "24": ["cc_0", "deg_6"], "70": ["cc_0", "deg_4"], "15": ["cc_0", "deg_3"], "62": ["cc_0", "deg_2"], "40": ["cc_0", "deg_3"], "30": ["cc_11", "deg_3"], "31": ["cc_0", "deg_3"], "66": ["cc_0", "deg_5"], "36": ["cc_5", "deg_4"], "57": ["cc_0", "deg_4"], "10": ["cc_0", "deg_4"], "49": ["cc_0", "deg_3"], "1": ["cc_0", "deg_5"], "46": ["cc_0", "deg_7"], "60": ["cc_0", "deg_3"], "41": ["cc_5", "deg_4"], "29": ["cc_0", "deg_5"], "74": ["cc_0", "deg_4"], "13": ["cc_33", "deg_2"], "2": ["cc_0", "deg_3"], "7": ["cc_1", "deg_8"], "84": ["cc_0", "deg_4"], "79": ["cc_0", "deg_2"], "90": ["cc_0", "deg_2"], "32": ["cc_0", "deg_3"], "33": ["cc_0", "deg_4"], "55": ["cc_0", "deg_2"], "48": ["cc_0", "deg_2"], "85": ["cc_0", "deg_6"], "5": ["cc_0", "deg_8"], "80": ["cc_0", "deg_3"], "81": ["cc_0", "deg_3"], "86": ["cc_0", "deg_5"], "87": ["cc_0", "deg_3"], "44": ["cc_0", "deg_3"], "39": ["cc_0", "deg_3"], "3": ["cc_0", "deg_3"], "92": ["cc_0", "deg_3"], "28": ["cc_2", "deg_6"], "83": ["cc_0", "deg_2"], "76": ["cc_0", "deg_7"], "72": ["cc_0", "deg_3"], "89": ["cc_0", "deg_3"], "12": ["cc_0", "deg_3"], "59": ["cc_0", "deg_2"], "69": ["cc_5", "deg_4"], "22": ["cc_0", "deg_6"], "50": ["cc_0", "deg_4"], "71": ["cc_0", "deg_5"], "4": ["cc_0", "deg_5"], "78": ["cc_0", "deg_2"], "91": ["cc_0", "deg_4"], "45": ["cc_0", "deg_7"], "42": ["cc_0", "deg_4"], "21": ["cc_0", "deg_2"], "8": ["cc_3", "deg_5"], "53": ["cc_22", "deg_3"], "67": ["cc_0", "deg_3"], "37": ["cc_0", "deg_4"], "20": ["cc_0", "deg_2"], "26": ["cc_0", "deg_3"], "93": ["cc_0", "deg_4"], "52": ["cc_4", "deg_6"], "58": ["cc_0", "deg_3"], "63": ["cc_0", "deg_5"], "64": ["cc_0", "deg_4"], "54": ["cc_11", "deg_4"], "65": ["cc_0", "deg_7"], "61": ["cc_0", "deg_3"], "16": ["cc_33", "deg_2"], "73": ["cc_0", "deg_3"]}}