{"label": 0, "features": {"53": ["cc_8", "deg_8"], "47": ["cc_6", "deg_5"], "68": ["cc_20", "deg_6"], "21": ["cc_17", "deg_6"], "34": ["cc_8", "deg_6"], "67": ["cc_23", "deg_5"], "41": ["cc_6", "deg_6"], "4": ["cc_8", "deg_6"], "42": ["cc_15", "deg_6"], "12": ["cc_8", "deg_6"], "28": ["cc_17", "deg_6"], "66": ["cc_12", "deg_7"], "5": ["cc_16", "deg_5"], "65": ["cc_17", "deg_6"], "61": ["cc_17", "deg_6"], "3": ["cc_12", "deg_7"], "64": ["cc_15", "deg_6"], "51": ["cc_8", "deg_6"], "24": ["cc_14", "deg_7"], "56": ["cc_6", "deg_6"], "55": ["cc_17", "deg_6"], "19": ["cc_11", "deg_4"], "54": ["cc_11", "deg_7"], "36": ["cc_16", "deg_4"], "17": ["cc_9", "deg_8"], "11": ["cc_9", "deg_8"], "22": ["cc_20", "deg_5"], "71": ["cc_14", "deg_7"], "18": ["cc_13", "deg_6"], "59": ["cc_17", "deg_7"], "2": ["cc_17", "deg_6"], "46": ["cc_10", "deg_5"], "37": ["cc_5", "deg_9"], "38": ["cc_8", "deg_6"], "9": ["cc_12", "deg_7"], "27": ["cc_15", "deg_6"], "58": ["cc_20", "deg_6"], "35": ["cc_16", "deg_5"], "1": ["cc_20", "deg_6"], "16": ["cc_17", "deg_6"], "25": ["cc_20", "deg_5"], "7": ["cc_15", "deg_6"], "39": ["cc_10", "deg_5"], "0": ["cc_20", "deg_6"], "29": ["cc_15", "deg_6"], "63": ["cc_20", "deg_6"], "13": ["cc_11", "deg_6"], "6": ["cc_11", "deg_7"], "30": ["cc_13", "deg_5"], "14": ["cc_22", "deg_4"], "32": ["cc_10", "deg_5"], "45": ["cc_9", "deg_7"], "10": ["cc_13", "deg_6"], "33": ["cc_4", "deg_6"], "23": ["cc_13", "deg_6"], "69": ["cc_20", "deg_6"], "48": ["cc_4", "deg_6"], "40": ["cc_7", "deg_7"], "8": ["cc_20", "deg_6"], "44": ["cc_8", "deg_6"], "31": ["cc_7", "deg_7"], "26": ["cc_17", "deg_6"], "43": ["cc_11", "deg_6"], "57": ["cc_20", "deg_6"], "20": ["cc_15", "deg_6"], "50": ["cc_13", "deg_6"], "62": ["cc_23", "deg_5"], "60": ["cc_17", "deg_6"], "52": ["cc_11", "deg_6"], "15": ["cc_17", "deg_6"], "70": ["cc_20", "deg_6"], "49": ["cc_22", "deg_3"]}, "edges": [[0, 1], [0, 2], [0, 3], [0, 69], [0, 70], [0, 71], [1, 2], [1, 3], [1, 4], [1, 70], [1, 71], [2, 3], [2, 4], [2, 5], [2, 71], [3, 4], [3, 5], [3, 6], [3, 47], [4, 37], [4, 6], [4, 66], [5, 6], [5, 7], [5, 8], [6, 7], [6, 8], [6, 9], [6, 13], [7, 8], [7, 9], [7, 10], [7, 38], [8, 9], [8, 10], [8, 11], [9, 33], [9, 10], [9, 11], [9, 12], [10, 11], [10, 44], [10, 13], [11, 16], [11, 64], [11, 12], [11, 13], [11, 14], [12, 17], [12, 34], [12, 13], [12, 15], [13, 16], [13, 15], [14, 16], [14, 17], [14, 15], [15, 16], [15, 17], [15, 18], [16, 17], [16, 18], [17, 18], [17, 19], [17, 20], [17, 45], [18, 20], [18, 21], [18, 24], [19, 20], [19, 21], [19, 40], [20, 21], [20, 22], [20, 23], [21, 22], [21, 23], [21, 24], [22, 23], [22, 24], [22, 25], [23, 56], [23, 24], [23, 26], [24, 25], [24, 26], [24, 27], [25, 26], [25, 27], [25, 28], [26, 27], [26, 28], [26, 29], [27, 33], [27, 28], [27, 29], [28, 29], [28, 30], [28, 31], [29, 32], [29, 30], [29, 31], [30, 32], [30, 53], [30, 31], [31, 33], [31, 34], [31, 39], [31, 40], [32, 33], [32, 34], [32, 35], [33, 34], [33, 56], [34, 35], [34, 37], [35, 36], [35, 37], [35, 38], [36, 37], [36, 38], [36, 39], [37, 48], [37, 54], [37, 38], [37, 40], [37, 43], [38, 40], [38, 41], [39, 40], [39, 41], [39, 42], [40, 42], [40, 43], [41, 48], [41, 42], [41, 43], [41, 44], [42, 43], [42, 44], [42, 45], [43, 45], [43, 46], [44, 45], [44, 46], [44, 47], [45, 48], [45, 46], [45, 47], [46, 48], [46, 52], [47, 50], [47, 53], [48, 50], [48, 51], [49, 50], [49, 51], [49, 52], [50, 51], [50, 52], [50, 53], [51, 53], [51, 54], [51, 71], [52, 53], [52, 54], [52, 55], [53, 54], [53, 55], [53, 56], [54, 55], [54, 57], [54, 59], [55, 57], [55, 58], [55, 59], [56, 57], [56, 58], [56, 59], [57, 58], [57, 59], [57, 60], [58, 59], [58, 60], [58, 61], [59, 60], [59, 61], [60, 61], [60, 62], [60, 63], [61, 64], [61, 62], [61, 63], [62, 64], [62, 65], [62, 63], [63, 64], [63, 65], [63, 66], [64, 65], [64, 66], [65, 66], [65, 67], [65, 68], [66, 67], [66, 68], [66, 69], [67, 68], [67, 69], [67, 70], [68, 69], [68, 70], [68, 71], [69, 70], [69, 71], [70, 71]]}