{"label": 1, "features": {"53": ["cc_5", "deg_4"], "47": ["cc_0", "deg_5"], "21": ["cc_0", "deg_4"], "34": ["cc_11", "deg_3"], "41": ["cc_0", "deg_4"], "4": ["cc_0", "deg_3"], "42": ["cc_0", "deg_3"], "12": ["cc_0", "deg_3"], "28": ["cc_0", "deg_3"], "5": ["cc_0", "deg_5"], "3": ["cc_0", "deg_4"], "51": ["cc_0", "deg_3"], "24": ["cc_4", "deg_6"], "19": ["cc_11", "deg_3"], "36": ["cc_0", "deg_3"], "17": ["cc_5", "deg_4"], "11": ["cc_0", "deg_2"], "22": ["cc_0", "deg_3"], "18": ["cc_3", "deg_5"], "2": ["cc_0", "deg_4"], "46": ["cc_0", "deg_3"], "37": ["cc_0", "deg_4"], "38": ["cc_0", "deg_5"], "9": ["cc_6", "deg_5"], "27": ["cc_0", "deg_2"], "35": ["cc_5", "deg_4"], "1": ["cc_0", "deg_5"], "16": ["cc_6", "deg_5"], "25": ["cc_5", "deg_4"], "7": ["cc_1", "deg_7"], "39": ["cc_0", "deg_4"], "0": ["cc_5", "deg_4"], "29": ["cc_0", "deg_5"], "13": ["cc_0", "deg_5"], "6": ["cc_0", "deg_5"], "30": ["cc_0", "deg_4"], "14": ["cc_6", "deg_5"], "32": ["cc_0", "deg_3"], "45": ["cc_3", "deg_5"], "10": ["cc_11", "deg_4"], "33": ["cc_11", "deg_3"], "23": ["cc_4", "deg_6"], "48": ["cc_5", "deg_4"], "40": ["cc_0", "deg_2"], "8": ["cc_0", "deg_5"], "44": ["cc_0", "deg_3"], "31": ["cc_0", "deg_3"], "26": ["cc_3", "deg_5"], "43": ["cc_3", "deg_5"], "20": ["cc_0", "deg_3"], "50": ["cc_0", "deg_3"], "52": ["cc_33", "deg_2"], "15": ["cc_6", "deg_6"], "49": ["cc_0", "deg_4"]}, "edges": [[0, 1], [0, 2], [0, 52], [0, 53], [1, 3], [1, 20], [1, 38], [1, 5], [2, 3], [2, 38], [2, 45], [3, 7], [3, 15], [4, 24], [4, 42], [4, 21], [5, 6], [5, 23], [5, 9], [5, 46], [6, 50], [6, 7], [6, 8], [6, 11], [7, 32], [7, 17], [7, 9], [7, 10], [7, 12], [8, 23], [8, 10], [8, 12], [8, 30], [9, 18], [9, 39], [9, 10], [10, 18], [11, 13], [12, 13], [13, 28], [13, 51], [13, 15], [14, 16], [14, 48], [14, 40], [14, 15], [14, 31], [15, 16], [15, 17], [15, 48], [16, 17], [16, 18], [16, 22], [17, 19], [18, 48], [18, 25], [19, 43], [19, 45], [20, 36], [20, 21], [21, 22], [21, 23], [22, 37], [23, 24], [23, 25], [23, 26], [24, 43], [24, 25], [24, 26], [24, 27], [25, 47], [26, 38], [26, 47], [26, 31], [27, 29], [28, 49], [28, 30], [29, 41], [29, 45], [29, 30], [29, 31], [30, 32], [32, 33], [33, 34], [33, 35], [34, 35], [34, 44], [35, 36], [35, 37], [36, 38], [37, 38], [37, 39], [39, 49], [39, 41], [40, 41], [41, 43], [42, 43], [42, 53], [43, 45], [44, 45], [44, 46], [46, 47], [47, 48], [47, 49], [49, 50], [50, 51], [51, 53], [52, 53]]}