{"label": 2, "edges": [[0, 1], [1, 2], [1, 15], [2, 34], [2, 9], [3, 13], [4, 46], [5, 42], [5, 11], [6, 31], [6, 7], [7, 8], [7, 28], [8, 13], [10, 48], [11, 43], [11, 12], [12, 32], [12, 24], [13, 21], [14, 22], [14, 15], [15, 47], [16, 44], [16, 46], [16, 31], [17, 34], [17, 45], [18, 43], [19, 25], [19, 20], [20, 40], [20, 33], [21, 22], [23, 47], [26, 27], [27, 28], [29, 48], [30, 48], [30, 31], [31, 41], [32, 46], [33, 34], [33, 38], [35, 36], [36, 37], [37, 38], [39, 40], [45, 46]], "features": {"27": ["cc_0", "deg_2"], "35": ["cc_0", "deg_1"], "43": ["cc_0", "deg_2"], "47": ["cc_0", "deg_2"], "32": ["cc_0", "deg_2"], "9": ["cc_0", "deg_1"], "33": ["cc_0", "deg_3"], "48": ["cc_0", "deg_3"], "0": ["cc_0", "deg_1"], "2": ["cc_0", "deg_3"], "18": ["cc_0", "deg_1"], "5": ["cc_0", "deg_2"], "14": ["cc_0", "deg_2"], "38": ["cc_0", "deg_2"], "44": ["cc_0", "deg_1"], "39": ["cc_0", "deg_1"], "3": ["cc_0", "deg_1"], "28": ["cc_0", "deg_2"], "23": ["cc_0", "deg_1"], "19": ["cc_0", "deg_2"], "34": ["cc_0", "deg_3"], "11": ["cc_0", "deg_3"], "17": ["cc_0", "deg_2"], "12": ["cc_0", "deg_3"], "25": ["cc_0", "deg_1"], "24": ["cc_0", "deg_1"], "22": ["cc_0", "deg_2"], "15": ["cc_0", "deg_3"], "4": ["cc_0", "deg_1"], "37": ["cc_0", "deg_2"], "45": ["cc_0", "deg_2"], "42": ["cc_0", "deg_1"], "30": ["cc_0", "deg_2"], "31": ["cc_0", "deg_4"], "36": ["cc_0", "deg_2"], "10": ["cc_0", "deg_1"], "1": ["cc_0", "deg_3"], "46": ["cc_0", "deg_4"], "26": ["cc_0", "deg_1"], "40": ["cc_0", "deg_2"], "41": ["cc_0", "deg_1"], "20": ["cc_0", "deg_3"], "29": ["cc_0", "deg_1"], "13": ["cc_0", "deg_3"], "6": ["cc_0", "deg_2"], "7": ["cc_0", "deg_3"], "8": ["cc_0", "deg_2"], "16": ["cc_0", "deg_3"], "21": ["cc_0", "deg_2"]}}