{"label": 1, "features": {"53": ["cc_0", "deg_5"], "47": ["cc_33", "deg_2"], "68": ["cc_0", "deg_2"], "21": ["cc_0", "deg_2"], "34": ["cc_4", "deg_6"], "67": ["cc_0", "deg_5"], "41": ["cc_0", "deg_2"], "4": ["cc_3", "deg_5"], "42": ["cc_1", "deg_8"], "12": ["cc_0", "deg_3"], "28": ["cc_5", "deg_4"], "66": ["cc_0", "deg_4"], "5": ["cc_0", "deg_6"], "65": ["cc_0", "deg_4"], "61": ["cc_5", "deg_4"], "3": ["cc_0", "deg_2"], "64": ["cc_3", "deg_5"], "51": ["cc_0", "deg_4"], "24": ["cc_0", "deg_2"], "56": ["cc_0", "deg_5"], "55": ["cc_0", "deg_4"], "19": ["cc_6", "deg_5"], "54": ["cc_0", "deg_2"], "36": ["cc_5", "deg_4"], "17": ["cc_5", "deg_4"], "11": ["cc_2", "deg_6"], "22": ["cc_5", "deg_4"], "18": ["cc_22", "deg_3"], "59": ["cc_0", "deg_4"], "2": ["cc_5", "deg_4"], "46": ["cc_0", "deg_6"], "37": ["cc_5", "deg_4"], "38": ["cc_0", "deg_4"], "9": ["cc_0", "deg_2"], "27": ["cc_11", "deg_3"], "58": ["cc_0", "deg_4"], "35": ["cc_1", "deg_7"], "1": ["cc_2", "deg_6"], "16": ["cc_0", "deg_5"], "25": ["cc_0", "deg_2"], "7": ["cc_0", "deg_3"], "39": ["cc_0", "deg_3"], "0": ["cc_0", "deg_2"], "29": ["cc_5", "deg_4"], "63": ["cc_6", "deg_5"], "13": ["cc_5", "deg_4"], "6": ["cc_0", "deg_3"], "30": ["cc_3", "deg_5"], "14": ["cc_0", "deg_6"], "32": ["cc_33", "deg_2"], "45": ["cc_0", "deg_5"], "10": ["cc_0", "deg_2"], "33": ["cc_3", "deg_5"], "23": ["cc_0", "deg_3"], "69": ["cc_5", "deg_4"], "48": ["cc_22", "deg_3"], "40": ["cc_0", "deg_4"], "8": ["cc_0", "deg_5"], "44": ["cc_2", "deg_6"], "31": ["cc_0", "deg_4"], "26": ["cc_0", "deg_4"], "43": ["cc_11", "deg_3"], "57": ["cc_0", "deg_3"], "20": ["cc_0", "deg_3"], "50": ["cc_3", "deg_5"], "62": ["cc_11", "deg_4"], "60": ["cc_0", "deg_4"], "52": ["cc_0", "deg_5"], "15": ["cc_0", "deg_3"], "70": ["cc_5", "deg_4"], "49": ["cc_6", "deg_5"]}, "edges": [[0, 56], [0, 1], [1, 2], [1, 4], [1, 52], [1, 66], [1, 29], [2, 3], [2, 4], [2, 36], [3, 5], [4, 5], [4, 56], [4, 61], [5, 49], [5, 67], [5, 6], [5, 42], [6, 24], [6, 34], [7, 8], [7, 40], [7, 9], [8, 16], [8, 52], [8, 60], [8, 46], [9, 26], [10, 35], [10, 11], [11, 34], [11, 53], [11, 12], [11, 13], [11, 21], [12, 38], [12, 14], [13, 34], [13, 62], [13, 14], [14, 16], [14, 25], [14, 42], [14, 30], [15, 16], [15, 45], [15, 64], [16, 35], [16, 44], [17, 24], [17, 18], [17, 19], [17, 26], [18, 19], [18, 30], [19, 58], [19, 44], [19, 30], [20, 41], [20, 46], [20, 22], [21, 55], [22, 69], [22, 70], [22, 23], [23, 45], [23, 33], [25, 27], [26, 40], [26, 28], [27, 28], [27, 29], [28, 45], [28, 29], [29, 42], [30, 68], [30, 31], [31, 33], [31, 37], [31, 53], [32, 33], [32, 34], [33, 34], [33, 35], [34, 66], [35, 36], [35, 37], [35, 60], [35, 45], [36, 64], [36, 37], [37, 38], [38, 40], [38, 39], [39, 66], [39, 63], [40, 42], [41, 42], [42, 50], [42, 43], [42, 44], [43, 67], [43, 44], [44, 59], [44, 46], [45, 46], [46, 50], [46, 53], [47, 48], [47, 49], [48, 49], [48, 50], [49, 50], [49, 51], [50, 52], [51, 52], [51, 61], [51, 70], [52, 53], [53, 55], [54, 56], [54, 67], [55, 57], [55, 65], [56, 64], [56, 69], [57, 58], [57, 59], [58, 60], [58, 69], [59, 67], [59, 60], [61, 62], [61, 63], [62, 64], [62, 63], [63, 64], [63, 65], [65, 66], [65, 67], [68, 70], [69, 70]]}