{"label": 1, "features": {"53": ["cc_1", "deg_7"], "47": ["cc_2", "deg_9"], "21": ["cc_1", "deg_7"], "34": ["cc_6", "deg_5"], "41": ["cc_10", "deg_5"], "4": ["cc_2", "deg_9"], "42": ["cc_5", "deg_8"], "12": ["cc_5", "deg_8"], "28": ["cc_3", "deg_5"], "66": ["cc_0", "deg_5"], "5": ["cc_2", "deg_6"], "65": ["cc_3", "deg_8"], "61": ["cc_4", "deg_8"], "3": ["cc_5", "deg_4"], "64": ["cc_5", "deg_4"], "51": ["cc_5", "deg_4"], "24": ["cc_1", "deg_7"], "56": ["cc_10", "deg_5"], "55": ["cc_8", "deg_6"], "19": ["cc_0", "deg_4"], "54": ["cc_4", "deg_6"], "36": ["cc_4", "deg_6"], "17": ["cc_3", "deg_5"], "11": ["cc_4", "deg_7"], "22": ["cc_0", "deg_3"], "18": ["cc_1", "deg_7"], "59": ["cc_6", "deg_6"], "2": ["cc_1", "deg_9"], "46": ["cc_16", "deg_4"], "37": ["cc_4", "deg_6"], "38": ["cc_2", "deg_6"], "9": ["cc_16", "deg_4"], "27": ["cc_0", "deg_5"], "58": ["cc_4", "deg_6"], "35": ["cc_0", "deg_4"], "1": ["cc_6", "deg_6"], "16": ["cc_3", "deg_8"], "25": ["cc_0", "deg_5"], "7": ["cc_6", "deg_5"], "39": ["cc_4", "deg_6"], "0": ["cc_0", "deg_6"], "29": ["cc_0", "deg_6"], "63": ["cc_11", "deg_4"], "13": ["cc_2", "deg_6"], "6": ["cc_4", "deg_9"], "30": ["cc_11", "deg_3"], "14": ["cc_11", "deg_4"], "32": ["cc_0", "deg_7"], "45": ["cc_3", "deg_7"], "10": ["cc_3", "deg_8"], "33": ["cc_2", "deg_6"], "23": ["cc_0", "deg_4"], "48": ["cc_3", "deg_8"], "40": ["cc_13", "deg_5"], "8": ["cc_0", "deg_5"], "44": ["cc_0", "deg_7"], "31": ["cc_0", "deg_6"], "26": ["cc_4", "deg_8"], "43": ["cc_4", "deg_7"], "57": ["cc_5", "deg_4"], "20": ["cc_11", "deg_4"], "50": ["cc_1", "deg_11"], "62": ["cc_0", "deg_4"], "60": ["cc_0", "deg_5"], "52": ["cc_4", "deg_7"], "15": ["cc_6", "deg_6"], "49": ["cc_4", "deg_7"]}, "edges": [[0, 64], [0, 1], [0, 36], [0, 21], [0, 27], [0, 2], [1, 65], [1, 4], [1, 33], [1, 7], [1, 63], [2, 16], [2, 66], [2, 4], [2, 38], [2, 17], [2, 20], [2, 42], [2, 28], [3, 65], [3, 4], [3, 5], [3, 60], [4, 5], [4, 7], [4, 57], [4, 28], [4, 50], [4, 53], [5, 49], [5, 6], [5, 8], [5, 62], [6, 66], [6, 34], [6, 13], [6, 45], [6, 50], [6, 56], [6, 26], [6, 61], [7, 65], [7, 10], [7, 47], [8, 54], [8, 10], [8, 13], [8, 29], [9, 59], [9, 10], [9, 11], [9, 12], [10, 42], [10, 11], [10, 58], [10, 55], [10, 31], [11, 65], [11, 37], [11, 39], [11, 12], [11, 13], [12, 59], [12, 51], [12, 36], [12, 39], [12, 26], [12, 14], [13, 48], [13, 34], [13, 52], [14, 16], [14, 17], [14, 15], [15, 16], [15, 17], [15, 20], [15, 62], [15, 44], [16, 20], [16, 24], [16, 57], [16, 59], [16, 60], [17, 18], [17, 26], [18, 48], [18, 50], [18, 21], [18, 25], [18, 43], [18, 30], [19, 39], [19, 63], [19, 60], [19, 31], [20, 45], [21, 37], [21, 24], [21, 58], [21, 60], [21, 34], [22, 50], [22, 24], [22, 44], [23, 24], [23, 44], [23, 43], [23, 28], [24, 61], [24, 46], [24, 47], [25, 52], [25, 44], [25, 27], [25, 31], [26, 59], [26, 45], [26, 58], [26, 27], [26, 61], [27, 65], [27, 51], [28, 37], [28, 29], [29, 32], [29, 48], [29, 50], [29, 33], [30, 32], [30, 50], [31, 32], [31, 38], [31, 43], [32, 66], [32, 39], [32, 47], [32, 44], [33, 34], [33, 36], [33, 53], [33, 38], [34, 37], [35, 58], [35, 60], [35, 61], [35, 53], [36, 48], [36, 38], [36, 39], [37, 40], [37, 42], [38, 65], [38, 50], [39, 53], [40, 41], [40, 42], [40, 43], [40, 61], [41, 50], [41, 42], [41, 43], [41, 44], [42, 56], [42, 43], [42, 55], [43, 47], [44, 45], [45, 56], [45, 62], [45, 47], [46, 48], [46, 49], [46, 47], [47, 48], [47, 50], [47, 54], [48, 49], [48, 54], [49, 50], [49, 51], [49, 52], [49, 66], [50, 52], [51, 52], [52, 53], [52, 55], [53, 54], [53, 55], [54, 56], [54, 61], [55, 57], [55, 58], [56, 61], [57, 58], [59, 61], [59, 62], [63, 64], [63, 65], [64, 65], [64, 66]]}