{"label": 2, "features": {"1": ["cc_11", "deg_3"], "16": ["cc_3", "deg_5"], "4": ["cc_2", "deg_8"], "21": ["cc_6", "deg_7"], "32": ["cc_4", "deg_6"], "34": ["cc_5", "deg_4"], "7": ["cc_0", "deg_4"], "25": ["cc_0", "deg_5"], "0": ["cc_0", "deg_3"], "12": ["cc_5", "deg_4"], "29": ["cc_0", "deg_3"], "28": ["cc_11", "deg_3"], "13": ["cc_0", "deg_3"], "6": ["cc_0", "deg_2"], "30": ["cc_4", "deg_6"], "5": ["cc_0", "deg_2"], "3": ["cc_5", "deg_4"], "24": ["cc_0", "deg_4"], "33": ["cc_11", "deg_4"], "23": ["cc_5", "deg_4"], "27": ["cc_5", "deg_4"], "19": ["cc_6", "deg_5"], "10": ["cc_0", "deg_3"], "17": ["cc_0", "deg_4"], "11": ["cc_11", "deg_3"], "22": ["cc_0", "deg_3"], "18": ["cc_5", "deg_4"], "31": ["cc_3", "deg_5"], "2": ["cc_5", "deg_4"], "26": ["cc_33", "deg_2"], "20": ["cc_6", "deg_5"], "14": ["cc_0", "deg_3"], "9": ["cc_3", "deg_5"], "8": ["cc_0", "deg_3"], "15": ["cc_0", "deg_3"]}, "edges": [[0, 7], [0, 9], [0, 31], [1, 16], [1, 25], [1, 9], [2, 16], [2, 32], [2, 4], [2, 29], [3, 4], [3, 28], [3, 13], [3, 30], [4, 32], [4, 7], [4, 9], [4, 10], [4, 28], [4, 34], [5, 17], [5, 31], [6, 10], [6, 20], [7, 17], [7, 30], [8, 33], [8, 29], [8, 14], [9, 16], [9, 27], [10, 15], [11, 17], [11, 19], [11, 30], [12, 34], [12, 13], [12, 30], [12, 31], [13, 18], [14, 22], [14, 23], [15, 22], [15, 25], [16, 19], [16, 20], [17, 28], [18, 19], [18, 24], [18, 30], [19, 32], [19, 30], [20, 32], [20, 21], [20, 23], [21, 32], [21, 33], [21, 23], [21, 24], [21, 26], [21, 27], [22, 27], [23, 25], [24, 34], [24, 29], [25, 32], [25, 31], [26, 33], [27, 33], [31, 34]]}