{"label": 1, "features": {"1": ["cc_6", "deg_7"], "16": ["cc_16", "deg_4"], "4": ["cc_16", "deg_5"], "21": ["cc_11", "deg_4"], "32": ["cc_4", "deg_7"], "34": ["cc_11", "deg_6"], "7": ["cc_7", "deg_7"], "42": ["cc_0", "deg_4"], "25": ["cc_6", "deg_5"], "0": ["cc_0", "deg_6"], "39": ["cc_10", "deg_5"], "12": ["cc_7", "deg_8"], "29": ["cc_0", "deg_4"], "28": ["cc_13", "deg_5"], "13": ["cc_5", "deg_9"], "6": ["cc_13", "deg_5"], "30": ["cc_7", "deg_7"], "5": ["cc_3", "deg_7"], "38": ["cc_11", "deg_6"], "3": ["cc_11", "deg_6"], "40": ["cc_8", "deg_6"], "24": ["cc_0", "deg_4"], "33": ["cc_5", "deg_8"], "23": ["cc_8", "deg_6"], "27": ["cc_3", "deg_9"], "19": ["cc_3", "deg_7"], "36": ["cc_13", "deg_5"], "10": ["cc_6", "deg_5"], "17": ["cc_9", "deg_7"], "11": ["cc_7", "deg_7"], "22": ["cc_6", "deg_6"], "18": ["cc_8", "deg_8"], "31": ["cc_13", "deg_6"], "2": ["cc_5", "deg_4"], "26": ["cc_8", "deg_6"], "20": ["cc_3", "deg_5"], "14": ["cc_13", "deg_6"], "41": ["cc_8", "deg_8"], "35": ["cc_6", "deg_7"], "9": ["cc_10", "deg_5"], "8": ["cc_0", "deg_4"], "37": ["cc_11", "deg_6"], "15": ["cc_15", "deg_6"]}, "edges": [[0, 1], [0, 2], [0, 36], [0, 24], [0, 40], [0, 29], [1, 3], [1, 4], [1, 7], [1, 41], [1, 42], [1, 14], [2, 5], [2, 10], [2, 13], [3, 4], [3, 5], [3, 6], [3, 23], [3, 41], [4, 5], [4, 6], [4, 7], [5, 35], [5, 39], [5, 26], [5, 18], [6, 7], [6, 9], [6, 23], [7, 41], [7, 8], [7, 9], [7, 24], [8, 27], [8, 10], [8, 11], [9, 41], [9, 11], [9, 12], [10, 32], [10, 33], [10, 13], [11, 26], [11, 12], [11, 13], [11, 14], [11, 31], [12, 19], [12, 32], [12, 35], [12, 13], [12, 14], [12, 15], [13, 20], [13, 21], [13, 25], [13, 14], [13, 15], [14, 17], [14, 15], [15, 16], [15, 17], [15, 18], [16, 17], [16, 18], [16, 33], [17, 18], [17, 19], [17, 20], [17, 29], [18, 19], [18, 20], [18, 26], [18, 31], [19, 21], [19, 22], [19, 39], [19, 42], [20, 34], [20, 22], [21, 22], [21, 23], [22, 23], [22, 24], [22, 25], [23, 25], [23, 27], [24, 27], [25, 26], [25, 27], [26, 28], [26, 31], [27, 35], [27, 28], [27, 29], [27, 30], [27, 31], [28, 38], [28, 30], [28, 31], [29, 32], [30, 32], [30, 33], [30, 36], [30, 37], [30, 31], [32, 33], [32, 34], [32, 42], [33, 34], [33, 35], [33, 38], [33, 41], [34, 35], [34, 36], [34, 37], [35, 36], [35, 37], [36, 37], [37, 38], [37, 40], [38, 39], [38, 40], [38, 41], [39, 40], [39, 41], [40, 41], [40, 42]]}