{"label": 0, "features": {"1": ["cc_11", "deg_3"], "16": ["cc_0", "deg_4"], "4": ["cc_11", "deg_4"], "21": ["cc_5", "deg_4"], "32": ["cc_16", "deg_4"], "34": ["cc_6", "deg_5"], "7": ["cc_5", "deg_4"], "25": ["cc_11", "deg_4"], "0": ["cc_0", "deg_3"], "12": ["cc_11", "deg_4"], "29": ["cc_0", "deg_2"], "28": ["cc_5", "deg_4"], "13": ["cc_5", "deg_4"], "6": ["cc_5", "deg_4"], "30": ["cc_11", "deg_3"], "5": ["cc_11", "deg_4"], "3": ["cc_11", "deg_4"], "24": ["cc_6", "deg_5"], "33": ["cc_6", "deg_5"], "23": ["cc_3", "deg_5"], "27": ["cc_10", "deg_5"], "19": ["cc_5", "deg_4"], "10": ["cc_11", "deg_3"], "17": ["cc_0", "deg_3"], "11": ["cc_11", "deg_4"], "22": ["cc_6", "deg_5"], "18": ["cc_0", "deg_3"], "31": ["cc_11", "deg_4"], "2": ["cc_5", "deg_4"], "26": ["cc_13", "deg_5"], "20": ["cc_5", "deg_4"], "14": ["cc_0", "deg_4"], "9": ["cc_6", "deg_5"], "8": ["cc_5", "deg_4"], "15": ["cc_5", "deg_4"]}, "edges": [[0, 7], [0, 2], [0, 33], [1, 2], [1, 3], [1, 34], [2, 10], [2, 3], [3, 4], [3, 5], [4, 5], [4, 6], [4, 15], [5, 6], [5, 7], [6, 8], [6, 13], [7, 8], [7, 9], [8, 24], [8, 9], [9, 23], [9, 11], [9, 12], [10, 11], [10, 12], [11, 12], [11, 13], [12, 14], [13, 20], [13, 22], [14, 16], [14, 29], [14, 15], [15, 25], [15, 26], [16, 17], [16, 18], [16, 28], [17, 33], [17, 19], [18, 19], [18, 20], [19, 27], [19, 21], [20, 21], [20, 22], [21, 27], [21, 23], [22, 24], [22, 34], [22, 23], [23, 34], [23, 25], [24, 25], [24, 26], [24, 27], [25, 26], [26, 27], [26, 28], [27, 28], [28, 30], [29, 31], [30, 32], [30, 31], [31, 32], [31, 33], [32, 33], [32, 34], [33, 34]]}