{"label": 1, "features": {"21": ["cc_0", "deg_2"], "34": ["cc_0", "deg_4"], "41": ["cc_0", "deg_1"], "4": ["cc_0", "deg_1"], "42": ["cc_0", "deg_2"], "12": ["cc_0", "deg_2"], "28": ["cc_0", "deg_2"], "5": ["cc_0", "deg_5"], "3": ["cc_0", "deg_3"], "24": ["cc_0", "deg_2"], "19": ["cc_0", "deg_1"], "36": ["cc_0", "deg_1"], "17": ["cc_0", "deg_1"], "11": ["cc_0", "deg_3"], "22": ["cc_0", "deg_1"], "18": ["cc_0", "deg_6"], "2": ["cc_0", "deg_2"], "37": ["cc_0", "deg_2"], "38": ["cc_0", "deg_2"], "9": ["cc_0", "deg_3"], "27": ["cc_0", "deg_2"], "35": ["cc_0", "deg_1"], "1": ["cc_0", "deg_2"], "16": ["cc_0", "deg_1"], "25": ["cc_0", "deg_3"], "7": ["cc_0", "deg_2"], "39": ["cc_0", "deg_2"], "0": ["cc_0", "deg_1"], "29": ["cc_0", "deg_1"], "13": ["cc_0", "deg_2"], "6": ["cc_0", "deg_2"], "30": ["cc_0", "deg_2"], "14": ["cc_0", "deg_1"], "32": ["cc_0", "deg_1"], "45": ["cc_0", "deg_2"], "10": ["cc_0", "deg_1"], "33": ["cc_0", "deg_3"], "23": ["cc_0", "deg_1"], "40": ["cc_0", "deg_2"], "8": ["cc_0", "deg_1"], "44": ["cc_0", "deg_2"], "31": ["cc_0", "deg_3"], "26": ["cc_0", "deg_3"], "43": ["cc_0", "deg_2"], "20": ["cc_0", "deg_1"], "15": ["cc_0", "deg_2"]}, "edges": [[0, 34], [1, 2], [1, 42], [2, 3], [3, 12], [3, 31], [4, 5], [5, 24], [5, 34], [5, 6], [5, 15], [6, 18], [7, 20], [7, 31], [8, 24], [9, 25], [9, 43], [9, 12], [10, 18], [11, 25], [11, 35], [11, 21], [13, 40], [13, 18], [14, 18], [15, 45], [16, 43], [17, 18], [18, 31], [19, 21], [22, 34], [23, 40], [25, 26], [26, 27], [26, 39], [27, 28], [28, 44], [29, 42], [30, 33], [30, 34], [32, 33], [33, 41], [36, 37], [37, 38], [38, 39], [44, 45]]}