{"label": 2, "edges": [[0, 20], [0, 21], [0, 9], [0, 14], [1, 10], [1, 20], [2, 18], [2, 19], [2, 5], [2, 14], [3, 8], [3, 19], [3, 7], [4, 16], [4, 15], [5, 8], [5, 24], [5, 9], [6, 17], [6, 20], [7, 23], [7, 10], [7, 12], [8, 17], [8, 18], [8, 23], [8, 13], [10, 17], [10, 21], [10, 12], [10, 14], [11, 20], [11, 12], [11, 22], [12, 13], [13, 24], [13, 18], [13, 23], [14, 19], [15, 16], [15, 23], [16, 18], [16, 19], [16, 21], [18, 19], [19, 20], [19, 22], [20, 21], [21, 24], [22, 23]], "features": {"22": ["cc_0", "deg_3"], "15": ["cc_11", "deg_3"], "4": ["cc_33", "deg_2"], "0": ["cc_5", "deg_4"], "2": ["cc_11", "deg_4"], "6": ["cc_0", "deg_2"], "18": ["cc_10", "deg_5"], "5": ["cc_0", "deg_4"], "10": ["cc_2", "deg_6"], "14": ["cc_5", "deg_4"], "1": ["cc_0", "deg_2"], "8": ["cc_4", "deg_6"], "20": ["cc_2", "deg_6"], "3": ["cc_0", "deg_3"], "11": ["cc_0", "deg_3"], "23": ["cc_3", "deg_5"], "19": ["cc_4", "deg_7"], "13": ["cc_6", "deg_5"], "16": ["cc_6", "deg_5"], "7": ["cc_5", "deg_4"], "17": ["cc_0", "deg_3"], "12": ["cc_5", "deg_4"], "24": ["cc_0", "deg_3"], "9": ["cc_0", "deg_2"], "21": ["cc_3", "deg_5"]}}