{"label": 2, "features": {"53": ["cc_3", "deg_5"], "47": ["cc_2", "deg_6"], "68": ["cc_0", "deg_5"], "21": ["cc_0", "deg_5"], "34": ["cc_0", "deg_8"], "67": ["cc_4", "deg_7"], "41": ["cc_1", "deg_7"], "4": ["cc_3", "deg_7"], "42": ["cc_0", "deg_4"], "12": ["cc_11", "deg_3"], "28": ["cc_6", "deg_5"], "66": ["cc_4", "deg_7"], "5": ["cc_6", "deg_6"], "65": ["cc_2", "deg_6"], "61": ["cc_2", "deg_6"], "3": ["cc_3", "deg_7"], "64": ["cc_0", "deg_5"], "51": ["cc_4", "deg_7"], "24": ["cc_0", "deg_4"], "56": ["cc_2", "deg_6"], "55": ["cc_6", "deg_6"], "19": ["cc_4", "deg_6"], "54": ["cc_0", "deg_6"], "36": ["cc_6", "deg_5"], "17": ["cc_1", "deg_8"], "11": ["cc_0", "deg_6"], "22": ["cc_5", "deg_4"], "71": ["cc_1", "deg_8"], "18": ["cc_2", "deg_6"], "59": ["cc_4", "deg_6"], "2": ["cc_5", "deg_4"], "46": ["cc_0", "deg_8"], "37": ["cc_6", "deg_7"], "38": ["cc_2", "deg_6"], "73": ["cc_0", "deg_7"], "78": ["cc_2", "deg_8"], "9": ["cc_4", "deg_6"], "27": ["cc_5", "deg_4"], "58": ["cc_2", "deg_6"], "35": ["cc_2", "deg_8"], "1": ["cc_5", "deg_4"], "16": ["cc_2", "deg_6"], "80": ["cc_2", "deg_6"], "25": ["cc_0", "deg_4"], "7": ["cc_0", "deg_5"], "39": ["cc_0", "deg_8"], "0": ["cc_0", "deg_5"], "82": ["cc_4", "deg_8"], "83": ["cc_1", "deg_8"], "29": ["cc_0", "deg_6"], "63": ["cc_0", "deg_6"], "13": ["cc_5", "deg_8"], "6": ["cc_4", "deg_6"], "30": ["cc_4", "deg_6"], "14": ["cc_0", "deg_4"], "32": ["cc_3", "deg_5"], "45": ["cc_6", "deg_5"], "10": ["cc_2", "deg_9"], "33": ["cc_3", "deg_8"], "23": ["cc_8", "deg_8"], "69": ["cc_0", "deg_4"], "76": ["cc_1", "deg_7"], "48": ["cc_6", "deg_6"], "79": ["cc_0", "deg_5"], "77": ["cc_1", "deg_7"], "40": ["cc_0", "deg_4"], "81": ["cc_4", "deg_7"], "72": ["cc_3", "deg_5"], "8": ["cc_4", "deg_7"], "44": ["cc_4", "deg_6"], "31": ["cc_11", "deg_4"], "75": ["cc_6", "deg_5"], "26": ["cc_3", "deg_7"], "43": ["cc_3", "deg_5"], "57": ["cc_0", "deg_4"], "20": ["cc_2", "deg_6"], "50": ["cc_0", "deg_5"], "62": ["cc_4", "deg_7"], "60": ["cc_0", "deg_5"], "52": ["cc_0", "deg_6"], "15": ["cc_2", "deg_6"], "74": ["cc_1", "deg_7"], "70": ["cc_0", "deg_4"], "49": ["cc_1", "deg_9"]}, "edges": [[0, 48], [0, 39], [0, 26], [0, 47], [0, 15], [1, 4], [1, 72], [1, 78], [1, 29], [2, 49], [2, 72], [2, 73], [2, 43], [3, 34], [3, 67], [3, 4], [3, 65], [3, 42], [3, 82], [3, 47], [4, 64], [4, 82], [4, 73], [4, 59], [4, 78], [5, 33], [5, 67], [5, 41], [5, 10], [5, 78], [5, 26], [6, 48], [6, 66], [6, 23], [6, 61], [6, 46], [6, 45], [7, 33], [7, 73], [7, 25], [7, 20], [7, 78], [8, 33], [8, 51], [8, 68], [8, 56], [8, 39], [8, 38], [8, 53], [9, 32], [9, 81], [9, 36], [9, 57], [9, 11], [9, 30], [10, 64], [10, 67], [10, 39], [10, 42], [10, 79], [10, 81], [10, 56], [10, 26], [11, 35], [11, 34], [11, 83], [11, 69], [11, 13], [12, 17], [12, 75], [12, 13], [13, 37], [13, 75], [13, 79], [13, 22], [13, 55], [13, 23], [14, 66], [14, 52], [14, 39], [14, 47], [15, 33], [15, 46], [15, 44], [15, 59], [15, 78], [16, 50], [16, 56], [16, 73], [16, 59], [16, 28], [16, 46], [17, 41], [17, 77], [17, 49], [17, 18], [17, 57], [17, 61], [17, 63], [18, 52], [18, 65], [18, 25], [18, 62], [18, 30], [19, 49], [19, 41], [19, 57], [19, 27], [19, 62], [19, 31], [20, 83], [20, 35], [20, 69], [20, 24], [20, 62], [21, 52], [21, 55], [21, 74], [21, 77], [21, 30], [22, 33], [22, 74], [22, 61], [23, 66], [23, 37], [23, 71], [23, 75], [23, 78], [23, 55], [24, 75], [24, 53], [24, 54], [25, 68], [25, 47], [26, 34], [26, 38], [26, 41], [26, 77], [27, 64], [27, 70], [27, 62], [28, 80], [28, 82], [28, 67], [28, 59], [29, 36], [29, 69], [29, 54], [29, 68], [29, 58], [30, 48], [30, 35], [30, 36], [31, 49], [31, 81], [31, 58], [32, 52], [32, 54], [32, 76], [32, 36], [33, 74], [33, 56], [33, 59], [34, 64], [34, 40], [34, 46], [34, 56], [34, 58], [35, 48], [35, 43], [35, 37], [35, 39], [35, 76], [36, 74], [37, 64], [37, 80], [37, 71], [37, 55], [38, 83], [38, 51], [38, 63], [38, 52], [39, 73], [39, 82], [39, 62], [40, 80], [40, 83], [40, 50], [41, 80], [41, 83], [41, 46], [42, 73], [42, 71], [43, 49], [43, 59], [43, 77], [44, 82], [44, 51], [44, 72], [44, 60], [44, 45], [45, 48], [45, 49], [45, 72], [46, 51], [46, 65], [46, 67], [47, 49], [47, 82], [48, 76], [49, 65], [49, 55], [50, 72], [50, 51], [50, 76], [51, 53], [51, 82], [52, 53], [53, 83], [54, 77], [54, 79], [54, 60], [55, 76], [56, 71], [57, 70], [58, 81], [58, 83], [58, 63], [60, 70], [60, 76], [60, 63], [61, 71], [61, 77], [61, 78], [62, 83], [62, 65], [63, 71], [63, 79], [65, 79], [66, 81], [66, 67], [66, 69], [66, 78], [67, 81], [68, 74], [68, 77], [70, 80], [71, 74], [71, 81], [73, 74], [75, 76], [80, 82]]}