{"label": 1, "edges": [[0, 96], [0, 2], [0, 3], [0, 97], [1, 72], [1, 97], [1, 3], [1, 70], [2, 65], [2, 64], [2, 13], [3, 5], [3, 16], [3, 59], [4, 5], [4, 85], [5, 19], [5, 7], [5, 8], [6, 88], [6, 13], [6, 23], [7, 97], [7, 68], [7, 95], [8, 33], [8, 88], [9, 42], [9, 61], [9, 95], [10, 11], [10, 12], [11, 83], [11, 19], [11, 12], [11, 58], [12, 13], [12, 14], [13, 52], [13, 87], [13, 92], [14, 70], [14, 60], [14, 15], [15, 54], [15, 23], [15, 60], [16, 55], [16, 74], [17, 71], [17, 19], [18, 19], [18, 20], [19, 67], [20, 21], [20, 22], [21, 69], [21, 38], [21, 76], [22, 24], [22, 76], [23, 66], [23, 52], [23, 73], [23, 94], [24, 25], [24, 26], [25, 48], [25, 49], [25, 59], [25, 79], [26, 66], [26, 52], [26, 28], [26, 63], [27, 32], [27, 49], [27, 51], [27, 28], [28, 51], [28, 89], [28, 29], [28, 78], [29, 30], [29, 31], [30, 70], [30, 85], [31, 32], [31, 51], [31, 93], [32, 33], [32, 34], [32, 53], [32, 90], [33, 35], [34, 35], [34, 36], [35, 37], [35, 49], [35, 69], [36, 37], [36, 38], [37, 38], [37, 39], [38, 48], [38, 95], [39, 40], [39, 41], [39, 88], [40, 90], [40, 41], [40, 42], [40, 58], [41, 64], [41, 42], [42, 51], [42, 43], [42, 78], [43, 44], [43, 45], [43, 73], [44, 45], [44, 46], [45, 77], [45, 78], [46, 48], [46, 69], [47, 48], [47, 49], [48, 90], [49, 69], [50, 88], [50, 52], [51, 64], [51, 87], [52, 90], [52, 92], [53, 54], [54, 55], [55, 56], [55, 57], [56, 85], [56, 58], [56, 92], [56, 63], [57, 58], [57, 59], [58, 60], [59, 61], [60, 62], [61, 76], [61, 63], [62, 91], [62, 63], [63, 92], [64, 65], [65, 66], [65, 67], [65, 82], [67, 68], [67, 69], [67, 91], [68, 70], [70, 71], [70, 72], [71, 72], [71, 79], [72, 73], [72, 91], [74, 76], [75, 76], [75, 77], [76, 77], [76, 78], [77, 78], [77, 79], [79, 80], [79, 96], [79, 95], [80, 81], [80, 82], [81, 88], [81, 82], [82, 84], [83, 84], [84, 90], [84, 86], [85, 87], [86, 88], [86, 96], [86, 95], [87, 97], [89, 91], [93, 94], [94, 96], [94, 95]], "features": {"27": ["cc_5", "deg_4"], "35": ["cc_3", "deg_5"], "43": ["cc_5", "deg_4"], "47": ["cc_0", "deg_2"], "56": ["cc_3", "deg_5"], "23": ["cc_0", "deg_6"], "9": ["cc_0", "deg_3"], "94": ["cc_0", "deg_4"], "0": ["cc_0", "deg_4"], "6": ["cc_0", "deg_3"], "18": ["cc_0", "deg_2"], "14": ["cc_5", "deg_4"], "38": ["cc_3", "deg_5"], "82": ["cc_5", "deg_4"], "68": ["cc_0", "deg_3"], "51": ["cc_2", "deg_6"], "77": ["cc_10", "deg_5"], "19": ["cc_0", "deg_5"], "34": ["cc_0", "deg_3"], "75": ["cc_33", "deg_2"], "11": ["cc_3", "deg_5"], "88": ["cc_0", "deg_6"], "17": ["cc_0", "deg_2"], "25": ["cc_0", "deg_5"], "24": ["cc_0", "deg_3"], "70": ["cc_4", "deg_6"], "15": ["cc_5", "deg_4"], "62": ["cc_0", "deg_3"], "40": ["cc_6", "deg_5"], "30": ["cc_0", "deg_3"], "31": ["cc_0", "deg_4"], "66": ["cc_0", "deg_3"], "36": ["cc_11", "deg_3"], "57": ["cc_0", "deg_3"], "10": ["cc_33", "deg_2"], "49": ["cc_3", "deg_5"], "1": ["cc_5", "deg_4"], "46": ["cc_0", "deg_3"], "60": ["cc_5", "deg_4"], "41": ["cc_11", "deg_4"], "29": ["cc_0", "deg_3"], "97": ["cc_0", "deg_4"], "74": ["cc_0", "deg_2"], "13": ["cc_2", "deg_6"], "2": ["cc_5", "deg_4"], "7": ["cc_0", "deg_4"], "84": ["cc_0", "deg_4"], "79": ["cc_0", "deg_6"], "90": ["cc_0", "deg_5"], "32": ["cc_0", "deg_6"], "33": ["cc_0", "deg_3"], "55": ["cc_0", "deg_4"], "48": ["cc_0", "deg_5"], "85": ["cc_0", "deg_4"], "5": ["cc_0", "deg_5"], "80": ["cc_11", "deg_3"], "81": ["cc_11", "deg_3"], "86": ["cc_0", "deg_4"], "87": ["cc_0", "deg_4"], "44": ["cc_11", "deg_3"], "39": ["cc_5", "deg_4"], "3": ["cc_0", "deg_5"], "92": ["cc_11", "deg_4"], "28": ["cc_2", "deg_6"], "83": ["cc_0", "deg_2"], "76": ["cc_3", "deg_7"], "72": ["cc_6", "deg_5"], "96": ["cc_0", "deg_4"], "89": ["cc_0", "deg_2"], "12": ["cc_5", "deg_4"], "59": ["cc_0", "deg_4"], "69": ["cc_3", "deg_5"], "22": ["cc_0", "deg_3"], "50": ["cc_0", "deg_2"], "71": ["cc_5", "deg_4"], "4": ["cc_0", "deg_2"], "78": ["cc_6", "deg_5"], "91": ["cc_0", "deg_4"], "45": ["cc_11", "deg_4"], "42": ["cc_2", "deg_6"], "21": ["cc_0", "deg_4"], "8": ["cc_0", "deg_3"], "53": ["cc_0", "deg_2"], "67": ["cc_0", "deg_5"], "37": ["cc_5", "deg_4"], "95": ["cc_0", "deg_6"], "20": ["cc_0", "deg_3"], "26": ["cc_0", "deg_5"], "93": ["cc_0", "deg_2"], "52": ["cc_2", "deg_6"], "58": ["cc_0", "deg_5"], "63": ["cc_3", "deg_5"], "64": ["cc_5", "deg_4"], "54": ["cc_0", "deg_3"], "65": ["cc_3", "deg_5"], "61": ["cc_0", "deg_4"], "16": ["cc_0", "deg_3"], "73": ["cc_0", "deg_3"]}}