{"label": 1, "features": {"68": ["cc_0", "deg_1"], "21": ["cc_0", "deg_2"], "34": ["cc_0", "deg_2"], "58": ["cc_0", "deg_1"], "69": ["cc_0", "deg_1"], "42": ["cc_0", "deg_4"], "12": ["cc_0", "deg_2"], "66": ["cc_0", "deg_1"], "5": ["cc_0", "deg_2"], "61": ["cc_0", "deg_2"], "91": ["cc_0", "deg_1"], "51": ["cc_0", "deg_4"], "24": ["cc_0", "deg_1"], "56": ["cc_0", "deg_1"], "55": ["cc_0", "deg_2"], "17": ["cc_0", "deg_1"], "22": ["cc_0", "deg_2"], "74": ["cc_0", "deg_1"], "59": ["cc_0", "deg_1"], "46": ["cc_0", "deg_3"], "37": ["cc_0", "deg_3"], "38": ["cc_0", "deg_1"], "81": ["cc_0", "deg_3"], "90": ["cc_0", "deg_2"], "35": ["cc_0", "deg_2"], "47": ["cc_0", "deg_5"], "16": ["cc_0", "deg_3"], "65": ["cc_0", "deg_1"], "23": ["cc_0", "deg_2"], "7": ["cc_0", "deg_1"], "82": ["cc_0", "deg_2"], "29": ["cc_0", "deg_1"], "13": ["cc_0", "deg_4"], "6": ["cc_0", "deg_2"], "30": ["cc_0", "deg_2"], "14": ["cc_0", "deg_2"], "40": ["cc_0", "deg_1"], "33": ["cc_0", "deg_3"], "73": ["cc_0", "deg_1"], "76": ["cc_0", "deg_1"], "8": ["cc_0", "deg_2"], "44": ["cc_0", "deg_2"], "26": ["cc_0", "deg_1"], "43": ["cc_0", "deg_2"], "57": ["cc_0", "deg_1"], "20": ["cc_0", "deg_2"], "89": ["cc_0", "deg_2"], "80": ["cc_0", "deg_2"], "70": ["cc_0", "deg_2"], "84": ["cc_0", "deg_1"], "53": ["cc_0", "deg_1"], "1": ["cc_0", "deg_2"], "54": ["cc_0", "deg_4"], "41": ["cc_0", "deg_1"], "4": ["cc_0", "deg_6"], "39": ["cc_0", "deg_1"], "28": ["cc_0", "deg_1"], "25": ["cc_0", "deg_4"], "78": ["cc_0", "deg_1"], "3": ["cc_0", "deg_1"], "64": ["cc_0", "deg_1"], "72": ["cc_0", "deg_2"], "87": ["cc_0", "deg_1"], "19": ["cc_0", "deg_2"], "92": ["cc_0", "deg_2"], "86": ["cc_0", "deg_2"], "62": ["cc_0", "deg_3"], "11": ["cc_0", "deg_4"], "18": ["cc_0", "deg_3"], "67": ["cc_0", "deg_3"], "2": ["cc_0", "deg_3"], "9": ["cc_0", "deg_3"], "27": ["cc_0", "deg_1"], "15": ["cc_0", "deg_3"], "71": ["cc_0", "deg_2"], "88": ["cc_0", "deg_2"], "0": ["cc_0", "deg_1"], "63": ["cc_0", "deg_1"], "32": ["cc_0", "deg_1"], "45": ["cc_0", "deg_2"], "36": ["cc_0", "deg_2"], "83": ["cc_0", "deg_5"], "48": ["cc_0", "deg_3"], "79": ["cc_0", "deg_1"], "77": ["cc_0", "deg_2"], "10": ["cc_0", "deg_4"], "85": ["cc_0", "deg_2"], "31": ["cc_0", "deg_2"], "75": ["cc_0", "deg_1"], "50": ["cc_0", "deg_2"], "60": ["cc_0", "deg_2"], "52": ["cc_0", "deg_1"], "49": ["cc_0", "deg_1"]}, "edges": [[0, 1], [1, 2], [2, 18], [2, 55], [3, 4], [4, 65], [4, 5], [4, 38], [4, 41], [4, 25], [5, 6], [6, 77], [7, 34], [8, 9], [8, 22], [9, 10], [9, 60], [10, 11], [10, 69], [10, 85], [11, 92], [11, 42], [11, 78], [12, 52], [12, 47], [13, 56], [13, 27], [13, 68], [13, 14], [14, 15], [15, 16], [15, 53], [16, 83], [16, 67], [17, 18], [18, 19], [19, 20], [20, 21], [21, 85], [22, 28], [23, 59], [23, 47], [24, 25], [25, 89], [25, 31], [26, 42], [29, 30], [30, 31], [32, 48], [33, 42], [33, 84], [33, 37], [34, 35], [35, 61], [36, 37], [36, 86], [37, 51], [39, 47], [40, 83], [42, 43], [43, 44], [44, 45], [45, 46], [46, 62], [46, 47], [47, 81], [48, 64], [48, 86], [49, 50], [50, 51], [51, 67], [51, 74], [54, 73], [54, 58], [54, 75], [54, 55], [57, 83], [60, 72], [61, 62], [62, 91], [63, 92], [66, 67], [70, 77], [70, 71], [71, 72], [76, 90], [79, 80], [80, 81], [81, 82], [82, 83], [83, 90], [87, 88], [88, 89]]}