{"label": 0, "features": {"53": ["cc_5", "deg_4"], "47": ["cc_5", "deg_4"], "68": ["cc_6", "deg_5"], "21": ["cc_0", "deg_6"], "34": ["cc_11", "deg_4"], "67": ["cc_16", "deg_4"], "41": ["cc_11", "deg_3"], "4": ["cc_6", "deg_5"], "42": ["cc_22", "deg_3"], "12": ["cc_3", "deg_5"], "28": ["cc_0", "deg_3"], "66": ["cc_6", "deg_6"], "5": ["cc_5", "deg_4"], "65": ["cc_10", "deg_5"], "61": ["cc_11", "deg_4"], "3": ["cc_11", "deg_4"], "64": ["cc_11", "deg_4"], "51": ["cc_0", "deg_2"], "24": ["cc_4", "deg_6"], "56": ["cc_5", "deg_4"], "55": ["cc_5", "deg_4"], "19": ["cc_5", "deg_4"], "54": ["cc_6", "deg_5"], "36": ["cc_5", "deg_4"], "17": ["cc_5", "deg_4"], "11": ["cc_0", "deg_4"], "22": ["cc_3", "deg_5"], "71": ["cc_5", "deg_4"], "18": ["cc_11", "deg_3"], "59": ["cc_16", "deg_4"], "2": ["cc_3", "deg_5"], "46": ["cc_11", "deg_3"], "37": ["cc_0", "deg_2"], "38": ["cc_11", "deg_3"], "9": ["cc_3", "deg_5"], "27": ["cc_0", "deg_4"], "58": ["cc_11", "deg_4"], "35": ["cc_6", "deg_5"], "1": ["cc_5", "deg_4"], "16": ["cc_6", "deg_5"], "25": ["cc_5", "deg_4"], "7": ["cc_5", "deg_4"], "39": ["cc_5", "deg_4"], "0": ["cc_5", "deg_4"], "29": ["cc_0", "deg_4"], "63": ["cc_11", "deg_3"], "13": ["cc_22", "deg_3"], "6": ["cc_0", "deg_3"], "30": ["cc_0", "deg_3"], "14": ["cc_16", "deg_4"], "32": ["cc_0", "deg_4"], "45": ["cc_0", "deg_3"], "10": ["cc_0", "deg_4"], "33": ["cc_11", "deg_3"], "23": ["cc_22", "deg_3"], "69": ["cc_5", "deg_4"], "48": ["cc_6", "deg_5"], "40": ["cc_5", "deg_4"], "8": ["cc_5", "deg_4"], "44": ["cc_5", "deg_4"], "31": ["cc_0", "deg_4"], "26": ["cc_0", "deg_3"], "43": ["cc_11", "deg_4"], "57": ["cc_5", "deg_4"], "20": ["cc_5", "deg_4"], "50": ["cc_1", "deg_7"], "62": ["cc_5", "deg_4"], "60": ["cc_16", "deg_4"], "52": ["cc_5", "deg_4"], "15": ["cc_16", "deg_4"], "70": ["cc_0", "deg_3"], "49": ["cc_11", "deg_3"]}, "edges": [[0, 1], [0, 2], [0, 70], [0, 71], [1, 3], [1, 68], [1, 71], [2, 51], [2, 3], [2, 4], [2, 37], [3, 4], [3, 5], [4, 24], [4, 5], [4, 40], [5, 48], [5, 6], [6, 8], [6, 21], [7, 50], [7, 20], [7, 8], [7, 9], [8, 9], [8, 66], [9, 40], [9, 10], [9, 11], [10, 27], [10, 12], [10, 32], [11, 16], [11, 43], [11, 12], [12, 13], [12, 14], [12, 69], [13, 14], [13, 15], [14, 16], [14, 15], [15, 16], [15, 17], [16, 17], [16, 18], [17, 71], [17, 19], [18, 19], [18, 20], [19, 20], [19, 21], [20, 22], [21, 50], [21, 22], [21, 28], [21, 30], [22, 24], [22, 53], [22, 23], [23, 24], [23, 25], [24, 25], [24, 55], [24, 62], [25, 26], [25, 27], [26, 28], [26, 41], [27, 57], [27, 29], [28, 29], [29, 30], [29, 31], [30, 32], [31, 32], [31, 33], [31, 49], [32, 34], [33, 34], [33, 35], [34, 35], [34, 36], [35, 36], [35, 53], [35, 45], [36, 50], [36, 38], [37, 39], [38, 40], [38, 39], [39, 40], [39, 54], [41, 42], [41, 43], [42, 43], [42, 44], [43, 44], [44, 45], [44, 46], [45, 47], [46, 48], [46, 47], [47, 48], [47, 66], [48, 49], [48, 50], [49, 50], [50, 52], [50, 70], [51, 52], [52, 53], [52, 54], [53, 54], [54, 56], [54, 55], [55, 56], [55, 57], [56, 65], [56, 58], [57, 58], [57, 59], [58, 59], [58, 60], [59, 60], [59, 61], [60, 61], [60, 62], [61, 62], [61, 63], [62, 64], [63, 64], [63, 65], [64, 65], [64, 66], [65, 66], [65, 67], [66, 67], [66, 68], [67, 68], [67, 69], [68, 69], [68, 70], [69, 71]]}