{"label": 0, "features": {"21": ["cc_3", "deg_5"], "34": ["cc_11", "deg_7"], "41": ["cc_20", "deg_5"], "4": ["cc_6", "deg_5"], "42": ["cc_20", "deg_6"], "12": ["cc_11", "deg_6"], "28": ["cc_10", "deg_5"], "5": ["cc_8", "deg_6"], "3": ["cc_13", "deg_5"], "24": ["cc_23", "deg_5"], "19": ["cc_10", "deg_5"], "36": ["cc_11", "deg_4"], "17": ["cc_6", "deg_7"], "11": ["cc_16", "deg_5"], "22": ["cc_6", "deg_6"], "18": ["cc_6", "deg_5"], "2": ["cc_6", "deg_7"], "46": ["cc_9", "deg_7"], "37": ["cc_4", "deg_8"], "38": ["cc_3", "deg_5"], "9": ["cc_5", "deg_10"], "27": ["cc_6", "deg_9"], "35": ["cc_8", "deg_6"], "1": ["cc_17", "deg_6"], "16": ["cc_10", "deg_5"], "25": ["cc_15", "deg_6"], "7": ["cc_11", "deg_6"], "39": ["cc_11", "deg_6"], "0": ["cc_13", "deg_5"], "29": ["cc_8", "deg_6"], "13": ["cc_11", "deg_6"], "6": ["cc_8", "deg_6"], "30": ["cc_5", "deg_4"], "14": ["cc_4", "deg_7"], "32": ["cc_9", "deg_7"], "45": ["cc_20", "deg_6"], "10": ["cc_9", "deg_7"], "33": ["cc_13", "deg_6"], "23": ["cc_11", "deg_6"], "40": ["cc_11", "deg_7"], "8": ["cc_11", "deg_4"], "44": ["cc_17", "deg_7"], "31": ["cc_16", "deg_4"], "26": ["cc_17", "deg_6"], "43": ["cc_17", "deg_7"], "20": ["cc_4", "deg_7"], "15": ["cc_8", "deg_6"]}, "edges": [[0, 1], [0, 2], [0, 6], [0, 44], [0, 45], [1, 2], [1, 3], [1, 44], [1, 45], [1, 46], [2, 3], [2, 5], [2, 23], [2, 46], [2, 15], [3, 4], [3, 5], [3, 6], [4, 32], [4, 5], [4, 27], [4, 29], [5, 6], [5, 7], [5, 39], [6, 7], [6, 8], [6, 9], [7, 17], [7, 9], [7, 10], [7, 14], [8, 9], [8, 10], [8, 13], [9, 27], [9, 19], [9, 20], [9, 38], [9, 10], [9, 11], [9, 12], [10, 17], [10, 18], [10, 11], [10, 12], [11, 12], [11, 13], [11, 14], [12, 37], [12, 13], [12, 15], [13, 16], [13, 14], [13, 15], [14, 17], [14, 29], [14, 22], [14, 15], [15, 16], [15, 18], [16, 17], [16, 18], [16, 19], [17, 19], [17, 20], [17, 37], [18, 20], [18, 21], [19, 20], [19, 22], [20, 21], [20, 23], [20, 35], [21, 32], [21, 22], [21, 27], [22, 23], [22, 24], [22, 25], [23, 24], [23, 25], [23, 26], [24, 25], [24, 26], [24, 27], [25, 40], [25, 26], [25, 27], [26, 27], [26, 28], [26, 29], [27, 33], [27, 28], [27, 29], [28, 29], [28, 30], [28, 31], [29, 46], [30, 32], [30, 33], [30, 37], [31, 32], [31, 33], [31, 34], [32, 33], [32, 34], [32, 35], [33, 34], [33, 35], [34, 35], [34, 36], [34, 37], [34, 46], [35, 37], [35, 38], [36, 37], [36, 38], [36, 39], [37, 39], [37, 40], [38, 40], [38, 41], [39, 40], [39, 42], [39, 43], [40, 41], [40, 42], [40, 43], [41, 42], [41, 43], [41, 44], [42, 43], [42, 44], [42, 45], [43, 44], [43, 45], [43, 46], [44, 45], [44, 46], [45, 46]]}