{"label": 2, "edges": [[0, 34], [0, 68], [0, 5], [0, 4], [0, 58], [0, 61], [1, 49], [1, 2], [1, 33], [1, 65], [1, 7], [1, 42], [2, 48], [2, 4], [2, 16], [2, 12], [2, 36], [3, 34], [3, 35], [3, 5], [3, 6], [3, 27], [3, 28], [3, 61], [3, 63], [4, 5], [4, 7], [4, 57], [4, 23], [4, 66], [4, 31], [5, 21], [5, 9], [5, 8], [5, 20], [5, 36], [5, 53], [6, 7], [6, 8], [6, 11], [7, 68], [7, 9], [7, 26], [7, 30], [8, 20], [8, 56], [8, 11], [8, 28], [8, 26], [9, 67], [9, 44], [9, 10], [9, 27], [9, 12], [10, 40], [10, 34], [10, 41], [10, 42], [10, 13], [10, 31], [11, 51], [11, 38], [11, 28], [11, 14], [12, 33], [12, 23], [13, 16], [13, 54], [13, 22], [13, 23], [13, 58], [13, 15], [14, 48], [14, 54], [14, 57], [14, 29], [14, 61], [14, 15], [15, 16], [15, 64], [15, 18], [15, 46], [15, 25], [15, 21], [16, 17], [16, 61], [16, 22], [16, 55], [17, 20], [17, 55], [17, 24], [17, 39], [18, 19], [18, 21], [18, 38], [18, 55], [18, 63], [19, 20], [19, 22], [19, 40], [19, 52], [19, 45], [20, 51], [20, 59], [20, 62], [21, 34], [21, 35], [21, 48], [21, 51], [21, 23], [21, 62], [22, 23], [22, 42], [23, 49], [23, 24], [24, 43], [24, 25], [24, 45], [25, 26], [25, 27], [26, 27], [26, 54], [26, 56], [26, 62], [27, 36], [27, 53], [28, 54], [28, 41], [28, 47], [29, 39], [29, 63], [29, 44], [30, 33], [30, 63], [31, 32], [31, 34], [31, 36], [32, 66], [32, 52], [32, 53], [32, 55], [33, 34], [33, 35], [33, 54], [33, 45], [34, 38], [35, 36], [36, 48], [36, 37], [37, 53], [37, 38], [37, 68], [37, 52], [37, 66], [37, 47], [38, 39], [38, 40], [39, 41], [39, 42], [40, 52], [40, 68], [40, 45], [41, 44], [42, 53], [42, 45], [43, 68], [43, 57], [43, 46], [44, 49], [44, 65], [45, 52], [45, 54], [45, 60], [46, 49], [46, 67], [46, 55], [47, 67], [47, 56], [48, 50], [48, 56], [49, 51], [49, 60], [50, 51], [50, 52], [50, 58], [52, 53], [54, 65], [54, 62], [55, 65], [55, 64], [55, 59], [56, 57], [56, 59], [57, 67], [58, 59], [58, 60], [59, 60], [60, 67], [60, 61], [60, 63], [61, 63], [62, 64], [63, 65], [64, 65], [65, 67], [66, 68], [67, 68]], "features": {"27": ["cc_2", "deg_6"], "35": ["cc_0", "deg_4"], "43": ["cc_0", "deg_4"], "47": ["cc_0", "deg_4"], "32": ["cc_3", "deg_5"], "56": ["cc_2", "deg_6"], "9": ["cc_0", "deg_7"], "33": ["cc_1", "deg_7"], "48": ["cc_2", "deg_6"], "55": ["cc_2", "deg_8"], "0": ["cc_2", "deg_6"], "2": ["cc_2", "deg_6"], "18": ["cc_2", "deg_6"], "5": ["cc_1", "deg_9"], "14": ["cc_0", "deg_7"], "38": ["cc_0", "deg_6"], "44": ["cc_0", "deg_5"], "39": ["cc_0", "deg_5"], "3": ["cc_1", "deg_8"], "68": ["cc_1", "deg_7"], "28": ["cc_2", "deg_6"], "51": ["cc_0", "deg_5"], "23": ["cc_1", "deg_7"], "19": ["cc_6", "deg_6"], "61": ["cc_4", "deg_6"], "34": ["cc_1", "deg_7"], "11": ["cc_4", "deg_6"], "17": ["cc_3", "deg_5"], "12": ["cc_0", "deg_4"], "25": ["cc_5", "deg_4"], "24": ["cc_0", "deg_5"], "62": ["cc_3", "deg_5"], "59": ["cc_3", "deg_5"], "22": ["cc_6", "deg_5"], "60": ["cc_3", "deg_7"], "65": ["cc_1", "deg_7"], "15": ["cc_2", "deg_8"], "4": ["cc_1", "deg_8"], "37": ["cc_3", "deg_7"], "45": ["cc_4", "deg_8"], "42": ["cc_0", "deg_6"], "30": ["cc_0", "deg_3"], "31": ["cc_3", "deg_5"], "66": ["cc_5", "deg_4"], "36": ["cc_1", "deg_7"], "67": ["cc_0", "deg_7"], "57": ["cc_0", "deg_5"], "53": ["cc_4", "deg_6"], "10": ["cc_1", "deg_7"], "49": ["cc_0", "deg_6"], "1": ["cc_0", "deg_6"], "46": ["cc_0", "deg_5"], "26": ["cc_4", "deg_7"], "40": ["cc_6", "deg_6"], "41": ["cc_0", "deg_4"], "20": ["cc_1", "deg_7"], "29": ["cc_0", "deg_4"], "52": ["cc_7", "deg_7"], "58": ["cc_3", "deg_5"], "63": ["cc_3", "deg_7"], "64": ["cc_5", "deg_4"], "13": ["cc_4", "deg_7"], "6": ["cc_5", "deg_4"], "7": ["cc_0", "deg_7"], "50": ["cc_0", "deg_4"], "8": ["cc_6", "deg_7"], "16": ["cc_4", "deg_7"], "54": ["cc_2", "deg_8"], "21": ["cc_0", "deg_9"]}}