{"label": 0, "features": {"53": ["cc_11", "deg_4"], "47": ["cc_10", "deg_5"], "68": ["cc_6", "deg_5"], "21": ["cc_5", "deg_4"], "34": ["cc_0", "deg_3"], "67": ["cc_3", "deg_5"], "41": ["cc_5", "deg_4"], "4": ["cc_0", "deg_2"], "42": ["cc_0", "deg_3"], "12": ["cc_4", "deg_6"], "28": ["cc_5", "deg_4"], "66": ["cc_11", "deg_3"], "5": ["cc_5", "deg_4"], "65": ["cc_0", "deg_2"], "61": ["cc_6", "deg_6"], "3": ["cc_0", "deg_4"], "64": ["cc_0", "deg_4"], "51": ["cc_11", "deg_3"], "24": ["cc_11", "deg_3"], "56": ["cc_0", "deg_3"], "55": ["cc_0", "deg_3"], "19": ["cc_5", "deg_4"], "54": ["cc_5", "deg_4"], "36": ["cc_5", "deg_4"], "17": ["cc_6", "deg_5"], "11": ["cc_11", "deg_4"], "22": ["cc_3", "deg_5"], "71": ["cc_22", "deg_3"], "18": ["cc_11", "deg_3"], "59": ["cc_6", "deg_5"], "2": ["cc_0", "deg_4"], "46": ["cc_16", "deg_4"], "37": ["cc_3", "deg_5"], "38": ["cc_0", "deg_3"], "73": ["cc_11", "deg_4"], "78": ["cc_6", "deg_5"], "9": ["cc_0", "deg_3"], "27": ["cc_0", "deg_3"], "58": ["cc_5", "deg_4"], "35": ["cc_5", "deg_4"], "1": ["cc_0", "deg_4"], "16": ["cc_11", "deg_4"], "80": ["cc_3", "deg_5"], "25": ["cc_5", "deg_4"], "7": ["cc_0", "deg_2"], "39": ["cc_3", "deg_5"], "0": ["cc_0", "deg_3"], "29": ["cc_2", "deg_6"], "63": ["cc_5", "deg_4"], "13": ["cc_5", "deg_4"], "6": ["cc_0", "deg_3"], "30": ["cc_5", "deg_4"], "14": ["cc_11", "deg_4"], "32": ["cc_0", "deg_4"], "45": ["cc_11", "deg_4"], "10": ["cc_5", "deg_4"], "33": ["cc_0", "deg_2"], "23": ["cc_5", "deg_4"], "69": ["cc_11", "deg_3"], "76": ["cc_4", "deg_6"], "48": ["cc_16", "deg_4"], "79": ["cc_11", "deg_4"], "77": ["cc_4", "deg_6"], "40": ["cc_0", "deg_3"], "72": ["cc_16", "deg_4"], "8": ["cc_5", "deg_4"], "44": ["cc_5", "deg_4"], "31": ["cc_0", "deg_4"], "75": ["cc_5", "deg_4"], "26": ["cc_3", "deg_5"], "43": ["cc_0", "deg_4"], "57": ["cc_0", "deg_3"], "20": ["cc_0", "deg_3"], "50": ["cc_2", "deg_8"], "62": ["cc_11", "deg_4"], "60": ["cc_10", "deg_5"], "52": ["cc_11", "deg_4"], "15": ["cc_16", "deg_4"], "74": ["cc_11", "deg_4"], "70": ["cc_11", "deg_4"], "49": ["cc_11", "deg_4"]}, "edges": [[0, 1], [0, 2], [0, 79], [1, 80], [1, 3], [1, 61], [2, 80], [2, 58], [2, 3], [3, 75], [3, 50], [4, 5], [4, 6], [5, 36], [5, 74], [5, 76], [6, 8], [6, 17], [7, 8], [7, 9], [8, 11], [8, 12], [9, 10], [9, 21], [10, 11], [10, 12], [10, 32], [11, 12], [11, 13], [12, 67], [12, 55], [12, 14], [13, 33], [13, 14], [13, 15], [14, 16], [14, 15], [15, 16], [15, 17], [16, 17], [16, 37], [17, 18], [17, 19], [18, 19], [18, 39], [19, 21], [19, 31], [20, 34], [20, 77], [20, 22], [21, 22], [21, 23], [22, 24], [22, 53], [22, 23], [23, 34], [23, 68], [24, 25], [24, 26], [25, 54], [25, 26], [25, 77], [26, 27], [26, 28], [26, 63], [27, 32], [27, 29], [28, 76], [28, 29], [28, 30], [29, 65], [29, 69], [29, 59], [29, 30], [30, 32], [30, 31], [31, 64], [31, 50], [32, 78], [33, 35], [34, 35], [35, 36], [35, 37], [36, 37], [36, 38], [37, 39], [37, 61], [38, 40], [38, 80], [39, 50], [39, 67], [39, 41], [40, 41], [40, 42], [41, 50], [41, 43], [42, 43], [42, 44], [43, 45], [43, 78], [44, 67], [44, 45], [44, 46], [45, 46], [45, 47], [46, 48], [46, 47], [47, 48], [47, 49], [47, 62], [48, 49], [48, 50], [49, 50], [49, 51], [50, 52], [50, 57], [51, 52], [51, 53], [52, 53], [52, 54], [53, 54], [54, 55], [55, 56], [56, 57], [56, 58], [57, 59], [58, 59], [58, 60], [59, 60], [59, 61], [60, 64], [60, 61], [60, 62], [61, 62], [61, 63], [62, 63], [63, 64], [64, 66], [65, 76], [66, 67], [66, 68], [67, 68], [68, 69], [68, 70], [69, 70], [70, 72], [70, 71], [71, 72], [71, 73], [72, 73], [72, 74], [73, 74], [73, 75], [74, 76], [75, 76], [75, 77], [76, 77], [77, 78], [77, 79], [78, 80], [78, 79], [79, 80]]}