{"label": 0, "features": {"47": ["cc_4", "deg_6"], "21": ["cc_11", "deg_3"], "34": ["cc_11", "deg_4"], "41": ["cc_5", "deg_4"], "4": ["cc_11", "deg_4"], "42": ["cc_11", "deg_3"], "12": ["cc_11", "deg_4"], "28": ["cc_16", "deg_5"], "5": ["cc_11", "deg_4"], "3": ["cc_22", "deg_3"], "24": ["cc_10", "deg_5"], "19": ["cc_11", "deg_4"], "36": ["cc_6", "deg_5"], "17": ["cc_11", "deg_4"], "11": ["cc_16", "deg_4"], "22": ["cc_11", "deg_4"], "18": ["cc_16", "deg_4"], "2": ["cc_11", "deg_4"], "46": ["cc_16", "deg_4"], "37": ["cc_11", "deg_4"], "38": ["cc_11", "deg_3"], "9": ["cc_11", "deg_3"], "27": ["cc_16", "deg_5"], "35": ["cc_16", "deg_4"], "1": ["cc_16", "deg_4"], "16": ["cc_11", "deg_3"], "25": ["cc_16", "deg_4"], "7": ["cc_5", "deg_4"], "39": ["cc_22", "deg_3"], "0": ["cc_22", "deg_3"], "29": ["cc_16", "deg_4"], "13": ["cc_6", "deg_5"], "6": ["cc_5", "deg_4"], "30": ["cc_7", "deg_7"], "14": ["cc_0", "deg_4"], "32": ["cc_5", "deg_4"], "45": ["cc_5", "deg_4"], "10": ["cc_11", "deg_4"], "33": ["cc_5", "deg_4"], "23": ["cc_16", "deg_4"], "40": ["cc_11", "deg_4"], "8": ["cc_0", "deg_3"], "44": ["cc_5", "deg_4"], "31": ["cc_0", "deg_3"], "26": ["cc_16", "deg_4"], "43": ["cc_5", "deg_4"], "20": ["cc_5", "deg_4"], "15": ["cc_0", "deg_4"]}, "edges": [[0, 1], [0, 2], [0, 46], [1, 2], [1, 46], [1, 47], [2, 3], [2, 4], [3, 4], [3, 5], [4, 24], [4, 5], [5, 6], [5, 7], [6, 8], [6, 15], [6, 7], [7, 9], [7, 47], [8, 10], [8, 45], [9, 10], [9, 11], [10, 11], [10, 12], [11, 12], [11, 13], [12, 13], [12, 14], [13, 37], [13, 30], [13, 15], [14, 16], [14, 44], [14, 15], [15, 17], [16, 17], [16, 18], [17, 18], [17, 19], [18, 19], [18, 20], [19, 20], [19, 21], [20, 33], [20, 22], [21, 22], [21, 23], [22, 24], [22, 23], [23, 24], [23, 25], [24, 25], [24, 26], [25, 26], [25, 27], [26, 27], [26, 28], [27, 28], [27, 29], [27, 30], [28, 32], [28, 29], [28, 30], [29, 30], [29, 31], [30, 32], [30, 37], [30, 47], [31, 32], [31, 33], [32, 34], [33, 34], [33, 35], [34, 35], [34, 36], [35, 36], [35, 37], [36, 44], [36, 37], [36, 38], [38, 40], [38, 39], [39, 40], [39, 41], [40, 41], [40, 42], [41, 47], [41, 43], [42, 43], [42, 44], [43, 44], [43, 45], [45, 46], [45, 47], [46, 47]]}