{"label": 2, "features": {"68": ["cc_3", "deg_5"], "21": ["cc_0", "deg_5"], "34": ["cc_0", "deg_6"], "94": ["cc_0", "deg_5"], "58": ["cc_2", "deg_8"], "69": ["cc_3", "deg_5"], "42": ["cc_0", "deg_6"], "12": ["cc_4", "deg_10"], "66": ["cc_0", "deg_8"], "5": ["cc_0", "deg_5"], "61": ["cc_1", "deg_7"], "91": ["cc_3", "deg_9"], "51": ["cc_0", "deg_7"], "24": ["cc_1", "deg_9"], "56": ["cc_3", "deg_8"], "55": ["cc_0", "deg_5"], "17": ["cc_0", "deg_4"], "22": ["cc_0", "deg_4"], "74": ["cc_0", "deg_7"], "59": ["cc_3", "deg_5"], "46": ["cc_0", "deg_5"], "37": ["cc_0", "deg_6"], "38": ["cc_0", "deg_6"], "81": ["cc_0", "deg_9"], "95": ["cc_6", "deg_5"], "90": ["cc_1", "deg_7"], "35": ["cc_0", "deg_5"], "47": ["cc_2", "deg_6"], "16": ["cc_0", "deg_6"], "65": ["cc_1", "deg_7"], "23": ["cc_4", "deg_6"], "7": ["cc_3", "deg_5"], "82": ["cc_0", "deg_7"], "29": ["cc_0", "deg_5"], "93": ["cc_0", "deg_7"], "13": ["cc_0", "deg_5"], "6": ["cc_0", "deg_5"], "30": ["cc_7", "deg_7"], "14": ["cc_0", "deg_4"], "40": ["cc_6", "deg_5"], "33": ["cc_2", "deg_8"], "73": ["cc_0", "deg_7"], "76": ["cc_3", "deg_7"], "8": ["cc_2", "deg_6"], "44": ["cc_4", "deg_8"], "26": ["cc_0", "deg_5"], "43": ["cc_5", "deg_9"], "57": ["cc_2", "deg_13"], "20": ["cc_0", "deg_4"], "89": ["cc_5", "deg_4"], "80": ["cc_0", "deg_7"], "70": ["cc_4", "deg_6"], "84": ["cc_0", "deg_4"], "53": ["cc_0", "deg_4"], "1": ["cc_8", "deg_6"], "54": ["cc_0", "deg_6"], "41": ["cc_0", "deg_4"], "4": ["cc_3", "deg_8"], "39": ["cc_0", "deg_6"], "28": ["cc_3", "deg_8"], "25": ["cc_0", "deg_4"], "78": ["cc_0", "deg_4"], "3": ["cc_3", "deg_7"], "64": ["cc_4", "deg_6"], "72": ["cc_0", "deg_5"], "87": ["cc_1", "deg_9"], "19": ["cc_1", "deg_8"], "92": ["cc_2", "deg_8"], "86": ["cc_0", "deg_6"], "62": ["cc_0", "deg_4"], "11": ["cc_5", "deg_4"], "18": ["cc_0", "deg_6"], "67": ["cc_0", "deg_7"], "2": ["cc_6", "deg_5"], "9": ["cc_0", "deg_5"], "27": ["cc_5", "deg_4"], "15": ["cc_1", "deg_7"], "71": ["cc_0", "deg_3"], "88": ["cc_0", "deg_3"], "0": ["cc_5", "deg_4"], "63": ["cc_3", "deg_5"], "32": ["cc_1", "deg_8"], "45": ["cc_2", "deg_6"], "36": ["cc_0", "deg_3"], "83": ["cc_0", "deg_4"], "48": ["cc_3", "deg_7"], "79": ["cc_2", "deg_8"], "77": ["cc_3", "deg_7"], "10": ["cc_1", "deg_8"], "85": ["cc_3", "deg_5"], "31": ["cc_13", "deg_5"], "75": ["cc_3", "deg_5"], "50": ["cc_0", "deg_7"], "60": ["cc_0", "deg_3"], "52": ["cc_0", "deg_5"], "96": ["cc_4", "deg_6"], "49": ["cc_0", "deg_5"]}, "edges": [[0, 17], [0, 37], [0, 24], [0, 57], [1, 32], [1, 2], [1, 90], [1, 59], [1, 66], [1, 30], [2, 50], [2, 65], [2, 56], [2, 30], [3, 50], [3, 84], [3, 21], [3, 4], [3, 43], [3, 92], [3, 93], [4, 96], [4, 64], [4, 10], [4, 43], [4, 45], [4, 15], [4, 61], [5, 33], [5, 20], [5, 38], [5, 8], [5, 26], [6, 49], [6, 86], [6, 8], [6, 26], [6, 46], [7, 69], [7, 24], [7, 57], [7, 10], [7, 61], [8, 23], [8, 57], [8, 10], [8, 43], [9, 32], [9, 70], [9, 77], [9, 93], [9, 37], [10, 16], [10, 32], [10, 11], [10, 12], [10, 46], [11, 51], [11, 12], [11, 74], [12, 43], [12, 70], [12, 17], [12, 44], [12, 81], [12, 21], [12, 28], [12, 31], [13, 18], [13, 19], [13, 38], [13, 34], [13, 15], [14, 16], [14, 18], [14, 92], [14, 47], [15, 64], [15, 24], [15, 41], [15, 42], [15, 29], [16, 64], [16, 19], [16, 85], [16, 61], [17, 41], [17, 42], [18, 35], [18, 90], [18, 73], [18, 42], [19, 65], [19, 21], [19, 48], [19, 80], [19, 58], [19, 78], [20, 59], [20, 87], [20, 92], [21, 53], [21, 27], [22, 53], [22, 23], [22, 24], [22, 94], [23, 33], [23, 57], [23, 73], [23, 95], [24, 57], [24, 71], [24, 25], [24, 58], [24, 79], [25, 34], [25, 85], [25, 55], [26, 66], [26, 90], [26, 44], [27, 33], [27, 87], [27, 28], [28, 96], [28, 33], [28, 83], [28, 73], [28, 44], [28, 95], [29, 40], [29, 52], [29, 90], [29, 78], [30, 32], [30, 56], [30, 90], [30, 59], [30, 47], [31, 80], [31, 56], [31, 43], [31, 44], [32, 35], [32, 94], [32, 54], [32, 95], [33, 35], [33, 69], [33, 77], [33, 56], [34, 68], [34, 52], [34, 94], [34, 62], [35, 87], [35, 79], [36, 67], [36, 37], [36, 39], [37, 38], [37, 44], [37, 82], [38, 49], [38, 39], [38, 60], [39, 80], [39, 68], [39, 42], [39, 77], [40, 91], [40, 57], [40, 56], [40, 41], [41, 55], [42, 63], [42, 45], [43, 72], [43, 44], [43, 56], [43, 92], [44, 48], [44, 45], [45, 96], [45, 80], [45, 46], [46, 66], [46, 56], [47, 67], [47, 85], [47, 71], [47, 57], [48, 81], [48, 51], [48, 86], [48, 92], [48, 58], [49, 51], [49, 68], [49, 79], [50, 52], [50, 54], [50, 86], [50, 58], [50, 79], [51, 54], [51, 65], [51, 72], [51, 93], [52, 66], [52, 93], [53, 54], [53, 58], [54, 57], [54, 78], [55, 81], [55, 57], [55, 58], [56, 91], [57, 85], [57, 87], [57, 91], [57, 95], [58, 92], [58, 82], [59, 80], [59, 67], [60, 74], [60, 77], [61, 80], [61, 75], [61, 68], [61, 87], [62, 82], [62, 75], [62, 63], [63, 64], [63, 65], [63, 83], [64, 65], [64, 74], [65, 81], [65, 76], [66, 67], [66, 73], [66, 81], [66, 92], [67, 96], [67, 75], [67, 70], [68, 75], [69, 90], [69, 91], [69, 77], [70, 81], [70, 76], [70, 79], [71, 73], [72, 96], [72, 74], [72, 75], [73, 87], [73, 76], [74, 85], [74, 86], [74, 76], [76, 77], [76, 93], [76, 79], [77, 79], [78, 81], [79, 83], [80, 81], [81, 82], [82, 84], [82, 94], [82, 93], [83, 91], [84, 86], [84, 87], [86, 89], [87, 91], [87, 89], [88, 90], [88, 91], [88, 92], [89, 91], [89, 94], [91, 93], [95, 96]]}