{"label": 1, "edges": [[0, 81], [0, 52], [0, 46], [1, 17], [1, 2], [1, 68], [1, 70], [1, 21], [2, 19], [2, 66], [2, 9], [2, 12], [2, 46], [2, 15], [2, 83], [2, 26], [3, 67], [3, 71], [3, 56], [3, 76], [4, 43], [4, 17], [4, 5], [4, 10], [4, 23], [5, 6], [5, 7], [5, 36], [5, 42], [6, 19], [6, 68], [6, 7], [6, 8], [6, 9], [7, 8], [7, 9], [7, 10], [8, 19], [8, 9], [8, 42], [8, 45], [8, 78], [9, 56], [9, 11], [10, 38], [10, 12], [10, 43], [10, 76], [10, 81], [10, 82], [10, 21], [10, 56], [10, 57], [10, 60], [11, 50], [11, 12], [11, 13], [11, 14], [11, 47], [12, 16], [12, 81], [12, 17], [12, 25], [13, 16], [13, 14], [13, 15], [14, 35], [14, 44], [14, 15], [14, 80], [14, 82], [14, 84], [14, 62], [15, 50], [15, 66], [15, 63], [15, 77], [16, 32], [16, 18], [17, 18], [17, 55], [17, 25], [18, 19], [18, 52], [18, 37], [18, 27], [18, 53], [19, 22], [20, 80], [20, 34], [20, 23], [20, 58], [21, 64], [21, 77], [21, 23], [21, 25], [21, 62], [22, 40], [22, 24], [22, 25], [23, 84], [23, 28], [23, 63], [24, 65], [24, 51], [24, 86], [24, 54], [24, 25], [25, 34], [25, 51], [25, 28], [26, 83], [26, 37], [26, 70], [26, 74], [26, 27], [26, 28], [27, 32], [27, 79], [27, 60], [27, 29], [27, 31], [28, 50], [28, 38], [28, 31], [29, 36], [29, 38], [29, 56], [29, 77], [29, 45], [30, 32], [30, 49], [30, 60], [31, 50], [31, 43], [32, 48], [32, 66], [32, 85], [32, 71], [33, 35], [33, 36], [33, 70], [33, 71], [33, 42], [33, 61], [34, 37], [35, 43], [35, 44], [35, 81], [35, 53], [35, 58], [35, 78], [36, 83], [36, 52], [36, 37], [36, 38], [36, 78], [37, 80], [37, 74], [37, 38], [37, 45], [38, 42], [38, 53], [38, 41], [38, 47], [39, 65], [39, 54], [39, 57], [39, 84], [39, 60], [40, 54], [40, 42], [40, 43], [41, 42], [41, 43], [41, 44], [42, 86], [42, 43], [43, 83], [43, 61], [44, 55], [44, 53], [44, 85], [44, 47], [45, 73], [45, 46], [46, 59], [46, 69], [46, 55], [46, 79], [47, 71], [47, 59], [48, 50], [48, 51], [48, 69], [48, 55], [49, 52], [49, 71], [49, 74], [50, 52], [50, 63], [51, 66], [51, 54], [52, 53], [52, 54], [52, 55], [52, 76], [53, 54], [54, 84], [54, 76], [55, 71], [56, 69], [57, 65], [57, 67], [58, 80], [58, 82], [58, 60], [59, 61], [59, 62], [60, 74], [60, 72], [61, 62], [61, 63], [62, 64], [62, 65], [62, 74], [63, 82], [63, 72], [64, 65], [64, 67], [64, 76], [65, 84], [65, 77], [67, 82], [67, 69], [67, 74], [67, 77], [68, 69], [69, 70], [69, 72], [70, 86], [70, 72], [70, 85], [71, 72], [71, 74], [72, 75], [72, 86], [73, 74], [73, 75], [75, 81], [75, 76], [75, 78], [76, 79], [77, 79], [78, 80], [79, 85], [80, 82], [81, 83], [82, 83], [84, 85], [85, 86]], "features": {"27": ["cc_0", "deg_7"], "35": ["cc_2", "deg_8"], "43": ["cc_2", "deg_9"], "47": ["cc_0", "deg_5"], "56": ["cc_0", "deg_5"], "23": ["cc_0", "deg_6"], "9": ["cc_6", "deg_6"], "0": ["cc_0", "deg_3"], "6": ["cc_11", "deg_6"], "18": ["cc_1", "deg_7"], "14": ["cc_3", "deg_9"], "38": ["cc_2", "deg_9"], "82": ["cc_3", "deg_7"], "68": ["cc_0", "deg_3"], "51": ["cc_6", "deg_5"], "77": ["cc_0", "deg_6"], "19": ["cc_3", "deg_5"], "34": ["cc_0", "deg_3"], "75": ["cc_0", "deg_5"], "11": ["cc_2", "deg_6"], "17": ["cc_2", "deg_6"], "25": ["cc_3", "deg_8"], "24": ["cc_6", "deg_6"], "70": ["cc_4", "deg_7"], "15": ["cc_4", "deg_7"], "62": ["cc_4", "deg_7"], "40": ["cc_5", "deg_4"], "30": ["cc_0", "deg_3"], "31": ["cc_5", "deg_4"], "66": ["cc_5", "deg_4"], "36": ["cc_2", "deg_8"], "57": ["cc_5", "deg_4"], "10": ["cc_1", "deg_12"], "49": ["cc_5", "deg_4"], "1": ["cc_0", "deg_5"], "46": ["cc_0", "deg_7"], "60": ["cc_0", "deg_7"], "41": ["cc_11", "deg_4"], "29": ["cc_2", "deg_6"], "74": ["cc_2", "deg_8"], "13": ["cc_11", "deg_4"], "2": ["cc_1", "deg_9"], "7": ["cc_13", "deg_5"], "84": ["cc_4", "deg_6"], "79": ["cc_0", "deg_5"], "32": ["cc_0", "deg_7"], "33": ["cc_0", "deg_6"], "55": ["cc_0", "deg_6"], "48": ["cc_0", "deg_5"], "85": ["cc_2", "deg_6"], "5": ["cc_3", "deg_5"], "80": ["cc_6", "deg_6"], "81": ["cc_2", "deg_6"], "86": ["cc_6", "deg_5"], "44": ["cc_3", "deg_7"], "39": ["cc_10", "deg_5"], "3": ["cc_0", "deg_4"], "28": ["cc_2", "deg_6"], "83": ["cc_2", "deg_6"], "76": ["cc_1", "deg_7"], "72": ["cc_3", "deg_7"], "12": ["cc_3", "deg_7"], "59": ["cc_5", "deg_4"], "69": ["cc_1", "deg_7"], "22": ["cc_5", "deg_4"], "50": ["cc_3", "deg_7"], "71": ["cc_1", "deg_8"], "4": ["cc_3", "deg_5"], "78": ["cc_0", "deg_5"], "45": ["cc_0", "deg_5"], "42": ["cc_3", "deg_8"], "21": ["cc_1", "deg_7"], "8": ["cc_6", "deg_7"], "53": ["cc_6", "deg_6"], "67": ["cc_0", "deg_7"], "37": ["cc_2", "deg_8"], "20": ["cc_5", "deg_4"], "26": ["cc_3", "deg_7"], "52": ["cc_2", "deg_9"], "58": ["cc_6", "deg_5"], "63": ["cc_2", "deg_6"], "64": ["cc_6", "deg_5"], "54": ["cc_4", "deg_8"], "65": ["cc_4", "deg_7"], "61": ["cc_3", "deg_5"], "16": ["cc_0", "deg_4"], "73": ["cc_0", "deg_3"]}}