{"label": 2, "features": {"21": ["cc_11", "deg_4"], "34": ["cc_1", "deg_7"], "41": ["cc_2", "deg_6"], "4": ["cc_0", "deg_6"], "42": ["cc_2", "deg_6"], "12": ["cc_2", "deg_6"], "28": ["cc_0", "deg_7"], "5": ["cc_6", "deg_7"], "3": ["cc_0", "deg_3"], "24": ["cc_3", "deg_8"], "19": ["cc_8", "deg_6"], "36": ["cc_0", "deg_4"], "17": ["cc_4", "deg_10"], "11": ["cc_3", "deg_8"], "22": ["cc_11", "deg_4"], "18": ["cc_6", "deg_5"], "2": ["cc_3", "deg_5"], "46": ["cc_0", "deg_5"], "37": ["cc_1", "deg_7"], "38": ["cc_6", "deg_5"], "9": ["cc_4", "deg_7"], "27": ["cc_2", "deg_6"], "35": ["cc_9", "deg_7"], "1": ["cc_13", "deg_5"], "16": ["cc_2", "deg_6"], "25": ["cc_0", "deg_6"], "7": ["cc_3", "deg_5"], "39": ["cc_3", "deg_8"], "0": ["cc_3", "deg_5"], "29": ["cc_3", "deg_7"], "13": ["cc_1", "deg_9"], "6": ["cc_2", "deg_8"], "30": ["cc_0", "deg_8"], "14": ["cc_3", "deg_5"], "32": ["cc_3", "deg_5"], "45": ["cc_0", "deg_6"], "10": ["cc_4", "deg_6"], "33": ["cc_4", "deg_6"], "23": ["cc_3", "deg_7"], "40": ["cc_6", "deg_6"], "8": ["cc_3", "deg_7"], "44": ["cc_0", "deg_4"], "31": ["cc_3", "deg_5"], "26": ["cc_6", "deg_5"], "43": ["cc_0", "deg_5"], "20": ["cc_0", "deg_4"], "15": ["cc_6", "deg_5"]}, "edges": [[0, 2], [0, 37], [0, 41], [0, 27], [0, 15], [1, 35], [1, 19], [1, 37], [1, 17], [1, 11], [2, 16], [2, 33], [2, 41], [2, 46], [3, 5], [3, 23], [3, 13], [4, 37], [4, 6], [4, 7], [4, 41], [4, 28], [4, 45], [5, 6], [5, 8], [5, 9], [5, 10], [5, 44], [5, 29], [6, 32], [6, 9], [6, 42], [6, 27], [6, 29], [6, 20], [7, 16], [7, 21], [7, 9], [7, 12], [8, 34], [8, 23], [8, 9], [8, 10], [8, 42], [8, 37], [9, 39], [9, 12], [9, 30], [10, 40], [10, 20], [10, 39], [10, 28], [11, 35], [11, 38], [11, 40], [11, 44], [11, 15], [11, 24], [11, 30], [12, 34], [12, 25], [12, 41], [12, 28], [13, 39], [13, 14], [13, 18], [13, 19], [13, 25], [13, 28], [13, 29], [13, 31], [14, 43], [14, 37], [14, 33], [14, 40], [15, 17], [15, 35], [15, 29], [16, 17], [16, 19], [16, 43], [16, 25], [17, 35], [17, 39], [17, 19], [17, 20], [17, 23], [17, 26], [17, 30], [18, 19], [18, 24], [18, 41], [18, 27], [19, 26], [20, 31], [21, 33], [21, 22], [21, 23], [22, 33], [22, 23], [22, 45], [23, 24], [23, 26], [24, 33], [24, 38], [24, 27], [24, 29], [24, 45], [25, 27], [25, 46], [25, 45], [26, 38], [26, 28], [27, 30], [28, 32], [28, 43], [29, 38], [29, 30], [30, 34], [30, 46], [30, 31], [31, 39], [31, 45], [32, 34], [32, 35], [32, 46], [33, 40], [34, 35], [34, 44], [34, 45], [35, 37], [36, 37], [36, 38], [36, 42], [36, 43], [39, 40], [39, 41], [39, 42], [40, 42], [42, 44], [43, 46]]}