{"label": 1, "edges": [[0, 2], [0, 20], [0, 39], [0, 11], [1, 24], [1, 17], [1, 60], [2, 33], [2, 50], [2, 23], [2, 9], [3, 4], [3, 5], [4, 42], [4, 5], [4, 6], [5, 6], [5, 7], [6, 16], [6, 51], [6, 40], [6, 21], [7, 8], [7, 30], [8, 10], [8, 20], [9, 56], [9, 49], [9, 55], [9, 48], [10, 11], [10, 12], [11, 13], [12, 13], [12, 14], [13, 18], [13, 20], [13, 14], [14, 16], [14, 15], [15, 16], [15, 59], [16, 17], [16, 36], [17, 21], [17, 42], [18, 36], [19, 34], [19, 20], [19, 21], [20, 21], [20, 22], [20, 23], [21, 22], [21, 23], [21, 54], [22, 32], [22, 33], [22, 46], [23, 25], [24, 32], [24, 42], [25, 41], [25, 26], [25, 27], [26, 50], [26, 39], [26, 27], [27, 43], [27, 28], [27, 29], [28, 29], [28, 30], [29, 30], [29, 31], [30, 32], [30, 31], [31, 32], [31, 33], [31, 50], [32, 33], [32, 34], [33, 48], [33, 35], [34, 36], [35, 36], [35, 37], [36, 37], [37, 38], [37, 39], [38, 40], [38, 60], [38, 39], [39, 59], [39, 42], [40, 42], [40, 47], [41, 42], [43, 60], [44, 54], [44, 46], [45, 55], [45, 46], [45, 47], [46, 47], [47, 48], [47, 49], [48, 49], [49, 51], [49, 59], [51, 52], [52, 53], [52, 54], [53, 54], [53, 55], [54, 56], [56, 58], [57, 58], [57, 59], [58, 59], [58, 60], [59, 60]], "features": {"27": ["cc_6", "deg_5"], "35": ["cc_11", "deg_3"], "43": ["cc_0", "deg_2"], "47": ["cc_6", "deg_5"], "32": ["cc_6", "deg_6"], "56": ["cc_0", "deg_3"], "9": ["cc_3", "deg_5"], "33": ["cc_4", "deg_6"], "48": ["cc_11", "deg_4"], "55": ["cc_0", "deg_3"], "0": ["cc_0", "deg_4"], "2": ["cc_0", "deg_5"], "18": ["cc_0", "deg_2"], "5": ["cc_11", "deg_4"], "14": ["cc_11", "deg_4"], "38": ["cc_5", "deg_4"], "44": ["cc_0", "deg_2"], "39": ["cc_2", "deg_6"], "3": ["cc_33", "deg_2"], "28": ["cc_22", "deg_3"], "51": ["cc_0", "deg_3"], "23": ["cc_5", "deg_4"], "19": ["cc_11", "deg_3"], "34": ["cc_0", "deg_3"], "11": ["cc_0", "deg_3"], "17": ["cc_0", "deg_4"], "12": ["cc_11", "deg_3"], "25": ["cc_5", "deg_4"], "24": ["cc_0", "deg_3"], "59": ["cc_4", "deg_6"], "22": ["cc_6", "deg_5"], "60": ["cc_3", "deg_5"], "15": ["cc_11", "deg_3"], "4": ["cc_11", "deg_4"], "37": ["cc_11", "deg_4"], "45": ["cc_11", "deg_3"], "42": ["cc_0", "deg_6"], "30": ["cc_10", "deg_5"], "31": ["cc_10", "deg_5"], "36": ["cc_3", "deg_5"], "57": ["cc_33", "deg_2"], "53": ["cc_11", "deg_3"], "10": ["cc_0", "deg_3"], "49": ["cc_6", "deg_5"], "1": ["cc_0", "deg_3"], "46": ["cc_5", "deg_4"], "26": ["cc_5", "deg_4"], "40": ["cc_0", "deg_4"], "41": ["cc_0", "deg_2"], "20": ["cc_4", "deg_7"], "29": ["cc_16", "deg_4"], "52": ["cc_11", "deg_3"], "58": ["cc_11", "deg_4"], "13": ["cc_3", "deg_5"], "6": ["cc_2", "deg_6"], "7": ["cc_0", "deg_3"], "50": ["cc_0", "deg_3"], "8": ["cc_0", "deg_3"], "16": ["cc_3", "deg_5"], "54": ["cc_3", "deg_5"], "21": ["cc_4", "deg_7"]}}