{"label": 2, "features": {"1": ["cc_0", "deg_3"], "16": ["cc_1", "deg_7"], "4": ["cc_2", "deg_6"], "21": ["cc_5", "deg_4"], "32": ["cc_0", "deg_4"], "34": ["cc_33", "deg_2"], "7": ["cc_33", "deg_2"], "42": ["cc_0", "deg_4"], "25": ["cc_0", "deg_3"], "0": ["cc_0", "deg_2"], "39": ["cc_5", "deg_4"], "12": ["cc_0", "deg_3"], "29": ["cc_0", "deg_3"], "28": ["cc_3", "deg_7"], "13": ["cc_0", "deg_5"], "6": ["cc_0", "deg_4"], "30": ["cc_3", "deg_5"], "5": ["cc_0", "deg_3"], "38": ["cc_0", "deg_4"], "3": ["cc_0", "deg_4"], "40": ["cc_0", "deg_4"], "24": ["cc_5", "deg_4"], "33": ["cc_0", "deg_3"], "23": ["cc_2", "deg_6"], "27": ["cc_0", "deg_2"], "19": ["cc_0", "deg_3"], "36": ["cc_3", "deg_5"], "10": ["cc_0", "deg_2"], "17": ["cc_3", "deg_5"], "11": ["cc_0", "deg_4"], "22": ["cc_5", "deg_4"], "18": ["cc_2", "deg_6"], "31": ["cc_0", "deg_3"], "2": ["cc_0", "deg_3"], "26": ["cc_0", "deg_3"], "20": ["cc_0", "deg_4"], "14": ["cc_11", "deg_3"], "41": ["cc_0", "deg_4"], "35": ["cc_11", "deg_3"], "9": ["cc_4", "deg_6"], "8": ["cc_3", "deg_7"], "37": ["cc_11", "deg_4"], "15": ["cc_3", "deg_5"]}, "edges": [[0, 38], [0, 8], [1, 2], [1, 4], [1, 42], [2, 3], [2, 13], [3, 16], [3, 36], [3, 12], [4, 5], [4, 38], [4, 39], [4, 6], [4, 37], [5, 12], [5, 11], [6, 8], [6, 17], [6, 25], [7, 8], [7, 9], [8, 34], [8, 9], [8, 18], [8, 30], [9, 40], [9, 34], [9, 11], [9, 31], [10, 16], [10, 13], [11, 28], [11, 13], [12, 14], [13, 23], [13, 15], [14, 16], [14, 15], [15, 16], [15, 17], [15, 25], [16, 20], [16, 28], [16, 42], [17, 24], [17, 28], [17, 30], [18, 36], [18, 21], [18, 41], [18, 42], [18, 28], [19, 26], [19, 22], [19, 30], [20, 32], [20, 21], [20, 22], [21, 26], [21, 28], [22, 24], [22, 23], [23, 32], [23, 36], [23, 24], [23, 30], [24, 33], [25, 29], [26, 31], [27, 28], [27, 29], [28, 30], [29, 33], [31, 32], [32, 40], [33, 39], [35, 36], [35, 37], [35, 41], [36, 37], [37, 39], [38, 40], [38, 42], [39, 41], [40, 41]]}