{"label": 2, "features": {"1": ["cc_0", "deg_5"], "16": ["cc_0", "deg_3"], "4": ["cc_5", "deg_4"], "21": ["cc_11", "deg_3"], "7": ["cc_0", "deg_4"], "25": ["cc_16", "deg_4"], "0": ["cc_0", "deg_4"], "12": ["cc_0", "deg_3"], "13": ["cc_5", "deg_4"], "6": ["cc_0", "deg_2"], "5": ["cc_22", "deg_3"], "3": ["cc_0", "deg_3"], "24": ["cc_0", "deg_3"], "23": ["cc_0", "deg_4"], "27": ["cc_7", "deg_8"], "19": ["cc_0", "deg_5"], "10": ["cc_5", "deg_4"], "17": ["cc_11", "deg_3"], "11": ["cc_2", "deg_6"], "22": ["cc_4", "deg_9"], "18": ["cc_0", "deg_2"], "2": ["cc_5", "deg_4"], "26": ["cc_10", "deg_5"], "20": ["cc_0", "deg_2"], "14": ["cc_0", "deg_4"], "9": ["cc_0", "deg_4"], "8": ["cc_0", "deg_4"], "15": ["cc_11", "deg_3"]}, "edges": [[0, 1], [0, 4], [0, 23], [0, 8], [1, 11], [1, 2], [1, 9], [1, 14], [2, 16], [2, 22], [2, 13], [3, 19], [3, 4], [3, 15], [4, 5], [4, 27], [5, 11], [5, 27], [6, 8], [6, 22], [7, 24], [7, 8], [7, 14], [7, 9], [8, 11], [9, 26], [9, 23], [10, 19], [10, 21], [10, 22], [10, 14], [11, 19], [11, 23], [11, 27], [12, 16], [12, 19], [12, 25], [13, 17], [13, 22], [13, 14], [15, 17], [15, 27], [16, 20], [17, 27], [18, 24], [18, 19], [20, 22], [21, 22], [21, 23], [22, 27], [22, 25], [22, 26], [24, 26], [25, 26], [25, 27], [26, 27]]}