{"label": 1, "edges": [[0, 1], [0, 2], [0, 3], [0, 55], [0, 56], [0, 57], [0, 50], [1, 33], [1, 2], [1, 3], [1, 24], [1, 57], [1, 10], [2, 3], [2, 4], [2, 5], [2, 57], [2, 47], [3, 4], [3, 6], [3, 49], [3, 25], [3, 13], [4, 5], [4, 6], [4, 7], [4, 8], [4, 35], [5, 6], [5, 7], [5, 8], [5, 9], [5, 31], [6, 8], [6, 9], [6, 42], [6, 36], [7, 9], [7, 42], [7, 27], [7, 36], [8, 36], [8, 9], [8, 27], [9, 18], [9, 51], [9, 10], [9, 29], [10, 11], [10, 44], [10, 13], [10, 30], [10, 29], [11, 43], [11, 12], [11, 13], [11, 14], [12, 48], [12, 37], [12, 22], [12, 13], [12, 14], [12, 15], [13, 16], [13, 14], [13, 15], [14, 16], [14, 17], [14, 51], [15, 16], [15, 18], [15, 51], [15, 28], [16, 18], [16, 25], [16, 31], [17, 18], [17, 19], [17, 23], [17, 56], [18, 20], [18, 21], [19, 20], [19, 21], [19, 22], [20, 21], [20, 22], [20, 23], [20, 55], [21, 54], [21, 22], [21, 23], [21, 24], [21, 45], [21, 46], [22, 23], [22, 24], [22, 45], [23, 51], [23, 24], [23, 25], [23, 45], [24, 36], [24, 54], [24, 49], [25, 48], [25, 26], [25, 27], [26, 40], [26, 28], [26, 29], [26, 46], [27, 36], [27, 55], [28, 30], [28, 31], [29, 32], [29, 33], [29, 31], [30, 33], [30, 46], [30, 31], [31, 32], [31, 33], [31, 52], [32, 33], [32, 34], [32, 54], [32, 42], [33, 36], [34, 35], [34, 36], [34, 37], [35, 37], [35, 38], [35, 39], [35, 50], [36, 37], [37, 38], [37, 39], [38, 51], [38, 39], [38, 40], [39, 40], [39, 42], [40, 53], [40, 41], [40, 42], [40, 43], [41, 48], [41, 42], [41, 43], [41, 44], [42, 43], [42, 44], [43, 45], [43, 46], [44, 45], [44, 46], [45, 48], [45, 46], [47, 49], [47, 50], [49, 51], [50, 53], [51, 53], [52, 53], [52, 54], [53, 54], [53, 55], [54, 56], [54, 57], [55, 56], [56, 57]], "features": {"27": ["cc_6", "deg_5"], "35": ["cc_8", "deg_6"], "43": ["cc_8", "deg_6"], "47": ["cc_0", "deg_3"], "32": ["cc_6", "deg_6"], "56": ["cc_10", "deg_5"], "9": ["cc_5", "deg_8"], "33": ["cc_8", "deg_6"], "48": ["cc_0", "deg_4"], "55": ["cc_3", "deg_5"], "0": ["cc_11", "deg_7"], "2": ["cc_11", "deg_7"], "18": ["cc_4", "deg_6"], "5": ["cc_12", "deg_7"], "14": ["cc_8", "deg_6"], "38": ["cc_13", "deg_5"], "44": ["cc_6", "deg_5"], "39": ["cc_16", "deg_5"], "3": ["cc_5", "deg_8"], "28": ["cc_5", "deg_4"], "51": ["cc_0", "deg_7"], "23": ["cc_8", "deg_8"], "19": ["cc_16", "deg_4"], "34": ["cc_11", "deg_4"], "11": ["cc_13", "deg_5"], "17": ["cc_0", "deg_5"], "12": ["cc_6", "deg_7"], "25": ["cc_0", "deg_6"], "24": ["cc_6", "deg_7"], "22": ["cc_14", "deg_7"], "15": ["cc_6", "deg_6"], "4": ["cc_11", "deg_7"], "37": ["cc_11", "deg_6"], "45": ["cc_9", "deg_7"], "42": ["cc_5", "deg_8"], "30": ["cc_6", "deg_5"], "31": ["cc_5", "deg_8"], "36": ["cc_4", "deg_8"], "57": ["cc_16", "deg_5"], "53": ["cc_2", "deg_6"], "10": ["cc_3", "deg_7"], "49": ["cc_0", "deg_4"], "1": ["cc_7", "deg_7"], "46": ["cc_6", "deg_6"], "26": ["cc_0", "deg_5"], "40": ["cc_7", "deg_7"], "41": ["cc_13", "deg_5"], "20": ["cc_13", "deg_6"], "29": ["cc_8", "deg_6"], "52": ["cc_11", "deg_3"], "13": ["cc_11", "deg_7"], "6": ["cc_11", "deg_7"], "7": ["cc_6", "deg_6"], "50": ["cc_0", "deg_4"], "8": ["cc_15", "deg_6"], "16": ["cc_6", "deg_6"], "54": ["cc_4", "deg_7"], "21": ["cc_11", "deg_9"]}}