{"label": 1, "edges": [[0, 25], [0, 12], [0, 6], [0, 41], [1, 2], [1, 38], [1, 23], [2, 3], [2, 13], [3, 27], [4, 24], [4, 23], [5, 22], [5, 6], [6, 18], [7, 8], [7, 26], [7, 19], [8, 9], [9, 32], [10, 11], [11, 41], [12, 29], [14, 15], [15, 31], [16, 17], [16, 36], [17, 28], [17, 29], [20, 21], [21, 22], [23, 31], [25, 38], [27, 28], [30, 31], [32, 33], [33, 39], [34, 38], [35, 36], [37, 38], [39, 40], [40, 41]], "features": {"27": ["cc_0", "deg_2"], "22": ["cc_0", "deg_2"], "32": ["cc_0", "deg_2"], "15": ["cc_0", "deg_2"], "4": ["cc_0", "deg_2"], "33": ["cc_0", "deg_2"], "40": ["cc_0", "deg_2"], "35": ["cc_0", "deg_1"], "30": ["cc_0", "deg_1"], "0": ["cc_0", "deg_4"], "2": ["cc_0", "deg_3"], "6": ["cc_0", "deg_3"], "18": ["cc_0", "deg_1"], "5": ["cc_0", "deg_2"], "10": ["cc_0", "deg_1"], "14": ["cc_0", "deg_1"], "41": ["cc_0", "deg_3"], "1": ["cc_0", "deg_3"], "29": ["cc_0", "deg_2"], "37": ["cc_0", "deg_1"], "8": ["cc_0", "deg_2"], "20": ["cc_0", "deg_1"], "26": ["cc_0", "deg_1"], "3": ["cc_0", "deg_2"], "11": ["cc_0", "deg_2"], "28": ["cc_0", "deg_2"], "39": ["cc_0", "deg_2"], "23": ["cc_0", "deg_3"], "19": ["cc_0", "deg_1"], "36": ["cc_0", "deg_2"], "38": ["cc_0", "deg_4"], "34": ["cc_0", "deg_1"], "13": ["cc_0", "deg_1"], "16": ["cc_0", "deg_2"], "7": ["cc_0", "deg_3"], "17": ["cc_0", "deg_3"], "12": ["cc_0", "deg_2"], "31": ["cc_0", "deg_3"], "25": ["cc_0", "deg_2"], "24": ["cc_0", "deg_1"], "9": ["cc_0", "deg_2"], "21": ["cc_0", "deg_2"]}}