{"label": 2, "features": {"68": ["cc_0", "deg_1"], "21": ["cc_0", "deg_1"], "34": ["cc_0", "deg_3"], "94": ["cc_0", "deg_2"], "58": ["cc_0", "deg_1"], "69": ["cc_0", "deg_4"], "42": ["cc_0", "deg_1"], "12": ["cc_0", "deg_1"], "66": ["cc_0", "deg_2"], "5": ["cc_0", "deg_2"], "61": ["cc_0", "deg_1"], "91": ["cc_0", "deg_2"], "51": ["cc_0", "deg_3"], "24": ["cc_0", "deg_1"], "56": ["cc_0", "deg_3"], "55": ["cc_0", "deg_3"], "17": ["cc_0", "deg_3"], "22": ["cc_0", "deg_2"], "74": ["cc_0", "deg_1"], "59": ["cc_0", "deg_1"], "46": ["cc_0", "deg_1"], "37": ["cc_0", "deg_1"], "38": ["cc_0", "deg_2"], "81": ["cc_0", "deg_2"], "95": ["cc_0", "deg_4"], "90": ["cc_0", "deg_4"], "35": ["cc_0", "deg_2"], "47": ["cc_0", "deg_1"], "16": ["cc_0", "deg_1"], "65": ["cc_0", "deg_3"], "23": ["cc_0", "deg_1"], "7": ["cc_0", "deg_1"], "82": ["cc_0", "deg_2"], "29": ["cc_0", "deg_3"], "93": ["cc_0", "deg_1"], "13": ["cc_0", "deg_5"], "6": ["cc_0", "deg_3"], "30": ["cc_0", "deg_1"], "14": ["cc_0", "deg_2"], "40": ["cc_0", "deg_1"], "33": ["cc_0", "deg_2"], "73": ["cc_0", "deg_1"], "76": ["cc_0", "deg_1"], "8": ["cc_0", "deg_2"], "44": ["cc_0", "deg_7"], "26": ["cc_0", "deg_1"], "43": ["cc_0", "deg_1"], "57": ["cc_0", "deg_5"], "20": ["cc_0", "deg_1"], "89": ["cc_0", "deg_1"], "97": ["cc_0", "deg_2"], "80": ["cc_0", "deg_1"], "70": ["cc_0", "deg_3"], "84": ["cc_0", "deg_2"], "53": ["cc_0", "deg_4"], "1": ["cc_0", "deg_3"], "54": ["cc_0", "deg_3"], "41": ["cc_0", "deg_3"], "4": ["cc_0", "deg_2"], "39": ["cc_0", "deg_1"], "28": ["cc_0", "deg_4"], "25": ["cc_0", "deg_2"], "78": ["cc_0", "deg_5"], "3": ["cc_0", "deg_2"], "64": ["cc_0", "deg_1"], "72": ["cc_0", "deg_1"], "87": ["cc_0", "deg_2"], "19": ["cc_0", "deg_3"], "92": ["cc_0", "deg_1"], "86": ["cc_0", "deg_1"], "62": ["cc_0", "deg_1"], "11": ["cc_0", "deg_2"], "18": ["cc_0", "deg_1"], "67": ["cc_0", "deg_2"], "2": ["cc_0", "deg_3"], "9": ["cc_0", "deg_3"], "27": ["cc_0", "deg_2"], "15": ["cc_0", "deg_1"], "71": ["cc_0", "deg_1"], "88": ["cc_0", "deg_2"], "0": ["cc_0", "deg_1"], "63": ["cc_0", "deg_1"], "32": ["cc_0", "deg_2"], "45": ["cc_0", "deg_1"], "36": ["cc_0", "deg_2"], "83": ["cc_0", "deg_2"], "48": ["cc_0", "deg_1"], "79": ["cc_0", "deg_2"], "77": ["cc_0", "deg_1"], "10": ["cc_0", "deg_2"], "85": ["cc_0", "deg_1"], "31": ["cc_0", "deg_2"], "75": ["cc_0", "deg_3"], "50": ["cc_0", "deg_3"], "60": ["cc_0", "deg_1"], "52": ["cc_0", "deg_3"], "96": ["cc_0", "deg_1"], "49": ["cc_0", "deg_2"]}, "edges": [[0, 88], [1, 33], [1, 10], [1, 36], [2, 89], [2, 34], [2, 29], [3, 60], [3, 44], [4, 13], [4, 61], [5, 67], [5, 54], [6, 67], [6, 51], [6, 62], [7, 27], [8, 9], [8, 13], [9, 56], [9, 57], [10, 91], [11, 51], [11, 29], [12, 90], [13, 16], [13, 83], [13, 46], [14, 50], [14, 19], [15, 70], [17, 32], [17, 66], [17, 19], [18, 34], [19, 24], [20, 32], [21, 28], [22, 75], [22, 23], [25, 68], [25, 38], [26, 57], [27, 44], [28, 97], [28, 93], [28, 70], [29, 55], [30, 44], [31, 48], [31, 57], [33, 56], [34, 78], [35, 41], [35, 79], [36, 50], [37, 91], [38, 53], [39, 78], [40, 69], [41, 58], [41, 54], [42, 49], [43, 44], [44, 52], [44, 97], [44, 88], [45, 90], [47, 65], [49, 69], [50, 95], [51, 71], [52, 76], [52, 79], [53, 59], [53, 85], [53, 95], [54, 81], [55, 74], [55, 95], [56, 86], [57, 80], [57, 78], [63, 75], [64, 65], [65, 87], [66, 72], [69, 75], [69, 70], [73, 94], [77, 78], [78, 84], [81, 90], [82, 96], [82, 90], [83, 94], [84, 92], [87, 95]]}