{"label": 2, "features": {"68": ["cc_0", "deg_3"], "21": ["cc_0", "deg_3"], "34": ["cc_0", "deg_3"], "58": ["cc_1", "deg_7"], "69": ["cc_2", "deg_6"], "42": ["cc_0", "deg_2"], "12": ["cc_0", "deg_3"], "66": ["cc_0", "deg_3"], "5": ["cc_0", "deg_5"], "61": ["cc_11", "deg_3"], "51": ["cc_11", "deg_3"], "24": ["cc_0", "deg_3"], "56": ["cc_1", "deg_7"], "55": ["cc_11", "deg_3"], "17": ["cc_0", "deg_4"], "22": ["cc_0", "deg_3"], "74": ["cc_0", "deg_6"], "59": ["cc_0", "deg_3"], "46": ["cc_0", "deg_3"], "37": ["cc_0", "deg_6"], "38": ["cc_0", "deg_4"], "81": ["cc_0", "deg_3"], "35": ["cc_0", "deg_2"], "47": ["cc_0", "deg_4"], "16": ["cc_0", "deg_4"], "65": ["cc_0", "deg_3"], "23": ["cc_0", "deg_3"], "7": ["cc_0", "deg_3"], "82": ["cc_11", "deg_3"], "29": ["cc_0", "deg_2"], "13": ["cc_0", "deg_3"], "6": ["cc_11", "deg_3"], "30": ["cc_11", "deg_3"], "14": ["cc_0", "deg_3"], "40": ["cc_0", "deg_3"], "33": ["cc_0", "deg_5"], "73": ["cc_1", "deg_7"], "76": ["cc_0", "deg_4"], "8": ["cc_0", "deg_6"], "44": ["cc_0", "deg_5"], "26": ["cc_0", "deg_4"], "43": ["cc_0", "deg_5"], "57": ["cc_0", "deg_5"], "20": ["cc_0", "deg_4"], "80": ["cc_0", "deg_5"], "70": ["cc_3", "deg_5"], "84": ["cc_0", "deg_4"], "53": ["cc_0", "deg_4"], "1": ["cc_0", "deg_4"], "54": ["cc_0", "deg_5"], "41": ["cc_0", "deg_2"], "4": ["cc_0", "deg_7"], "39": ["cc_0", "deg_4"], "28": ["cc_0", "deg_6"], "25": ["cc_3", "deg_5"], "78": ["cc_0", "deg_4"], "3": ["cc_3", "deg_5"], "64": ["cc_0", "deg_5"], "72": ["cc_1", "deg_7"], "87": ["cc_0", "deg_3"], "19": ["cc_0", "deg_4"], "86": ["cc_0", "deg_7"], "62": ["cc_0", "deg_2"], "11": ["cc_3", "deg_5"], "18": ["cc_33", "deg_2"], "67": ["cc_0", "deg_3"], "2": ["cc_0", "deg_2"], "9": ["cc_0", "deg_4"], "27": ["cc_0", "deg_3"], "15": ["cc_0", "deg_3"], "71": ["cc_3", "deg_5"], "88": ["cc_0", "deg_4"], "0": ["cc_0", "deg_3"], "63": ["cc_0", "deg_3"], "32": ["cc_2", "deg_6"], "45": ["cc_0", "deg_2"], "36": ["cc_0", "deg_6"], "83": ["cc_0", "deg_2"], "48": ["cc_0", "deg_4"], "79": ["cc_0", "deg_5"], "77": ["cc_0", "deg_3"], "10": ["cc_0", "deg_4"], "85": ["cc_0", "deg_3"], "31": ["cc_5", "deg_4"], "75": ["cc_0", "deg_4"], "50": ["cc_0", "deg_2"], "60": ["cc_5", "deg_4"], "52": ["cc_0", "deg_5"], "49": ["cc_1", "deg_7"]}, "edges": [[0, 56], [0, 9], [0, 10], [1, 81], [1, 2], [1, 4], [1, 43], [2, 85], [3, 4], [3, 72], [3, 88], [3, 10], [3, 61], [4, 19], [4, 36], [4, 7], [4, 25], [4, 58], [5, 16], [5, 50], [5, 52], [5, 25], [5, 14], [6, 56], [6, 51], [6, 54], [7, 68], [7, 53], [8, 32], [8, 17], [8, 35], [8, 64], [8, 59], [8, 29], [9, 22], [9, 45], [9, 46], [10, 19], [10, 37], [11, 33], [11, 73], [11, 87], [11, 39], [11, 55], [12, 33], [12, 83], [12, 86], [13, 64], [13, 75], [13, 28], [14, 44], [14, 58], [15, 48], [15, 72], [15, 63], [16, 68], [16, 86], [16, 62], [17, 49], [17, 73], [17, 43], [18, 69], [18, 70], [19, 57], [19, 28], [20, 52], [20, 37], [20, 88], [20, 85], [21, 43], [21, 74], [21, 75], [22, 73], [22, 60], [23, 80], [23, 86], [23, 70], [24, 57], [24, 53], [24, 78], [25, 69], [25, 71], [25, 31], [26, 71], [26, 40], [26, 59], [26, 61], [27, 33], [27, 58], [27, 43], [28, 84], [28, 70], [28, 40], [28, 79], [29, 49], [30, 32], [30, 64], [30, 49], [31, 66], [31, 71], [31, 56], [32, 49], [32, 54], [32, 86], [32, 39], [33, 81], [33, 84], [34, 74], [34, 75], [34, 63], [35, 86], [36, 67], [36, 85], [36, 54], [36, 37], [36, 63], [37, 80], [37, 87], [37, 79], [38, 64], [38, 52], [38, 58], [38, 75], [39, 74], [39, 45], [40, 41], [41, 79], [42, 81], [42, 43], [44, 65], [44, 87], [44, 72], [44, 74], [46, 52], [46, 71], [47, 72], [47, 49], [47, 62], [47, 69], [48, 54], [48, 56], [48, 73], [49, 66], [49, 74], [50, 66], [51, 88], [51, 56], [52, 69], [53, 72], [53, 86], [54, 64], [55, 73], [55, 71], [56, 65], [56, 78], [57, 80], [57, 72], [57, 76], [58, 82], [58, 78], [58, 60], [59, 70], [60, 80], [60, 82], [61, 72], [65, 73], [67, 84], [67, 82], [68, 83], [69, 80], [69, 70], [73, 88], [74, 79], [76, 86], [76, 77], [76, 79], [77, 84], [77, 78]]}