{"label": 1, "edges": [[0, 13], [0, 51], [0, 18], [0, 60], [0, 61], [0, 45], [1, 2], [1, 6], [1, 39], [2, 3], [2, 52], [2, 53], [2, 35], [2, 48], [2, 45], [2, 21], [3, 26], [3, 4], [3, 5], [4, 5], [4, 45], [5, 22], [5, 38], [5, 7], [6, 32], [6, 39], [7, 8], [7, 27], [7, 13], [8, 17], [8, 33], [8, 9], [9, 48], [9, 12], [10, 38], [10, 24], [10, 15], [11, 36], [11, 52], [11, 37], [12, 55], [12, 14], [13, 14], [13, 15], [14, 19], [14, 30], [14, 15], [15, 17], [15, 19], [15, 28], [16, 17], [16, 59], [16, 54], [17, 56], [17, 19], [17, 55], [17, 46], [18, 25], [18, 19], [18, 59], [19, 21], [19, 53], [20, 52], [20, 23], [21, 40], [21, 58], [21, 43], [21, 46], [22, 39], [22, 23], [23, 25], [23, 36], [24, 35], [24, 26], [25, 54], [25, 42], [25, 28], [26, 58], [27, 41], [27, 51], [27, 46], [28, 44], [28, 29], [29, 34], [30, 32], [30, 31], [31, 57], [31, 59], [31, 45], [32, 33], [33, 39], [34, 35], [34, 36], [35, 50], [35, 37], [36, 52], [36, 55], [37, 39], [37, 41], [38, 40], [38, 39], [40, 41], [41, 52], [42, 56], [43, 44], [44, 46], [44, 47], [46, 61], [47, 48], [47, 60], [48, 61], [49, 50], [49, 51], [49, 58], [50, 52], [52, 53], [53, 55], [55, 56], [55, 58], [56, 57], [57, 58], [57, 59], [59, 60], [60, 61]], "features": {"27": ["cc_0", "deg_4"], "35": ["cc_0", "deg_5"], "43": ["cc_0", "deg_2"], "47": ["cc_0", "deg_3"], "32": ["cc_0", "deg_3"], "56": ["cc_5", "deg_4"], "9": ["cc_0", "deg_3"], "33": ["cc_0", "deg_3"], "48": ["cc_0", "deg_4"], "55": ["cc_2", "deg_6"], "0": ["cc_2", "deg_6"], "2": ["cc_1", "deg_8"], "18": ["cc_0", "deg_4"], "5": ["cc_3", "deg_5"], "14": ["cc_6", "deg_5"], "38": ["cc_0", "deg_4"], "44": ["cc_0", "deg_4"], "39": ["cc_2", "deg_6"], "3": ["cc_5", "deg_4"], "28": ["cc_0", "deg_4"], "51": ["cc_0", "deg_3"], "23": ["cc_0", "deg_4"], "19": ["cc_4", "deg_6"], "61": ["cc_5", "deg_4"], "34": ["cc_0", "deg_3"], "11": ["cc_11", "deg_3"], "17": ["cc_3", "deg_7"], "12": ["cc_0", "deg_3"], "25": ["cc_0", "deg_5"], "24": ["cc_0", "deg_3"], "59": ["cc_3", "deg_5"], "22": ["cc_0", "deg_3"], "60": ["cc_5", "deg_4"], "15": ["cc_6", "deg_6"], "4": ["cc_11", "deg_3"], "37": ["cc_0", "deg_4"], "45": ["cc_0", "deg_4"], "42": ["cc_0", "deg_2"], "30": ["cc_0", "deg_3"], "31": ["cc_5", "deg_4"], "36": ["cc_3", "deg_5"], "57": ["cc_5", "deg_4"], "53": ["cc_5", "deg_4"], "10": ["cc_0", "deg_3"], "49": ["cc_0", "deg_3"], "1": ["cc_11", "deg_3"], "46": ["cc_0", "deg_5"], "26": ["cc_0", "deg_3"], "40": ["cc_0", "deg_3"], "41": ["cc_0", "deg_4"], "20": ["cc_0", "deg_2"], "29": ["cc_0", "deg_2"], "52": ["cc_3", "deg_7"], "58": ["cc_0", "deg_5"], "13": ["cc_5", "deg_4"], "6": ["cc_11", "deg_3"], "7": ["cc_0", "deg_4"], "50": ["cc_0", "deg_3"], "8": ["cc_0", "deg_4"], "16": ["cc_0", "deg_3"], "54": ["cc_0", "deg_2"], "21": ["cc_0", "deg_6"]}}