{"label": 0, "features": {"53": ["cc_11", "deg_6"], "47": ["cc_20", "deg_6"], "68": ["cc_16", "deg_5"], "21": ["cc_13", "deg_5"], "34": ["cc_27", "deg_4"], "67": ["cc_11", "deg_6"], "41": ["cc_11", "deg_6"], "4": ["cc_8", "deg_6"], "42": ["cc_15", "deg_6"], "12": ["cc_12", "deg_7"], "28": ["cc_13", "deg_5"], "66": ["cc_17", "deg_6"], "5": ["cc_16", "deg_5"], "65": ["cc_13", "deg_6"], "61": ["cc_15", "deg_6"], "3": ["cc_15", "deg_6"], "64": ["cc_13", "deg_6"], "51": ["cc_11", "deg_6"], "24": ["cc_20", "deg_5"], "56": ["cc_14", "deg_7"], "55": ["cc_20", "deg_5"], "19": ["cc_11", "deg_7"], "54": ["cc_15", "deg_6"], "36": ["cc_17", "deg_6"], "17": ["cc_16", "deg_5"], "11": ["cc_13", "deg_6"], "22": ["cc_11", "deg_7"], "71": ["cc_14", "deg_7"], "18": ["cc_15", "deg_6"], "59": ["cc_15", "deg_7"], "2": ["cc_13", "deg_5"], "46": ["cc_20", "deg_6"], "37": ["cc_17", "deg_6"], "38": ["cc_23", "deg_5"], "73": ["cc_20", "deg_6"], "78": ["cc_23", "deg_5"], "9": ["cc_14", "deg_7"], "27": ["cc_15", "deg_6"], "58": ["cc_20", "deg_6"], "35": ["cc_13", "deg_6"], "1": ["cc_7", "deg_7"], "16": ["cc_5", "deg_8"], "80": ["cc_17", "deg_6"], "25": ["cc_15", "deg_6"], "7": ["cc_9", "deg_8"], "39": ["cc_20", "deg_6"], "0": ["cc_17", "deg_6"], "29": ["cc_20", "deg_5"], "63": ["cc_16", "deg_5"], "13": ["cc_20", "deg_5"], "6": ["cc_17", "deg_6"], "30": ["cc_17", "deg_6"], "14": ["cc_15", "deg_6"], "32": ["cc_13", "deg_6"], "45": ["cc_20", "deg_6"], "10": ["cc_12", "deg_7"], "33": ["cc_15", "deg_6"], "23": ["cc_12", "deg_7"], "69": ["cc_12", "deg_7"], "76": ["cc_17", "deg_6"], "48": ["cc_20", "deg_6"], "79": ["cc_20", "deg_6"], "77": ["cc_17", "deg_6"], "40": ["cc_12", "deg_7"], "72": ["cc_14", "deg_7"], "8": ["cc_20", "deg_6"], "44": ["cc_23", "deg_5"], "31": ["cc_16", "deg_5"], "75": ["cc_15", "deg_6"], "26": ["cc_17", "deg_6"], "43": ["cc_13", "deg_6"], "57": ["cc_20", "deg_6"], "20": ["cc_7", "deg_7"], "50": ["cc_17", "deg_6"], "62": ["cc_8", "deg_6"], "60": ["cc_17", "deg_6"], "52": ["cc_13", "deg_5"], "15": ["cc_17", "deg_6"], "74": ["cc_20", "deg_6"], "70": ["cc_17", "deg_6"], "49": ["cc_17", "deg_6"]}, "edges": [[0, 80], [0, 1], [0, 2], [0, 3], [0, 78], [0, 79], [1, 80], [1, 3], [1, 4], [1, 35], [1, 9], [1, 79], [2, 3], [2, 4], [2, 5], [2, 80], [3, 4], [3, 5], [3, 6], [4, 16], [4, 6], [4, 7], [5, 6], [5, 7], [5, 8], [6, 7], [6, 8], [6, 9], [7, 67], [7, 41], [7, 8], [7, 9], [7, 10], [8, 9], [8, 10], [8, 11], [9, 10], [9, 11], [9, 12], [10, 25], [10, 11], [10, 12], [10, 13], [11, 19], [11, 12], [11, 14], [12, 75], [12, 13], [12, 14], [12, 15], [13, 16], [13, 14], [13, 15], [14, 16], [14, 17], [14, 15], [15, 16], [15, 17], [15, 18], [16, 32], [16, 18], [16, 19], [16, 43], [17, 18], [17, 19], [17, 20], [18, 19], [18, 20], [18, 21], [19, 20], [19, 21], [19, 22], [20, 22], [20, 23], [20, 72], [20, 51], [21, 22], [21, 23], [21, 24], [22, 23], [22, 25], [22, 26], [22, 69], [23, 24], [23, 25], [23, 26], [23, 62], [24, 25], [24, 26], [24, 27], [25, 26], [25, 27], [26, 27], [26, 28], [27, 28], [27, 29], [27, 30], [28, 40], [28, 29], [28, 30], [29, 32], [29, 30], [29, 31], [30, 32], [30, 33], [30, 31], [31, 32], [31, 33], [31, 71], [32, 33], [32, 35], [33, 34], [33, 35], [33, 36], [34, 35], [34, 36], [34, 37], [35, 36], [35, 37], [36, 37], [36, 38], [36, 39], [37, 38], [37, 39], [37, 40], [38, 39], [38, 40], [38, 41], [39, 40], [39, 41], [39, 42], [40, 41], [40, 42], [40, 43], [41, 59], [41, 42], [42, 43], [42, 44], [42, 45], [43, 44], [43, 45], [43, 46], [44, 45], [44, 46], [44, 47], [45, 48], [45, 46], [45, 47], [46, 48], [46, 49], [46, 47], [47, 48], [47, 49], [47, 50], [48, 49], [48, 50], [48, 51], [49, 50], [49, 51], [49, 52], [50, 51], [50, 52], [50, 53], [51, 53], [51, 54], [52, 53], [52, 54], [52, 55], [53, 64], [53, 54], [53, 56], [54, 55], [54, 56], [54, 57], [55, 56], [55, 57], [55, 58], [56, 57], [56, 58], [56, 59], [56, 62], [57, 58], [57, 59], [57, 60], [58, 59], [58, 60], [58, 61], [59, 60], [59, 61], [59, 62], [60, 61], [60, 62], [60, 63], [61, 64], [61, 62], [61, 63], [62, 65], [63, 64], [63, 65], [63, 66], [64, 65], [64, 66], [64, 67], [65, 66], [65, 67], [65, 68], [66, 67], [66, 68], [66, 69], [67, 69], [67, 70], [68, 69], [68, 70], [68, 71], [69, 70], [69, 71], [69, 72], [70, 71], [70, 72], [70, 73], [71, 72], [71, 73], [71, 74], [72, 73], [72, 74], [72, 75], [73, 74], [73, 75], [73, 76], [74, 75], [74, 76], [74, 77], [75, 76], [75, 77], [76, 77], [76, 78], [76, 79], [77, 80], [77, 78], [77, 79], [78, 80], [78, 79], [79, 80]]}