{"label": 1, "edges": [[0, 2], [0, 3], [0, 24], [0, 58], [0, 61], [0, 62], [1, 35], [1, 24], [1, 8], [1, 61], [2, 60], [2, 12], [2, 15], [3, 48], [3, 17], [3, 6], [3, 39], [3, 4], [4, 5], [4, 22], [4, 62], [4, 21], [5, 6], [5, 7], [5, 61], [6, 7], [6, 9], [6, 41], [7, 35], [7, 41], [7, 9], [7, 10], [8, 50], [8, 19], [8, 11], [8, 46], [9, 10], [9, 42], [9, 29], [10, 22], [10, 12], [10, 13], [11, 19], [11, 55], [11, 42], [11, 12], [11, 13], [12, 23], [12, 14], [12, 15], [13, 16], [13, 43], [13, 20], [13, 14], [13, 15], [14, 16], [14, 17], [14, 38], [14, 15], [15, 16], [15, 17], [15, 18], [15, 58], [15, 26], [16, 48], [16, 17], [16, 23], [16, 57], [16, 26], [17, 20], [17, 54], [17, 22], [17, 45], [18, 19], [18, 21], [18, 60], [18, 30], [19, 20], [19, 21], [20, 32], [20, 21], [20, 22], [20, 26], [20, 62], [21, 22], [21, 23], [21, 24], [22, 24], [23, 49], [23, 24], [23, 36], [23, 26], [23, 62], [23, 30], [24, 50], [24, 62], [25, 26], [25, 27], [25, 62], [26, 33], [27, 34], [27, 51], [27, 30], [28, 52], [28, 47], [28, 31], [29, 32], [29, 61], [29, 30], [30, 32], [30, 56], [31, 32], [31, 33], [31, 34], [32, 34], [32, 62], [32, 40], [33, 34], [33, 51], [33, 36], [34, 35], [34, 36], [34, 37], [35, 36], [35, 37], [35, 38], [36, 56], [36, 38], [36, 39], [36, 59], [36, 43], [36, 47], [37, 38], [37, 39], [37, 40], [38, 54], [38, 40], [39, 40], [39, 41], [39, 42], [39, 60], [39, 47], [40, 41], [40, 42], [41, 42], [41, 44], [42, 43], [42, 44], [43, 47], [44, 60], [44, 45], [44, 47], [45, 48], [45, 46], [46, 48], [46, 49], [46, 50], [47, 48], [47, 49], [47, 58], [48, 49], [48, 51], [49, 50], [49, 52], [49, 54], [50, 51], [50, 52], [50, 53], [51, 52], [51, 53], [52, 53], [52, 54], [52, 55], [53, 54], [53, 55], [53, 56], [53, 58], [54, 56], [54, 57], [55, 57], [55, 58], [56, 59], [57, 59], [57, 60], [59, 61], [59, 62], [60, 61], [60, 62], [61, 62]], "features": {"27": ["cc_0", "deg_4"], "35": ["cc_8", "deg_6"], "43": ["cc_5", "deg_4"], "47": ["cc_3", "deg_8"], "32": ["cc_4", "deg_7"], "56": ["cc_6", "deg_5"], "9": ["cc_6", "deg_5"], "33": ["cc_6", "deg_5"], "48": ["cc_4", "deg_7"], "55": ["cc_6", "deg_5"], "0": ["cc_4", "deg_6"], "2": ["cc_5", "deg_4"], "18": ["cc_3", "deg_5"], "5": ["cc_5", "deg_4"], "14": ["cc_13", "deg_6"], "38": ["cc_6", "deg_6"], "44": ["cc_3", "deg_5"], "39": ["cc_5", "deg_8"], "3": ["cc_0", "deg_6"], "28": ["cc_0", "deg_3"], "51": ["cc_6", "deg_6"], "23": ["cc_2", "deg_9"], "19": ["cc_10", "deg_5"], "61": ["cc_4", "deg_7"], "34": ["cc_7", "deg_7"], "11": ["cc_2", "deg_6"], "17": ["cc_4", "deg_8"], "12": ["cc_4", "deg_6"], "25": ["cc_0", "deg_3"], "24": ["cc_6", "deg_7"], "62": ["cc_4", "deg_10"], "59": ["cc_6", "deg_5"], "22": ["cc_8", "deg_6"], "60": ["cc_1", "deg_7"], "15": ["cc_7", "deg_9"], "4": ["cc_3", "deg_5"], "37": ["cc_13", "deg_5"], "45": ["cc_5", "deg_4"], "42": ["cc_6", "deg_7"], "30": ["cc_2", "deg_6"], "31": ["cc_11", "deg_4"], "36": ["cc_4", "deg_10"], "57": ["cc_0", "deg_5"], "53": ["cc_11", "deg_7"], "10": ["cc_3", "deg_5"], "49": ["cc_7", "deg_7"], "1": ["cc_0", "deg_4"], "46": ["cc_13", "deg_5"], "26": ["cc_4", "deg_6"], "40": ["cc_11", "deg_6"], "41": ["cc_11", "deg_6"], "20": ["cc_4", "deg_8"], "29": ["cc_5", "deg_4"], "52": ["cc_11", "deg_7"], "58": ["cc_3", "deg_5"], "13": ["cc_4", "deg_7"], "6": ["cc_10", "deg_5"], "7": ["cc_8", "deg_6"], "50": ["cc_9", "deg_7"], "8": ["cc_6", "deg_5"], "16": ["cc_8", "deg_8"], "54": ["cc_4", "deg_7"], "21": ["cc_9", "deg_7"]}}