{"label": 1, "features": {"47": ["cc_6", "deg_5"], "21": ["cc_4", "deg_7"], "34": ["cc_5", "deg_4"], "41": ["cc_3", "deg_8"], "4": ["cc_3", "deg_5"], "42": ["cc_6", "deg_6"], "12": ["cc_4", "deg_6"], "28": ["cc_3", "deg_5"], "5": ["cc_0", "deg_6"], "3": ["cc_2", "deg_8"], "51": ["cc_6", "deg_5"], "24": ["cc_5", "deg_4"], "19": ["cc_6", "deg_5"], "36": ["cc_3", "deg_5"], "17": ["cc_3", "deg_7"], "11": ["cc_3", "deg_5"], "22": ["cc_3", "deg_8"], "18": ["cc_4", "deg_6"], "2": ["cc_2", "deg_6"], "46": ["cc_4", "deg_6"], "37": ["cc_0", "deg_5"], "38": ["cc_11", "deg_3"], "9": ["cc_6", "deg_7"], "27": ["cc_3", "deg_5"], "35": ["cc_3", "deg_5"], "1": ["cc_3", "deg_5"], "16": ["cc_3", "deg_7"], "25": ["cc_4", "deg_6"], "7": ["cc_8", "deg_6"], "39": ["cc_4", "deg_8"], "0": ["cc_6", "deg_7"], "29": ["cc_0", "deg_4"], "13": ["cc_3", "deg_7"], "6": ["cc_1", "deg_7"], "30": ["cc_2", "deg_6"], "14": ["cc_4", "deg_6"], "32": ["cc_4", "deg_6"], "45": ["cc_6", "deg_5"], "10": ["cc_7", "deg_7"], "33": ["cc_4", "deg_6"], "23": ["cc_2", "deg_6"], "48": ["cc_4", "deg_6"], "40": ["cc_5", "deg_9"], "8": ["cc_7", "deg_7"], "44": ["cc_4", "deg_7"], "31": ["cc_0", "deg_4"], "26": ["cc_3", "deg_5"], "43": ["cc_2", "deg_9"], "20": ["cc_0", "deg_6"], "50": ["cc_6", "deg_7"], "52": ["cc_10", "deg_5"], "15": ["cc_10", "deg_5"], "49": ["cc_1", "deg_7"]}, "edges": [[0, 2], [0, 3], [0, 52], [0, 51], [0, 27], [0, 50], [0, 15], [1, 51], [1, 2], [1, 3], [1, 4], [1, 20], [2, 19], [2, 52], [2, 42], [2, 12], [3, 19], [3, 4], [3, 6], [3, 17], [3, 7], [3, 11], [4, 32], [4, 41], [4, 31], [5, 38], [5, 6], [5, 7], [5, 25], [5, 18], [5, 14], [6, 49], [6, 8], [6, 10], [6, 43], [6, 30], [7, 8], [7, 9], [7, 10], [7, 21], [8, 36], [8, 9], [8, 10], [8, 28], [8, 21], [9, 16], [9, 35], [9, 22], [9, 10], [9, 11], [10, 11], [10, 12], [10, 31], [11, 13], [11, 14], [12, 49], [12, 28], [12, 44], [12, 13], [13, 17], [13, 35], [13, 49], [13, 40], [13, 25], [14, 16], [14, 17], [14, 29], [14, 15], [15, 16], [15, 17], [15, 18], [16, 49], [16, 18], [16, 41], [16, 44], [17, 19], [17, 20], [17, 46], [18, 21], [18, 22], [18, 23], [19, 21], [19, 22], [20, 22], [20, 23], [20, 28], [20, 34], [21, 49], [21, 22], [21, 43], [22, 40], [22, 26], [22, 45], [23, 41], [23, 24], [23, 26], [23, 39], [24, 40], [24, 25], [24, 27], [25, 40], [25, 52], [25, 44], [26, 40], [26, 27], [26, 29], [27, 52], [27, 30], [28, 44], [28, 30], [29, 43], [29, 46], [30, 33], [30, 37], [30, 46], [31, 33], [31, 43], [32, 33], [32, 34], [32, 51], [32, 50], [32, 47], [33, 48], [33, 36], [33, 46], [34, 36], [34, 39], [35, 37], [35, 43], [35, 44], [36, 39], [36, 50], [37, 49], [37, 39], [37, 50], [38, 40], [38, 41], [39, 40], [39, 41], [39, 42], [39, 47], [40, 41], [40, 42], [41, 43], [41, 46], [42, 43], [42, 44], [42, 45], [43, 44], [43, 45], [45, 48], [45, 47], [46, 48], [47, 48], [47, 50], [48, 49], [48, 51], [50, 51], [50, 52]]}