{"label": 2, "features": {"1": ["cc_0", "deg_3"], "16": ["cc_0", "deg_3"], "4": ["cc_2", "deg_8"], "21": ["cc_0", "deg_5"], "7": ["cc_0", "deg_3"], "25": ["cc_1", "deg_9"], "0": ["cc_3", "deg_5"], "12": ["cc_0", "deg_3"], "29": ["cc_0", "deg_2"], "28": ["cc_3", "deg_5"], "13": ["cc_0", "deg_3"], "6": ["cc_0", "deg_3"], "30": ["cc_0", "deg_2"], "5": ["cc_0", "deg_2"], "3": ["cc_0", "deg_4"], "24": ["cc_0", "deg_3"], "23": ["cc_5", "deg_4"], "27": ["cc_0", "deg_3"], "19": ["cc_3", "deg_5"], "10": ["cc_0", "deg_4"], "17": ["cc_2", "deg_6"], "11": ["cc_4", "deg_6"], "22": ["cc_0", "deg_2"], "18": ["cc_0", "deg_3"], "31": ["cc_0", "deg_5"], "2": ["cc_0", "deg_3"], "26": ["cc_11", "deg_4"], "20": ["cc_0", "deg_2"], "14": ["cc_0", "deg_6"], "9": ["cc_0", "deg_4"], "8": ["cc_0", "deg_3"], "15": ["cc_6", "deg_5"]}, "edges": [[0, 19], [0, 11], [0, 12], [0, 13], [0, 30], [1, 8], [1, 25], [1, 3], [2, 24], [2, 4], [2, 5], [3, 4], [3, 11], [3, 12], [4, 17], [4, 21], [4, 23], [4, 8], [4, 28], [4, 15], [5, 10], [6, 17], [6, 28], [6, 25], [7, 8], [7, 11], [7, 27], [9, 21], [9, 31], [9, 14], [9, 15], [10, 16], [10, 14], [10, 21], [11, 19], [11, 25], [11, 26], [12, 14], [13, 25], [13, 14], [14, 19], [14, 29], [15, 17], [15, 22], [15, 28], [16, 17], [16, 25], [17, 18], [17, 31], [18, 24], [18, 25], [19, 27], [19, 22], [20, 21], [20, 23], [21, 25], [23, 25], [23, 26], [24, 27], [25, 26], [26, 28], [28, 31], [29, 31], [30, 31]]}