{"label": 0, "edges": [[0, 80], [0, 1], [0, 3], [0, 37], [0, 70], [0, 15], [0, 41], [0, 27], [0, 78], [0, 79], [1, 80], [1, 2], [1, 3], [1, 4], [1, 50], [1, 23], [1, 61], [2, 3], [2, 5], [2, 7], [2, 80], [3, 4], [3, 6], [3, 56], [4, 22], [4, 6], [4, 7], [4, 23], [5, 6], [5, 7], [5, 8], [6, 16], [6, 7], [6, 71], [7, 39], [7, 9], [7, 10], [8, 9], [8, 10], [8, 11], [9, 22], [9, 11], [9, 12], [9, 79], [10, 11], [10, 12], [10, 13], [11, 62], [11, 41], [11, 13], [11, 14], [12, 27], [12, 13], [12, 14], [12, 15], [13, 16], [13, 49], [13, 14], [13, 15], [14, 17], [14, 22], [14, 33], [14, 24], [14, 15], [15, 16], [15, 17], [16, 17], [16, 24], [16, 60], [17, 18], [17, 19], [17, 20], [17, 50], [18, 19], [18, 20], [18, 71], [19, 20], [19, 21], [19, 22], [20, 48], [20, 21], [20, 22], [20, 23], [21, 32], [21, 22], [21, 24], [21, 25], [22, 24], [22, 25], [23, 47], [24, 26], [24, 27], [24, 42], [25, 26], [25, 27], [25, 28], [26, 53], [26, 27], [26, 28], [26, 29], [27, 29], [27, 63], [28, 38], [28, 29], [28, 31], [29, 32], [29, 30], [29, 31], [30, 32], [30, 33], [30, 31], [31, 32], [31, 33], [31, 34], [32, 33], [32, 34], [33, 35], [33, 58], [33, 45], [34, 35], [34, 36], [34, 37], [35, 37], [35, 38], [35, 49], [36, 37], [36, 38], [36, 39], [37, 38], [37, 39], [37, 40], [38, 39], [38, 40], [38, 41], [39, 40], [39, 41], [39, 42], [40, 41], [40, 42], [40, 43], [41, 43], [41, 44], [41, 79], [42, 43], [42, 44], [42, 47], [43, 48], [43, 60], [43, 45], [43, 46], [44, 45], [44, 46], [44, 47], [45, 48], [45, 49], [45, 47], [46, 48], [46, 49], [46, 47], [47, 48], [47, 49], [47, 52], [48, 50], [49, 50], [49, 52], [50, 52], [51, 52], [51, 53], [51, 54], [52, 53], [52, 54], [52, 55], [53, 54], [53, 55], [54, 55], [54, 56], [54, 57], [55, 56], [55, 57], [55, 58], [56, 58], [56, 59], [56, 61], [57, 59], [57, 60], [57, 61], [58, 59], [58, 60], [59, 60], [59, 61], [59, 62], [60, 61], [60, 62], [60, 63], [61, 64], [61, 62], [62, 65], [62, 63], [63, 64], [63, 66], [64, 65], [64, 66], [64, 67], [65, 66], [65, 67], [65, 68], [66, 67], [66, 68], [66, 69], [67, 68], [67, 69], [67, 70], [68, 69], [68, 70], [68, 71], [69, 70], [69, 71], [69, 72], [70, 72], [70, 73], [71, 72], [71, 73], [71, 74], [72, 73], [72, 74], [72, 75], [73, 74], [73, 75], [73, 76], [74, 75], [74, 76], [74, 77], [75, 76], [75, 77], [75, 78], [76, 77], [76, 78], [76, 79], [77, 80], [77, 78], [77, 79], [78, 80], [78, 79]], "features": {"27": ["cc_4", "deg_7"], "35": ["cc_6", "deg_5"], "43": ["cc_6", "deg_7"], "47": ["cc_9", "deg_8"], "32": ["cc_13", "deg_6"], "56": ["cc_8", "deg_6"], "77": ["cc_17", "deg_6"], "9": ["cc_2", "deg_6"], "33": ["cc_4", "deg_7"], "48": ["cc_8", "deg_6"], "55": ["cc_13", "deg_6"], "0": ["cc_3", "deg_10"], "2": ["cc_10", "deg_5"], "18": ["cc_16", "deg_4"], "5": ["cc_11", "deg_4"], "76": ["cc_20", "deg_6"], "14": ["cc_7", "deg_8"], "38": ["cc_12", "deg_7"], "73": ["cc_17", "deg_6"], "44": ["cc_10", "deg_5"], "39": ["cc_12", "deg_7"], "3": ["cc_8", "deg_6"], "68": ["cc_17", "deg_6"], "28": ["cc_10", "deg_5"], "51": ["cc_33", "deg_3"], "23": ["cc_5", "deg_4"], "19": ["cc_20", "deg_5"], "61": ["cc_9", "deg_7"], "34": ["cc_10", "deg_5"], "75": ["cc_20", "deg_6"], "11": ["cc_6", "deg_7"], "72": ["cc_17", "deg_6"], "17": ["cc_7", "deg_7"], "12": ["cc_8", "deg_6"], "25": ["cc_10", "deg_5"], "24": ["cc_4", "deg_7"], "62": ["cc_8", "deg_6"], "59": ["cc_17", "deg_6"], "69": ["cc_17", "deg_6"], "22": ["cc_7", "deg_8"], "60": ["cc_8", "deg_8"], "70": ["cc_11", "deg_6"], "65": ["cc_16", "deg_5"], "71": ["cc_7", "deg_7"], "15": ["cc_13", "deg_6"], "4": ["cc_8", "deg_6"], "78": ["cc_17", "deg_6"], "80": ["cc_13", "deg_5"], "37": ["cc_12", "deg_7"], "45": ["cc_8", "deg_6"], "42": ["cc_6", "deg_6"], "30": ["cc_27", "deg_4"], "31": ["cc_15", "deg_6"], "66": ["cc_17", "deg_6"], "36": ["cc_22", "deg_4"], "67": ["cc_20", "deg_6"], "57": ["cc_13", "deg_5"], "53": ["cc_16", "deg_5"], "10": ["cc_10", "deg_5"], "49": ["cc_6", "deg_7"], "1": ["cc_7", "deg_8"], "46": ["cc_13", "deg_5"], "79": ["cc_11", "deg_6"], "26": ["cc_11", "deg_6"], "40": ["cc_17", "deg_6"], "41": ["cc_5", "deg_8"], "20": ["cc_9", "deg_7"], "29": ["cc_13", "deg_6"], "52": ["cc_11", "deg_7"], "58": ["cc_10", "deg_5"], "63": ["cc_6", "deg_5"], "64": ["cc_13", "deg_5"], "74": ["cc_20", "deg_6"], "13": ["cc_11", "deg_7"], "6": ["cc_6", "deg_6"], "7": ["cc_4", "deg_7"], "50": ["cc_3", "deg_5"], "8": ["cc_11", "deg_4"], "16": ["cc_4", "deg_6"], "54": ["cc_15", "deg_6"], "21": ["cc_11", "deg_6"]}}