{"label": 0, "features": {"53": ["cc_16", "deg_4"], "47": ["cc_16", "deg_4"], "68": ["cc_16", "deg_4"], "21": ["cc_16", "deg_4"], "34": ["cc_16", "deg_4"], "67": ["cc_16", "deg_4"], "41": ["cc_16", "deg_4"], "4": ["cc_16", "deg_4"], "42": ["cc_16", "deg_4"], "12": ["cc_16", "deg_4"], "28": ["cc_16", "deg_4"], "66": ["cc_16", "deg_4"], "5": ["cc_16", "deg_4"], "65": ["cc_16", "deg_4"], "61": ["cc_16", "deg_4"], "3": ["cc_16", "deg_4"], "64": ["cc_16", "deg_4"], "51": ["cc_16", "deg_4"], "24": ["cc_16", "deg_4"], "56": ["cc_16", "deg_4"], "55": ["cc_16", "deg_4"], "19": ["cc_16", "deg_4"], "54": ["cc_16", "deg_4"], "36": ["cc_16", "deg_4"], "17": ["cc_16", "deg_4"], "11": ["cc_16", "deg_4"], "22": ["cc_16", "deg_4"], "18": ["cc_16", "deg_4"], "59": ["cc_16", "deg_4"], "2": ["cc_10", "deg_5"], "46": ["cc_16", "deg_4"], "37": ["cc_16", "deg_4"], "38": ["cc_16", "deg_4"], "9": ["cc_16", "deg_4"], "27": ["cc_16", "deg_4"], "58": ["cc_16", "deg_4"], "35": ["cc_16", "deg_4"], "1": ["cc_16", "deg_4"], "16": ["cc_16", "deg_4"], "25": ["cc_16", "deg_4"], "7": ["cc_16", "deg_4"], "39": ["cc_16", "deg_4"], "0": ["cc_16", "deg_4"], "29": ["cc_16", "deg_4"], "63": ["cc_16", "deg_4"], "13": ["cc_16", "deg_4"], "6": ["cc_16", "deg_4"], "30": ["cc_11", "deg_4"], "14": ["cc_16", "deg_4"], "32": ["cc_11", "deg_3"], "45": ["cc_16", "deg_4"], "10": ["cc_16", "deg_4"], "33": ["cc_11", "deg_4"], "23": ["cc_16", "deg_4"], "48": ["cc_16", "deg_4"], "40": ["cc_16", "deg_4"], "8": ["cc_16", "deg_4"], "44": ["cc_16", "deg_4"], "31": ["cc_5", "deg_4"], "26": ["cc_16", "deg_4"], "43": ["cc_16", "deg_4"], "57": ["cc_16", "deg_4"], "20": ["cc_16", "deg_4"], "50": ["cc_16", "deg_4"], "62": ["cc_16", "deg_4"], "60": ["cc_16", "deg_4"], "52": ["cc_16", "deg_4"], "15": ["cc_16", "deg_4"], "49": ["cc_16", "deg_4"]}, "edges": [[0, 1], [0, 2], [0, 67], [0, 68], [1, 2], [1, 3], [1, 68], [2, 3], [2, 4], [2, 31], [3, 4], [3, 5], [4, 5], [4, 6], [5, 6], [5, 7], [6, 8], [6, 7], [7, 8], [7, 9], [8, 9], [8, 10], [9, 10], [9, 11], [10, 11], [10, 12], [11, 12], [11, 13], [12, 13], [12, 14], [13, 14], [13, 15], [14, 16], [14, 15], [15, 16], [15, 17], [16, 17], [16, 18], [17, 18], [17, 19], [18, 19], [18, 20], [19, 20], [19, 21], [20, 21], [20, 22], [21, 22], [21, 23], [22, 24], [22, 23], [23, 24], [23, 25], [24, 25], [24, 26], [25, 26], [25, 27], [26, 27], [26, 28], [27, 28], [27, 29], [28, 29], [28, 30], [29, 30], [29, 31], [30, 32], [30, 31], [31, 33], [32, 33], [32, 34], [33, 34], [33, 35], [34, 35], [34, 36], [35, 36], [35, 37], [36, 37], [36, 38], [37, 38], [37, 39], [38, 40], [38, 39], [39, 40], [39, 41], [40, 41], [40, 42], [41, 42], [41, 43], [42, 43], [42, 44], [43, 44], [43, 45], [44, 45], [44, 46], [45, 46], [45, 47], [46, 48], [46, 47], [47, 48], [47, 49], [48, 49], [48, 50], [49, 50], [49, 51], [50, 51], [50, 52], [51, 52], [51, 53], [52, 53], [52, 54], [53, 54], [53, 55], [54, 56], [54, 55], [55, 56], [55, 57], [56, 57], [56, 58], [57, 58], [57, 59], [58, 59], [58, 60], [59, 60], [59, 61], [60, 61], [60, 62], [61, 62], [61, 63], [62, 64], [62, 63], [63, 64], [63, 65], [64, 65], [64, 66], [65, 66], [65, 67], [66, 67], [66, 68], [67, 68]]}