{"label": 2, "features": {"53": ["cc_0", "deg_3"], "47": ["cc_0", "deg_5"], "21": ["cc_0", "deg_2"], "34": ["cc_0", "deg_4"], "67": ["cc_2", "deg_6"], "41": ["cc_0", "deg_3"], "4": ["cc_0", "deg_3"], "42": ["cc_0", "deg_6"], "12": ["cc_0", "deg_5"], "28": ["cc_0", "deg_3"], "66": ["cc_0", "deg_3"], "5": ["cc_0", "deg_4"], "65": ["cc_0", "deg_6"], "61": ["cc_3", "deg_5"], "3": ["cc_5", "deg_4"], "64": ["cc_0", "deg_4"], "51": ["cc_5", "deg_4"], "24": ["cc_0", "deg_3"], "56": ["cc_0", "deg_2"], "55": ["cc_0", "deg_6"], "19": ["cc_0", "deg_4"], "54": ["cc_0", "deg_3"], "36": ["cc_0", "deg_5"], "17": ["cc_0", "deg_4"], "11": ["cc_0", "deg_4"], "22": ["cc_33", "deg_2"], "18": ["cc_0", "deg_4"], "59": ["cc_0", "deg_4"], "2": ["cc_3", "deg_5"], "46": ["cc_0", "deg_3"], "37": ["cc_0", "deg_3"], "38": ["cc_3", "deg_5"], "9": ["cc_6", "deg_5"], "27": ["cc_0", "deg_4"], "58": ["cc_3", "deg_7"], "35": ["cc_0", "deg_3"], "1": ["cc_0", "deg_3"], "16": ["cc_0", "deg_4"], "25": ["cc_0", "deg_3"], "7": ["cc_0", "deg_5"], "39": ["cc_0", "deg_4"], "0": ["cc_0", "deg_4"], "29": ["cc_6", "deg_5"], "63": ["cc_2", "deg_6"], "13": ["cc_6", "deg_5"], "6": ["cc_0", "deg_5"], "30": ["cc_0", "deg_3"], "14": ["cc_5", "deg_4"], "32": ["cc_0", "deg_4"], "45": ["cc_0", "deg_3"], "10": ["cc_5", "deg_4"], "33": ["cc_0", "deg_3"], "23": ["cc_0", "deg_3"], "48": ["cc_0", "deg_5"], "40": ["cc_0", "deg_3"], "8": ["cc_5", "deg_4"], "44": ["cc_0", "deg_4"], "31": ["cc_4", "deg_6"], "26": ["cc_11", "deg_3"], "43": ["cc_0", "deg_4"], "57": ["cc_0", "deg_3"], "20": ["cc_0", "deg_3"], "50": ["cc_0", "deg_3"], "62": ["cc_3", "deg_5"], "60": ["cc_5", "deg_4"], "52": ["cc_0", "deg_4"], "15": ["cc_0", "deg_5"], "49": ["cc_0", "deg_2"]}, "edges": [[0, 48], [0, 25], [0, 14], [0, 15], [1, 52], [1, 11], [1, 63], [2, 36], [2, 24], [2, 10], [2, 61], [2, 63], [3, 11], [3, 38], [3, 10], [3, 59], [4, 36], [4, 24], [4, 58], [5, 56], [5, 12], [5, 6], [5, 55], [6, 37], [6, 7], [6, 57], [6, 61], [7, 52], [7, 39], [7, 9], [7, 30], [8, 9], [8, 10], [8, 18], [8, 31], [9, 35], [9, 14], [9, 31], [10, 38], [11, 30], [11, 49], [12, 65], [12, 34], [12, 59], [12, 29], [13, 28], [13, 58], [13, 60], [13, 29], [13, 62], [14, 41], [14, 31], [15, 16], [15, 19], [15, 21], [15, 31], [16, 32], [16, 36], [16, 40], [17, 23], [17, 43], [17, 34], [17, 48], [18, 64], [18, 67], [18, 37], [19, 49], [19, 44], [19, 34], [20, 64], [20, 33], [20, 59], [21, 63], [22, 58], [22, 29], [23, 25], [23, 65], [24, 28], [25, 51], [26, 51], [26, 67], [26, 27], [27, 33], [27, 40], [27, 31], [28, 48], [29, 48], [29, 58], [30, 48], [31, 53], [32, 67], [32, 38], [32, 55], [33, 65], [34, 66], [35, 42], [35, 36], [36, 44], [37, 46], [38, 56], [38, 39], [39, 55], [39, 53], [40, 67], [41, 63], [41, 47], [42, 65], [42, 50], [42, 60], [42, 46], [42, 63], [43, 65], [43, 57], [43, 44], [44, 60], [45, 51], [45, 58], [45, 47], [46, 62], [47, 65], [47, 67], [47, 54], [50, 64], [50, 61], [51, 67], [52, 53], [52, 55], [54, 55], [54, 62], [55, 66], [57, 58], [58, 66], [59, 61], [60, 62], [61, 63], [62, 64]]}