{"label": 0, "edges": [[0, 80], [0, 33], [0, 82], [0, 3], [0, 16], [1, 2], [1, 3], [1, 4], [1, 82], [2, 4], [2, 57], [2, 43], [3, 5], [3, 6], [3, 9], [3, 79], [4, 5], [4, 6], [4, 29], [5, 7], [5, 40], [5, 75], [5, 18], [5, 47], [6, 41], [6, 7], [6, 8], [6, 9], [7, 8], [7, 9], [7, 10], [8, 9], [8, 11], [8, 53], [9, 17], [9, 10], [9, 79], [10, 12], [10, 13], [10, 63], [11, 81], [11, 20], [11, 36], [11, 12], [11, 13], [11, 14], [12, 81], [12, 74], [12, 65], [12, 13], [12, 14], [13, 21], [13, 55], [13, 61], [13, 14], [14, 16], [14, 17], [14, 37], [14, 15], [15, 16], [15, 17], [15, 18], [16, 17], [16, 18], [16, 81], [16, 56], [16, 72], [16, 74], [17, 20], [17, 53], [17, 54], [18, 19], [18, 21], [18, 53], [18, 69], [19, 21], [19, 22], [19, 77], [19, 69], [20, 59], [20, 23], [21, 22], [21, 25], [21, 62], [22, 67], [22, 23], [22, 24], [22, 79], [23, 24], [23, 25], [23, 26], [24, 25], [24, 26], [24, 27], [25, 26], [25, 27], [25, 28], [26, 81], [26, 57], [26, 29], [27, 28], [27, 29], [27, 30], [28, 29], [28, 30], [28, 31], [29, 32], [29, 52], [29, 56], [29, 30], [30, 32], [30, 33], [30, 31], [31, 32], [31, 33], [31, 34], [32, 33], [32, 34], [32, 35], [33, 34], [33, 35], [33, 36], [34, 35], [34, 36], [34, 37], [35, 36], [35, 37], [35, 38], [36, 37], [36, 38], [37, 65], [37, 39], [38, 49], [38, 39], [38, 40], [38, 41], [38, 58], [39, 72], [39, 40], [39, 41], [39, 42], [40, 41], [40, 42], [40, 43], [41, 43], [41, 44], [42, 43], [42, 44], [42, 45], [43, 48], [43, 70], [43, 44], [43, 45], [43, 46], [44, 45], [44, 46], [44, 47], [45, 79], [45, 74], [45, 46], [45, 47], [46, 80], [46, 54], [46, 58], [46, 79], [47, 49], [47, 75], [47, 62], [48, 50], [48, 51], [49, 50], [49, 51], [50, 67], [50, 52], [50, 53], [50, 69], [51, 82], [51, 52], [51, 53], [51, 54], [52, 53], [52, 54], [52, 55], [53, 54], [53, 55], [53, 56], [54, 55], [54, 56], [54, 57], [55, 72], [55, 56], [55, 57], [55, 77], [56, 57], [56, 58], [57, 58], [57, 59], [57, 60], [58, 60], [58, 61], [59, 60], [59, 61], [59, 62], [60, 66], [60, 61], [60, 62], [60, 63], [61, 64], [61, 62], [61, 63], [62, 65], [63, 65], [63, 66], [63, 69], [64, 65], [64, 66], [64, 67], [65, 66], [65, 67], [65, 68], [66, 67], [66, 69], [67, 69], [67, 70], [68, 69], [68, 70], [68, 71], [69, 70], [69, 71], [70, 71], [70, 72], [71, 72], [71, 73], [71, 74], [72, 73], [73, 74], [73, 75], [73, 76], [75, 76], [75, 77], [76, 77], [76, 78], [76, 79], [77, 78], [78, 80], [78, 81], [78, 79], [80, 81], [80, 82]], "features": {"27": ["cc_16", "deg_5"], "35": ["cc_17", "deg_6"], "43": ["cc_7", "deg_9"], "47": ["cc_4", "deg_6"], "32": ["cc_17", "deg_6"], "56": ["cc_9", "deg_7"], "77": ["cc_6", "deg_5"], "9": ["cc_9", "deg_7"], "33": ["cc_14", "deg_7"], "48": ["cc_0", "deg_3"], "55": ["cc_8", "deg_8"], "0": ["cc_3", "deg_5"], "2": ["cc_5", "deg_4"], "18": ["cc_4", "deg_7"], "5": ["cc_1", "deg_7"], "76": ["cc_13", "deg_5"], "14": ["cc_9", "deg_7"], "81": ["cc_4", "deg_6"], "38": ["cc_6", "deg_7"], "73": ["cc_10", "deg_5"], "44": ["cc_15", "deg_6"], "39": ["cc_8", "deg_6"], "82": ["cc_5", "deg_4"], "3": ["cc_4", "deg_6"], "68": ["cc_16", "deg_4"], "28": ["cc_16", "deg_5"], "51": ["cc_6", "deg_6"], "23": ["cc_13", "deg_5"], "19": ["cc_10", "deg_5"], "61": ["cc_7", "deg_7"], "34": ["cc_20", "deg_6"], "75": ["cc_10", "deg_5"], "11": ["cc_6", "deg_7"], "72": ["cc_4", "deg_6"], "17": ["cc_6", "deg_7"], "12": ["cc_7", "deg_7"], "25": ["cc_11", "deg_6"], "24": ["cc_16", "deg_5"], "62": ["cc_6", "deg_6"], "59": ["cc_13", "deg_5"], "69": ["cc_7", "deg_9"], "22": ["cc_4", "deg_6"], "60": ["cc_12", "deg_7"], "70": ["cc_11", "deg_6"], "65": ["cc_4", "deg_8"], "71": ["cc_13", "deg_6"], "15": ["cc_22", "deg_4"], "4": ["cc_3", "deg_5"], "78": ["cc_10", "deg_5"], "80": ["cc_6", "deg_5"], "37": ["cc_6", "deg_6"], "45": ["cc_11", "deg_7"], "42": ["cc_16", "deg_5"], "30": ["cc_17", "deg_6"], "31": ["cc_20", "deg_5"], "66": ["cc_15", "deg_6"], "36": ["cc_13", "deg_6"], "67": ["cc_9", "deg_7"], "57": ["cc_7", "deg_8"], "53": ["cc_8", "deg_9"], "10": ["cc_6", "deg_5"], "49": ["cc_0", "deg_4"], "1": ["cc_5", "deg_4"], "46": ["cc_6", "deg_7"], "79": ["cc_4", "deg_7"], "26": ["cc_6", "deg_6"], "40": ["cc_13", "deg_6"], "41": ["cc_11", "deg_6"], "20": ["cc_0", "deg_4"], "29": ["cc_4", "deg_8"], "52": ["cc_13", "deg_6"], "58": ["cc_6", "deg_6"], "63": ["cc_8", "deg_6"], "64": ["cc_16", "deg_4"], "74": ["cc_3", "deg_5"], "13": ["cc_6", "deg_7"], "6": ["cc_8", "deg_6"], "7": ["cc_13", "deg_5"], "50": ["cc_4", "deg_6"], "8": ["cc_10", "deg_5"], "16": ["cc_3", "deg_9"], "54": ["cc_11", "deg_8"], "21": ["cc_4", "deg_6"]}}