{"label": 2, "features": {"68": ["cc_5", "deg_4"], "21": ["cc_0", "deg_6"], "34": ["cc_2", "deg_6"], "58": ["cc_6", "deg_5"], "69": ["cc_0", "deg_6"], "42": ["cc_11", "deg_3"], "12": ["cc_0", "deg_4"], "66": ["cc_11", "deg_4"], "5": ["cc_0", "deg_4"], "61": ["cc_2", "deg_6"], "91": ["cc_5", "deg_4"], "51": ["cc_0", "deg_4"], "24": ["cc_0", "deg_4"], "56": ["cc_33", "deg_2"], "55": ["cc_0", "deg_3"], "17": ["cc_0", "deg_3"], "22": ["cc_11", "deg_3"], "74": ["cc_0", "deg_3"], "59": ["cc_11", "deg_3"], "46": ["cc_6", "deg_5"], "37": ["cc_11", "deg_3"], "38": ["cc_0", "deg_6"], "81": ["cc_0", "deg_3"], "90": ["cc_0", "deg_3"], "35": ["cc_0", "deg_5"], "47": ["cc_6", "deg_6"], "16": ["cc_0", "deg_4"], "65": ["cc_11", "deg_3"], "23": ["cc_0", "deg_4"], "7": ["cc_11", "deg_3"], "82": ["cc_0", "deg_7"], "29": ["cc_0", "deg_5"], "93": ["cc_1", "deg_7"], "13": ["cc_3", "deg_5"], "6": ["cc_11", "deg_3"], "30": ["cc_0", "deg_5"], "14": ["cc_3", "deg_5"], "40": ["cc_4", "deg_6"], "33": ["cc_5", "deg_4"], "73": ["cc_6", "deg_5"], "76": ["cc_0", "deg_3"], "8": ["cc_0", "deg_3"], "44": ["cc_0", "deg_4"], "26": ["cc_0", "deg_4"], "43": ["cc_0", "deg_2"], "57": ["cc_11", "deg_3"], "20": ["cc_0", "deg_4"], "89": ["cc_0", "deg_4"], "80": ["cc_0", "deg_3"], "70": ["cc_0", "deg_3"], "84": ["cc_0", "deg_4"], "53": ["cc_0", "deg_5"], "1": ["cc_0", "deg_4"], "54": ["cc_0", "deg_3"], "41": ["cc_3", "deg_5"], "4": ["cc_3", "deg_5"], "39": ["cc_11", "deg_3"], "28": ["cc_0", "deg_3"], "25": ["cc_6", "deg_6"], "78": ["cc_0", "deg_3"], "3": ["cc_0", "deg_3"], "64": ["cc_0", "deg_5"], "72": ["cc_0", "deg_4"], "87": ["cc_0", "deg_4"], "19": ["cc_5", "deg_4"], "92": ["cc_5", "deg_4"], "86": ["cc_0", "deg_4"], "62": ["cc_0", "deg_4"], "11": ["cc_0", "deg_5"], "18": ["cc_0", "deg_3"], "67": ["cc_6", "deg_5"], "2": ["cc_0", "deg_4"], "9": ["cc_0", "deg_3"], "27": ["cc_0", "deg_4"], "15": ["cc_0", "deg_2"], "71": ["cc_0", "deg_3"], "88": ["cc_0", "deg_3"], "0": ["cc_5", "deg_4"], "63": ["cc_0", "deg_3"], "32": ["cc_11", "deg_3"], "45": ["cc_0", "deg_4"], "36": ["cc_0", "deg_3"], "83": ["cc_0", "deg_4"], "48": ["cc_1", "deg_7"], "79": ["cc_0", "deg_2"], "77": ["cc_0", "deg_3"], "10": ["cc_0", "deg_3"], "85": ["cc_3", "deg_5"], "31": ["cc_0", "deg_8"], "75": ["cc_11", "deg_3"], "50": ["cc_0", "deg_2"], "60": ["cc_0", "deg_3"], "52": ["cc_0", "deg_4"], "49": ["cc_0", "deg_3"]}, "edges": [[0, 1], [0, 68], [0, 73], [0, 25], [1, 61], [1, 63], [1, 53], [2, 3], [2, 20], [2, 87], [2, 29], [3, 12], [3, 21], [4, 35], [4, 6], [4, 7], [4, 9], [4, 43], [5, 88], [5, 82], [5, 76], [5, 31], [6, 93], [6, 7], [7, 82], [8, 24], [8, 11], [8, 28], [9, 34], [9, 11], [10, 16], [10, 11], [10, 12], [11, 69], [11, 62], [12, 38], [12, 31], [13, 19], [13, 21], [13, 45], [13, 14], [13, 31], [14, 16], [14, 19], [14, 72], [14, 41], [15, 17], [15, 27], [16, 84], [16, 26], [17, 18], [17, 84], [18, 35], [18, 62], [19, 64], [19, 79], [20, 50], [20, 21], [20, 77], [21, 69], [21, 23], [21, 59], [22, 80], [22, 46], [22, 47], [23, 24], [23, 25], [23, 92], [24, 80], [24, 34], [25, 37], [25, 73], [25, 75], [25, 47], [26, 27], [26, 76], [26, 89], [27, 69], [27, 29], [28, 29], [28, 30], [29, 82], [29, 78], [30, 82], [30, 71], [30, 74], [30, 31], [31, 32], [31, 64], [31, 81], [31, 78], [32, 33], [32, 34], [33, 48], [33, 34], [33, 53], [34, 35], [34, 69], [35, 36], [35, 93], [36, 61], [36, 38], [37, 47], [37, 41], [38, 88], [38, 87], [38, 40], [38, 89], [39, 40], [39, 72], [39, 42], [40, 48], [40, 85], [40, 41], [40, 42], [41, 70], [41, 85], [42, 44], [43, 48], [44, 83], [44, 45], [44, 46], [45, 52], [45, 93], [46, 48], [46, 55], [46, 47], [47, 48], [47, 83], [48, 51], [48, 58], [49, 72], [49, 90], [49, 51], [50, 51], [51, 53], [52, 80], [52, 83], [52, 86], [53, 55], [53, 93], [54, 77], [54, 86], [54, 61], [55, 60], [56, 57], [56, 58], [57, 58], [57, 93], [58, 59], [58, 61], [59, 61], [60, 85], [60, 62], [61, 71], [62, 64], [63, 64], [63, 76], [64, 65], [65, 66], [65, 67], [66, 67], [66, 68], [66, 70], [67, 68], [67, 82], [67, 77], [68, 86], [69, 70], [69, 87], [71, 73], [72, 74], [73, 86], [73, 75], [74, 91], [75, 78], [79, 92], [81, 88], [81, 82], [82, 84], [83, 89], [84, 85], [85, 87], [89, 90], [90, 91], [91, 92], [91, 93], [92, 93]]}