{"label": 1, "features": {"53": ["cc_3", "deg_5"], "47": ["cc_0", "deg_3"], "68": ["cc_11", "deg_3"], "21": ["cc_12", "deg_7"], "34": ["cc_4", "deg_6"], "67": ["cc_1", "deg_8"], "41": ["cc_2", "deg_6"], "4": ["cc_3", "deg_5"], "42": ["cc_0", "deg_4"], "12": ["cc_0", "deg_6"], "28": ["cc_0", "deg_4"], "66": ["cc_4", "deg_6"], "5": ["cc_0", "deg_6"], "65": ["cc_1", "deg_8"], "61": ["cc_0", "deg_5"], "3": ["cc_2", "deg_10"], "64": ["cc_0", "deg_4"], "51": ["cc_0", "deg_6"], "24": ["cc_0", "deg_6"], "56": ["cc_1", "deg_9"], "55": ["cc_4", "deg_6"], "19": ["cc_4", "deg_7"], "54": ["cc_1", "deg_7"], "36": ["cc_0", "deg_5"], "17": ["cc_6", "deg_7"], "11": ["cc_2", "deg_6"], "22": ["cc_7", "deg_7"], "71": ["cc_0", "deg_6"], "18": ["cc_7", "deg_7"], "59": ["cc_1", "deg_7"], "2": ["cc_0", "deg_7"], "46": ["cc_1", "deg_8"], "37": ["cc_1", "deg_7"], "38": ["cc_5", "deg_4"], "73": ["cc_0", "deg_6"], "78": ["cc_4", "deg_6"], "9": ["cc_0", "deg_5"], "27": ["cc_0", "deg_3"], "58": ["cc_0", "deg_6"], "35": ["cc_0", "deg_7"], "1": ["cc_1", "deg_7"], "16": ["cc_3", "deg_9"], "80": ["cc_0", "deg_9"], "25": ["cc_0", "deg_4"], "7": ["cc_3", "deg_5"], "39": ["cc_0", "deg_4"], "0": ["cc_0", "deg_5"], "82": ["cc_2", "deg_6"], "83": ["cc_0", "deg_7"], "29": ["cc_0", "deg_6"], "63": ["cc_6", "deg_6"], "13": ["cc_3", "deg_9"], "6": ["cc_2", "deg_8"], "30": ["cc_1", "deg_10"], "14": ["cc_3", "deg_5"], "32": ["cc_2", "deg_6"], "45": ["cc_2", "deg_6"], "10": ["cc_0", "deg_5"], "33": ["cc_0", "deg_4"], "23": ["cc_4", "deg_8"], "69": ["cc_0", "deg_4"], "76": ["cc_3", "deg_5"], "48": ["cc_0", "deg_5"], "79": ["cc_0", "deg_6"], "77": ["cc_2", "deg_6"], "40": ["cc_0", "deg_5"], "81": ["cc_2", "deg_6"], "72": ["cc_3", "deg_5"], "8": ["cc_0", "deg_5"], "44": ["cc_0", "deg_5"], "31": ["cc_0", "deg_6"], "75": ["cc_3", "deg_5"], "26": ["cc_0", "deg_6"], "43": ["cc_2", "deg_6"], "57": ["cc_2", "deg_10"], "20": ["cc_11", "deg_7"], "50": ["cc_1", "deg_8"], "62": ["cc_6", "deg_6"], "60": ["cc_3", "deg_5"], "52": ["cc_0", "deg_4"], "15": ["cc_3", "deg_5"], "74": ["cc_0", "deg_3"], "70": ["cc_1", "deg_7"], "49": ["cc_0", "deg_4"]}, "edges": [[0, 65], [0, 83], [0, 81], [0, 75], [0, 41], [1, 68], [1, 3], [1, 44], [1, 36], [1, 57], [1, 60], [1, 29], [2, 16], [2, 83], [2, 4], [2, 56], [2, 42], [2, 66], [2, 31], [3, 68], [3, 5], [3, 32], [3, 40], [3, 41], [3, 78], [3, 54], [3, 38], [3, 61], [4, 6], [4, 55], [4, 45], [4, 78], [5, 69], [5, 6], [5, 7], [5, 8], [5, 28], [6, 81], [6, 24], [6, 36], [6, 43], [6, 13], [6, 53], [7, 64], [7, 9], [7, 13], [7, 30], [8, 22], [8, 44], [8, 77], [8, 62], [9, 49], [9, 67], [9, 12], [9, 79], [10, 50], [10, 39], [10, 11], [10, 12], [10, 13], [11, 80], [11, 82], [11, 73], [11, 57], [11, 43], [12, 82], [12, 57], [12, 23], [12, 29], [13, 16], [13, 35], [13, 43], [13, 47], [13, 30], [13, 15], [14, 16], [14, 17], [14, 36], [14, 48], [14, 31], [15, 16], [15, 50], [15, 71], [15, 31], [16, 17], [16, 18], [16, 30], [16, 59], [16, 53], [17, 18], [17, 20], [17, 46], [17, 71], [17, 50], [18, 50], [18, 20], [18, 21], [18, 42], [18, 66], [19, 68], [19, 20], [19, 21], [19, 22], [19, 40], [19, 52], [19, 69], [20, 21], [20, 22], [20, 23], [20, 51], [21, 22], [21, 23], [21, 67], [21, 66], [22, 23], [22, 24], [22, 61], [23, 66], [23, 40], [23, 26], [23, 54], [24, 48], [24, 71], [24, 26], [24, 29], [25, 83], [25, 55], [25, 28], [25, 79], [26, 56], [26, 82], [26, 51], [26, 31], [27, 56], [27, 46], [27, 30], [28, 29], [28, 30], [29, 67], [29, 54], [30, 32], [30, 65], [30, 31], [30, 58], [30, 79], [31, 57], [32, 34], [32, 35], [32, 78], [32, 70], [33, 35], [33, 36], [33, 71], [33, 47], [34, 37], [34, 55], [34, 57], [34, 58], [34, 53], [35, 82], [35, 66], [35, 81], [35, 59], [36, 37], [37, 72], [37, 39], [37, 40], [37, 55], [37, 79], [38, 80], [38, 52], [38, 41], [39, 41], [39, 73], [40, 63], [41, 42], [41, 77], [42, 44], [43, 65], [43, 69], [43, 46], [44, 80], [44, 45], [45, 48], [45, 83], [45, 74], [45, 78], [46, 49], [46, 83], [46, 53], [46, 62], [46, 63], [47, 58], [48, 50], [48, 51], [49, 50], [49, 51], [50, 73], [50, 61], [51, 54], [51, 64], [52, 56], [52, 73], [53, 81], [54, 73], [54, 56], [54, 57], [55, 67], [55, 57], [56, 65], [56, 59], [56, 74], [56, 57], [57, 75], [57, 59], [58, 70], [58, 59], [58, 60], [59, 67], [59, 62], [60, 75], [60, 62], [60, 63], [61, 80], [61, 70], [62, 65], [62, 63], [63, 65], [63, 70], [64, 65], [64, 67], [65, 66], [67, 70], [67, 72], [69, 70], [70, 72], [71, 76], [71, 79], [72, 82], [72, 73], [74, 76], [75, 76], [75, 77], [76, 83], [76, 77], [77, 81], [77, 78], [78, 80], [79, 80], [80, 81], [80, 82], [80, 83]]}