{"label": 1, "features": {"21": ["cc_5", "deg_4"], "34": ["cc_22", "deg_3"], "41": ["cc_5", "deg_4"], "4": ["cc_11", "deg_3"], "42": ["cc_0", "deg_4"], "12": ["cc_5", "deg_4"], "28": ["cc_3", "deg_5"], "5": ["cc_2", "deg_6"], "3": ["cc_3", "deg_5"], "24": ["cc_3", "deg_8"], "19": ["cc_0", "deg_2"], "36": ["cc_3", "deg_7"], "17": ["cc_0", "deg_4"], "11": ["cc_11", "deg_3"], "22": ["cc_22", "deg_3"], "18": ["cc_6", "deg_5"], "2": ["cc_5", "deg_4"], "37": ["cc_0", "deg_2"], "38": ["cc_11", "deg_4"], "9": ["cc_5", "deg_4"], "27": ["cc_0", "deg_2"], "35": ["cc_11", "deg_6"], "1": ["cc_5", "deg_4"], "16": ["cc_0", "deg_3"], "25": ["cc_0", "deg_3"], "7": ["cc_0", "deg_3"], "39": ["cc_11", "deg_3"], "0": ["cc_0", "deg_2"], "29": ["cc_0", "deg_2"], "13": ["cc_0", "deg_3"], "6": ["cc_5", "deg_4"], "30": ["cc_0", "deg_3"], "14": ["cc_0", "deg_4"], "32": ["cc_10", "deg_5"], "45": ["cc_0", "deg_3"], "10": ["cc_5", "deg_4"], "33": ["cc_10", "deg_5"], "23": ["cc_8", "deg_6"], "40": ["cc_5", "deg_4"], "8": ["cc_3", "deg_5"], "44": ["cc_5", "deg_4"], "31": ["cc_5", "deg_4"], "26": ["cc_0", "deg_4"], "43": ["cc_5", "deg_4"], "20": ["cc_2", "deg_6"], "15": ["cc_0", "deg_4"]}, "edges": [[0, 1], [0, 20], [1, 2], [1, 3], [1, 45], [2, 3], [2, 4], [2, 39], [3, 20], [3, 5], [3, 17], [4, 5], [4, 6], [5, 19], [5, 6], [5, 7], [5, 41], [6, 8], [6, 18], [7, 8], [7, 9], [8, 23], [8, 10], [8, 28], [9, 10], [9, 11], [9, 12], [10, 24], [10, 38], [11, 12], [11, 45], [12, 13], [12, 30], [13, 14], [13, 15], [14, 16], [14, 25], [14, 42], [15, 17], [15, 18], [15, 26], [16, 17], [16, 33], [17, 24], [18, 32], [18, 35], [18, 20], [19, 20], [20, 21], [20, 35], [21, 25], [21, 22], [21, 23], [22, 24], [22, 23], [23, 36], [23, 24], [23, 28], [24, 36], [24, 38], [24, 26], [24, 27], [25, 36], [26, 43], [26, 28], [27, 28], [28, 30], [29, 43], [29, 31], [30, 32], [31, 32], [31, 33], [31, 45], [32, 33], [32, 35], [33, 34], [33, 35], [34, 35], [34, 36], [35, 36], [36, 37], [36, 44], [37, 42], [38, 39], [38, 40], [39, 40], [40, 41], [40, 42], [41, 43], [41, 44], [42, 44], [43, 44]]}