{"label": 1, "edges": [[0, 65], [0, 2], [0, 54], [0, 56], [0, 75], [0, 47], [1, 64], [1, 2], [1, 69], [1, 7], [1, 75], [2, 3], [2, 4], [2, 71], [2, 56], [2, 75], [2, 28], [2, 30], [3, 51], [3, 4], [3, 5], [3, 28], [4, 19], [4, 53], [4, 23], [4, 40], [4, 55], [5, 35], [5, 68], [5, 39], [5, 8], [6, 73], [6, 55], [6, 9], [7, 16], [7, 68], [7, 50], [7, 8], [7, 9], [7, 10], [7, 44], [8, 34], [8, 36], [8, 38], [8, 10], [8, 11], [8, 21], [9, 69], [9, 72], [9, 10], [10, 27], [10, 11], [10, 13], [10, 30], [10, 15], [11, 42], [11, 57], [11, 39], [11, 13], [11, 14], [12, 13], [12, 14], [12, 15], [13, 69], [13, 23], [13, 14], [14, 16], [14, 17], [14, 15], [15, 32], [15, 37], [15, 58], [15, 63], [16, 18], [16, 63], [17, 51], [17, 18], [17, 19], [17, 20], [17, 40], [17, 28], [18, 51], [18, 20], [18, 21], [19, 20], [19, 21], [19, 22], [19, 25], [19, 74], [20, 21], [20, 22], [20, 23], [20, 61], [20, 46], [21, 40], [21, 24], [21, 52], [21, 66], [22, 32], [22, 48], [22, 46], [23, 72], [23, 25], [23, 47], [24, 34], [24, 25], [24, 26], [25, 68], [25, 27], [26, 65], [26, 70], [26, 71], [26, 27], [26, 28], [26, 61], [27, 73], [27, 71], [28, 36], [28, 55], [28, 47], [28, 31], [29, 38], [29, 55], [29, 30], [29, 31], [30, 32], [30, 48], [30, 74], [30, 46], [31, 64], [31, 34], [31, 67], [32, 34], [32, 35], [32, 53], [32, 75], [33, 37], [33, 62], [33, 45], [34, 36], [34, 56], [35, 64], [35, 36], [35, 56], [35, 57], [36, 37], [36, 55], [36, 45], [37, 54], [37, 63], [37, 45], [37, 46], [38, 56], [38, 40], [38, 41], [39, 72], [39, 40], [39, 41], [39, 63], [40, 41], [40, 43], [41, 55], [41, 43], [41, 44], [42, 58], [42, 45], [43, 58], [43, 44], [43, 45], [43, 46], [44, 68], [44, 69], [44, 45], [44, 61], [45, 52], [46, 48], [46, 72], [46, 64], [48, 50], [48, 51], [49, 64], [49, 69], [49, 56], [49, 73], [50, 51], [50, 63], [51, 67], [51, 52], [51, 70], [51, 74], [52, 53], [52, 54], [52, 58], [53, 66], [54, 55], [54, 73], [54, 69], [57, 58], [57, 59], [58, 63], [59, 60], [59, 61], [59, 62], [60, 61], [60, 62], [60, 63], [62, 64], [62, 65], [62, 66], [62, 63], [63, 65], [63, 74], [64, 65], [64, 67], [65, 67], [65, 68], [66, 67], [66, 68], [67, 69], [67, 70], [68, 73], [70, 71], [70, 72], [71, 72], [71, 74], [72, 73], [73, 74], [73, 75]], "features": {"27": ["cc_3", "deg_5"], "35": ["cc_0", "deg_6"], "43": ["cc_6", "deg_6"], "47": ["cc_0", "deg_3"], "32": ["cc_0", "deg_7"], "56": ["cc_2", "deg_6"], "9": ["cc_3", "deg_5"], "33": ["cc_11", "deg_3"], "48": ["cc_10", "deg_5"], "55": ["cc_1", "deg_7"], "0": ["cc_4", "deg_6"], "2": ["cc_4", "deg_9"], "18": ["cc_10", "deg_5"], "5": ["cc_0", "deg_5"], "14": ["cc_6", "deg_6"], "38": ["cc_3", "deg_5"], "73": ["cc_0", "deg_8"], "44": ["cc_4", "deg_7"], "39": ["cc_2", "deg_6"], "3": ["cc_6", "deg_5"], "68": ["cc_1", "deg_7"], "28": ["cc_2", "deg_8"], "51": ["cc_2", "deg_9"], "23": ["cc_0", "deg_6"], "19": ["cc_4", "deg_7"], "61": ["cc_3", "deg_5"], "34": ["cc_2", "deg_6"], "75": ["cc_6", "deg_5"], "11": ["cc_4", "deg_7"], "72": ["cc_1", "deg_7"], "17": ["cc_4", "deg_7"], "12": ["cc_22", "deg_3"], "25": ["cc_0", "deg_5"], "24": ["cc_0", "deg_4"], "62": ["cc_6", "deg_7"], "59": ["cc_11", "deg_4"], "69": ["cc_0", "deg_7"], "22": ["cc_10", "deg_5"], "60": ["cc_16", "deg_4"], "70": ["cc_10", "deg_5"], "65": ["cc_4", "deg_7"], "71": ["cc_6", "deg_6"], "15": ["cc_4", "deg_7"], "4": ["cc_1", "deg_7"], "37": ["cc_4", "deg_7"], "45": ["cc_4", "deg_7"], "42": ["cc_0", "deg_3"], "30": ["cc_1", "deg_7"], "31": ["cc_3", "deg_5"], "66": ["cc_0", "deg_5"], "36": ["cc_4", "deg_7"], "67": ["cc_4", "deg_7"], "57": ["cc_0", "deg_4"], "53": ["cc_0", "deg_4"], "10": ["cc_4", "deg_8"], "49": ["cc_0", "deg_4"], "1": ["cc_3", "deg_5"], "46": ["cc_3", "deg_8"], "26": ["cc_3", "deg_7"], "40": ["cc_4", "deg_7"], "41": ["cc_8", "deg_6"], "20": ["cc_7", "deg_8"], "29": ["cc_0", "deg_4"], "52": ["cc_0", "deg_6"], "58": ["cc_2", "deg_6"], "63": ["cc_2", "deg_10"], "64": ["cc_3", "deg_8"], "74": ["cc_0", "deg_6"], "13": ["cc_6", "deg_6"], "6": ["cc_0", "deg_3"], "7": ["cc_3", "deg_8"], "50": ["cc_5", "deg_4"], "8": ["cc_3", "deg_8"], "16": ["cc_0", "deg_4"], "54": ["cc_0", "deg_6"], "21": ["cc_2", "deg_8"]}}