{"label": 1, "features": {"53": ["cc_0", "deg_6"], "47": ["cc_6", "deg_5"], "21": ["cc_2", "deg_6"], "34": ["cc_2", "deg_8"], "41": ["cc_2", "deg_6"], "4": ["cc_4", "deg_7"], "42": ["cc_2", "deg_8"], "12": ["cc_2", "deg_6"], "28": ["cc_8", "deg_6"], "5": ["cc_2", "deg_10"], "65": ["cc_10", "deg_5"], "61": ["cc_7", "deg_8"], "3": ["cc_0", "deg_4"], "64": ["cc_2", "deg_8"], "51": ["cc_0", "deg_5"], "24": ["cc_0", "deg_5"], "56": ["cc_0", "deg_3"], "55": ["cc_2", "deg_6"], "19": ["cc_5", "deg_4"], "54": ["cc_3", "deg_5"], "36": ["cc_10", "deg_5"], "17": ["cc_3", "deg_5"], "11": ["cc_0", "deg_4"], "22": ["cc_2", "deg_8"], "18": ["cc_0", "deg_3"], "59": ["cc_4", "deg_7"], "2": ["cc_6", "deg_7"], "46": ["cc_5", "deg_10"], "37": ["cc_1", "deg_9"], "38": ["cc_3", "deg_8"], "9": ["cc_0", "deg_5"], "27": ["cc_4", "deg_7"], "58": ["cc_0", "deg_6"], "35": ["cc_22", "deg_3"], "1": ["cc_1", "deg_7"], "16": ["cc_3", "deg_7"], "25": ["cc_4", "deg_7"], "7": ["cc_0", "deg_5"], "39": ["cc_3", "deg_5"], "0": ["cc_6", "deg_5"], "29": ["cc_4", "deg_7"], "63": ["cc_4", "deg_7"], "13": ["cc_0", "deg_3"], "6": ["cc_2", "deg_6"], "30": ["cc_4", "deg_6"], "14": ["cc_11", "deg_3"], "32": ["cc_1", "deg_7"], "45": ["cc_3", "deg_5"], "10": ["cc_0", "deg_6"], "33": ["cc_3", "deg_7"], "23": ["cc_3", "deg_5"], "48": ["cc_6", "deg_5"], "40": ["cc_0", "deg_5"], "8": ["cc_3", "deg_7"], "44": ["cc_1", "deg_9"], "31": ["cc_4", "deg_6"], "26": ["cc_3", "deg_5"], "43": ["cc_6", "deg_6"], "57": ["cc_6", "deg_6"], "20": ["cc_4", "deg_6"], "50": ["cc_0", "deg_5"], "62": ["cc_2", "deg_8"], "60": ["cc_16", "deg_4"], "52": ["cc_3", "deg_5"], "15": ["cc_1", "deg_7"], "49": ["cc_6", "deg_6"]}, "edges": [[0, 64], [0, 1], [0, 2], [0, 65], [0, 42], [1, 49], [1, 34], [1, 4], [1, 56], [1, 52], [1, 11], [2, 16], [2, 4], [2, 65], [2, 26], [2, 29], [2, 30], [3, 5], [3, 7], [3, 13], [3, 53], [4, 19], [4, 52], [4, 5], [4, 6], [4, 8], [5, 43], [5, 56], [5, 6], [5, 39], [5, 8], [5, 23], [5, 12], [5, 18], [6, 32], [6, 7], [6, 9], [6, 45], [7, 8], [7, 62], [7, 15], [8, 32], [8, 41], [8, 27], [8, 30], [9, 50], [9, 10], [9, 11], [9, 62], [10, 64], [10, 37], [10, 26], [10, 39], [10, 12], [11, 51], [11, 22], [12, 61], [12, 36], [12, 23], [12, 29], [13, 52], [13, 15], [14, 16], [14, 33], [14, 58], [15, 16], [15, 17], [15, 37], [15, 64], [15, 21], [16, 34], [16, 33], [16, 22], [16, 29], [17, 22], [17, 25], [17, 63], [17, 44], [18, 42], [18, 59], [19, 34], [19, 20], [19, 22], [20, 21], [20, 22], [20, 42], [20, 28], [20, 53], [21, 64], [21, 59], [21, 43], [21, 63], [22, 37], [22, 24], [22, 25], [23, 48], [23, 55], [23, 25], [24, 64], [24, 48], [24, 44], [24, 45], [25, 33], [25, 27], [25, 28], [25, 31], [26, 27], [26, 29], [26, 61], [27, 53], [27, 54], [27, 28], [27, 30], [28, 54], [28, 42], [28, 31], [29, 51], [29, 30], [29, 31], [30, 33], [30, 37], [31, 34], [31, 37], [31, 44], [32, 34], [32, 55], [32, 58], [32, 44], [32, 62], [33, 55], [33, 46], [33, 63], [34, 37], [34, 47], [34, 55], [35, 36], [35, 37], [35, 38], [36, 37], [36, 38], [36, 41], [37, 40], [38, 57], [38, 39], [38, 41], [38, 59], [38, 44], [38, 45], [39, 48], [39, 46], [40, 50], [40, 51], [40, 55], [40, 58], [41, 64], [41, 42], [41, 47], [42, 58], [42, 43], [42, 44], [43, 49], [43, 44], [43, 46], [44, 46], [44, 50], [45, 46], [45, 47], [46, 48], [46, 49], [46, 63], [46, 62], [46, 47], [47, 49], [48, 49], [49, 50], [50, 52], [51, 53], [51, 54], [52, 53], [53, 58], [54, 55], [54, 57], [56, 59], [57, 58], [57, 59], [57, 60], [57, 61], [59, 61], [59, 62], [60, 61], [60, 62], [60, 63], [61, 65], [61, 62], [61, 63], [62, 64], [63, 65], [64, 65]]}