{"label": 0, "edges": [[0, 1], [0, 44], [0, 45], [0, 25], [1, 2], [1, 3], [1, 45], [2, 3], [2, 4], [3, 4], [3, 5], [3, 12], [4, 5], [4, 6], [5, 6], [5, 7], [6, 8], [6, 27], [6, 7], [7, 8], [7, 9], [8, 11], [8, 41], [8, 9], [8, 10], [9, 10], [9, 45], [10, 11], [10, 24], [11, 12], [12, 32], [12, 13], [13, 21], [13, 14], [13, 15], [14, 16], [14, 15], [15, 17], [15, 26], [16, 17], [16, 18], [16, 42], [17, 18], [17, 19], [18, 19], [18, 20], [19, 20], [19, 21], [20, 41], [20, 21], [20, 22], [21, 23], [22, 24], [22, 23], [23, 24], [23, 25], [24, 25], [24, 26], [25, 26], [25, 27], [26, 27], [26, 28], [27, 41], [28, 34], [28, 30], [29, 30], [29, 31], [30, 32], [30, 31], [31, 32], [31, 33], [32, 33], [33, 34], [33, 35], [34, 35], [34, 36], [35, 36], [35, 37], [36, 37], [36, 38], [37, 38], [37, 39], [38, 40], [38, 39], [39, 40], [39, 41], [40, 41], [40, 42], [42, 44], [43, 44], [43, 45], [44, 45]], "features": {"27": ["cc_5", "deg_4"], "35": ["cc_16", "deg_4"], "43": ["cc_33", "deg_2"], "32": ["cc_11", "deg_4"], "9": ["cc_11", "deg_4"], "33": ["cc_11", "deg_4"], "0": ["cc_11", "deg_4"], "2": ["cc_22", "deg_3"], "18": ["cc_16", "deg_4"], "5": ["cc_16", "deg_4"], "14": ["cc_11", "deg_3"], "38": ["cc_16", "deg_4"], "44": ["cc_11", "deg_4"], "39": ["cc_16", "deg_4"], "3": ["cc_10", "deg_5"], "28": ["cc_0", "deg_3"], "23": ["cc_11", "deg_4"], "19": ["cc_16", "deg_4"], "34": ["cc_11", "deg_4"], "11": ["cc_11", "deg_3"], "17": ["cc_11", "deg_4"], "12": ["cc_0", "deg_4"], "25": ["cc_10", "deg_5"], "24": ["cc_10", "deg_5"], "22": ["cc_11", "deg_3"], "15": ["cc_5", "deg_4"], "4": ["cc_16", "deg_4"], "37": ["cc_16", "deg_4"], "45": ["cc_10", "deg_5"], "42": ["cc_0", "deg_3"], "30": ["cc_11", "deg_4"], "31": ["cc_16", "deg_4"], "36": ["cc_16", "deg_4"], "10": ["cc_11", "deg_4"], "1": ["cc_11", "deg_4"], "26": ["cc_6", "deg_5"], "40": ["cc_11", "deg_4"], "41": ["cc_3", "deg_5"], "20": ["cc_6", "deg_5"], "29": ["cc_33", "deg_2"], "13": ["cc_5", "deg_4"], "6": ["cc_10", "deg_5"], "7": ["cc_16", "deg_4"], "8": ["cc_8", "deg_6"], "16": ["cc_5", "deg_4"], "21": ["cc_5", "deg_4"]}}