{"label": 1, "edges": [[0, 1], [0, 2], [0, 70], [0, 57], [1, 2], [1, 3], [1, 28], [2, 3], [2, 4], [2, 64], [3, 4], [3, 5], [3, 21], [4, 17], [4, 6], [5, 6], [5, 7], [6, 8], [6, 26], [7, 8], [7, 9], [8, 69], [8, 43], [9, 16], [9, 39], [9, 24], [10, 11], [10, 12], [11, 12], [11, 13], [12, 42], [12, 13], [12, 14], [13, 14], [13, 15], [14, 16], [14, 52], [15, 17], [15, 52], [15, 27], [16, 17], [17, 19], [17, 62], [18, 19], [18, 20], [19, 56], [19, 20], [20, 57], [20, 21], [21, 56], [22, 24], [22, 36], [22, 65], [23, 24], [23, 25], [23, 35], [24, 26], [24, 69], [25, 26], [25, 27], [25, 29], [26, 27], [26, 28], [27, 58], [27, 39], [27, 28], [27, 29], [28, 46], [29, 47], [29, 30], [30, 32], [30, 38], [31, 32], [31, 33], [32, 33], [32, 70], [32, 38], [33, 50], [33, 43], [34, 35], [34, 36], [35, 52], [36, 65], [36, 37], [36, 40], [37, 40], [37, 38], [37, 55], [38, 39], [38, 40], [38, 46], [39, 41], [40, 41], [41, 42], [41, 43], [42, 43], [43, 51], [43, 44], [44, 46], [44, 47], [45, 61], [45, 69], [45, 47], [46, 63], [47, 49], [48, 49], [48, 50], [49, 50], [49, 62], [50, 52], [50, 57], [51, 52], [51, 53], [52, 54], [53, 67], [53, 54], [53, 55], [54, 56], [54, 55], [55, 56], [55, 58], [56, 68], [56, 57], [56, 58], [57, 58], [58, 67], [59, 60], [59, 61], [60, 61], [60, 62], [61, 62], [61, 63], [62, 64], [62, 69], [62, 63], [63, 64], [63, 65], [64, 65], [66, 67], [66, 68], [67, 69], [68, 70]], "features": {"27": ["cc_4", "deg_7"], "35": ["cc_0", "deg_3"], "43": ["cc_2", "deg_6"], "47": ["cc_0", "deg_4"], "32": ["cc_6", "deg_5"], "56": ["cc_4", "deg_7"], "9": ["cc_0", "deg_4"], "33": ["cc_5", "deg_4"], "48": ["cc_33", "deg_2"], "55": ["cc_10", "deg_5"], "0": ["cc_5", "deg_4"], "2": ["cc_10", "deg_5"], "18": ["cc_33", "deg_2"], "5": ["cc_0", "deg_3"], "14": ["cc_5", "deg_4"], "38": ["cc_4", "deg_6"], "44": ["cc_0", "deg_3"], "39": ["cc_0", "deg_4"], "3": ["cc_6", "deg_5"], "68": ["cc_0", "deg_3"], "28": ["cc_5", "deg_4"], "51": ["cc_0", "deg_3"], "23": ["cc_0", "deg_3"], "19": ["cc_5", "deg_4"], "61": ["cc_10", "deg_5"], "34": ["cc_0", "deg_2"], "11": ["cc_22", "deg_3"], "17": ["cc_0", "deg_5"], "12": ["cc_10", "deg_5"], "25": ["cc_11", "deg_4"], "24": ["cc_0", "deg_5"], "62": ["cc_4", "deg_7"], "59": ["cc_33", "deg_2"], "69": ["cc_0", "deg_5"], "22": ["cc_11", "deg_3"], "60": ["cc_22", "deg_3"], "70": ["cc_0", "deg_3"], "65": ["cc_11", "deg_4"], "15": ["cc_0", "deg_4"], "4": ["cc_5", "deg_4"], "37": ["cc_11", "deg_4"], "45": ["cc_0", "deg_3"], "42": ["cc_11", "deg_3"], "30": ["cc_11", "deg_3"], "31": ["cc_33", "deg_2"], "66": ["cc_0", "deg_2"], "36": ["cc_6", "deg_5"], "67": ["cc_0", "deg_4"], "57": ["cc_3", "deg_5"], "53": ["cc_5", "deg_4"], "10": ["cc_33", "deg_2"], "49": ["cc_5", "deg_4"], "1": ["cc_11", "deg_4"], "46": ["cc_0", "deg_4"], "26": ["cc_6", "deg_5"], "40": ["cc_11", "deg_4"], "41": ["cc_5", "deg_4"], "20": ["cc_5", "deg_4"], "29": ["cc_5", "deg_4"], "52": ["cc_0", "deg_6"], "58": ["cc_6", "deg_5"], "63": ["cc_10", "deg_5"], "64": ["cc_11", "deg_4"], "13": ["cc_11", "deg_4"], "6": ["cc_0", "deg_4"], "7": ["cc_0", "deg_3"], "50": ["cc_3", "deg_5"], "8": ["cc_0", "deg_4"], "16": ["cc_0", "deg_3"], "54": ["cc_11", "deg_4"], "21": ["cc_0", "deg_3"]}}