{"label": 1, "edges": [[0, 25], [0, 2], [0, 27], [0, 28], [0, 10], [1, 2], [1, 6], [2, 4], [2, 14], [2, 15], [3, 28], [3, 4], [3, 7], [4, 27], [4, 5], [5, 16], [5, 17], [5, 6], [5, 7], [6, 7], [6, 8], [6, 15], [7, 8], [8, 9], [8, 10], [9, 10], [9, 11], [10, 11], [10, 12], [11, 12], [11, 13], [12, 16], [12, 19], [12, 14], [13, 14], [13, 23], [14, 16], [15, 17], [16, 17], [17, 18], [17, 23], [18, 19], [18, 20], [19, 20], [19, 23], [20, 21], [20, 22], [21, 22], [21, 23], [22, 24], [22, 28], [22, 23], [24, 25], [24, 26], [25, 27], [26, 27], [26, 28], [27, 28]], "features": {"27": ["cc_10", "deg_5"], "22": ["cc_6", "deg_5"], "15": ["cc_0", "deg_3"], "4": ["cc_0", "deg_4"], "0": ["cc_6", "deg_5"], "2": ["cc_0", "deg_5"], "6": ["cc_6", "deg_5"], "18": ["cc_11", "deg_3"], "5": ["cc_6", "deg_5"], "10": ["cc_10", "deg_5"], "14": ["cc_5", "deg_4"], "1": ["cc_0", "deg_2"], "8": ["cc_11", "deg_4"], "20": ["cc_11", "deg_4"], "26": ["cc_11", "deg_3"], "3": ["cc_0", "deg_3"], "11": ["cc_11", "deg_4"], "28": ["cc_6", "deg_5"], "23": ["cc_3", "deg_5"], "19": ["cc_5", "deg_4"], "13": ["cc_0", "deg_3"], "16": ["cc_11", "deg_4"], "7": ["cc_11", "deg_4"], "17": ["cc_3", "deg_5"], "12": ["cc_6", "deg_5"], "25": ["cc_11", "deg_3"], "24": ["cc_0", "deg_3"], "9": ["cc_22", "deg_3"], "21": ["cc_22", "deg_3"]}}