{"label": 1, "features": {"53": ["cc_11", "deg_4"], "47": ["cc_0", "deg_3"], "68": ["cc_33", "deg_2"], "21": ["cc_0", "deg_5"], "34": ["cc_0", "deg_4"], "67": ["cc_0", "deg_4"], "41": ["cc_0", "deg_3"], "4": ["cc_11", "deg_3"], "42": ["cc_0", "deg_4"], "12": ["cc_0", "deg_2"], "28": ["cc_0", "deg_5"], "66": ["cc_5", "deg_4"], "5": ["cc_6", "deg_5"], "65": ["cc_3", "deg_5"], "61": ["cc_6", "deg_6"], "3": ["cc_11", "deg_3"], "64": ["cc_3", "deg_5"], "51": ["cc_4", "deg_7"], "24": ["cc_0", "deg_4"], "56": ["cc_0", "deg_3"], "55": ["cc_3", "deg_5"], "19": ["cc_5", "deg_4"], "54": ["cc_11", "deg_3"], "36": ["cc_0", "deg_3"], "17": ["cc_3", "deg_7"], "11": ["cc_5", "deg_4"], "22": ["cc_0", "deg_4"], "71": ["cc_0", "deg_3"], "18": ["cc_4", "deg_6"], "59": ["cc_4", "deg_6"], "2": ["cc_0", "deg_2"], "46": ["cc_0", "deg_4"], "37": ["cc_0", "deg_3"], "38": ["cc_0", "deg_3"], "73": ["cc_5", "deg_4"], "9": ["cc_6", "deg_5"], "27": ["cc_0", "deg_5"], "58": ["cc_11", "deg_3"], "35": ["cc_0", "deg_2"], "1": ["cc_3", "deg_5"], "16": ["cc_33", "deg_2"], "25": ["cc_0", "deg_5"], "7": ["cc_5", "deg_4"], "39": ["cc_0", "deg_2"], "0": ["cc_11", "deg_4"], "29": ["cc_0", "deg_2"], "63": ["cc_5", "deg_4"], "13": ["cc_0", "deg_6"], "6": ["cc_11", "deg_3"], "30": ["cc_0", "deg_4"], "14": ["cc_0", "deg_4"], "32": ["cc_0", "deg_4"], "45": ["cc_0", "deg_3"], "10": ["cc_5", "deg_4"], "33": ["cc_0", "deg_4"], "23": ["cc_0", "deg_4"], "69": ["cc_3", "deg_5"], "76": ["cc_5", "deg_4"], "48": ["cc_3", "deg_5"], "77": ["cc_6", "deg_5"], "40": ["cc_0", "deg_4"], "72": ["cc_11", "deg_3"], "8": ["cc_0", "deg_4"], "44": ["cc_0", "deg_6"], "31": ["cc_0", "deg_4"], "75": ["cc_0", "deg_3"], "26": ["cc_0", "deg_3"], "43": ["cc_0", "deg_6"], "57": ["cc_11", "deg_3"], "20": ["cc_0", "deg_4"], "50": ["cc_22", "deg_3"], "62": ["cc_5", "deg_4"], "60": ["cc_33", "deg_2"], "52": ["cc_4", "deg_6"], "15": ["cc_0", "deg_4"], "74": ["cc_5", "deg_4"], "70": ["cc_5", "deg_4"], "49": ["cc_3", "deg_5"]}, "edges": [[0, 1], [0, 76], [0, 77], [0, 25], [1, 5], [1, 24], [1, 77], [1, 29], [2, 51], [2, 27], [3, 27], [3, 4], [3, 5], [4, 24], [4, 5], [5, 6], [5, 7], [6, 21], [6, 7], [7, 8], [7, 13], [8, 9], [8, 66], [8, 77], [9, 48], [9, 10], [9, 11], [9, 61], [10, 33], [10, 54], [10, 11], [11, 13], [11, 25], [12, 52], [12, 13], [13, 34], [13, 22], [13, 14], [14, 56], [14, 65], [14, 15], [15, 17], [15, 52], [15, 59], [16, 17], [16, 18], [17, 18], [17, 19], [17, 24], [17, 41], [17, 34], [18, 19], [18, 20], [18, 56], [18, 62], [19, 44], [19, 21], [20, 75], [20, 21], [20, 31], [21, 46], [21, 23], [22, 55], [22, 75], [22, 30], [23, 51], [23, 28], [23, 62], [24, 25], [25, 27], [25, 26], [26, 28], [26, 32], [27, 28], [27, 63], [28, 52], [28, 30], [29, 30], [30, 59], [31, 71], [31, 43], [31, 77], [32, 33], [32, 34], [32, 73], [33, 70], [33, 43], [34, 67], [35, 36], [35, 37], [36, 42], [36, 38], [37, 51], [37, 44], [38, 40], [38, 64], [39, 40], [39, 41], [40, 48], [40, 42], [41, 43], [42, 43], [42, 44], [43, 69], [43, 45], [44, 49], [44, 67], [44, 66], [45, 46], [45, 47], [46, 48], [46, 49], [47, 48], [47, 49], [48, 61], [49, 50], [49, 51], [50, 51], [50, 52], [51, 52], [51, 53], [52, 53], [53, 54], [53, 55], [54, 55], [55, 56], [55, 57], [57, 58], [57, 59], [58, 59], [58, 65], [59, 60], [59, 61], [60, 61], [61, 62], [61, 63], [62, 63], [63, 64], [64, 65], [64, 66], [64, 74], [65, 66], [65, 67], [67, 69], [68, 69], [68, 70], [69, 70], [69, 71], [70, 72], [71, 73], [72, 73], [72, 74], [73, 74], [74, 76], [75, 76], [76, 77]]}