{"label": 2, "features": {"53": ["cc_0", "deg_2"], "47": ["cc_0", "deg_4"], "68": ["cc_0", "deg_3"], "21": ["cc_0", "deg_4"], "34": ["cc_0", "deg_4"], "67": ["cc_3", "deg_5"], "41": ["cc_0", "deg_3"], "4": ["cc_0", "deg_6"], "42": ["cc_2", "deg_6"], "12": ["cc_0", "deg_4"], "28": ["cc_5", "deg_4"], "66": ["cc_0", "deg_5"], "5": ["cc_0", "deg_2"], "65": ["cc_0", "deg_3"], "61": ["cc_3", "deg_5"], "3": ["cc_0", "deg_2"], "64": ["cc_2", "deg_6"], "51": ["cc_0", "deg_4"], "24": ["cc_5", "deg_4"], "56": ["cc_0", "deg_3"], "55": ["cc_3", "deg_5"], "19": ["cc_0", "deg_5"], "54": ["cc_0", "deg_4"], "36": ["cc_0", "deg_5"], "17": ["cc_3", "deg_5"], "11": ["cc_2", "deg_6"], "22": ["cc_3", "deg_5"], "18": ["cc_0", "deg_4"], "59": ["cc_11", "deg_3"], "2": ["cc_5", "deg_4"], "46": ["cc_33", "deg_2"], "37": ["cc_5", "deg_4"], "38": ["cc_0", "deg_3"], "9": ["cc_0", "deg_4"], "27": ["cc_0", "deg_4"], "58": ["cc_11", "deg_3"], "35": ["cc_0", "deg_4"], "1": ["cc_0", "deg_3"], "16": ["cc_0", "deg_6"], "25": ["cc_5", "deg_4"], "7": ["cc_0", "deg_5"], "39": ["cc_0", "deg_4"], "0": ["cc_11", "deg_3"], "29": ["cc_3", "deg_5"], "63": ["cc_11", "deg_3"], "13": ["cc_6", "deg_5"], "6": ["cc_0", "deg_3"], "30": ["cc_0", "deg_2"], "14": ["cc_6", "deg_5"], "32": ["cc_4", "deg_6"], "45": ["cc_0", "deg_2"], "10": ["cc_3", "deg_5"], "33": ["cc_0", "deg_5"], "23": ["cc_0", "deg_5"], "48": ["cc_0", "deg_3"], "40": ["cc_0", "deg_5"], "8": ["cc_0", "deg_4"], "44": ["cc_0", "deg_4"], "31": ["cc_5", "deg_4"], "26": ["cc_0", "deg_3"], "43": ["cc_0", "deg_4"], "57": ["cc_0", "deg_2"], "20": ["cc_5", "deg_4"], "50": ["cc_0", "deg_3"], "62": ["cc_5", "deg_4"], "60": ["cc_0", "deg_5"], "52": ["cc_2", "deg_6"], "15": ["cc_0", "deg_3"], "49": ["cc_0", "deg_2"]}, "edges": [[0, 36], [0, 58], [0, 31], [1, 33], [1, 23], [1, 8], [2, 68], [2, 67], [2, 52], [2, 47], [3, 64], [3, 7], [4, 16], [4, 48], [4, 35], [4, 66], [4, 10], [4, 34], [5, 9], [5, 7], [6, 8], [6, 50], [6, 29], [7, 34], [7, 39], [7, 14], [8, 40], [8, 11], [9, 20], [9, 36], [9, 10], [10, 68], [10, 55], [10, 62], [11, 32], [11, 34], [11, 67], [11, 27], [11, 46], [12, 33], [12, 66], [12, 28], [12, 30], [13, 64], [13, 22], [13, 61], [13, 14], [13, 29], [14, 16], [14, 61], [14, 29], [15, 45], [15, 37], [15, 47], [16, 36], [16, 41], [16, 27], [16, 63], [17, 51], [17, 43], [17, 63], [17, 28], [17, 62], [18, 38], [18, 54], [18, 25], [18, 44], [19, 48], [19, 51], [19, 52], [19, 57], [19, 31], [20, 22], [20, 41], [20, 42], [21, 66], [21, 23], [21, 26], [21, 60], [22, 48], [22, 35], [22, 42], [23, 43], [23, 44], [23, 37], [24, 64], [24, 66], [24, 37], [24, 25], [25, 59], [25, 32], [26, 32], [26, 47], [27, 55], [27, 28], [28, 63], [29, 65], [29, 39], [30, 54], [31, 58], [31, 60], [32, 59], [32, 42], [32, 46], [33, 35], [33, 42], [33, 43], [34, 44], [35, 49], [36, 64], [36, 44], [37, 64], [38, 40], [38, 43], [39, 61], [39, 60], [40, 41], [40, 42], [40, 58], [42, 47], [45, 51], [49, 68], [50, 53], [50, 61], [51, 54], [52, 67], [52, 53], [52, 55], [52, 60], [54, 67], [55, 56], [55, 62], [56, 65], [56, 60], [57, 66], [59, 61], [62, 64], [65, 67]]}