{"label": 0, "features": {"1": ["cc_0", "deg_1"], "16": ["cc_0", "deg_1"], "4": ["cc_0", "deg_1"], "21": ["cc_0", "deg_2"], "32": ["cc_0", "deg_2"], "34": ["cc_0", "deg_2"], "7": ["cc_0", "deg_1"], "25": ["cc_0", "deg_2"], "0": ["cc_0", "deg_3"], "39": ["cc_0", "deg_2"], "12": ["cc_0", "deg_2"], "29": ["cc_0", "deg_2"], "28": ["cc_0", "deg_2"], "13": ["cc_0", "deg_2"], "6": ["cc_0", "deg_1"], "30": ["cc_0", "deg_2"], "5": ["cc_0", "deg_2"], "38": ["cc_0", "deg_3"], "3": ["cc_0", "deg_2"], "24": ["cc_0", "deg_1"], "33": ["cc_0", "deg_2"], "23": ["cc_0", "deg_2"], "27": ["cc_0", "deg_2"], "19": ["cc_0", "deg_3"], "36": ["cc_0", "deg_2"], "10": ["cc_0", "deg_2"], "17": ["cc_0", "deg_3"], "11": ["cc_0", "deg_2"], "22": ["cc_0", "deg_1"], "18": ["cc_0", "deg_2"], "31": ["cc_0", "deg_2"], "2": ["cc_0", "deg_2"], "26": ["cc_0", "deg_2"], "20": ["cc_0", "deg_2"], "14": ["cc_0", "deg_3"], "35": ["cc_0", "deg_2"], "9": ["cc_0", "deg_3"], "8": ["cc_0", "deg_3"], "37": ["cc_0", "deg_2"], "15": ["cc_0", "deg_2"]}, "edges": [[0, 19], [0, 13], [0, 39], [1, 2], [2, 3], [3, 17], [4, 5], [5, 38], [6, 27], [7, 8], [8, 32], [8, 9], [9, 10], [9, 15], [10, 11], [11, 12], [12, 13], [14, 26], [14, 21], [14, 15], [16, 17], [17, 18], [18, 19], [19, 20], [20, 21], [22, 23], [23, 33], [24, 25], [25, 26], [27, 28], [28, 29], [29, 30], [30, 31], [31, 32], [33, 34], [34, 35], [35, 36], [36, 37], [37, 38], [38, 39]]}