{"label": 1, "edges": [[0, 40], [0, 1], [0, 10], [0, 28], [0, 41], [1, 16], [1, 3], [1, 28], [2, 3], [2, 4], [2, 37], [3, 5], [3, 24], [3, 27], [4, 5], [4, 6], [5, 19], [5, 6], [5, 23], [6, 17], [6, 7], [7, 9], [7, 20], [8, 36], [8, 23], [8, 9], [8, 10], [8, 29], [9, 10], [9, 39], [10, 33], [10, 11], [11, 12], [11, 13], [12, 17], [12, 13], [12, 14], [13, 20], [13, 15], [14, 16], [14, 38], [14, 22], [14, 26], [15, 16], [15, 17], [16, 18], [16, 37], [16, 39], [17, 18], [18, 20], [18, 38], [18, 26], [19, 20], [20, 36], [20, 21], [20, 22], [21, 27], [21, 22], [21, 23], [22, 24], [23, 24], [24, 35], [24, 41], [25, 26], [25, 27], [26, 33], [26, 30], [26, 28], [26, 31], [27, 32], [28, 29], [29, 30], [30, 32], [30, 41], [31, 32], [32, 33], [33, 34], [34, 35], [34, 36], [35, 36], [35, 37], [38, 40], [39, 41], [40, 41]], "features": {"27": ["cc_0", "deg_4"], "22": ["cc_5", "deg_4"], "32": ["cc_0", "deg_4"], "15": ["cc_0", "deg_3"], "4": ["cc_11", "deg_3"], "33": ["cc_0", "deg_4"], "40": ["cc_11", "deg_3"], "35": ["cc_5", "deg_4"], "30": ["cc_0", "deg_4"], "0": ["cc_6", "deg_5"], "2": ["cc_0", "deg_3"], "6": ["cc_5", "deg_4"], "18": ["cc_0", "deg_5"], "5": ["cc_3", "deg_5"], "10": ["cc_3", "deg_5"], "14": ["cc_0", "deg_5"], "41": ["cc_3", "deg_5"], "1": ["cc_5", "deg_4"], "29": ["cc_0", "deg_3"], "37": ["cc_0", "deg_3"], "8": ["cc_3", "deg_5"], "20": ["cc_1", "deg_7"], "26": ["cc_0", "deg_7"], "3": ["cc_0", "deg_5"], "11": ["cc_11", "deg_3"], "28": ["cc_5", "deg_4"], "39": ["cc_0", "deg_3"], "23": ["cc_0", "deg_4"], "19": ["cc_0", "deg_2"], "36": ["cc_5", "deg_4"], "38": ["cc_0", "deg_3"], "34": ["cc_11", "deg_3"], "13": ["cc_5", "deg_4"], "16": ["cc_0", "deg_6"], "7": ["cc_0", "deg_3"], "17": ["cc_0", "deg_4"], "12": ["cc_5", "deg_4"], "31": ["cc_0", "deg_2"], "25": ["cc_0", "deg_2"], "24": ["cc_0", "deg_5"], "9": ["cc_5", "deg_4"], "21": ["cc_5", "deg_4"]}}