{"label": 0, "features": {"53": ["cc_11", "deg_4"], "47": ["cc_11", "deg_4"], "68": ["cc_0", "deg_4"], "21": ["cc_11", "deg_4"], "34": ["cc_11", "deg_3"], "67": ["cc_0", "deg_4"], "41": ["cc_11", "deg_4"], "4": ["cc_6", "deg_6"], "42": ["cc_11", "deg_3"], "12": ["cc_5", "deg_4"], "28": ["cc_0", "deg_4"], "66": ["cc_5", "deg_4"], "5": ["cc_10", "deg_5"], "65": ["cc_6", "deg_5"], "61": ["cc_10", "deg_5"], "3": ["cc_11", "deg_4"], "64": ["cc_16", "deg_4"], "51": ["cc_6", "deg_5"], "24": ["cc_22", "deg_3"], "56": ["cc_6", "deg_5"], "55": ["cc_16", "deg_4"], "19": ["cc_10", "deg_5"], "54": ["cc_10", "deg_5"], "36": ["cc_5", "deg_4"], "17": ["cc_11", "deg_3"], "11": ["cc_5", "deg_4"], "22": ["cc_5", "deg_4"], "71": ["cc_11", "deg_3"], "18": ["cc_22", "deg_3"], "59": ["cc_16", "deg_4"], "2": ["cc_5", "deg_4"], "46": ["cc_11", "deg_4"], "37": ["cc_11", "deg_4"], "38": ["cc_5", "deg_4"], "73": ["cc_16", "deg_4"], "78": ["cc_0", "deg_3"], "9": ["cc_0", "deg_3"], "27": ["cc_0", "deg_3"], "58": ["cc_11", "deg_4"], "35": ["cc_5", "deg_4"], "1": ["cc_0", "deg_5"], "16": ["cc_0", "deg_5"], "80": ["cc_0", "deg_3"], "25": ["cc_11", "deg_4"], "7": ["cc_11", "deg_4"], "39": ["cc_10", "deg_5"], "0": ["cc_0", "deg_3"], "82": ["cc_0", "deg_3"], "29": ["cc_11", "deg_3"], "63": ["cc_11", "deg_4"], "13": ["cc_0", "deg_4"], "6": ["cc_16", "deg_4"], "30": ["cc_11", "deg_4"], "14": ["cc_0", "deg_4"], "32": ["cc_3", "deg_5"], "45": ["cc_11", "deg_3"], "10": ["cc_5", "deg_4"], "33": ["cc_33", "deg_2"], "23": ["cc_11", "deg_3"], "69": ["cc_0", "deg_3"], "76": ["cc_11", "deg_4"], "48": ["cc_11", "deg_4"], "79": ["cc_0", "deg_3"], "77": ["cc_5", "deg_4"], "40": ["cc_11", "deg_3"], "81": ["cc_0", "deg_4"], "72": ["cc_11", "deg_4"], "8": ["cc_3", "deg_5"], "44": ["cc_5", "deg_4"], "31": ["cc_6", "deg_5"], "75": ["cc_6", "deg_6"], "26": ["cc_5", "deg_4"], "43": ["cc_5", "deg_4"], "57": ["cc_3", "deg_7"], "20": ["cc_10", "deg_5"], "50": ["cc_4", "deg_6"], "62": ["cc_6", "deg_5"], "60": ["cc_22", "deg_3"], "52": ["cc_11", "deg_3"], "15": ["cc_0", "deg_3"], "74": ["cc_10", "deg_5"], "70": ["cc_0", "deg_2"], "49": ["cc_16", "deg_4"]}, "edges": [[0, 1], [0, 2], [0, 81], [1, 82], [1, 3], [1, 22], [1, 57], [2, 68], [2, 3], [2, 4], [3, 4], [3, 5], [4, 5], [4, 6], [4, 70], [4, 69], [5, 16], [5, 6], [5, 7], [6, 8], [6, 7], [7, 8], [7, 9], [8, 16], [8, 32], [8, 10], [9, 10], [9, 50], [10, 11], [10, 12], [11, 66], [11, 12], [11, 13], [12, 36], [12, 38], [13, 28], [13, 14], [13, 15], [14, 16], [14, 20], [14, 42], [15, 16], [15, 17], [16, 63], [17, 18], [17, 19], [18, 19], [18, 20], [19, 40], [19, 20], [19, 21], [20, 21], [20, 22], [21, 65], [21, 22], [22, 23], [23, 24], [23, 25], [24, 25], [24, 26], [25, 26], [25, 27], [26, 28], [26, 81], [27, 28], [27, 29], [28, 30], [29, 30], [29, 31], [30, 32], [30, 31], [31, 32], [31, 57], [31, 77], [32, 54], [32, 82], [33, 34], [33, 35], [34, 35], [34, 36], [35, 82], [35, 37], [36, 37], [36, 39], [37, 38], [37, 39], [38, 39], [38, 75], [39, 40], [39, 41], [40, 41], [41, 42], [41, 43], [42, 43], [43, 44], [43, 45], [44, 51], [44, 56], [44, 46], [45, 46], [45, 47], [46, 51], [46, 47], [47, 48], [47, 49], [48, 80], [48, 49], [48, 50], [49, 50], [49, 51], [50, 51], [50, 52], [50, 76], [51, 53], [52, 53], [52, 54], [53, 54], [53, 55], [54, 56], [54, 55], [55, 56], [55, 57], [56, 57], [56, 78], [57, 81], [57, 58], [57, 59], [58, 74], [58, 59], [58, 61], [59, 60], [59, 61], [60, 61], [60, 62], [61, 68], [61, 62], [62, 64], [62, 80], [62, 63], [63, 64], [63, 65], [64, 65], [64, 66], [65, 66], [65, 67], [66, 68], [67, 68], [67, 69], [67, 77], [69, 71], [70, 72], [71, 72], [71, 73], [72, 73], [72, 74], [73, 74], [73, 75], [74, 75], [74, 76], [75, 76], [75, 77], [75, 79], [76, 77], [78, 80], [78, 79], [79, 81]]}