{"label": 2, "features": {"47": ["cc_2", "deg_12"], "21": ["cc_5", "deg_4"], "34": ["cc_3", "deg_5"], "41": ["cc_0", "deg_7"], "4": ["cc_0", "deg_4"], "42": ["cc_2", "deg_9"], "12": ["cc_0", "deg_3"], "28": ["cc_3", "deg_5"], "5": ["cc_0", "deg_4"], "3": ["cc_0", "deg_4"], "24": ["cc_2", "deg_6"], "19": ["cc_2", "deg_6"], "36": ["cc_3", "deg_5"], "17": ["cc_1", "deg_9"], "11": ["cc_6", "deg_6"], "22": ["cc_6", "deg_6"], "18": ["cc_2", "deg_6"], "2": ["cc_3", "deg_5"], "46": ["cc_5", "deg_4"], "37": ["cc_3", "deg_5"], "38": ["cc_0", "deg_4"], "9": ["cc_10", "deg_5"], "27": ["cc_3", "deg_8"], "35": ["cc_2", "deg_8"], "1": ["cc_3", "deg_7"], "16": ["cc_4", "deg_6"], "25": ["cc_0", "deg_4"], "7": ["cc_6", "deg_6"], "39": ["cc_4", "deg_7"], "0": ["cc_0", "deg_7"], "29": ["cc_4", "deg_6"], "13": ["cc_4", "deg_6"], "6": ["cc_0", "deg_4"], "30": ["cc_4", "deg_8"], "14": ["cc_0", "deg_3"], "32": ["cc_4", "deg_6"], "45": ["cc_3", "deg_7"], "10": ["cc_2", "deg_8"], "33": ["cc_3", "deg_7"], "23": ["cc_0", "deg_5"], "48": ["cc_6", "deg_9"], "40": ["cc_3", "deg_7"], "8": ["cc_6", "deg_5"], "44": ["cc_0", "deg_5"], "31": ["cc_3", "deg_8"], "26": ["cc_0", "deg_4"], "43": ["cc_5", "deg_4"], "20": ["cc_2", "deg_10"], "15": ["cc_0", "deg_7"], "49": ["cc_0", "deg_4"]}, "edges": [[0, 33], [0, 2], [0, 17], [0, 49], [0, 45], [0, 44], [0, 18], [1, 49], [1, 35], [1, 17], [1, 48], [1, 7], [1, 13], [1, 30], [2, 40], [2, 25], [2, 39], [2, 31], [3, 4], [3, 6], [3, 41], [3, 27], [4, 20], [4, 49], [4, 35], [5, 49], [5, 19], [5, 10], [5, 15], [6, 17], [6, 20], [6, 15], [7, 17], [7, 22], [7, 39], [7, 40], [7, 13], [8, 36], [8, 9], [8, 10], [8, 14], [8, 47], [9, 20], [9, 11], [9, 46], [9, 47], [10, 32], [10, 42], [10, 45], [10, 18], [10, 30], [10, 37], [11, 16], [11, 32], [11, 48], [11, 42], [11, 27], [12, 19], [12, 20], [12, 26], [13, 34], [13, 40], [13, 26], [13, 15], [14, 17], [14, 20], [15, 16], [15, 23], [15, 41], [15, 27], [16, 48], [16, 17], [16, 19], [16, 31], [17, 23], [17, 24], [17, 31], [18, 35], [18, 41], [18, 47], [18, 42], [19, 27], [19, 30], [19, 47], [20, 33], [20, 39], [20, 43], [20, 47], [20, 27], [21, 48], [21, 22], [21, 42], [21, 46], [22, 48], [22, 32], [22, 28], [22, 29], [23, 39], [23, 25], [23, 29], [24, 35], [24, 41], [24, 44], [24, 45], [24, 29], [25, 44], [25, 28], [26, 31], [26, 28], [27, 48], [27, 29], [27, 30], [28, 40], [28, 30], [29, 48], [29, 42], [30, 33], [30, 40], [30, 42], [31, 35], [31, 37], [31, 39], [31, 42], [32, 48], [32, 35], [32, 47], [33, 36], [33, 38], [33, 39], [33, 42], [34, 35], [34, 37], [34, 47], [34, 45], [35, 45], [36, 41], [36, 45], [36, 47], [37, 38], [37, 39], [38, 41], [38, 46], [40, 41], [40, 47], [42, 44], [43, 48], [43, 45], [43, 47], [44, 47], [46, 47]]}