{"label": 2, "edges": [[0, 27], [0, 1], [0, 2], [0, 51], [0, 11], [0, 50], [1, 3], [1, 2], [1, 16], [1, 43], [2, 35], [2, 23], [2, 25], [2, 11], [2, 46], [3, 51], [3, 4], [3, 5], [3, 13], [4, 41], [4, 5], [4, 6], [5, 32], [5, 19], [5, 7], [5, 26], [5, 31], [5, 15], [6, 22], [6, 23], [7, 37], [7, 47], [7, 13], [7, 29], [8, 48], [8, 36], [8, 31], [9, 50], [9, 42], [9, 30], [9, 31], [10, 37], [10, 42], [10, 31], [12, 32], [12, 51], [12, 18], [13, 19], [13, 21], [13, 28], [14, 32], [14, 49], [14, 51], [14, 47], [15, 17], [15, 26], [16, 26], [16, 42], [17, 21], [17, 46], [18, 20], [18, 39], [19, 20], [19, 36], [19, 29], [20, 49], [20, 28], [21, 23], [21, 39], [22, 23], [22, 31], [23, 24], [23, 43], [24, 32], [24, 26], [25, 49], [25, 34], [25, 36], [27, 29], [27, 30], [28, 33], [28, 43], [28, 29], [29, 43], [30, 41], [33, 34], [33, 45], [34, 48], [34, 40], [35, 47], [36, 45], [37, 39], [38, 40], [38, 39], [39, 45], [40, 41], [40, 42], [40, 43], [41, 42], [44, 45], [44, 46], [46, 48], [48, 49], [48, 50]], "features": {"27": ["cc_0", "deg_3"], "35": ["cc_0", "deg_2"], "43": ["cc_3", "deg_5"], "47": ["cc_0", "deg_3"], "32": ["cc_0", "deg_4"], "9": ["cc_0", "deg_4"], "33": ["cc_0", "deg_3"], "48": ["cc_0", "deg_5"], "0": ["cc_4", "deg_6"], "2": ["cc_3", "deg_7"], "18": ["cc_0", "deg_3"], "5": ["cc_2", "deg_8"], "14": ["cc_0", "deg_4"], "38": ["cc_0", "deg_2"], "44": ["cc_0", "deg_2"], "39": ["cc_0", "deg_5"], "3": ["cc_3", "deg_5"], "28": ["cc_3", "deg_5"], "51": ["cc_0", "deg_4"], "23": ["cc_2", "deg_6"], "19": ["cc_0", "deg_5"], "34": ["cc_0", "deg_4"], "11": ["cc_33", "deg_2"], "17": ["cc_0", "deg_3"], "12": ["cc_0", "deg_3"], "25": ["cc_0", "deg_4"], "24": ["cc_0", "deg_3"], "22": ["cc_11", "deg_3"], "15": ["cc_11", "deg_3"], "4": ["cc_5", "deg_4"], "37": ["cc_0", "deg_3"], "45": ["cc_0", "deg_4"], "42": ["cc_3", "deg_5"], "30": ["cc_0", "deg_3"], "31": ["cc_0", "deg_5"], "36": ["cc_0", "deg_4"], "10": ["cc_0", "deg_3"], "49": ["cc_0", "deg_4"], "1": ["cc_3", "deg_5"], "46": ["cc_0", "deg_4"], "26": ["cc_5", "deg_4"], "40": ["cc_3", "deg_5"], "41": ["cc_5", "deg_4"], "20": ["cc_0", "deg_4"], "29": ["cc_3", "deg_5"], "13": ["cc_0", "deg_5"], "6": ["cc_11", "deg_3"], "7": ["cc_0", "deg_5"], "50": ["cc_0", "deg_3"], "8": ["cc_0", "deg_3"], "16": ["cc_0", "deg_3"], "21": ["cc_0", "deg_4"]}}