{"label": 0, "edges": [[0, 1], [0, 2], [0, 3], [0, 88], [0, 89], [1, 2], [1, 3], [1, 4], [1, 39], [1, 89], [1, 90], [2, 4], [2, 7], [2, 80], [2, 90], [3, 5], [3, 6], [3, 22], [4, 5], [4, 7], [4, 47], [4, 31], [5, 6], [5, 7], [5, 8], [6, 7], [6, 8], [6, 9], [7, 8], [7, 9], [7, 10], [7, 86], [8, 9], [8, 10], [8, 11], [9, 10], [9, 11], [9, 12], [10, 11], [10, 12], [10, 13], [11, 39], [11, 12], [11, 13], [12, 57], [12, 13], [12, 14], [12, 15], [13, 16], [13, 14], [13, 15], [14, 16], [14, 17], [14, 15], [15, 16], [15, 17], [15, 18], [16, 19], [16, 42], [16, 63], [17, 64], [17, 18], [17, 19], [18, 19], [18, 20], [18, 21], [19, 20], [19, 21], [19, 22], [20, 21], [20, 22], [20, 23], [21, 22], [21, 24], [21, 30], [22, 23], [22, 24], [22, 25], [23, 66], [23, 26], [23, 74], [24, 25], [24, 26], [24, 27], [24, 53], [25, 52], [25, 26], [25, 27], [26, 49], [26, 41], [26, 74], [26, 28], [26, 29], [27, 33], [27, 29], [27, 30], [28, 29], [28, 30], [28, 31], [29, 32], [29, 30], [29, 31], [30, 32], [30, 33], [30, 31], [31, 32], [31, 33], [31, 34], [32, 33], [32, 34], [32, 35], [33, 34], [33, 35], [33, 36], [33, 45], [34, 35], [34, 36], [34, 71], [34, 40], [35, 36], [35, 37], [35, 38], [35, 48], [36, 37], [36, 38], [36, 39], [37, 38], [37, 39], [37, 40], [38, 39], [38, 40], [38, 43], [39, 40], [39, 42], [40, 51], [40, 41], [40, 43], [41, 43], [41, 44], [42, 43], [42, 44], [42, 45], [43, 44], [43, 45], [43, 46], [44, 45], [44, 46], [44, 47], [45, 80], [45, 90], [45, 47], [46, 48], [46, 49], [46, 52], [47, 50], [47, 59], [48, 49], [48, 51], [49, 50], [49, 51], [49, 52], [50, 51], [50, 52], [50, 53], [50, 63], [51, 52], [51, 53], [52, 53], [52, 55], [52, 74], [53, 54], [53, 56], [54, 56], [54, 57], [54, 58], [55, 56], [55, 57], [55, 58], [56, 89], [56, 58], [56, 59], [57, 58], [57, 59], [58, 59], [58, 60], [58, 61], [59, 60], [59, 61], [59, 62], [60, 61], [60, 62], [60, 63], [61, 64], [61, 62], [61, 63], [62, 64], [62, 65], [62, 63], [63, 65], [63, 90], [64, 66], [64, 68], [64, 82], [65, 66], [65, 67], [65, 68], [66, 67], [66, 68], [66, 69], [67, 68], [67, 69], [67, 70], [68, 69], [68, 70], [68, 71], [69, 70], [69, 71], [69, 72], [70, 71], [70, 72], [70, 73], [71, 72], [71, 73], [71, 74], [72, 73], [72, 74], [72, 75], [73, 74], [73, 75], [73, 76], [74, 75], [74, 77], [75, 76], [75, 77], [75, 78], [76, 77], [76, 78], [76, 79], [77, 80], [77, 78], [77, 79], [78, 80], [78, 81], [78, 79], [79, 80], [79, 81], [79, 82], [80, 81], [80, 82], [80, 83], [81, 82], [81, 83], [81, 84], [82, 83], [82, 84], [82, 85], [83, 84], [83, 85], [83, 86], [84, 85], [84, 86], [84, 87], [85, 86], [85, 87], [85, 88], [86, 88], [86, 89], [87, 88], [87, 89], [87, 90], [88, 89], [88, 90], [89, 90]], "features": {"27": ["cc_10", "deg_5"], "35": ["cc_12", "deg_7"], "43": ["cc_11", "deg_7"], "47": ["cc_3", "deg_5"], "56": ["cc_8", "deg_6"], "23": ["cc_6", "deg_5"], "9": ["cc_20", "deg_6"], "0": ["cc_13", "deg_5"], "6": ["cc_20", "deg_5"], "18": ["cc_16", "deg_5"], "14": ["cc_20", "deg_5"], "38": ["cc_17", "deg_6"], "82": ["cc_14", "deg_7"], "68": ["cc_15", "deg_7"], "51": ["cc_13", "deg_6"], "77": ["cc_17", "deg_6"], "19": ["cc_13", "deg_6"], "34": ["cc_11", "deg_7"], "75": ["cc_17", "deg_6"], "11": ["cc_15", "deg_6"], "88": ["cc_15", "deg_6"], "17": ["cc_10", "deg_5"], "25": ["cc_10", "deg_5"], "24": ["cc_8", "deg_6"], "70": ["cc_20", "deg_6"], "15": ["cc_15", "deg_6"], "62": ["cc_15", "deg_6"], "40": ["cc_7", "deg_7"], "30": ["cc_14", "deg_7"], "31": ["cc_14", "deg_7"], "66": ["cc_13", "deg_6"], "36": ["cc_17", "deg_6"], "57": ["cc_10", "deg_5"], "10": ["cc_20", "deg_6"], "49": ["cc_13", "deg_6"], "1": ["cc_9", "deg_7"], "46": ["cc_10", "deg_5"], "60": ["cc_23", "deg_5"], "41": ["cc_11", "deg_4"], "29": ["cc_15", "deg_6"], "74": ["cc_8", "deg_8"], "13": ["cc_17", "deg_6"], "2": ["cc_8", "deg_6"], "7": ["cc_10", "deg_8"], "84": ["cc_17", "deg_6"], "79": ["cc_20", "deg_6"], "90": ["cc_7", "deg_7"], "32": ["cc_20", "deg_6"], "33": ["cc_11", "deg_8"], "55": ["cc_11", "deg_4"], "48": ["cc_11", "deg_4"], "85": ["cc_17", "deg_6"], "5": ["cc_16", "deg_5"], "80": ["cc_10", "deg_8"], "81": ["cc_20", "deg_6"], "86": ["cc_11", "deg_6"], "87": ["cc_16", "deg_5"], "44": ["cc_13", "deg_6"], "39": ["cc_7", "deg_7"], "3": ["cc_6", "deg_5"], "28": ["cc_22", "deg_4"], "83": ["cc_20", "deg_6"], "76": ["cc_20", "deg_5"], "72": ["cc_20", "deg_6"], "89": ["cc_11", "deg_7"], "12": ["cc_12", "deg_7"], "59": ["cc_11", "deg_7"], "69": ["cc_20", "deg_6"], "22": ["cc_9", "deg_7"], "50": ["cc_11", "deg_6"], "71": ["cc_14", "deg_7"], "4": ["cc_6", "deg_6"], "78": ["cc_20", "deg_6"], "45": ["cc_6", "deg_7"], "42": ["cc_10", "deg_5"], "21": ["cc_13", "deg_6"], "8": ["cc_20", "deg_6"], "53": ["cc_8", "deg_6"], "67": ["cc_23", "deg_5"], "37": ["cc_23", "deg_5"], "20": ["cc_20", "deg_5"], "26": ["cc_3", "deg_8"], "52": ["cc_7", "deg_8"], "58": ["cc_14", "deg_7"], "63": ["cc_6", "deg_7"], "64": ["cc_4", "deg_6"], "54": ["cc_16", "deg_4"], "65": ["cc_13", "deg_5"], "61": ["cc_17", "deg_6"], "16": ["cc_6", "deg_6"], "73": ["cc_17", "deg_6"]}}