{"label": 2, "features": {"68": ["cc_0", "deg_1"], "21": ["cc_0", "deg_2"], "34": ["cc_0", "deg_3"], "58": ["cc_0", "deg_1"], "69": ["cc_0", "deg_2"], "42": ["cc_0", "deg_1"], "12": ["cc_0", "deg_3"], "66": ["cc_0", "deg_2"], "5": ["cc_0", "deg_1"], "61": ["cc_0", "deg_1"], "51": ["cc_0", "deg_1"], "24": ["cc_0", "deg_3"], "56": ["cc_0", "deg_2"], "55": ["cc_0", "deg_1"], "17": ["cc_0", "deg_3"], "22": ["cc_0", "deg_1"], "74": ["cc_0", "deg_2"], "59": ["cc_0", "deg_1"], "46": ["cc_0", "deg_1"], "37": ["cc_0", "deg_1"], "38": ["cc_0", "deg_2"], "81": ["cc_0", "deg_1"], "90": ["cc_0", "deg_2"], "35": ["cc_0", "deg_1"], "47": ["cc_0", "deg_2"], "16": ["cc_0", "deg_4"], "65": ["cc_0", "deg_2"], "23": ["cc_0", "deg_1"], "7": ["cc_0", "deg_4"], "82": ["cc_0", "deg_3"], "29": ["cc_0", "deg_1"], "13": ["cc_0", "deg_2"], "6": ["cc_0", "deg_2"], "30": ["cc_0", "deg_3"], "14": ["cc_0", "deg_1"], "40": ["cc_0", "deg_4"], "33": ["cc_0", "deg_1"], "73": ["cc_0", "deg_2"], "76": ["cc_0", "deg_2"], "8": ["cc_0", "deg_1"], "44": ["cc_0", "deg_2"], "26": ["cc_0", "deg_1"], "43": ["cc_0", "deg_1"], "57": ["cc_0", "deg_3"], "20": ["cc_0", "deg_2"], "89": ["cc_0", "deg_1"], "80": ["cc_0", "deg_4"], "70": ["cc_0", "deg_3"], "84": ["cc_0", "deg_2"], "53": ["cc_0", "deg_2"], "1": ["cc_0", "deg_3"], "54": ["cc_0", "deg_3"], "41": ["cc_0", "deg_2"], "4": ["cc_0", "deg_2"], "39": ["cc_0", "deg_1"], "28": ["cc_0", "deg_3"], "25": ["cc_0", "deg_3"], "78": ["cc_0", "deg_2"], "3": ["cc_0", "deg_1"], "64": ["cc_0", "deg_2"], "72": ["cc_0", "deg_2"], "87": ["cc_0", "deg_3"], "19": ["cc_0", "deg_2"], "86": ["cc_0", "deg_2"], "62": ["cc_0", "deg_1"], "11": ["cc_0", "deg_2"], "18": ["cc_0", "deg_2"], "67": ["cc_0", "deg_2"], "2": ["cc_0", "deg_2"], "9": ["cc_0", "deg_1"], "27": ["cc_0", "deg_3"], "15": ["cc_0", "deg_1"], "71": ["cc_0", "deg_1"], "88": ["cc_0", "deg_1"], "0": ["cc_0", "deg_3"], "63": ["cc_0", "deg_2"], "32": ["cc_0", "deg_3"], "45": ["cc_0", "deg_3"], "36": ["cc_0", "deg_3"], "83": ["cc_0", "deg_3"], "48": ["cc_0", "deg_3"], "79": ["cc_0", "deg_2"], "77": ["cc_0", "deg_1"], "10": ["cc_0", "deg_3"], "85": ["cc_0", "deg_1"], "31": ["cc_0", "deg_2"], "75": ["cc_0", "deg_2"], "50": ["cc_0", "deg_2"], "60": ["cc_0", "deg_2"], "52": ["cc_0", "deg_2"], "49": ["cc_0", "deg_3"]}, "edges": [[0, 1], [0, 90], [0, 21], [1, 28], [1, 4], [2, 83], [2, 76], [3, 90], [4, 53], [5, 6], [6, 7], [7, 48], [7, 80], [7, 54], [8, 27], [9, 56], [10, 65], [10, 22], [10, 73], [11, 40], [11, 35], [12, 24], [12, 87], [12, 63], [13, 25], [13, 58], [14, 70], [15, 16], [16, 17], [16, 83], [16, 70], [17, 85], [17, 54], [18, 50], [18, 42], [19, 32], [19, 20], [20, 44], [21, 53], [23, 24], [24, 55], [25, 88], [25, 52], [26, 27], [27, 28], [28, 45], [29, 30], [30, 36], [30, 31], [31, 32], [32, 84], [33, 34], [34, 57], [34, 79], [36, 49], [36, 38], [37, 40], [38, 67], [39, 40], [40, 41], [41, 82], [43, 57], [44, 45], [45, 60], [46, 47], [47, 48], [48, 49], [49, 78], [50, 74], [51, 83], [52, 84], [54, 61], [56, 57], [59, 60], [62, 80], [63, 64], [64, 80], [65, 66], [66, 67], [68, 69], [69, 70], [71, 72], [72, 73], [74, 75], [75, 76], [77, 78], [79, 80], [81, 82], [82, 87], [86, 89], [86, 87]]}