{"label": 1, "features": {"53": ["cc_0", "deg_3"], "47": ["cc_0", "deg_4"], "68": ["cc_11", "deg_3"], "21": ["cc_11", "deg_3"], "34": ["cc_5", "deg_4"], "67": ["cc_11", "deg_4"], "41": ["cc_0", "deg_3"], "4": ["cc_22", "deg_3"], "42": ["cc_3", "deg_5"], "12": ["cc_11", "deg_4"], "28": ["cc_5", "deg_4"], "66": ["cc_11", "deg_3"], "5": ["cc_11", "deg_4"], "65": ["cc_3", "deg_5"], "61": ["cc_5", "deg_4"], "3": ["cc_11", "deg_4"], "64": ["cc_0", "deg_3"], "51": ["cc_0", "deg_2"], "24": ["cc_6", "deg_5"], "56": ["cc_2", "deg_6"], "55": ["cc_11", "deg_3"], "19": ["cc_0", "deg_4"], "54": ["cc_0", "deg_6"], "36": ["cc_0", "deg_4"], "17": ["cc_0", "deg_3"], "11": ["cc_3", "deg_5"], "22": ["cc_6", "deg_5"], "71": ["cc_5", "deg_4"], "18": ["cc_0", "deg_3"], "59": ["cc_3", "deg_5"], "2": ["cc_5", "deg_4"], "46": ["cc_5", "deg_4"], "37": ["cc_0", "deg_2"], "38": ["cc_0", "deg_4"], "73": ["cc_5", "deg_4"], "78": ["cc_0", "deg_3"], "9": ["cc_0", "deg_2"], "27": ["cc_11", "deg_4"], "58": ["cc_0", "deg_3"], "35": ["cc_0", "deg_6"], "1": ["cc_0", "deg_3"], "16": ["cc_0", "deg_7"], "80": ["cc_0", "deg_4"], "25": ["cc_11", "deg_4"], "7": ["cc_3", "deg_5"], "39": ["cc_0", "deg_4"], "0": ["cc_0", "deg_7"], "29": ["cc_11", "deg_4"], "63": ["cc_0", "deg_5"], "13": ["cc_11", "deg_3"], "6": ["cc_5", "deg_4"], "30": ["cc_5", "deg_4"], "14": ["cc_5", "deg_4"], "32": ["cc_11", "deg_3"], "45": ["cc_0", "deg_4"], "10": ["cc_33", "deg_2"], "33": ["cc_11", "deg_3"], "23": ["cc_6", "deg_5"], "69": ["cc_2", "deg_6"], "76": ["cc_0", "deg_4"], "48": ["cc_0", "deg_7"], "79": ["cc_0", "deg_3"], "77": ["cc_0", "deg_5"], "40": ["cc_0", "deg_3"], "81": ["cc_0", "deg_3"], "72": ["cc_11", "deg_4"], "8": ["cc_0", "deg_5"], "44": ["cc_2", "deg_6"], "31": ["cc_3", "deg_5"], "75": ["cc_0", "deg_4"], "26": ["cc_11", "deg_4"], "43": ["cc_5", "deg_4"], "57": ["cc_0", "deg_4"], "20": ["cc_0", "deg_3"], "50": ["cc_0", "deg_4"], "62": ["cc_0", "deg_3"], "60": ["cc_3", "deg_5"], "52": ["cc_0", "deg_4"], "15": ["cc_0", "deg_3"], "74": ["cc_3", "deg_5"], "70": ["cc_11", "deg_3"], "49": ["cc_0", "deg_2"]}, "edges": [[0, 80], [0, 1], [0, 2], [0, 52], [0, 33], [0, 48], [0, 57], [1, 35], [1, 25], [2, 3], [2, 4], [2, 71], [3, 4], [3, 5], [3, 23], [4, 5], [5, 6], [5, 7], [6, 74], [6, 60], [6, 7], [7, 8], [7, 26], [7, 69], [8, 16], [8, 81], [8, 54], [8, 28], [9, 35], [9, 11], [10, 11], [10, 12], [11, 12], [11, 41], [11, 57], [12, 13], [12, 14], [13, 59], [13, 14], [14, 16], [14, 69], [15, 16], [15, 17], [15, 47], [16, 18], [16, 71], [16, 74], [16, 44], [17, 19], [17, 46], [18, 80], [18, 63], [19, 64], [19, 42], [19, 20], [20, 54], [20, 22], [21, 75], [21, 22], [21, 23], [22, 24], [22, 35], [22, 23], [23, 50], [23, 24], [24, 25], [24, 26], [24, 31], [25, 26], [25, 27], [26, 27], [27, 28], [27, 29], [28, 35], [28, 29], [29, 30], [29, 31], [30, 32], [30, 36], [30, 31], [31, 48], [31, 66], [32, 33], [32, 34], [33, 34], [34, 59], [34, 39], [35, 36], [35, 81], [36, 38], [36, 63], [37, 38], [37, 63], [38, 54], [38, 39], [39, 40], [39, 73], [40, 48], [40, 42], [41, 42], [41, 76], [42, 43], [42, 44], [43, 44], [43, 45], [43, 78], [44, 49], [44, 56], [44, 62], [45, 65], [45, 79], [45, 47], [46, 48], [46, 55], [46, 56], [47, 48], [47, 77], [48, 50], [48, 68], [49, 79], [50, 76], [50, 52], [51, 52], [51, 53], [52, 54], [53, 54], [53, 55], [54, 56], [55, 56], [56, 57], [56, 58], [57, 59], [58, 60], [58, 77], [59, 60], [59, 61], [60, 75], [60, 61], [61, 69], [61, 62], [62, 63], [63, 64], [64, 65], [65, 66], [65, 67], [65, 78], [66, 67], [67, 68], [67, 69], [68, 69], [69, 70], [70, 72], [70, 71], [71, 72], [72, 73], [72, 74], [73, 74], [73, 75], [74, 76], [75, 77], [76, 77], [77, 78], [79, 80], [80, 81]]}