{"label": 0, "features": {"1": ["cc_11", "deg_3"], "16": ["cc_11", "deg_4"], "4": ["cc_16", "deg_4"], "21": ["cc_5", "deg_4"], "7": ["cc_16", "deg_4"], "0": ["cc_0", "deg_3"], "12": ["cc_3", "deg_5"], "13": ["cc_11", "deg_3"], "6": ["cc_6", "deg_5"], "5": ["cc_6", "deg_6"], "3": ["cc_10", "deg_5"], "24": ["cc_5", "deg_4"], "23": ["cc_5", "deg_4"], "19": ["cc_16", "deg_4"], "10": ["cc_11", "deg_4"], "17": ["cc_22", "deg_3"], "11": ["cc_0", "deg_3"], "22": ["cc_11", "deg_3"], "18": ["cc_16", "deg_4"], "2": ["cc_11", "deg_3"], "20": ["cc_6", "deg_5"], "14": ["cc_11", "deg_4"], "9": ["cc_11", "deg_4"], "8": ["cc_10", "deg_5"], "15": ["cc_11", "deg_4"]}, "edges": [[0, 24], [0, 2], [0, 20], [1, 24], [1, 3], [1, 12], [2, 3], [2, 4], [3, 4], [3, 5], [3, 12], [4, 5], [4, 6], [5, 21], [5, 6], [5, 7], [5, 9], [6, 8], [6, 10], [6, 23], [7, 8], [7, 9], [7, 10], [8, 9], [8, 10], [8, 15], [9, 11], [10, 12], [11, 12], [11, 13], [12, 14], [13, 14], [13, 15], [14, 16], [14, 15], [15, 16], [16, 17], [16, 18], [17, 18], [17, 19], [18, 19], [18, 20], [19, 20], [19, 21], [20, 21], [20, 22], [21, 23], [22, 24], [22, 23], [23, 24]]}