{"label": 1, "features": {"53": ["cc_0", "deg_5"], "47": ["cc_2", "deg_6"], "21": ["cc_6", "deg_5"], "34": ["cc_2", "deg_6"], "41": ["cc_0", "deg_3"], "4": ["cc_0", "deg_4"], "42": ["cc_0", "deg_4"], "12": ["cc_0", "deg_6"], "28": ["cc_0", "deg_3"], "5": ["cc_0", "deg_3"], "3": ["cc_3", "deg_5"], "51": ["cc_0", "deg_5"], "24": ["cc_5", "deg_4"], "55": ["cc_0", "deg_4"], "19": ["cc_33", "deg_2"], "54": ["cc_0", "deg_4"], "36": ["cc_0", "deg_3"], "17": ["cc_0", "deg_4"], "11": ["cc_0", "deg_4"], "22": ["cc_22", "deg_3"], "18": ["cc_0", "deg_4"], "2": ["cc_3", "deg_5"], "46": ["cc_5", "deg_4"], "37": ["cc_0", "deg_2"], "38": ["cc_5", "deg_4"], "9": ["cc_0", "deg_4"], "27": ["cc_0", "deg_3"], "35": ["cc_0", "deg_5"], "1": ["cc_5", "deg_4"], "16": ["cc_0", "deg_3"], "25": ["cc_0", "deg_4"], "7": ["cc_0", "deg_4"], "39": ["cc_5", "deg_4"], "0": ["cc_0", "deg_2"], "29": ["cc_0", "deg_4"], "13": ["cc_0", "deg_2"], "6": ["cc_0", "deg_2"], "30": ["cc_11", "deg_3"], "14": ["cc_0", "deg_3"], "32": ["cc_5", "deg_4"], "45": ["cc_5", "deg_4"], "10": ["cc_0", "deg_4"], "33": ["cc_0", "deg_3"], "23": ["cc_11", "deg_4"], "48": ["cc_4", "deg_6"], "40": ["cc_3", "deg_5"], "8": ["cc_0", "deg_3"], "44": ["cc_2", "deg_6"], "31": ["cc_2", "deg_6"], "26": ["cc_0", "deg_7"], "43": ["cc_0", "deg_5"], "20": ["cc_5", "deg_4"], "50": ["cc_0", "deg_2"], "52": ["cc_0", "deg_4"], "15": ["cc_0", "deg_3"], "49": ["cc_6", "deg_5"]}, "edges": [[0, 1], [0, 26], [1, 2], [1, 3], [1, 54], [2, 3], [2, 4], [2, 37], [2, 14], [3, 51], [3, 39], [3, 12], [4, 33], [4, 36], [4, 10], [5, 31], [5, 20], [5, 7], [6, 8], [6, 11], [7, 51], [7, 9], [7, 12], [8, 9], [8, 55], [9, 35], [9, 52], [10, 16], [10, 12], [10, 29], [11, 18], [11, 24], [11, 47], [12, 18], [12, 40], [12, 44], [13, 18], [13, 14], [14, 16], [15, 17], [15, 36], [15, 54], [16, 17], [17, 47], [17, 44], [18, 51], [19, 20], [19, 21], [20, 34], [20, 21], [21, 52], [21, 22], [21, 23], [22, 24], [22, 23], [23, 24], [23, 25], [24, 26], [25, 26], [25, 27], [25, 34], [26, 35], [26, 53], [26, 28], [26, 46], [27, 43], [27, 29], [28, 29], [28, 30], [29, 31], [30, 32], [30, 31], [31, 32], [31, 35], [31, 47], [32, 34], [32, 54], [33, 34], [33, 35], [34, 49], [34, 48], [35, 43], [36, 38], [37, 38], [38, 40], [38, 39], [39, 40], [39, 41], [40, 54], [40, 42], [41, 42], [41, 53], [42, 43], [42, 44], [43, 49], [43, 45], [44, 55], [44, 45], [44, 46], [45, 46], [45, 47], [46, 48], [47, 48], [47, 49], [48, 49], [48, 51], [48, 55], [49, 53], [50, 51], [50, 52], [52, 53], [53, 55]]}