{"label": 2, "features": {"53": ["cc_5", "deg_4"], "47": ["cc_4", "deg_6"], "68": ["cc_0", "deg_5"], "21": ["cc_11", "deg_3"], "34": ["cc_0", "deg_10"], "67": ["cc_0", "deg_5"], "41": ["cc_5", "deg_4"], "4": ["cc_0", "deg_8"], "42": ["cc_0", "deg_8"], "12": ["cc_3", "deg_5"], "28": ["cc_3", "deg_7"], "66": ["cc_0", "deg_6"], "5": ["cc_0", "deg_7"], "65": ["cc_0", "deg_4"], "61": ["cc_0", "deg_6"], "3": ["cc_0", "deg_5"], "64": ["cc_2", "deg_6"], "51": ["cc_3", "deg_5"], "24": ["cc_0", "deg_5"], "56": ["cc_4", "deg_6"], "55": ["cc_0", "deg_6"], "19": ["cc_1", "deg_7"], "54": ["cc_0", "deg_6"], "36": ["cc_4", "deg_6"], "17": ["cc_1", "deg_11"], "11": ["cc_4", "deg_6"], "22": ["cc_2", "deg_6"], "71": ["cc_1", "deg_7"], "18": ["cc_0", "deg_6"], "59": ["cc_3", "deg_5"], "2": ["cc_0", "deg_6"], "46": ["cc_0", "deg_6"], "37": ["cc_1", "deg_7"], "38": ["cc_4", "deg_7"], "73": ["cc_3", "deg_5"], "78": ["cc_3", "deg_5"], "9": ["cc_0", "deg_6"], "27": ["cc_0", "deg_5"], "58": ["cc_4", "deg_7"], "35": ["cc_0", "deg_6"], "1": ["cc_0", "deg_4"], "16": ["cc_3", "deg_5"], "25": ["cc_2", "deg_6"], "7": ["cc_0", "deg_4"], "39": ["cc_0", "deg_6"], "0": ["cc_4", "deg_6"], "29": ["cc_0", "deg_5"], "63": ["cc_1", "deg_7"], "13": ["cc_3", "deg_7"], "6": ["cc_0", "deg_4"], "30": ["cc_0", "deg_3"], "14": ["cc_2", "deg_6"], "32": ["cc_2", "deg_6"], "45": ["cc_0", "deg_7"], "10": ["cc_2", "deg_8"], "33": ["cc_0", "deg_3"], "23": ["cc_0", "deg_4"], "69": ["cc_3", "deg_5"], "76": ["cc_0", "deg_9"], "48": ["cc_3", "deg_7"], "79": ["cc_2", "deg_6"], "77": ["cc_1", "deg_7"], "40": ["cc_2", "deg_9"], "72": ["cc_3", "deg_7"], "8": ["cc_0", "deg_6"], "44": ["cc_0", "deg_5"], "31": ["cc_0", "deg_5"], "75": ["cc_0", "deg_5"], "26": ["cc_6", "deg_5"], "43": ["cc_2", "deg_6"], "57": ["cc_4", "deg_10"], "20": ["cc_4", "deg_6"], "50": ["cc_0", "deg_8"], "62": ["cc_0", "deg_4"], "60": ["cc_3", "deg_7"], "52": ["cc_0", "deg_4"], "15": ["cc_0", "deg_5"], "74": ["cc_1", "deg_8"], "70": ["cc_4", "deg_7"], "49": ["cc_0", "deg_7"]}, "edges": [[0, 11], [0, 69], [0, 39], [0, 40], [0, 27], [0, 63], [1, 50], [1, 14], [1, 6], [1, 10], [2, 4], [2, 5], [2, 39], [2, 31], [2, 77], [2, 69], [3, 71], [3, 42], [3, 55], [3, 13], [3, 15], [4, 34], [4, 70], [4, 8], [4, 25], [4, 58], [4, 12], [4, 66], [5, 51], [5, 34], [5, 38], [5, 24], [5, 55], [5, 50], [6, 37], [6, 56], [6, 9], [7, 65], [7, 54], [7, 8], [7, 10], [8, 71], [8, 11], [8, 13], [8, 31], [9, 18], [9, 62], [9, 15], [9, 78], [9, 63], [10, 72], [10, 25], [10, 74], [10, 26], [10, 78], [10, 47], [11, 22], [11, 41], [11, 12], [11, 14], [12, 16], [12, 19], [12, 14], [13, 17], [13, 40], [13, 23], [13, 57], [13, 58], [14, 54], [14, 71], [14, 15], [15, 66], [15, 77], [16, 76], [16, 17], [16, 73], [16, 75], [17, 65], [17, 68], [17, 70], [17, 73], [17, 42], [17, 50], [17, 57], [17, 59], [17, 74], [18, 49], [18, 50], [18, 58], [18, 76], [18, 29], [19, 34], [19, 20], [19, 22], [19, 49], [19, 27], [19, 30], [20, 34], [20, 38], [20, 57], [20, 42], [20, 60], [21, 48], [21, 34], [21, 47], [22, 65], [22, 41], [22, 76], [22, 45], [23, 24], [23, 25], [23, 60], [24, 32], [24, 42], [24, 63], [25, 57], [25, 26], [25, 62], [26, 72], [26, 60], [26, 44], [27, 67], [27, 53], [27, 28], [28, 49], [28, 43], [28, 70], [28, 38], [28, 77], [28, 30], [29, 70], [29, 57], [29, 34], [29, 63], [30, 56], [31, 76], [31, 50], [31, 61], [32, 48], [32, 53], [32, 74], [32, 60], [32, 47], [33, 35], [33, 68], [33, 46], [34, 37], [34, 45], [34, 77], [34, 68], [35, 64], [35, 66], [35, 54], [35, 65], [35, 79], [36, 49], [36, 50], [36, 51], [36, 70], [36, 38], [36, 59], [37, 67], [37, 39], [37, 71], [37, 78], [37, 79], [38, 70], [38, 40], [38, 77], [39, 43], [39, 59], [39, 74], [40, 64], [40, 66], [40, 69], [40, 43], [40, 79], [40, 63], [41, 42], [41, 75], [42, 45], [42, 46], [42, 52], [43, 64], [43, 55], [43, 46], [44, 71], [44, 55], [44, 76], [44, 46], [45, 48], [45, 71], [45, 72], [45, 66], [46, 67], [46, 47], [47, 48], [47, 50], [48, 73], [48, 58], [48, 75], [49, 64], [49, 72], [49, 73], [50, 77], [51, 52], [51, 74], [51, 59], [52, 67], [52, 75], [53, 56], [53, 57], [54, 55], [54, 76], [54, 61], [55, 57], [56, 57], [56, 58], [56, 79], [57, 58], [57, 60], [58, 60], [59, 61], [60, 61], [61, 66], [61, 63], [62, 64], [62, 73], [63, 72], [64, 68], [67, 77], [68, 69], [69, 78], [70, 74], [71, 78], [72, 76], [72, 79], [74, 75], [74, 76], [76, 79]]}