{"label": 2, "edges": [[0, 65], [0, 50], [0, 35], [0, 17], [0, 5], [0, 74], [1, 48], [1, 2], [1, 40], [1, 24], [1, 47], [2, 32], [2, 48], [2, 54], [2, 65], [2, 59], [3, 16], [3, 4], [3, 54], [3, 23], [3, 25], [3, 42], [3, 44], [3, 53], [4, 17], [4, 5], [4, 45], [4, 46], [5, 53], [5, 6], [6, 32], [6, 45], [6, 13], [6, 77], [6, 81], [6, 37], [7, 64], [7, 62], [7, 25], [7, 9], [7, 27], [7, 61], [7, 78], [8, 16], [8, 50], [8, 24], [8, 78], [9, 33], [9, 34], [9, 35], [9, 77], [9, 18], [9, 56], [9, 27], [9, 28], [9, 30], [10, 64], [10, 65], [10, 66], [10, 75], [10, 41], [10, 58], [10, 59], [11, 51], [11, 36], [11, 70], [11, 22], [11, 74], [11, 60], [11, 61], [11, 63], [12, 16], [12, 42], [12, 44], [12, 26], [12, 14], [13, 64], [13, 20], [13, 37], [13, 23], [13, 43], [14, 17], [14, 55], [14, 30], [15, 49], [15, 21], [15, 47], [16, 67], [16, 71], [17, 62], [17, 55], [17, 69], [18, 51], [18, 19], [19, 32], [19, 80], [19, 71], [19, 64], [19, 26], [19, 58], [20, 27], [20, 68], [20, 73], [20, 44], [20, 57], [20, 59], [20, 30], [21, 37], [21, 72], [21, 41], [21, 43], [21, 82], [21, 58], [21, 59], [22, 40], [22, 66], [22, 56], [23, 43], [23, 51], [23, 57], [23, 30], [23, 31], [24, 37], [24, 71], [24, 45], [24, 49], [24, 53], [24, 58], [24, 29], [25, 48], [25, 65], [25, 57], [26, 65], [26, 68], [26, 72], [26, 58], [26, 61], [27, 76], [28, 50], [28, 36], [28, 43], [29, 48], [29, 46], [30, 69], [30, 43], [30, 45], [30, 80], [31, 32], [31, 65], [31, 64], [31, 42], [32, 33], [32, 82], [32, 56], [33, 64], [33, 36], [33, 37], [33, 44], [33, 58], [33, 59], [33, 62], [34, 50], [34, 56], [35, 80], [35, 36], [35, 37], [35, 56], [35, 43], [36, 37], [36, 72], [37, 63], [37, 53], [38, 71], [38, 72], [38, 75], [38, 63], [39, 55], [39, 41], [39, 47], [40, 49], [40, 82], [40, 60], [41, 81], [41, 67], [41, 73], [42, 80], [43, 75], [43, 76], [43, 47], [43, 53], [44, 78], [45, 55], [45, 73], [45, 60], [46, 49], [46, 79], [47, 76], [47, 56], [47, 63], [48, 65], [49, 72], [49, 82], [49, 53], [49, 77], [50, 53], [50, 63], [51, 59], [51, 54], [52, 53], [52, 54], [52, 55], [52, 70], [53, 81], [54, 80], [54, 79], [55, 70], [55, 80], [55, 63], [56, 69], [56, 81], [57, 64], [58, 79], [60, 82], [60, 79], [61, 71], [61, 74], [62, 64], [63, 64], [63, 65], [63, 75], [63, 73], [65, 66], [65, 68], [66, 82], [67, 68], [67, 70], [68, 69], [68, 72], [68, 73], [68, 74], [69, 75], [70, 82], [72, 73], [74, 76], [75, 82], [76, 77], [78, 80], [78, 81], [79, 82]], "features": {"27": ["cc_5", "deg_4"], "35": ["cc_3", "deg_7"], "43": ["cc_2", "deg_10"], "47": ["cc_1", "deg_7"], "32": ["cc_0", "deg_7"], "56": ["cc_2", "deg_8"], "77": ["cc_0", "deg_4"], "9": ["cc_2", "deg_10"], "33": ["cc_1", "deg_9"], "48": ["cc_10", "deg_5"], "55": ["cc_2", "deg_8"], "0": ["cc_0", "deg_6"], "2": ["cc_4", "deg_6"], "18": ["cc_0", "deg_3"], "5": ["cc_0", "deg_4"], "76": ["cc_3", "deg_5"], "14": ["cc_5", "deg_4"], "81": ["cc_0", "deg_5"], "38": ["cc_5", "deg_4"], "73": ["cc_4", "deg_6"], "44": ["cc_0", "deg_5"], "39": ["cc_0", "deg_3"], "82": ["cc_2", "deg_9"], "3": ["cc_0", "deg_8"], "68": ["cc_4", "deg_8"], "28": ["cc_0", "deg_4"], "51": ["cc_0", "deg_5"], "23": ["cc_3", "deg_7"], "19": ["cc_1", "deg_7"], "61": ["cc_3", "deg_5"], "34": ["cc_11", "deg_3"], "75": ["cc_2", "deg_6"], "11": ["cc_1", "deg_8"], "72": ["cc_3", "deg_7"], "17": ["cc_2", "deg_6"], "12": ["cc_0", "deg_5"], "25": ["cc_3", "deg_5"], "24": ["cc_1", "deg_9"], "62": ["cc_11", "deg_4"], "59": ["cc_0", "deg_6"], "69": ["cc_0", "deg_5"], "22": ["cc_0", "deg_4"], "60": ["cc_6", "deg_5"], "70": ["cc_3", "deg_5"], "65": ["cc_2", "deg_10"], "71": ["cc_0", "deg_5"], "15": ["cc_0", "deg_3"], "4": ["cc_0", "deg_5"], "78": ["cc_0", "deg_5"], "80": ["cc_0", "deg_7"], "37": ["cc_3", "deg_9"], "45": ["cc_0", "deg_7"], "42": ["cc_0", "deg_4"], "30": ["cc_1", "deg_8"], "31": ["cc_0", "deg_5"], "66": ["cc_5", "deg_4"], "36": ["cc_4", "deg_6"], "67": ["cc_0", "deg_4"], "57": ["cc_0", "deg_4"], "53": ["cc_1", "deg_9"], "10": ["cc_1", "deg_7"], "49": ["cc_2", "deg_8"], "1": ["cc_3", "deg_5"], "46": ["cc_0", "deg_4"], "79": ["cc_3", "deg_5"], "26": ["cc_4", "deg_7"], "40": ["cc_6", "deg_5"], "41": ["cc_0", "deg_6"], "20": ["cc_1", "deg_8"], "29": ["cc_0", "deg_3"], "52": ["cc_5", "deg_4"], "58": ["cc_1", "deg_7"], "63": ["cc_0", "deg_10"], "64": ["cc_1", "deg_9"], "74": ["cc_3", "deg_5"], "13": ["cc_4", "deg_6"], "6": ["cc_1", "deg_7"], "7": ["cc_3", "deg_7"], "50": ["cc_0", "deg_6"], "8": ["cc_0", "deg_4"], "16": ["cc_0", "deg_5"], "54": ["cc_0", "deg_6"], "21": ["cc_0", "deg_8"]}}