{"label": 0, "features": {"53": ["cc_17", "deg_6"], "47": ["cc_6", "deg_6"], "68": ["cc_8", "deg_8"], "21": ["cc_6", "deg_5"], "34": ["cc_15", "deg_6"], "67": ["cc_13", "deg_6"], "41": ["cc_6", "deg_7"], "4": ["cc_16", "deg_5"], "42": ["cc_6", "deg_5"], "12": ["cc_14", "deg_7"], "28": ["cc_11", "deg_4"], "66": ["cc_20", "deg_5"], "5": ["cc_11", "deg_6"], "65": ["cc_6", "deg_6"], "61": ["cc_22", "deg_4"], "3": ["cc_13", "deg_6"], "64": ["cc_8", "deg_6"], "51": ["cc_13", "deg_6"], "24": ["cc_11", "deg_6"], "56": ["cc_20", "deg_6"], "55": ["cc_23", "deg_5"], "19": ["cc_8", "deg_6"], "54": ["cc_9", "deg_8"], "36": ["cc_9", "deg_7"], "17": ["cc_11", "deg_6"], "11": ["cc_20", "deg_6"], "22": ["cc_6", "deg_5"], "71": ["cc_16", "deg_5"], "18": ["cc_6", "deg_5"], "59": ["cc_6", "deg_9"], "2": ["cc_15", "deg_6"], "46": ["cc_13", "deg_5"], "37": ["cc_22", "deg_4"], "38": ["cc_4", "deg_7"], "73": ["cc_17", "deg_6"], "78": ["cc_11", "deg_6"], "9": ["cc_17", "deg_6"], "27": ["cc_4", "deg_6"], "58": ["cc_8", "deg_8"], "35": ["cc_13", "deg_6"], "1": ["cc_10", "deg_5"], "16": ["cc_11", "deg_7"], "80": ["cc_13", "deg_5"], "25": ["cc_6", "deg_6"], "7": ["cc_16", "deg_5"], "39": ["cc_13", "deg_5"], "0": ["cc_6", "deg_7"], "29": ["cc_6", "deg_7"], "63": ["cc_12", "deg_7"], "13": ["cc_14", "deg_7"], "6": ["cc_6", "deg_5"], "30": ["cc_7", "deg_7"], "14": ["cc_14", "deg_7"], "32": ["cc_9", "deg_8"], "45": ["cc_2", "deg_6"], "10": ["cc_20", "deg_6"], "33": ["cc_17", "deg_6"], "23": ["cc_11", "deg_4"], "69": ["cc_15", "deg_6"], "76": ["cc_15", "deg_6"], "48": ["cc_13", "deg_6"], "79": ["cc_8", "deg_6"], "77": ["cc_7", "deg_7"], "40": ["cc_6", "deg_7"], "81": ["cc_15", "deg_6"], "72": ["cc_11", "deg_6"], "8": ["cc_11", "deg_7"], "44": ["cc_0", "deg_4"], "31": ["cc_33", "deg_3"], "75": ["cc_13", "deg_6"], "26": ["cc_5", "deg_4"], "43": ["cc_3", "deg_7"], "57": ["cc_14", "deg_7"], "20": ["cc_4", "deg_6"], "50": ["cc_13", "deg_6"], "62": ["cc_5", "deg_8"], "60": ["cc_15", "deg_6"], "52": ["cc_13", "deg_6"], "15": ["cc_15", "deg_6"], "74": ["cc_13", "deg_6"], "70": ["cc_17", "deg_6"], "49": ["cc_11", "deg_6"]}, "edges": [[0, 80], [0, 2], [0, 3], [0, 81], [0, 40], [0, 23], [0, 79], [1, 81], [1, 2], [1, 3], [1, 54], [1, 80], [2, 3], [2, 4], [2, 5], [2, 81], [3, 4], [3, 5], [3, 6], [4, 5], [4, 6], [4, 7], [5, 7], [5, 8], [5, 41], [6, 51], [6, 8], [6, 9], [7, 8], [7, 9], [7, 10], [8, 9], [8, 10], [8, 11], [8, 45], [9, 10], [9, 11], [9, 12], [10, 11], [10, 12], [10, 13], [11, 12], [11, 13], [11, 14], [12, 47], [12, 13], [12, 14], [12, 15], [13, 16], [13, 77], [13, 14], [13, 15], [14, 16], [14, 17], [14, 29], [14, 15], [15, 16], [15, 17], [15, 58], [16, 17], [16, 18], [16, 19], [16, 38], [17, 19], [17, 20], [17, 36], [18, 34], [18, 19], [18, 20], [18, 58], [19, 20], [19, 22], [19, 43], [20, 21], [20, 41], [20, 78], [21, 35], [21, 22], [21, 23], [21, 24], [22, 24], [22, 25], [22, 59], [23, 24], [23, 25], [24, 25], [24, 26], [24, 27], [25, 32], [25, 27], [25, 62], [26, 54], [26, 28], [26, 29], [27, 52], [27, 29], [27, 30], [27, 45], [28, 62], [28, 29], [28, 30], [29, 32], [29, 41], [29, 30], [30, 32], [30, 33], [30, 59], [30, 43], [31, 32], [31, 33], [31, 34], [32, 33], [32, 34], [32, 35], [32, 59], [33, 34], [33, 35], [33, 36], [34, 35], [34, 36], [35, 36], [35, 38], [36, 37], [36, 38], [36, 39], [37, 38], [37, 39], [37, 40], [38, 64], [38, 40], [38, 44], [39, 40], [39, 41], [39, 42], [40, 41], [40, 43], [40, 45], [41, 42], [41, 43], [42, 43], [42, 44], [42, 45], [43, 57], [43, 47], [44, 68], [44, 46], [45, 48], [45, 46], [46, 48], [46, 49], [46, 47], [47, 48], [47, 49], [47, 72], [48, 49], [48, 50], [48, 51], [49, 50], [49, 67], [49, 52], [50, 51], [50, 52], [50, 53], [50, 65], [51, 52], [51, 53], [51, 54], [52, 53], [52, 54], [53, 54], [53, 55], [53, 56], [54, 55], [54, 56], [54, 57], [55, 56], [55, 57], [55, 58], [56, 57], [56, 58], [56, 59], [57, 58], [57, 59], [57, 60], [58, 59], [58, 60], [58, 77], [59, 75], [59, 60], [59, 62], [60, 61], [60, 62], [60, 63], [61, 64], [61, 62], [61, 63], [62, 65], [62, 74], [62, 63], [63, 64], [63, 65], [63, 66], [63, 69], [64, 65], [64, 66], [64, 67], [65, 68], [65, 79], [66, 67], [66, 68], [66, 69], [67, 68], [67, 69], [67, 70], [68, 69], [68, 70], [68, 71], [68, 79], [69, 70], [69, 72], [70, 71], [70, 72], [70, 73], [71, 72], [71, 73], [71, 74], [72, 73], [72, 75], [73, 74], [73, 75], [73, 76], [74, 75], [74, 76], [74, 77], [75, 76], [75, 77], [76, 77], [76, 78], [76, 79], [77, 80], [77, 78], [78, 80], [78, 81], [78, 79], [79, 81], [80, 81]]}