{"label": 2, "features": {"53": ["cc_3", "deg_5"], "47": ["cc_5", "deg_4"], "68": ["cc_5", "deg_4"], "21": ["cc_3", "deg_8"], "34": ["cc_2", "deg_6"], "67": ["cc_0", "deg_5"], "41": ["cc_4", "deg_8"], "4": ["cc_5", "deg_4"], "42": ["cc_2", "deg_6"], "12": ["cc_0", "deg_4"], "28": ["cc_2", "deg_6"], "66": ["cc_2", "deg_6"], "5": ["cc_3", "deg_7"], "65": ["cc_0", "deg_4"], "61": ["cc_2", "deg_6"], "3": ["cc_2", "deg_6"], "64": ["cc_0", "deg_4"], "51": ["cc_0", "deg_6"], "24": ["cc_3", "deg_5"], "56": ["cc_2", "deg_10"], "55": ["cc_4", "deg_7"], "19": ["cc_1", "deg_9"], "54": ["cc_2", "deg_6"], "36": ["cc_2", "deg_6"], "17": ["cc_2", "deg_10"], "11": ["cc_1", "deg_8"], "22": ["cc_2", "deg_6"], "71": ["cc_0", "deg_4"], "18": ["cc_4", "deg_6"], "59": ["cc_0", "deg_9"], "2": ["cc_3", "deg_5"], "46": ["cc_0", "deg_6"], "37": ["cc_2", "deg_8"], "38": ["cc_4", "deg_7"], "9": ["cc_3", "deg_5"], "27": ["cc_0", "deg_6"], "58": ["cc_3", "deg_8"], "35": ["cc_0", "deg_6"], "1": ["cc_0", "deg_6"], "16": ["cc_3", "deg_7"], "25": ["cc_3", "deg_7"], "7": ["cc_4", "deg_6"], "39": ["cc_1", "deg_7"], "0": ["cc_4", "deg_6"], "29": ["cc_0", "deg_5"], "63": ["cc_0", "deg_4"], "13": ["cc_2", "deg_8"], "6": ["cc_4", "deg_6"], "30": ["cc_0", "deg_4"], "14": ["cc_2", "deg_6"], "32": ["cc_1", "deg_8"], "45": ["cc_0", "deg_3"], "10": ["cc_5", "deg_4"], "33": ["cc_0", "deg_6"], "23": ["cc_10", "deg_5"], "69": ["cc_0", "deg_3"], "48": ["cc_0", "deg_6"], "40": ["cc_2", "deg_6"], "8": ["cc_3", "deg_5"], "44": ["cc_3", "deg_9"], "31": ["cc_0", "deg_4"], "26": ["cc_0", "deg_5"], "43": ["cc_5", "deg_4"], "57": ["cc_3", "deg_5"], "20": ["cc_2", "deg_6"], "50": ["cc_0", "deg_11"], "62": ["cc_0", "deg_4"], "60": ["cc_2", "deg_8"], "52": ["cc_0", "deg_5"], "15": ["cc_6", "deg_5"], "70": ["cc_0", "deg_7"], "49": ["cc_0", "deg_5"]}, "edges": [[0, 68], [0, 70], [0, 71], [0, 60], [0, 37], [0, 21], [1, 3], [1, 38], [1, 70], [1, 52], [1, 59], [1, 12], [2, 5], [2, 56], [2, 23], [2, 29], [2, 69], [3, 49], [3, 5], [3, 6], [3, 23], [3, 22], [4, 5], [4, 6], [4, 7], [4, 22], [5, 27], [5, 59], [5, 8], [5, 23], [6, 7], [6, 26], [6, 59], [6, 13], [7, 17], [7, 40], [7, 52], [7, 58], [8, 64], [8, 50], [8, 10], [8, 11], [9, 48], [9, 17], [9, 22], [9, 25], [9, 59], [10, 50], [10, 51], [10, 29], [11, 66], [11, 36], [11, 62], [11, 12], [11, 13], [11, 14], [11, 60], [12, 21], [12, 65], [13, 65], [13, 66], [13, 16], [13, 53], [13, 59], [13, 61], [14, 17], [14, 20], [14, 21], [14, 70], [14, 32], [15, 16], [15, 17], [15, 18], [15, 43], [15, 50], [16, 18], [16, 34], [16, 71], [16, 24], [16, 25], [17, 68], [17, 41], [17, 44], [17, 19], [17, 54], [17, 57], [18, 66], [18, 43], [18, 28], [18, 30], [19, 35], [19, 70], [19, 39], [19, 47], [19, 56], [19, 26], [19, 28], [19, 61], [20, 49], [20, 21], [20, 22], [20, 40], [20, 46], [21, 37], [21, 53], [21, 60], [21, 63], [22, 51], [22, 25], [23, 38], [23, 44], [24, 39], [24, 25], [24, 60], [24, 31], [25, 35], [25, 52], [25, 26], [26, 37], [26, 54], [27, 50], [27, 56], [27, 57], [27, 28], [27, 44], [28, 48], [28, 67], [28, 61], [29, 37], [29, 70], [29, 45], [30, 33], [30, 44], [30, 31], [31, 32], [31, 41], [32, 54], [32, 55], [32, 42], [32, 47], [32, 37], [32, 62], [33, 50], [33, 35], [33, 36], [33, 46], [33, 59], [34, 36], [34, 38], [34, 59], [34, 60], [34, 46], [35, 51], [35, 65], [35, 49], [36, 37], [36, 38], [36, 39], [37, 66], [37, 55], [38, 40], [38, 41], [38, 44], [39, 64], [39, 49], [39, 40], [39, 47], [40, 67], [40, 58], [41, 68], [41, 52], [41, 42], [41, 44], [41, 45], [42, 57], [42, 58], [42, 44], [42, 63], [43, 44], [43, 46], [44, 61], [45, 46], [46, 54], [47, 50], [48, 50], [48, 51], [48, 70], [48, 56], [49, 50], [50, 71], [50, 53], [50, 60], [51, 66], [51, 68], [52, 71], [53, 55], [53, 56], [54, 56], [54, 57], [55, 56], [55, 57], [55, 58], [55, 69], [56, 58], [56, 60], [56, 63], [58, 59], [58, 60], [58, 61], [59, 67], [61, 62], [62, 63], [64, 66], [64, 67], [65, 67], [69, 70]]}