{"label": 1, "features": {"53": ["cc_6", "deg_7"], "47": ["cc_3", "deg_5"], "68": ["cc_7", "deg_8"], "21": ["cc_4", "deg_6"], "34": ["cc_7", "deg_7"], "67": ["cc_13", "deg_6"], "41": ["cc_4", "deg_6"], "4": ["cc_6", "deg_5"], "42": ["cc_11", "deg_6"], "12": ["cc_3", "deg_5"], "28": ["cc_11", "deg_4"], "66": ["cc_17", "deg_6"], "5": ["cc_13", "deg_5"], "65": ["cc_15", "deg_6"], "61": ["cc_2", "deg_8"], "3": ["cc_6", "deg_5"], "64": ["cc_11", "deg_7"], "51": ["cc_6", "deg_6"], "24": ["cc_6", "deg_6"], "56": ["cc_4", "deg_6"], "55": ["cc_3", "deg_5"], "19": ["cc_2", "deg_6"], "54": ["cc_0", "deg_6"], "36": ["cc_4", "deg_8"], "17": ["cc_6", "deg_6"], "11": ["cc_11", "deg_4"], "22": ["cc_16", "deg_4"], "71": ["cc_12", "deg_7"], "18": ["cc_11", "deg_6"], "59": ["cc_7", "deg_7"], "2": ["cc_4", "deg_7"], "46": ["cc_4", "deg_7"], "37": ["cc_4", "deg_6"], "38": ["cc_2", "deg_6"], "73": ["cc_4", "deg_7"], "9": ["cc_0", "deg_5"], "27": ["cc_4", "deg_6"], "58": ["cc_8", "deg_6"], "35": ["cc_11", "deg_6"], "1": ["cc_8", "deg_6"], "16": ["cc_5", "deg_4"], "25": ["cc_6", "deg_6"], "7": ["cc_4", "deg_6"], "39": ["cc_0", "deg_4"], "0": ["cc_2", "deg_6"], "29": ["cc_2", "deg_6"], "63": ["cc_11", "deg_6"], "13": ["cc_2", "deg_6"], "6": ["cc_4", "deg_6"], "30": ["cc_6", "deg_7"], "14": ["cc_4", "deg_6"], "32": ["cc_10", "deg_5"], "45": ["cc_7", "deg_7"], "10": ["cc_0", "deg_4"], "33": ["cc_7", "deg_7"], "23": ["cc_6", "deg_5"], "69": ["cc_7", "deg_7"], "76": ["cc_3", "deg_5"], "48": ["cc_3", "deg_8"], "40": ["cc_3", "deg_5"], "72": ["cc_7", "deg_9"], "8": ["cc_2", "deg_9"], "44": ["cc_13", "deg_5"], "31": ["cc_4", "deg_7"], "75": ["cc_5", "deg_4"], "26": ["cc_3", "deg_5"], "43": ["cc_3", "deg_5"], "57": ["cc_6", "deg_6"], "20": ["cc_4", "deg_8"], "50": ["cc_6", "deg_5"], "62": ["cc_6", "deg_6"], "60": ["cc_3", "deg_9"], "52": ["cc_8", "deg_6"], "15": ["cc_3", "deg_5"], "74": ["cc_5", "deg_4"], "70": ["cc_11", "deg_7"], "49": ["cc_3", "deg_5"]}, "edges": [[0, 1], [0, 2], [0, 49], [0, 72], [0, 74], [0, 26], [1, 2], [1, 3], [1, 4], [1, 75], [1, 76], [2, 3], [2, 70], [2, 55], [2, 24], [2, 76], [3, 4], [3, 6], [3, 68], [4, 20], [4, 5], [4, 7], [5, 48], [5, 6], [5, 7], [5, 8], [6, 48], [6, 49], [6, 8], [6, 61], [7, 51], [7, 19], [7, 8], [7, 69], [8, 25], [8, 23], [8, 9], [8, 10], [8, 11], [8, 53], [9, 54], [9, 55], [9, 12], [9, 61], [10, 32], [10, 65], [10, 13], [11, 12], [11, 13], [11, 14], [12, 41], [12, 14], [12, 15], [13, 64], [13, 36], [13, 60], [13, 14], [14, 17], [14, 72], [14, 58], [15, 32], [15, 17], [15, 18], [15, 67], [16, 17], [16, 18], [16, 57], [16, 28], [17, 18], [17, 20], [17, 61], [18, 19], [18, 20], [18, 21], [19, 20], [19, 60], [19, 34], [19, 30], [20, 21], [20, 72], [20, 75], [20, 37], [21, 22], [21, 23], [21, 24], [21, 76], [22, 24], [22, 25], [22, 27], [23, 25], [23, 26], [23, 31], [24, 25], [24, 27], [24, 63], [25, 33], [25, 26], [26, 27], [26, 29], [27, 54], [27, 28], [27, 30], [28, 30], [28, 31], [29, 68], [29, 38], [29, 75], [29, 30], [29, 31], [30, 33], [30, 62], [30, 31], [31, 34], [31, 62], [31, 73], [32, 33], [32, 34], [32, 35], [33, 34], [33, 35], [33, 36], [33, 43], [34, 35], [34, 36], [34, 48], [35, 36], [35, 60], [35, 46], [36, 37], [36, 38], [36, 39], [36, 50], [37, 51], [37, 53], [37, 38], [37, 47], [38, 73], [38, 40], [38, 41], [39, 40], [39, 41], [39, 46], [40, 42], [40, 60], [40, 45], [41, 56], [41, 42], [41, 43], [42, 56], [42, 43], [42, 44], [42, 45], [43, 57], [43, 71], [44, 56], [44, 45], [44, 46], [44, 47], [45, 48], [45, 51], [45, 54], [45, 46], [46, 48], [46, 49], [46, 47], [47, 50], [47, 59], [48, 51], [48, 70], [48, 60], [49, 50], [49, 52], [50, 52], [50, 53], [51, 52], [51, 53], [52, 53], [52, 54], [52, 55], [53, 55], [53, 56], [54, 56], [54, 57], [55, 58], [56, 59], [57, 58], [57, 59], [57, 60], [58, 59], [58, 60], [58, 61], [59, 60], [59, 61], [59, 62], [60, 62], [61, 64], [61, 73], [61, 63], [62, 64], [62, 63], [63, 64], [63, 65], [63, 66], [64, 65], [64, 66], [64, 67], [65, 66], [65, 67], [65, 68], [66, 67], [66, 68], [66, 69], [67, 68], [67, 69], [68, 70], [68, 71], [68, 72], [69, 70], [69, 71], [69, 72], [69, 74], [70, 71], [70, 72], [70, 73], [71, 72], [71, 73], [71, 74], [72, 73], [72, 75], [73, 76], [74, 76]]}