{"label": 0, "edges": [[0, 72], [0, 1], [0, 2], [0, 71], [1, 72], [1, 2], [1, 3], [2, 3], [2, 29], [3, 40], [3, 5], [4, 5], [4, 6], [5, 6], [5, 7], [6, 66], [6, 55], [6, 8], [6, 47], [7, 8], [7, 9], [8, 9], [8, 10], [9, 35], [9, 10], [9, 11], [10, 11], [10, 12], [10, 70], [11, 12], [11, 13], [12, 13], [12, 14], [13, 14], [13, 15], [14, 16], [14, 15], [15, 16], [15, 17], [15, 41], [16, 17], [16, 18], [17, 18], [17, 19], [18, 20], [18, 68], [19, 20], [19, 21], [20, 21], [20, 22], [21, 44], [21, 23], [22, 24], [22, 23], [23, 24], [23, 25], [24, 25], [24, 26], [25, 26], [25, 27], [26, 27], [26, 28], [27, 28], [27, 29], [27, 47], [28, 60], [28, 29], [29, 30], [29, 31], [30, 32], [30, 31], [31, 32], [31, 33], [32, 33], [32, 34], [33, 34], [33, 35], [34, 35], [34, 36], [35, 42], [36, 37], [36, 45], [37, 38], [37, 39], [38, 40], [38, 43], [38, 39], [39, 40], [39, 41], [40, 41], [40, 42], [41, 43], [42, 43], [42, 44], [43, 45], [44, 53], [44, 45], [44, 46], [45, 46], [45, 47], [46, 48], [46, 67], [46, 47], [47, 71], [48, 49], [48, 50], [49, 50], [49, 51], [50, 51], [50, 52], [50, 62], [51, 52], [51, 53], [52, 53], [52, 54], [53, 55], [54, 56], [54, 55], [55, 56], [55, 57], [56, 57], [56, 58], [57, 58], [57, 59], [58, 59], [58, 60], [59, 60], [59, 61], [60, 61], [60, 62], [61, 62], [61, 63], [62, 64], [63, 64], [63, 65], [64, 65], [64, 66], [65, 66], [65, 67], [66, 67], [67, 69], [68, 69], [68, 70], [69, 70], [69, 71], [70, 71]], "features": {"27": ["cc_10", "deg_5"], "35": ["cc_5", "deg_4"], "43": ["cc_0", "deg_4"], "47": ["cc_3", "deg_5"], "32": ["cc_16", "deg_4"], "56": ["cc_16", "deg_4"], "9": ["cc_10", "deg_5"], "33": ["cc_16", "deg_4"], "48": ["cc_11", "deg_3"], "55": ["cc_6", "deg_5"], "0": ["cc_11", "deg_4"], "2": ["cc_11", "deg_4"], "18": ["cc_5", "deg_4"], "5": ["cc_5", "deg_4"], "14": ["cc_16", "deg_4"], "38": ["cc_11", "deg_4"], "44": ["cc_3", "deg_5"], "39": ["cc_16", "deg_4"], "3": ["cc_5", "deg_4"], "68": ["cc_11", "deg_3"], "28": ["cc_11", "deg_4"], "51": ["cc_16", "deg_4"], "23": ["cc_11", "deg_4"], "19": ["cc_11", "deg_3"], "61": ["cc_11", "deg_4"], "34": ["cc_11", "deg_4"], "11": ["cc_16", "deg_4"], "72": ["cc_33", "deg_2"], "17": ["cc_11", "deg_4"], "12": ["cc_16", "deg_4"], "25": ["cc_16", "deg_4"], "24": ["cc_16", "deg_4"], "62": ["cc_5", "deg_4"], "59": ["cc_16", "deg_4"], "69": ["cc_11", "deg_4"], "22": ["cc_11", "deg_3"], "60": ["cc_10", "deg_5"], "70": ["cc_11", "deg_4"], "65": ["cc_16", "deg_4"], "71": ["cc_5", "deg_4"], "15": ["cc_10", "deg_5"], "4": ["cc_33", "deg_2"], "37": ["cc_11", "deg_3"], "45": ["cc_6", "deg_5"], "42": ["cc_0", "deg_4"], "30": ["cc_22", "deg_3"], "31": ["cc_16", "deg_4"], "66": ["cc_11", "deg_4"], "36": ["cc_0", "deg_3"], "67": ["cc_5", "deg_4"], "57": ["cc_16", "deg_4"], "53": ["cc_5", "deg_4"], "10": ["cc_10", "deg_5"], "49": ["cc_22", "deg_3"], "1": ["cc_16", "deg_4"], "46": ["cc_6", "deg_5"], "26": ["cc_16", "deg_4"], "40": ["cc_6", "deg_5"], "41": ["cc_5", "deg_4"], "20": ["cc_5", "deg_4"], "29": ["cc_6", "deg_5"], "52": ["cc_11", "deg_4"], "58": ["cc_16", "deg_4"], "63": ["cc_11", "deg_3"], "64": ["cc_11", "deg_4"], "13": ["cc_16", "deg_4"], "6": ["cc_2", "deg_6"], "7": ["cc_11", "deg_3"], "50": ["cc_10", "deg_5"], "8": ["cc_11", "deg_4"], "16": ["cc_16", "deg_4"], "54": ["cc_11", "deg_3"], "21": ["cc_5", "deg_4"]}}