{"label": 1, "features": {"53": ["cc_6", "deg_5"], "47": ["cc_0", "deg_4"], "68": ["cc_5", "deg_4"], "21": ["cc_33", "deg_2"], "34": ["cc_5", "deg_4"], "67": ["cc_3", "deg_5"], "41": ["cc_0", "deg_2"], "4": ["cc_0", "deg_5"], "42": ["cc_5", "deg_4"], "12": ["cc_0", "deg_4"], "28": ["cc_0", "deg_4"], "66": ["cc_0", "deg_2"], "5": ["cc_0", "deg_2"], "65": ["cc_0", "deg_2"], "61": ["cc_0", "deg_4"], "3": ["cc_3", "deg_5"], "64": ["cc_0", "deg_2"], "51": ["cc_5", "deg_4"], "24": ["cc_0", "deg_4"], "56": ["cc_6", "deg_5"], "55": ["cc_0", "deg_3"], "19": ["cc_5", "deg_4"], "54": ["cc_1", "deg_7"], "36": ["cc_11", "deg_3"], "17": ["cc_0", "deg_4"], "11": ["cc_0", "deg_4"], "22": ["cc_3", "deg_7"], "71": ["cc_0", "deg_3"], "18": ["cc_0", "deg_4"], "59": ["cc_0", "deg_4"], "2": ["cc_0", "deg_2"], "46": ["cc_11", "deg_4"], "37": ["cc_5", "deg_4"], "38": ["cc_6", "deg_5"], "73": ["cc_0", "deg_4"], "9": ["cc_0", "deg_3"], "27": ["cc_3", "deg_5"], "58": ["cc_0", "deg_3"], "35": ["cc_0", "deg_5"], "1": ["cc_0", "deg_4"], "16": ["cc_0", "deg_3"], "25": ["cc_0", "deg_4"], "7": ["cc_5", "deg_4"], "39": ["cc_2", "deg_6"], "0": ["cc_0", "deg_2"], "29": ["cc_0", "deg_5"], "63": ["cc_0", "deg_10"], "13": ["cc_2", "deg_6"], "6": ["cc_2", "deg_6"], "30": ["cc_0", "deg_3"], "14": ["cc_0", "deg_3"], "32": ["cc_3", "deg_5"], "45": ["cc_0", "deg_2"], "10": ["cc_0", "deg_4"], "33": ["cc_0", "deg_3"], "23": ["cc_0", "deg_4"], "69": ["cc_0", "deg_2"], "48": ["cc_11", "deg_3"], "40": ["cc_33", "deg_2"], "72": ["cc_5", "deg_4"], "8": ["cc_5", "deg_4"], "44": ["cc_33", "deg_2"], "31": ["cc_0", "deg_5"], "26": ["cc_5", "deg_4"], "43": ["cc_11", "deg_3"], "57": ["cc_0", "deg_5"], "20": ["cc_3", "deg_5"], "50": ["cc_6", "deg_5"], "62": ["cc_0", "deg_4"], "60": ["cc_0", "deg_3"], "52": ["cc_0", "deg_6"], "15": ["cc_0", "deg_4"], "70": ["cc_2", "deg_6"], "49": ["cc_5", "deg_4"]}, "edges": [[0, 57], [0, 20], [1, 5], [1, 54], [1, 73], [1, 28], [2, 33], [2, 39], [3, 40], [3, 9], [3, 42], [3, 59], [3, 47], [4, 35], [4, 19], [4, 6], [4, 73], [4, 47], [5, 32], [6, 64], [6, 7], [6, 8], [6, 42], [6, 15], [7, 8], [7, 9], [7, 67], [8, 10], [8, 63], [9, 11], [10, 70], [10, 39], [10, 12], [11, 17], [11, 23], [11, 15], [12, 31], [12, 61], [12, 45], [13, 34], [13, 52], [13, 70], [13, 72], [13, 57], [13, 15], [14, 16], [14, 52], [14, 15], [16, 72], [16, 17], [17, 18], [17, 53], [18, 19], [18, 30], [18, 63], [19, 56], [19, 53], [20, 36], [20, 22], [20, 56], [20, 62], [21, 38], [21, 70], [22, 32], [22, 23], [22, 24], [22, 36], [22, 43], [22, 63], [23, 57], [23, 31], [24, 48], [24, 25], [24, 26], [25, 72], [25, 58], [25, 27], [26, 73], [26, 27], [26, 68], [27, 68], [27, 29], [27, 63], [28, 57], [28, 42], [28, 29], [29, 51], [29, 30], [29, 55], [30, 31], [31, 35], [31, 39], [32, 71], [32, 54], [32, 43], [33, 73], [33, 35], [34, 72], [34, 35], [34, 60], [35, 37], [36, 52], [37, 56], [37, 38], [37, 39], [38, 52], [38, 70], [38, 39], [39, 65], [40, 42], [41, 63], [41, 43], [44, 50], [44, 46], [45, 63], [46, 50], [46, 67], [46, 47], [47, 49], [48, 49], [48, 51], [49, 50], [49, 51], [50, 67], [50, 52], [51, 54], [52, 58], [53, 54], [53, 56], [53, 62], [54, 56], [54, 68], [54, 63], [55, 57], [55, 70], [58, 59], [59, 71], [59, 60], [60, 61], [61, 62], [61, 63], [62, 69], [63, 64], [63, 70], [65, 67], [66, 67], [66, 68], [69, 71]]}