{"label": 0, "features": {"1": ["cc_11", "deg_4"], "16": ["cc_6", "deg_5"], "4": ["cc_11", "deg_4"], "21": ["cc_11", "deg_4"], "32": ["cc_11", "deg_3"], "7": ["cc_16", "deg_4"], "25": ["cc_11", "deg_4"], "0": ["cc_5", "deg_4"], "12": ["cc_11", "deg_4"], "29": ["cc_4", "deg_7"], "28": ["cc_11", "deg_4"], "13": ["cc_11", "deg_4"], "6": ["cc_13", "deg_5"], "30": ["cc_11", "deg_4"], "5": ["cc_16", "deg_4"], "3": ["cc_11", "deg_3"], "24": ["cc_16", "deg_4"], "23": ["cc_22", "deg_3"], "27": ["cc_33", "deg_2"], "19": ["cc_10", "deg_5"], "10": ["cc_11", "deg_3"], "17": ["cc_22", "deg_3"], "11": ["cc_11", "deg_4"], "22": ["cc_11", "deg_4"], "18": ["cc_16", "deg_4"], "31": ["cc_5", "deg_4"], "2": ["cc_0", "deg_3"], "26": ["cc_3", "deg_5"], "20": ["cc_16", "deg_4"], "14": ["cc_22", "deg_3"], "9": ["cc_5", "deg_4"], "8": ["cc_10", "deg_5"], "15": ["cc_6", "deg_5"]}, "edges": [[0, 32], [0, 1], [0, 2], [0, 31], [1, 32], [1, 6], [1, 8], [2, 3], [2, 29], [3, 4], [3, 5], [4, 9], [4, 5], [4, 6], [5, 6], [5, 7], [6, 8], [6, 7], [7, 8], [7, 9], [8, 9], [8, 10], [9, 11], [10, 11], [10, 12], [11, 12], [11, 13], [12, 13], [12, 29], [13, 14], [13, 15], [14, 16], [14, 15], [15, 16], [15, 21], [15, 29], [16, 17], [16, 18], [16, 25], [17, 18], [17, 19], [18, 19], [18, 20], [19, 26], [19, 20], [19, 21], [20, 21], [20, 22], [21, 22], [22, 24], [22, 23], [23, 24], [23, 25], [24, 25], [24, 26], [25, 26], [26, 28], [26, 31], [27, 28], [27, 29], [28, 29], [28, 30], [29, 30], [29, 31], [30, 32], [30, 31]]}