{"label": 0, "edges": [[0, 1], [0, 3], [0, 37], [0, 90], [0, 91], [0, 92], [1, 2], [1, 3], [1, 44], [1, 91], [1, 92], [1, 29], [2, 3], [2, 4], [2, 5], [2, 9], [2, 11], [2, 92], [2, 45], [3, 4], [3, 5], [3, 6], [4, 5], [4, 6], [4, 7], [4, 11], [4, 34], [5, 85], [5, 38], [5, 7], [5, 8], [6, 7], [6, 8], [6, 9], [7, 8], [7, 9], [7, 10], [8, 33], [8, 9], [8, 11], [9, 43], [9, 22], [9, 28], [9, 11], [10, 11], [10, 12], [10, 13], [11, 68], [11, 12], [11, 79], [12, 59], [12, 55], [12, 13], [12, 14], [13, 16], [13, 14], [13, 15], [14, 16], [14, 17], [14, 55], [14, 25], [14, 90], [15, 16], [15, 18], [15, 25], [15, 73], [15, 28], [16, 17], [16, 18], [16, 19], [16, 28], [17, 18], [17, 19], [17, 20], [17, 40], [18, 19], [18, 20], [18, 21], [18, 22], [18, 27], [19, 20], [19, 21], [19, 22], [20, 21], [20, 22], [20, 23], [21, 48], [21, 23], [21, 24], [22, 48], [22, 25], [23, 89], [23, 24], [23, 25], [23, 26], [24, 25], [24, 26], [24, 27], [25, 80], [25, 26], [25, 28], [26, 27], [26, 28], [26, 29], [27, 87], [27, 29], [28, 64], [28, 29], [28, 31], [29, 32], [29, 30], [29, 31], [30, 32], [30, 55], [30, 31], [31, 32], [31, 34], [31, 78], [32, 33], [32, 34], [32, 35], [33, 34], [33, 35], [33, 37], [34, 37], [34, 77], [35, 36], [35, 38], [35, 42], [36, 84], [36, 37], [36, 38], [36, 39], [37, 38], [37, 39], [37, 40], [37, 42], [38, 39], [38, 40], [38, 41], [39, 40], [39, 41], [39, 42], [40, 72], [40, 65], [41, 42], [41, 43], [41, 44], [42, 43], [42, 44], [43, 44], [43, 45], [44, 59], [44, 45], [44, 46], [45, 46], [45, 47], [46, 48], [46, 49], [46, 47], [47, 49], [47, 50], [47, 54], [48, 51], [48, 60], [49, 50], [49, 51], [49, 52], [50, 51], [50, 52], [50, 53], [50, 54], [51, 52], [51, 54], [51, 87], [51, 80], [51, 58], [52, 54], [52, 55], [52, 73], [52, 59], [53, 64], [53, 55], [53, 56], [54, 55], [54, 57], [55, 56], [55, 58], [56, 91], [56, 57], [56, 58], [56, 59], [57, 67], [57, 59], [57, 60], [58, 59], [58, 60], [58, 61], [59, 60], [60, 61], [60, 62], [60, 63], [61, 64], [61, 62], [61, 63], [62, 64], [62, 65], [62, 91], [63, 64], [63, 65], [63, 66], [64, 66], [64, 77], [65, 66], [65, 67], [65, 68], [66, 67], [66, 68], [66, 89], [67, 68], [67, 69], [67, 70], [68, 70], [68, 71], [69, 70], [69, 71], [69, 72], [70, 71], [70, 72], [70, 73], [71, 72], [71, 73], [71, 74], [72, 73], [72, 74], [72, 75], [73, 76], [73, 78], [74, 75], [74, 76], [74, 77], [75, 84], [75, 76], [75, 77], [75, 78], [76, 88], [76, 77], [76, 78], [76, 79], [77, 82], [77, 78], [77, 79], [78, 81], [78, 79], [79, 80], [79, 82], [79, 86], [80, 83], [81, 82], [81, 83], [81, 84], [82, 83], [82, 84], [82, 85], [83, 84], [83, 85], [83, 86], [84, 85], [85, 86], [85, 88], [86, 87], [86, 89], [87, 88], [87, 90], [88, 89], [88, 90], [89, 90], [89, 91], [90, 92]], "features": {"27": ["cc_6", "deg_5"], "35": ["cc_6", "deg_5"], "43": ["cc_13", "deg_5"], "47": ["cc_13", "deg_5"], "56": ["cc_8", "deg_6"], "23": ["cc_11", "deg_6"], "9": ["cc_5", "deg_8"], "0": ["cc_8", "deg_6"], "6": ["cc_16", "deg_5"], "18": ["cc_11", "deg_8"], "14": ["cc_6", "deg_7"], "38": ["cc_11", "deg_7"], "82": ["cc_13", "deg_6"], "68": ["cc_11", "deg_6"], "51": ["cc_5", "deg_8"], "77": ["cc_9", "deg_8"], "19": ["cc_20", "deg_6"], "34": ["cc_6", "deg_6"], "75": ["cc_13", "deg_6"], "11": ["cc_4", "deg_8"], "88": ["cc_6", "deg_5"], "17": ["cc_13", "deg_6"], "25": ["cc_5", "deg_8"], "24": ["cc_16", "deg_5"], "70": ["cc_17", "deg_6"], "15": ["cc_8", "deg_6"], "62": ["cc_6", "deg_5"], "40": ["cc_6", "deg_6"], "30": ["cc_16", "deg_4"], "31": ["cc_11", "deg_6"], "66": ["cc_11", "deg_6"], "36": ["cc_13", "deg_5"], "57": ["cc_6", "deg_5"], "10": ["cc_11", "deg_4"], "49": ["cc_16", "deg_5"], "1": ["cc_7", "deg_7"], "46": ["cc_10", "deg_5"], "60": ["cc_7", "deg_7"], "41": ["cc_16", "deg_5"], "29": ["cc_9", "deg_7"], "74": ["cc_16", "deg_5"], "13": ["cc_13", "deg_5"], "2": ["cc_8", "deg_8"], "7": ["cc_13", "deg_6"], "84": ["cc_11", "deg_6"], "79": ["cc_6", "deg_7"], "90": ["cc_6", "deg_6"], "32": ["cc_13", "deg_6"], "33": ["cc_10", "deg_5"], "55": ["cc_4", "deg_8"], "48": ["cc_0", "deg_5"], "85": ["cc_8", "deg_6"], "5": ["cc_7", "deg_7"], "80": ["cc_0", "deg_4"], "81": ["cc_16", "deg_4"], "86": ["cc_3", "deg_5"], "87": ["cc_3", "deg_5"], "44": ["cc_7", "deg_7"], "39": ["cc_17", "deg_6"], "3": ["cc_13", "deg_6"], "92": ["cc_16", "deg_4"], "28": ["cc_5", "deg_8"], "83": ["cc_13", "deg_6"], "76": ["cc_12", "deg_7"], "72": ["cc_11", "deg_7"], "89": ["cc_2", "deg_6"], "12": ["cc_8", "deg_6"], "59": ["cc_6", "deg_7"], "69": ["cc_22", "deg_4"], "22": ["cc_6", "deg_6"], "50": ["cc_15", "deg_6"], "71": ["cc_15", "deg_6"], "4": ["cc_11", "deg_7"], "78": ["cc_9", "deg_7"], "91": ["cc_3", "deg_5"], "45": ["cc_10", "deg_5"], "42": ["cc_11", "deg_6"], "21": ["cc_11", "deg_6"], "8": ["cc_11", "deg_6"], "53": ["cc_5", "deg_4"], "67": ["cc_11", "deg_6"], "37": ["cc_8", "deg_8"], "20": ["cc_17", "deg_6"], "26": ["cc_15", "deg_6"], "52": ["cc_9", "deg_7"], "58": ["cc_8", "deg_6"], "63": ["cc_13", "deg_5"], "64": ["cc_4", "deg_7"], "54": ["cc_11", "deg_6"], "65": ["cc_8", "deg_6"], "61": ["cc_16", "deg_5"], "16": ["cc_12", "deg_7"], "73": ["cc_6", "deg_7"]}}