{"label": 1, "features": {"53": ["cc_3", "deg_7"], "47": ["cc_4", "deg_6"], "21": ["cc_0", "deg_4"], "34": ["cc_2", "deg_6"], "41": ["cc_5", "deg_4"], "4": ["cc_5", "deg_4"], "42": ["cc_1", "deg_7"], "12": ["cc_6", "deg_5"], "28": ["cc_6", "deg_5"], "5": ["cc_0", "deg_3"], "61": ["cc_5", "deg_4"], "3": ["cc_3", "deg_5"], "51": ["cc_5", "deg_4"], "24": ["cc_1", "deg_7"], "56": ["cc_3", "deg_5"], "55": ["cc_3", "deg_8"], "19": ["cc_6", "deg_6"], "54": ["cc_4", "deg_6"], "36": ["cc_2", "deg_6"], "17": ["cc_10", "deg_5"], "11": ["cc_3", "deg_5"], "22": ["cc_5", "deg_4"], "18": ["cc_4", "deg_7"], "59": ["cc_4", "deg_7"], "2": ["cc_3", "deg_5"], "46": ["cc_2", "deg_6"], "37": ["cc_0", "deg_7"], "38": ["cc_7", "deg_7"], "9": ["cc_10", "deg_5"], "27": ["cc_6", "deg_7"], "58": ["cc_0", "deg_5"], "35": ["cc_3", "deg_7"], "1": ["cc_2", "deg_6"], "16": ["cc_11", "deg_4"], "25": ["cc_11", "deg_3"], "7": ["cc_2", "deg_10"], "39": ["cc_2", "deg_6"], "0": ["cc_4", "deg_6"], "29": ["cc_1", "deg_8"], "13": ["cc_0", "deg_7"], "6": ["cc_2", "deg_10"], "30": ["cc_3", "deg_5"], "14": ["cc_2", "deg_8"], "32": ["cc_2", "deg_6"], "45": ["cc_0", "deg_6"], "10": ["cc_1", "deg_7"], "33": ["cc_3", "deg_7"], "23": ["cc_3", "deg_7"], "48": ["cc_6", "deg_5"], "40": ["cc_3", "deg_7"], "8": ["cc_1", "deg_8"], "44": ["cc_1", "deg_7"], "31": ["cc_5", "deg_4"], "26": ["cc_6", "deg_5"], "43": ["cc_0", "deg_6"], "57": ["cc_4", "deg_8"], "20": ["cc_10", "deg_5"], "50": ["cc_2", "deg_6"], "60": ["cc_2", "deg_9"], "52": ["cc_3", "deg_7"], "15": ["cc_3", "deg_7"], "49": ["cc_11", "deg_3"]}, "edges": [[0, 1], [0, 43], [0, 8], [0, 59], [0, 60], [0, 29], [1, 2], [1, 4], [1, 6], [1, 61], [1, 14], [2, 50], [2, 32], [2, 59], [2, 61], [3, 34], [3, 4], [3, 6], [3, 39], [3, 13], [4, 34], [4, 15], [5, 24], [5, 7], [5, 8], [6, 33], [6, 7], [6, 8], [6, 46], [6, 50], [6, 53], [6, 57], [6, 28], [7, 34], [7, 41], [7, 11], [7, 15], [7, 9], [7, 57], [7, 38], [7, 30], [8, 59], [8, 9], [8, 10], [8, 13], [8, 47], [9, 40], [9, 35], [9, 38], [10, 48], [10, 24], [10, 20], [10, 55], [10, 11], [10, 29], [11, 27], [11, 12], [11, 13], [12, 27], [12, 35], [12, 52], [12, 14], [13, 43], [13, 54], [13, 14], [13, 15], [14, 27], [14, 53], [14, 42], [14, 47], [14, 29], [15, 16], [15, 18], [15, 30], [15, 29], [16, 18], [16, 19], [16, 36], [17, 18], [17, 19], [17, 20], [17, 55], [17, 42], [18, 19], [18, 52], [18, 40], [18, 61], [19, 20], [19, 43], [19, 30], [20, 48], [20, 23], [21, 32], [21, 22], [21, 39], [21, 44], [22, 23], [22, 56], [22, 57], [23, 48], [23, 51], [23, 37], [23, 55], [23, 60], [24, 56], [24, 31], [24, 27], [24, 60], [24, 37], [25, 26], [25, 27], [25, 28], [26, 37], [26, 42], [26, 28], [26, 29], [27, 53], [27, 31], [28, 60], [28, 29], [29, 40], [29, 36], [30, 33], [30, 45], [31, 32], [31, 57], [32, 33], [32, 34], [32, 47], [33, 36], [33, 38], [33, 44], [33, 47], [34, 37], [34, 58], [35, 36], [35, 37], [35, 38], [35, 58], [35, 54], [36, 54], [36, 41], [37, 40], [37, 46], [38, 39], [38, 40], [38, 41], [39, 40], [39, 42], [39, 52], [40, 59], [41, 44], [42, 55], [42, 43], [42, 58], [43, 44], [43, 45], [44, 48], [44, 46], [44, 47], [45, 50], [45, 55], [45, 46], [45, 47], [46, 57], [46, 58], [48, 50], [49, 50], [49, 51], [49, 52], [50, 53], [51, 52], [51, 59], [52, 54], [52, 55], [53, 54], [53, 56], [53, 60], [54, 55], [55, 60], [56, 57], [56, 58], [57, 59], [57, 60], [59, 60], [60, 61]]}