{"label": 1, "features": {"1": ["cc_11", "deg_4"], "16": ["cc_10", "deg_5"], "4": ["cc_11", "deg_4"], "21": ["cc_2", "deg_6"], "32": ["cc_5", "deg_8"], "34": ["cc_10", "deg_5"], "7": ["cc_10", "deg_5"], "25": ["cc_1", "deg_9"], "0": ["cc_11", "deg_4"], "39": ["cc_3", "deg_11"], "12": ["cc_3", "deg_5"], "29": ["cc_10", "deg_5"], "28": ["cc_11", "deg_6"], "13": ["cc_6", "deg_7"], "6": ["cc_8", "deg_6"], "30": ["cc_8", "deg_8"], "5": ["cc_4", "deg_8"], "38": ["cc_0", "deg_3"], "3": ["cc_3", "deg_8"], "40": ["cc_11", "deg_6"], "24": ["cc_1", "deg_7"], "33": ["cc_4", "deg_7"], "23": ["cc_5", "deg_4"], "27": ["cc_11", "deg_3"], "19": ["cc_10", "deg_5"], "36": ["cc_8", "deg_6"], "10": ["cc_4", "deg_7"], "17": ["cc_11", "deg_3"], "11": ["cc_13", "deg_6"], "22": ["cc_6", "deg_5"], "18": ["cc_11", "deg_3"], "31": ["cc_5", "deg_4"], "2": ["cc_2", "deg_8"], "26": ["cc_4", "deg_8"], "20": ["cc_4", "deg_8"], "14": ["cc_6", "deg_7"], "41": ["cc_3", "deg_5"], "35": ["cc_3", "deg_5"], "9": ["cc_5", "deg_10"], "8": ["cc_7", "deg_7"], "37": ["cc_2", "deg_6"], "15": ["cc_6", "deg_5"]}, "edges": [[0, 1], [0, 2], [0, 3], [0, 24], [1, 2], [1, 3], [1, 4], [2, 32], [2, 5], [2, 9], [2, 41], [2, 33], [2, 15], [3, 5], [3, 6], [3, 32], [3, 8], [3, 25], [3, 37], [4, 5], [4, 7], [4, 39], [5, 33], [5, 6], [5, 39], [5, 24], [5, 14], [6, 18], [6, 8], [6, 10], [6, 21], [7, 33], [7, 39], [7, 9], [7, 36], [8, 33], [8, 9], [8, 10], [8, 11], [8, 30], [9, 34], [9, 11], [9, 36], [9, 40], [9, 39], [9, 12], [9, 14], [10, 32], [10, 20], [10, 22], [10, 39], [10, 11], [11, 20], [11, 14], [11, 36], [12, 20], [12, 41], [12, 25], [12, 24], [13, 32], [13, 21], [13, 24], [13, 30], [13, 28], [13, 14], [13, 15], [14, 20], [14, 40], [14, 25], [15, 25], [15, 39], [15, 28], [16, 17], [16, 19], [16, 20], [16, 35], [16, 26], [17, 33], [17, 30], [18, 19], [18, 21], [19, 35], [19, 22], [19, 26], [20, 41], [20, 21], [20, 26], [21, 23], [21, 37], [22, 36], [22, 24], [22, 26], [23, 40], [23, 24], [23, 25], [24, 39], [25, 38], [25, 40], [25, 35], [25, 26], [26, 28], [26, 29], [26, 36], [27, 39], [27, 29], [27, 30], [28, 32], [28, 39], [28, 30], [29, 32], [29, 30], [29, 31], [30, 32], [30, 33], [31, 32], [31, 33], [31, 34], [34, 36], [34, 37], [34, 40], [35, 37], [35, 41], [37, 39], [37, 40], [38, 39], [38, 41]]}