{"label": 0, "features": {"53": ["cc_0", "deg_3"], "47": ["cc_11", "deg_3"], "68": ["cc_5", "deg_4"], "21": ["cc_0", "deg_2"], "34": ["cc_2", "deg_6"], "67": ["cc_3", "deg_7"], "41": ["cc_3", "deg_7"], "4": ["cc_0", "deg_3"], "42": ["cc_5", "deg_4"], "12": ["cc_11", "deg_3"], "28": ["cc_0", "deg_5"], "66": ["cc_6", "deg_6"], "5": ["cc_0", "deg_3"], "65": ["cc_33", "deg_2"], "61": ["cc_0", "deg_5"], "3": ["cc_0", "deg_5"], "64": ["cc_6", "deg_5"], "51": ["cc_5", "deg_4"], "24": ["cc_0", "deg_4"], "56": ["cc_4", "deg_6"], "55": ["cc_2", "deg_6"], "19": ["cc_0", "deg_2"], "54": ["cc_0", "deg_4"], "36": ["cc_11", "deg_4"], "17": ["cc_6", "deg_5"], "11": ["cc_5", "deg_4"], "22": ["cc_0", "deg_3"], "71": ["cc_0", "deg_4"], "18": ["cc_5", "deg_4"], "59": ["cc_0", "deg_3"], "2": ["cc_0", "deg_3"], "46": ["cc_0", "deg_3"], "37": ["cc_6", "deg_5"], "38": ["cc_5", "deg_4"], "9": ["cc_0", "deg_6"], "27": ["cc_0", "deg_3"], "58": ["cc_0", "deg_2"], "35": ["cc_6", "deg_5"], "1": ["cc_0", "deg_3"], "16": ["cc_16", "deg_4"], "25": ["cc_3", "deg_5"], "7": ["cc_0", "deg_4"], "39": ["cc_0", "deg_3"], "0": ["cc_0", "deg_4"], "29": ["cc_0", "deg_3"], "63": ["cc_11", "deg_4"], "13": ["cc_5", "deg_4"], "6": ["cc_0", "deg_4"], "30": ["cc_0", "deg_4"], "14": ["cc_11", "deg_3"], "32": ["cc_0", "deg_4"], "45": ["cc_11", "deg_3"], "10": ["cc_0", "deg_4"], "33": ["cc_11", "deg_3"], "23": ["cc_0", "deg_2"], "69": ["cc_3", "deg_5"], "48": ["cc_0", "deg_3"], "40": ["cc_11", "deg_3"], "72": ["cc_0", "deg_3"], "8": ["cc_0", "deg_4"], "44": ["cc_0", "deg_4"], "31": ["cc_0", "deg_4"], "26": ["cc_0", "deg_6"], "43": ["cc_2", "deg_6"], "57": ["cc_11", "deg_3"], "20": ["cc_0", "deg_4"], "50": ["cc_0", "deg_4"], "62": ["cc_3", "deg_5"], "60": ["cc_0", "deg_3"], "52": ["cc_0", "deg_5"], "15": ["cc_6", "deg_5"], "70": ["cc_0", "deg_3"], "49": ["cc_5", "deg_4"]}, "edges": [[0, 72], [0, 1], [0, 3], [0, 71], [1, 2], [1, 43], [2, 3], [2, 4], [3, 64], [3, 17], [3, 9], [4, 5], [4, 6], [5, 64], [5, 67], [6, 8], [6, 42], [6, 7], [7, 52], [7, 9], [7, 14], [8, 9], [8, 10], [8, 18], [9, 55], [9, 11], [9, 30], [10, 60], [10, 67], [10, 11], [11, 12], [11, 13], [12, 13], [12, 63], [13, 41], [13, 15], [14, 16], [14, 15], [15, 16], [15, 17], [15, 61], [16, 17], [16, 18], [17, 18], [17, 31], [18, 61], [19, 56], [19, 20], [20, 57], [20, 26], [20, 22], [21, 43], [21, 35], [22, 24], [22, 30], [23, 24], [23, 25], [24, 26], [24, 36], [25, 49], [25, 26], [25, 58], [25, 47], [26, 56], [26, 71], [26, 28], [27, 28], [27, 69], [27, 54], [28, 67], [28, 44], [28, 29], [29, 30], [29, 31], [30, 32], [31, 32], [31, 33], [32, 34], [32, 43], [33, 34], [33, 35], [34, 35], [34, 52], [34, 69], [34, 55], [35, 36], [35, 37], [36, 37], [36, 38], [37, 54], [37, 38], [37, 41], [38, 40], [38, 39], [39, 41], [39, 61], [40, 41], [40, 42], [41, 42], [41, 43], [41, 45], [42, 44], [43, 44], [43, 45], [44, 62], [45, 46], [46, 48], [46, 47], [47, 49], [48, 50], [48, 68], [49, 50], [49, 51], [50, 52], [50, 55], [51, 53], [51, 56], [51, 57], [52, 54], [52, 72], [53, 54], [53, 55], [55, 66], [55, 56], [56, 66], [56, 57], [58, 59], [59, 60], [59, 61], [60, 62], [61, 62], [62, 64], [62, 63], [63, 64], [63, 66], [64, 66], [65, 66], [65, 67], [66, 67], [67, 68], [67, 69], [68, 69], [68, 70], [69, 71], [70, 72], [70, 71]]}