{"label": 2, "edges": [[0, 41], [0, 44], [1, 41], [1, 17], [2, 5], [2, 7], [3, 7], [4, 34], [6, 49], [6, 7], [7, 40], [8, 9], [8, 43], [9, 56], [9, 45], [10, 61], [11, 12], [12, 57], [12, 34], [13, 18], [14, 51], [15, 62], [16, 34], [17, 26], [17, 45], [17, 47], [18, 51], [18, 20], [18, 46], [18, 31], [19, 59], [20, 25], [20, 53], [21, 24], [21, 42], [22, 56], [23, 56], [24, 60], [24, 55], [25, 50], [26, 52], [27, 28], [28, 31], [29, 41], [29, 51], [30, 62], [32, 54], [33, 54], [35, 58], [35, 47], [36, 38], [37, 62], [37, 38], [38, 51], [39, 51], [40, 48], [40, 43], [42, 54], [43, 53], [51, 55], [51, 61], [55, 59], [57, 58], [59, 63]], "features": {"27": ["cc_0", "deg_1"], "35": ["cc_0", "deg_2"], "43": ["cc_0", "deg_3"], "47": ["cc_0", "deg_2"], "32": ["cc_0", "deg_1"], "56": ["cc_0", "deg_3"], "9": ["cc_0", "deg_3"], "33": ["cc_0", "deg_1"], "48": ["cc_0", "deg_1"], "55": ["cc_0", "deg_3"], "0": ["cc_0", "deg_2"], "2": ["cc_0", "deg_2"], "18": ["cc_0", "deg_5"], "5": ["cc_0", "deg_1"], "14": ["cc_0", "deg_1"], "38": ["cc_0", "deg_3"], "44": ["cc_0", "deg_1"], "39": ["cc_0", "deg_1"], "3": ["cc_0", "deg_1"], "28": ["cc_0", "deg_2"], "51": ["cc_0", "deg_7"], "23": ["cc_0", "deg_1"], "19": ["cc_0", "deg_1"], "61": ["cc_0", "deg_2"], "34": ["cc_0", "deg_3"], "11": ["cc_0", "deg_1"], "17": ["cc_0", "deg_4"], "12": ["cc_0", "deg_3"], "25": ["cc_0", "deg_2"], "24": ["cc_0", "deg_3"], "62": ["cc_0", "deg_3"], "59": ["cc_0", "deg_3"], "22": ["cc_0", "deg_1"], "60": ["cc_0", "deg_1"], "15": ["cc_0", "deg_1"], "4": ["cc_0", "deg_1"], "37": ["cc_0", "deg_2"], "45": ["cc_0", "deg_2"], "42": ["cc_0", "deg_2"], "30": ["cc_0", "deg_1"], "31": ["cc_0", "deg_2"], "36": ["cc_0", "deg_1"], "57": ["cc_0", "deg_2"], "53": ["cc_0", "deg_2"], "10": ["cc_0", "deg_1"], "49": ["cc_0", "deg_1"], "1": ["cc_0", "deg_2"], "46": ["cc_0", "deg_1"], "26": ["cc_0", "deg_2"], "40": ["cc_0", "deg_3"], "41": ["cc_0", "deg_3"], "20": ["cc_0", "deg_3"], "29": ["cc_0", "deg_2"], "52": ["cc_0", "deg_1"], "58": ["cc_0", "deg_2"], "63": ["cc_0", "deg_1"], "13": ["cc_0", "deg_1"], "6": ["cc_0", "deg_2"], "7": ["cc_0", "deg_4"], "50": ["cc_0", "deg_1"], "8": ["cc_0", "deg_2"], "16": ["cc_0", "deg_1"], "54": ["cc_0", "deg_3"], "21": ["cc_0", "deg_2"]}}