{"label": 1, "features": {"53": ["cc_2", "deg_6"], "47": ["cc_33", "deg_2"], "68": ["cc_5", "deg_4"], "21": ["cc_33", "deg_2"], "34": ["cc_2", "deg_6"], "67": ["cc_3", "deg_7"], "41": ["cc_0", "deg_3"], "4": ["cc_0", "deg_4"], "42": ["cc_0", "deg_3"], "12": ["cc_0", "deg_4"], "28": ["cc_0", "deg_3"], "66": ["cc_11", "deg_4"], "5": ["cc_0", "deg_4"], "65": ["cc_3", "deg_8"], "61": ["cc_0", "deg_5"], "3": ["cc_0", "deg_5"], "64": ["cc_2", "deg_6"], "51": ["cc_0", "deg_4"], "24": ["cc_0", "deg_2"], "56": ["cc_0", "deg_4"], "55": ["cc_0", "deg_3"], "19": ["cc_5", "deg_4"], "54": ["cc_0", "deg_3"], "36": ["cc_5", "deg_4"], "17": ["cc_0", "deg_5"], "11": ["cc_0", "deg_3"], "22": ["cc_0", "deg_5"], "71": ["cc_0", "deg_5"], "18": ["cc_0", "deg_5"], "59": ["cc_0", "deg_2"], "2": ["cc_0", "deg_4"], "46": ["cc_0", "deg_3"], "37": ["cc_3", "deg_5"], "38": ["cc_0", "deg_5"], "73": ["cc_5", "deg_4"], "78": ["cc_0", "deg_3"], "9": ["cc_0", "deg_2"], "27": ["cc_0", "deg_4"], "58": ["cc_0", "deg_2"], "35": ["cc_3", "deg_5"], "1": ["cc_0", "deg_8"], "16": ["cc_0", "deg_4"], "80": ["cc_0", "deg_4"], "25": ["cc_0", "deg_4"], "7": ["cc_0", "deg_2"], "39": ["cc_0", "deg_2"], "0": ["cc_0", "deg_3"], "29": ["cc_11", "deg_3"], "63": ["cc_0", "deg_6"], "13": ["cc_0", "deg_4"], "6": ["cc_0", "deg_4"], "30": ["cc_11", "deg_4"], "14": ["cc_0", "deg_4"], "32": ["cc_33", "deg_2"], "45": ["cc_0", "deg_4"], "10": ["cc_0", "deg_3"], "33": ["cc_11", "deg_3"], "23": ["cc_4", "deg_6"], "69": ["cc_0", "deg_4"], "76": ["cc_0", "deg_5"], "48": ["cc_0", "deg_3"], "79": ["cc_0", "deg_2"], "77": ["cc_0", "deg_5"], "40": ["cc_0", "deg_4"], "72": ["cc_0", "deg_5"], "8": ["cc_2", "deg_6"], "44": ["cc_0", "deg_6"], "31": ["cc_0", "deg_2"], "75": ["cc_0", "deg_3"], "26": ["cc_0", "deg_4"], "43": ["cc_0", "deg_2"], "57": ["cc_0", "deg_2"], "20": ["cc_0", "deg_4"], "50": ["cc_2", "deg_6"], "62": ["cc_0", "deg_6"], "60": ["cc_0", "deg_6"], "52": ["cc_0", "deg_2"], "15": ["cc_0", "deg_3"], "74": ["cc_0", "deg_3"], "70": ["cc_0", "deg_4"], "49": ["cc_0", "deg_5"]}, "edges": [[0, 80], [0, 14], [0, 46], [1, 48], [1, 67], [1, 22], [1, 3], [1, 49], [1, 73], [1, 44], [1, 37], [2, 57], [2, 3], [2, 60], [2, 17], [3, 4], [3, 62], [3, 78], [4, 65], [4, 5], [4, 69], [5, 18], [5, 6], [5, 31], [6, 65], [6, 34], [6, 8], [7, 17], [7, 67], [8, 70], [8, 40], [8, 73], [8, 77], [8, 47], [9, 48], [9, 51], [10, 22], [10, 38], [10, 25], [11, 18], [11, 12], [11, 78], [12, 30], [12, 13], [12, 70], [13, 73], [13, 45], [13, 14], [14, 64], [14, 15], [15, 16], [15, 63], [16, 49], [16, 46], [16, 34], [17, 53], [17, 25], [17, 62], [18, 19], [18, 26], [18, 76], [19, 35], [19, 20], [19, 37], [20, 49], [20, 39], [20, 74], [21, 30], [21, 23], [22, 23], [22, 28], [22, 60], [23, 34], [23, 76], [23, 29], [23, 30], [24, 25], [24, 26], [25, 27], [26, 80], [26, 57], [27, 65], [27, 41], [27, 59], [28, 70], [28, 29], [29, 30], [31, 61], [32, 33], [32, 34], [33, 34], [33, 35], [34, 44], [35, 37], [35, 51], [35, 39], [36, 41], [36, 50], [36, 53], [36, 38], [37, 38], [37, 60], [38, 64], [38, 40], [40, 60], [40, 61], [41, 42], [42, 44], [42, 69], [43, 44], [43, 45], [44, 59], [44, 56], [45, 64], [45, 80], [46, 72], [47, 73], [48, 50], [49, 65], [49, 50], [50, 51], [50, 53], [50, 75], [51, 61], [52, 53], [52, 71], [53, 54], [53, 77], [54, 56], [54, 55], [55, 67], [55, 62], [56, 72], [56, 77], [58, 60], [58, 71], [60, 62], [61, 74], [61, 63], [62, 66], [62, 71], [63, 64], [63, 75], [63, 72], [63, 77], [64, 65], [64, 67], [65, 66], [65, 67], [65, 68], [66, 67], [66, 68], [67, 71], [68, 69], [68, 72], [69, 71], [70, 72], [74, 76], [75, 79], [76, 77], [76, 78], [79, 80]]}