{"label": 1, "features": {"53": ["cc_11", "deg_3"], "47": ["cc_0", "deg_6"], "68": ["cc_0", "deg_3"], "21": ["cc_0", "deg_5"], "34": ["cc_5", "deg_4"], "67": ["cc_0", "deg_3"], "41": ["cc_11", "deg_4"], "4": ["cc_16", "deg_4"], "42": ["cc_5", "deg_4"], "12": ["cc_0", "deg_4"], "28": ["cc_0", "deg_4"], "66": ["cc_0", "deg_3"], "5": ["cc_6", "deg_5"], "65": ["cc_0", "deg_3"], "61": ["cc_11", "deg_4"], "3": ["cc_10", "deg_5"], "64": ["cc_0", "deg_3"], "51": ["cc_2", "deg_6"], "24": ["cc_3", "deg_5"], "56": ["cc_11", "deg_3"], "55": ["cc_3", "deg_5"], "19": ["cc_11", "deg_3"], "54": ["cc_3", "deg_5"], "36": ["cc_6", "deg_6"], "17": ["cc_5", "deg_4"], "11": ["cc_0", "deg_4"], "22": ["cc_3", "deg_5"], "18": ["cc_4", "deg_6"], "59": ["cc_3", "deg_5"], "2": ["cc_11", "deg_4"], "46": ["cc_0", "deg_2"], "37": ["cc_11", "deg_4"], "38": ["cc_5", "deg_4"], "9": ["cc_5", "deg_4"], "27": ["cc_0", "deg_3"], "58": ["cc_4", "deg_6"], "35": ["cc_22", "deg_3"], "1": ["cc_5", "deg_4"], "16": ["cc_11", "deg_3"], "25": ["cc_0", "deg_3"], "7": ["cc_3", "deg_5"], "39": ["cc_5", "deg_4"], "0": ["cc_0", "deg_4"], "29": ["cc_0", "deg_2"], "63": ["cc_2", "deg_6"], "13": ["cc_0", "deg_3"], "6": ["cc_5", "deg_4"], "30": ["cc_0", "deg_3"], "14": ["cc_0", "deg_3"], "32": ["cc_0", "deg_5"], "45": ["cc_3", "deg_5"], "10": ["cc_5", "deg_4"], "33": ["cc_0", "deg_2"], "23": ["cc_0", "deg_5"], "48": ["cc_0", "deg_4"], "40": ["cc_6", "deg_5"], "8": ["cc_3", "deg_5"], "44": ["cc_11", "deg_3"], "31": ["cc_0", "deg_5"], "26": ["cc_0", "deg_2"], "43": ["cc_11", "deg_3"], "57": ["cc_0", "deg_3"], "20": ["cc_5", "deg_4"], "50": ["cc_22", "deg_3"], "62": ["cc_0", "deg_2"], "60": ["cc_6", "deg_5"], "52": ["cc_0", "deg_4"], "15": ["cc_0", "deg_5"], "49": ["cc_0", "deg_4"]}, "edges": [[0, 68], [0, 21], [0, 44], [0, 47], [1, 17], [1, 2], [1, 3], [1, 68], [2, 67], [2, 3], [2, 4], [3, 4], [3, 5], [3, 49], [4, 5], [4, 6], [5, 32], [5, 6], [5, 8], [6, 59], [6, 7], [7, 50], [7, 23], [7, 8], [7, 61], [8, 9], [8, 10], [8, 54], [9, 65], [9, 10], [9, 63], [10, 18], [10, 11], [11, 20], [11, 12], [11, 54], [12, 13], [12, 14], [12, 31], [13, 36], [13, 15], [14, 16], [14, 15], [15, 17], [15, 28], [15, 31], [16, 17], [16, 18], [17, 18], [18, 19], [18, 20], [18, 23], [19, 20], [19, 21], [20, 39], [21, 22], [21, 23], [21, 42], [22, 66], [22, 24], [22, 59], [22, 63], [23, 67], [23, 63], [24, 25], [24, 60], [24, 45], [24, 63], [25, 31], [25, 27], [26, 67], [26, 28], [27, 28], [27, 36], [28, 55], [29, 30], [29, 31], [30, 32], [30, 66], [31, 32], [32, 34], [32, 42], [33, 34], [33, 51], [34, 35], [34, 36], [35, 36], [35, 37], [36, 37], [36, 38], [37, 38], [37, 39], [38, 40], [38, 58], [39, 40], [39, 41], [40, 48], [40, 41], [40, 42], [41, 42], [41, 43], [43, 44], [43, 45], [44, 45], [45, 55], [45, 47], [46, 48], [46, 47], [47, 49], [47, 65], [47, 58], [48, 49], [48, 57], [49, 51], [50, 51], [50, 61], [51, 53], [51, 56], [51, 61], [52, 64], [52, 54], [52, 59], [52, 63], [53, 54], [53, 55], [54, 55], [55, 57], [56, 58], [56, 60], [57, 58], [58, 59], [58, 60], [59, 60], [60, 61], [62, 64], [62, 63], [64, 65], [66, 68]]}