{"label": 0, "features": {"68": ["cc_0", "deg_2"], "21": ["cc_0", "deg_2"], "34": ["cc_0", "deg_2"], "58": ["cc_0", "deg_3"], "69": ["cc_0", "deg_1"], "42": ["cc_0", "deg_3"], "12": ["cc_0", "deg_2"], "66": ["cc_0", "deg_2"], "5": ["cc_0", "deg_2"], "61": ["cc_0", "deg_3"], "51": ["cc_0", "deg_1"], "24": ["cc_0", "deg_1"], "56": ["cc_0", "deg_2"], "55": ["cc_0", "deg_2"], "17": ["cc_0", "deg_2"], "22": ["cc_0", "deg_1"], "74": ["cc_0", "deg_2"], "59": ["cc_0", "deg_2"], "46": ["cc_0", "deg_2"], "37": ["cc_0", "deg_3"], "38": ["cc_0", "deg_2"], "81": ["cc_0", "deg_2"], "35": ["cc_0", "deg_2"], "47": ["cc_0", "deg_2"], "16": ["cc_0", "deg_2"], "65": ["cc_0", "deg_2"], "23": ["cc_0", "deg_1"], "7": ["cc_0", "deg_2"], "82": ["cc_0", "deg_3"], "29": ["cc_0", "deg_2"], "13": ["cc_0", "deg_2"], "6": ["cc_0", "deg_4"], "30": ["cc_0", "deg_1"], "14": ["cc_0", "deg_2"], "40": ["cc_0", "deg_3"], "33": ["cc_0", "deg_3"], "73": ["cc_0", "deg_2"], "76": ["cc_0", "deg_2"], "8": ["cc_0", "deg_2"], "44": ["cc_0", "deg_3"], "26": ["cc_0", "deg_2"], "43": ["cc_0", "deg_2"], "57": ["cc_0", "deg_1"], "20": ["cc_0", "deg_2"], "80": ["cc_0", "deg_2"], "70": ["cc_0", "deg_2"], "84": ["cc_0", "deg_1"], "53": ["cc_0", "deg_2"], "1": ["cc_0", "deg_2"], "54": ["cc_0", "deg_2"], "41": ["cc_0", "deg_2"], "4": ["cc_0", "deg_3"], "39": ["cc_0", "deg_2"], "28": ["cc_0", "deg_1"], "25": ["cc_0", "deg_2"], "78": ["cc_0", "deg_2"], "3": ["cc_0", "deg_2"], "64": ["cc_0", "deg_2"], "72": ["cc_0", "deg_2"], "19": ["cc_0", "deg_2"], "62": ["cc_0", "deg_2"], "11": ["cc_0", "deg_2"], "18": ["cc_0", "deg_2"], "67": ["cc_0", "deg_2"], "2": ["cc_0", "deg_2"], "9": ["cc_0", "deg_2"], "27": ["cc_0", "deg_2"], "15": ["cc_0", "deg_2"], "71": ["cc_0", "deg_2"], "0": ["cc_0", "deg_2"], "63": ["cc_0", "deg_1"], "32": ["cc_0", "deg_3"], "45": ["cc_0", "deg_3"], "36": ["cc_0", "deg_2"], "83": ["cc_0", "deg_2"], "48": ["cc_0", "deg_2"], "79": ["cc_0", "deg_2"], "77": ["cc_0", "deg_1"], "10": ["cc_0", "deg_1"], "85": ["cc_0", "deg_2"], "31": ["cc_0", "deg_2"], "75": ["cc_0", "deg_2"], "50": ["cc_0", "deg_1"], "60": ["cc_0", "deg_2"], "52": ["cc_0", "deg_1"], "49": ["cc_0", "deg_3"]}, "edges": [[0, 1], [0, 85], [1, 2], [2, 3], [3, 4], [4, 76], [4, 37], [5, 49], [5, 6], [6, 56], [6, 27], [6, 7], [7, 8], [8, 9], [9, 45], [10, 11], [11, 12], [12, 13], [13, 14], [14, 15], [15, 16], [16, 17], [17, 18], [18, 19], [19, 20], [20, 21], [21, 58], [22, 32], [23, 49], [24, 25], [25, 26], [26, 27], [28, 29], [29, 40], [30, 31], [31, 32], [32, 33], [33, 34], [33, 83], [34, 35], [35, 36], [36, 37], [37, 38], [38, 39], [39, 40], [40, 41], [41, 42], [42, 43], [42, 62], [43, 44], [44, 68], [44, 45], [45, 46], [46, 47], [47, 48], [48, 49], [50, 82], [51, 61], [52, 53], [53, 54], [54, 55], [55, 56], [57, 58], [58, 59], [59, 60], [60, 61], [61, 62], [63, 64], [64, 65], [65, 66], [66, 67], [67, 68], [69, 70], [70, 71], [71, 72], [72, 73], [73, 74], [74, 75], [75, 76], [77, 78], [78, 79], [79, 80], [80, 81], [81, 82], [82, 83], [84, 85]]}