{"label": 1, "edges": [[0, 1], [0, 2], [1, 84], [1, 26], [1, 45], [1, 61], [2, 68], [2, 3], [2, 4], [2, 77], [3, 4], [3, 5], [4, 74], [4, 18], [5, 72], [5, 12], [5, 6], [6, 22], [6, 73], [6, 75], [7, 8], [7, 9], [8, 34], [8, 10], [8, 13], [9, 10], [9, 11], [10, 76], [10, 20], [10, 11], [10, 12], [11, 24], [11, 13], [11, 63], [12, 14], [13, 14], [13, 15], [14, 16], [14, 67], [15, 40], [15, 53], [16, 17], [16, 18], [17, 64], [17, 19], [18, 65], [18, 50], [18, 20], [18, 56], [19, 20], [19, 21], [19, 55], [19, 75], [20, 66], [21, 31], [21, 44], [21, 46], [21, 23], [22, 38], [22, 23], [23, 24], [23, 25], [24, 41], [25, 31], [25, 63], [26, 57], [26, 27], [26, 30], [27, 80], [27, 28], [28, 29], [28, 30], [29, 59], [29, 30], [29, 31], [30, 32], [30, 52], [30, 72], [30, 31], [31, 32], [31, 33], [31, 38], [31, 70], [32, 33], [32, 67], [32, 76], [33, 81], [33, 34], [33, 69], [33, 63], [34, 36], [35, 36], [35, 37], [35, 70], [36, 46], [36, 38], [37, 42], [37, 38], [37, 39], [38, 40], [38, 58], [39, 40], [39, 41], [40, 41], [40, 74], [40, 60], [41, 43], [41, 60], [42, 43], [43, 44], [43, 45], [44, 46], [45, 84], [45, 65], [45, 49], [46, 47], [47, 48], [47, 49], [47, 62], [48, 50], [48, 68], [48, 53], [48, 72], [49, 50], [49, 51], [50, 52], [50, 56], [51, 84], [51, 52], [51, 53], [52, 53], [53, 54], [53, 55], [54, 57], [54, 55], [55, 73], [57, 59], [58, 60], [59, 60], [60, 61], [61, 62], [62, 64], [63, 65], [64, 65], [64, 66], [65, 81], [65, 66], [66, 67], [66, 68], [67, 69], [67, 78], [69, 70], [69, 71], [71, 72], [71, 73], [71, 77], [72, 73], [74, 75], [74, 76], [75, 83], [75, 77], [76, 78], [78, 80], [79, 80], [79, 81], [80, 81], [80, 82], [82, 83], [82, 84], [83, 84]], "features": {"27": ["cc_0", "deg_3"], "35": ["cc_0", "deg_3"], "43": ["cc_0", "deg_4"], "47": ["cc_0", "deg_4"], "83": ["cc_11", "deg_3"], "32": ["cc_6", "deg_5"], "56": ["cc_33", "deg_2"], "77": ["cc_0", "deg_3"], "9": ["cc_11", "deg_3"], "33": ["cc_2", "deg_6"], "48": ["cc_0", "deg_5"], "55": ["cc_5", "deg_4"], "0": ["cc_0", "deg_2"], "2": ["cc_3", "deg_5"], "18": ["cc_2", "deg_6"], "5": ["cc_0", "deg_4"], "76": ["cc_0", "deg_4"], "14": ["cc_0", "deg_4"], "81": ["cc_5", "deg_4"], "38": ["cc_0", "deg_6"], "73": ["cc_5", "deg_4"], "44": ["cc_11", "deg_3"], "39": ["cc_11", "deg_3"], "82": ["cc_11", "deg_3"], "3": ["cc_11", "deg_3"], "68": ["cc_0", "deg_3"], "28": ["cc_11", "deg_3"], "51": ["cc_5", "deg_4"], "23": ["cc_0", "deg_4"], "19": ["cc_0", "deg_5"], "61": ["cc_0", "deg_3"], "34": ["cc_0", "deg_3"], "75": ["cc_0", "deg_5"], "11": ["cc_3", "deg_5"], "72": ["cc_3", "deg_5"], "17": ["cc_0", "deg_3"], "12": ["cc_0", "deg_3"], "25": ["cc_0", "deg_3"], "24": ["cc_0", "deg_3"], "62": ["cc_0", "deg_3"], "59": ["cc_0", "deg_3"], "69": ["cc_0", "deg_4"], "22": ["cc_0", "deg_3"], "60": ["cc_3", "deg_5"], "70": ["cc_0", "deg_3"], "65": ["cc_2", "deg_6"], "71": ["cc_5", "deg_4"], "15": ["cc_0", "deg_3"], "4": ["cc_5", "deg_4"], "78": ["cc_0", "deg_3"], "80": ["cc_3", "deg_5"], "37": ["cc_0", "deg_4"], "45": ["cc_3", "deg_5"], "42": ["cc_0", "deg_2"], "30": ["cc_4", "deg_7"], "31": ["cc_3", "deg_8"], "66": ["cc_3", "deg_5"], "36": ["cc_0", "deg_4"], "67": ["cc_0", "deg_5"], "57": ["cc_0", "deg_3"], "53": ["cc_4", "deg_6"], "10": ["cc_2", "deg_6"], "49": ["cc_0", "deg_4"], "1": ["cc_3", "deg_5"], "46": ["cc_5", "deg_4"], "79": ["cc_33", "deg_2"], "26": ["cc_0", "deg_4"], "40": ["cc_4", "deg_6"], "41": ["cc_6", "deg_5"], "20": ["cc_0", "deg_4"], "29": ["cc_11", "deg_4"], "52": ["cc_5", "deg_4"], "58": ["cc_0", "deg_2"], "63": ["cc_0", "deg_4"], "64": ["cc_5", "deg_4"], "74": ["cc_0", "deg_4"], "13": ["cc_0", "deg_4"], "6": ["cc_0", "deg_4"], "7": ["cc_0", "deg_2"], "50": ["cc_3", "deg_5"], "84": ["cc_6", "deg_5"], "8": ["cc_0", "deg_4"], "16": ["cc_0", "deg_3"], "54": ["cc_11", "deg_3"], "21": ["cc_3", "deg_5"]}}