{"label": 1, "features": {"47": ["cc_0", "deg_2"], "21": ["cc_0", "deg_3"], "34": ["cc_0", "deg_3"], "41": ["cc_11", "deg_3"], "4": ["cc_5", "deg_4"], "42": ["cc_5", "deg_4"], "12": ["cc_0", "deg_2"], "28": ["cc_6", "deg_5"], "5": ["cc_3", "deg_5"], "3": ["cc_10", "deg_5"], "24": ["cc_5", "deg_4"], "19": ["cc_0", "deg_4"], "36": ["cc_3", "deg_5"], "17": ["cc_3", "deg_5"], "11": ["cc_6", "deg_5"], "22": ["cc_0", "deg_5"], "18": ["cc_3", "deg_5"], "2": ["cc_11", "deg_4"], "46": ["cc_0", "deg_4"], "37": ["cc_11", "deg_3"], "38": ["cc_0", "deg_5"], "9": ["cc_5", "deg_4"], "27": ["cc_6", "deg_5"], "35": ["cc_0", "deg_4"], "1": ["cc_22", "deg_3"], "16": ["cc_6", "deg_5"], "25": ["cc_11", "deg_3"], "7": ["cc_0", "deg_3"], "39": ["cc_5", "deg_4"], "0": ["cc_5", "deg_4"], "29": ["cc_11", "deg_3"], "13": ["cc_5", "deg_4"], "6": ["cc_0", "deg_4"], "30": ["cc_11", "deg_3"], "14": ["cc_2", "deg_6"], "32": ["cc_0", "deg_4"], "45": ["cc_0", "deg_5"], "10": ["cc_11", "deg_3"], "33": ["cc_0", "deg_6"], "23": ["cc_0", "deg_4"], "48": ["cc_0", "deg_2"], "40": ["cc_0", "deg_3"], "8": ["cc_0", "deg_5"], "44": ["cc_0", "deg_5"], "31": ["cc_0", "deg_3"], "26": ["cc_11", "deg_3"], "43": ["cc_5", "deg_4"], "20": ["cc_0", "deg_5"], "15": ["cc_5", "deg_4"], "49": ["cc_0", "deg_4"]}, "edges": [[0, 48], [0, 32], [0, 11], [0, 29], [1, 2], [1, 3], [1, 5], [2, 3], [2, 4], [2, 15], [3, 4], [3, 5], [3, 46], [4, 18], [4, 6], [5, 35], [5, 26], [5, 28], [6, 16], [6, 21], [6, 22], [7, 8], [7, 9], [7, 37], [8, 33], [8, 19], [8, 23], [8, 46], [9, 47], [9, 10], [9, 11], [10, 11], [10, 45], [11, 44], [11, 29], [12, 36], [12, 14], [13, 16], [13, 19], [13, 43], [13, 14], [14, 16], [14, 34], [14, 22], [14, 15], [15, 17], [15, 27], [16, 18], [16, 39], [17, 40], [17, 27], [17, 18], [17, 19], [18, 33], [18, 39], [19, 20], [20, 30], [20, 44], [20, 21], [20, 22], [21, 23], [22, 38], [22, 31], [23, 25], [23, 45], [24, 36], [24, 44], [24, 28], [24, 49], [25, 26], [25, 27], [26, 27], [27, 43], [28, 36], [28, 30], [28, 37], [29, 31], [30, 37], [31, 42], [32, 33], [32, 38], [32, 42], [33, 40], [33, 34], [33, 35], [34, 44], [35, 36], [35, 49], [36, 38], [38, 39], [38, 45], [39, 40], [41, 42], [41, 43], [41, 46], [42, 43], [44, 45], [45, 46], [47, 49], [48, 49]]}