{"label": 1, "edges": [[0, 1], [0, 35], [1, 17], [1, 2], [1, 46], [2, 8], [2, 36], [3, 4], [4, 5], [5, 24], [6, 31], [7, 8], [7, 37], [8, 9], [8, 38], [9, 10], [10, 11], [11, 43], [11, 22], [12, 26], [12, 42], [13, 14], [14, 17], [15, 16], [15, 19], [16, 17], [18, 38], [19, 39], [20, 21], [21, 40], [21, 45], [22, 23], [23, 24], [24, 32], [24, 25], [25, 26], [26, 34], [26, 27], [27, 30], [28, 29], [29, 30], [30, 31], [31, 32], [33, 41], [38, 47], [41, 46], [44, 45], [45, 46]], "features": {"27": ["cc_0", "deg_2"], "35": ["cc_0", "deg_1"], "43": ["cc_0", "deg_1"], "47": ["cc_0", "deg_1"], "32": ["cc_0", "deg_2"], "9": ["cc_0", "deg_2"], "33": ["cc_0", "deg_1"], "0": ["cc_0", "deg_2"], "2": ["cc_0", "deg_3"], "18": ["cc_0", "deg_1"], "5": ["cc_0", "deg_2"], "14": ["cc_0", "deg_2"], "38": ["cc_0", "deg_3"], "44": ["cc_0", "deg_1"], "39": ["cc_0", "deg_1"], "3": ["cc_0", "deg_1"], "28": ["cc_0", "deg_1"], "23": ["cc_0", "deg_2"], "19": ["cc_0", "deg_2"], "34": ["cc_0", "deg_1"], "11": ["cc_0", "deg_3"], "17": ["cc_0", "deg_3"], "12": ["cc_0", "deg_2"], "25": ["cc_0", "deg_2"], "24": ["cc_0", "deg_4"], "22": ["cc_0", "deg_2"], "15": ["cc_0", "deg_2"], "4": ["cc_0", "deg_2"], "37": ["cc_0", "deg_1"], "45": ["cc_0", "deg_3"], "42": ["cc_0", "deg_1"], "30": ["cc_0", "deg_3"], "31": ["cc_0", "deg_3"], "36": ["cc_0", "deg_1"], "10": ["cc_0", "deg_2"], "1": ["cc_0", "deg_4"], "46": ["cc_0", "deg_3"], "26": ["cc_0", "deg_4"], "40": ["cc_0", "deg_1"], "41": ["cc_0", "deg_2"], "20": ["cc_0", "deg_1"], "29": ["cc_0", "deg_2"], "13": ["cc_0", "deg_1"], "6": ["cc_0", "deg_1"], "7": ["cc_0", "deg_2"], "8": ["cc_0", "deg_4"], "16": ["cc_0", "deg_2"], "21": ["cc_0", "deg_3"]}}