{"label": 1, "features": {"47": ["cc_6", "deg_6"], "21": ["cc_8", "deg_6"], "34": ["cc_11", "deg_7"], "41": ["cc_2", "deg_6"], "4": ["cc_4", "deg_7"], "42": ["cc_11", "deg_3"], "12": ["cc_11", "deg_8"], "28": ["cc_6", "deg_5"], "5": ["cc_6", "deg_5"], "3": ["cc_4", "deg_6"], "24": ["cc_7", "deg_7"], "19": ["cc_3", "deg_8"], "36": ["cc_6", "deg_7"], "17": ["cc_5", "deg_9"], "11": ["cc_13", "deg_6"], "22": ["cc_22", "deg_4"], "18": ["cc_6", "deg_5"], "2": ["cc_4", "deg_6"], "46": ["cc_3", "deg_5"], "37": ["cc_6", "deg_6"], "38": ["cc_2", "deg_6"], "9": ["cc_9", "deg_8"], "27": ["cc_6", "deg_5"], "35": ["cc_8", "deg_6"], "1": ["cc_3", "deg_5"], "16": ["cc_12", "deg_7"], "25": ["cc_5", "deg_9"], "7": ["cc_22", "deg_4"], "39": ["cc_10", "deg_5"], "0": ["cc_2", "deg_8"], "29": ["cc_22", "deg_4"], "13": ["cc_8", "deg_6"], "6": ["cc_4", "deg_7"], "30": ["cc_15", "deg_6"], "14": ["cc_23", "deg_5"], "32": ["cc_17", "deg_6"], "45": ["cc_6", "deg_5"], "10": ["cc_17", "deg_6"], "33": ["cc_11", "deg_7"], "23": ["cc_16", "deg_5"], "48": ["cc_3", "deg_7"], "40": ["cc_6", "deg_7"], "8": ["cc_20", "deg_5"], "44": ["cc_0", "deg_6"], "31": ["cc_15", "deg_6"], "26": ["cc_3", "deg_5"], "43": ["cc_4", "deg_6"], "20": ["cc_10", "deg_5"], "50": ["cc_2", "deg_6"], "15": ["cc_20", "deg_5"], "49": ["cc_2", "deg_6"]}, "edges": [[0, 1], [0, 6], [0, 49], [0, 41], [0, 26], [0, 11], [0, 2], [0, 47], [1, 3], [1, 5], [1, 43], [1, 50], [2, 19], [2, 50], [2, 3], [2, 4], [2, 11], [3, 4], [3, 38], [3, 6], [3, 25], [4, 5], [4, 6], [4, 24], [4, 44], [4, 34], [5, 6], [5, 7], [5, 8], [6, 49], [6, 33], [6, 9], [7, 8], [7, 9], [7, 10], [8, 9], [8, 10], [8, 11], [9, 19], [9, 10], [9, 11], [9, 12], [9, 15], [10, 11], [10, 12], [10, 13], [11, 12], [12, 16], [12, 40], [12, 13], [12, 14], [12, 15], [13, 16], [13, 19], [13, 45], [13, 14], [14, 16], [14, 17], [14, 15], [15, 16], [15, 17], [16, 48], [16, 17], [16, 18], [17, 18], [17, 20], [17, 38], [17, 25], [17, 26], [17, 27], [18, 19], [18, 21], [18, 40], [19, 20], [19, 21], [19, 38], [19, 47], [20, 21], [20, 22], [20, 25], [21, 23], [21, 24], [21, 47], [22, 23], [22, 24], [22, 25], [23, 24], [23, 25], [23, 26], [24, 36], [24, 25], [24, 26], [25, 49], [25, 39], [25, 27], [26, 37], [27, 28], [27, 30], [27, 44], [28, 50], [28, 35], [28, 29], [28, 30], [29, 32], [29, 30], [29, 31], [30, 32], [30, 33], [30, 31], [31, 32], [31, 33], [31, 34], [31, 49], [32, 33], [32, 34], [32, 35], [33, 34], [33, 36], [33, 40], [34, 35], [34, 36], [34, 37], [35, 36], [35, 37], [35, 38], [36, 39], [36, 40], [36, 44], [37, 38], [37, 39], [37, 40], [38, 48], [39, 40], [39, 41], [40, 41], [41, 48], [41, 43], [41, 44], [42, 43], [42, 44], [42, 45], [43, 50], [43, 45], [43, 46], [44, 46], [45, 48], [45, 47], [46, 48], [46, 49], [46, 47], [47, 48], [48, 50], [49, 50]]}