{"label": 0, "features": {"53": ["cc_3", "deg_5"], "47": ["cc_5", "deg_4"], "68": ["cc_16", "deg_4"], "21": ["cc_11", "deg_4"], "34": ["cc_5", "deg_4"], "67": ["cc_10", "deg_5"], "41": ["cc_5", "deg_4"], "4": ["cc_16", "deg_4"], "42": ["cc_3", "deg_5"], "12": ["cc_16", "deg_4"], "28": ["cc_0", "deg_3"], "66": ["cc_6", "deg_5"], "5": ["cc_16", "deg_4"], "65": ["cc_11", "deg_3"], "61": ["cc_3", "deg_5"], "3": ["cc_11", "deg_4"], "64": ["cc_0", "deg_3"], "51": ["cc_16", "deg_4"], "24": ["cc_11", "deg_4"], "56": ["cc_6", "deg_5"], "55": ["cc_11", "deg_4"], "19": ["cc_5", "deg_4"], "54": ["cc_33", "deg_2"], "36": ["cc_11", "deg_4"], "17": ["cc_0", "deg_3"], "11": ["cc_16", "deg_4"], "22": ["cc_11", "deg_3"], "71": ["cc_22", "deg_4"], "18": ["cc_0", "deg_5"], "59": ["cc_0", "deg_3"], "2": ["cc_5", "deg_4"], "46": ["cc_6", "deg_5"], "37": ["cc_16", "deg_4"], "38": ["cc_6", "deg_5"], "9": ["cc_6", "deg_6"], "27": ["cc_3", "deg_5"], "58": ["cc_0", "deg_4"], "35": ["cc_33", "deg_2"], "1": ["cc_10", "deg_5"], "16": ["cc_5", "deg_4"], "25": ["cc_16", "deg_4"], "7": ["cc_10", "deg_5"], "39": ["cc_5", "deg_4"], "0": ["cc_16", "deg_4"], "29": ["cc_0", "deg_2"], "63": ["cc_0", "deg_4"], "13": ["cc_16", "deg_4"], "6": ["cc_16", "deg_4"], "30": ["cc_5", "deg_4"], "14": ["cc_16", "deg_4"], "32": ["cc_16", "deg_4"], "45": ["cc_11", "deg_4"], "10": ["cc_10", "deg_5"], "33": ["cc_11", "deg_4"], "23": ["cc_6", "deg_5"], "69": ["cc_16", "deg_4"], "48": ["cc_0", "deg_4"], "40": ["cc_33", "deg_2"], "8": ["cc_16", "deg_4"], "44": ["cc_5", "deg_4"], "31": ["cc_6", "deg_5"], "26": ["cc_11", "deg_4"], "43": ["cc_0", "deg_3"], "57": ["cc_5", "deg_4"], "20": ["cc_11", "deg_3"], "50": ["cc_22", "deg_3"], "62": ["cc_5", "deg_4"], "60": ["cc_11", "deg_3"], "52": ["cc_11", "deg_4"], "15": ["cc_11", "deg_4"], "70": ["cc_11", "deg_6"], "49": ["cc_11", "deg_3"]}, "edges": [[0, 1], [0, 30], [0, 70], [0, 71], [1, 2], [1, 70], [1, 71], [1, 57], [2, 3], [2, 4], [2, 33], [3, 4], [3, 5], [3, 47], [4, 5], [4, 6], [5, 6], [5, 7], [6, 8], [6, 7], [7, 8], [7, 9], [7, 62], [8, 9], [8, 10], [9, 18], [9, 41], [9, 10], [9, 11], [10, 11], [10, 12], [10, 59], [11, 12], [11, 13], [12, 13], [12, 14], [13, 14], [13, 15], [14, 16], [14, 15], [15, 16], [15, 53], [16, 18], [16, 67], [17, 18], [17, 19], [17, 28], [18, 66], [18, 38], [19, 20], [19, 21], [19, 53], [20, 42], [20, 21], [21, 22], [21, 23], [22, 48], [22, 23], [23, 24], [23, 25], [23, 62], [24, 48], [24, 25], [24, 26], [25, 26], [25, 27], [26, 27], [26, 61], [27, 28], [27, 44], [27, 39], [28, 30], [29, 56], [29, 31], [30, 32], [30, 31], [31, 32], [31, 33], [31, 43], [32, 33], [32, 34], [33, 34], [34, 58], [34, 36], [35, 36], [35, 37], [36, 37], [36, 38], [37, 38], [37, 39], [38, 39], [38, 57], [39, 41], [40, 41], [40, 42], [41, 42], [42, 43], [42, 44], [43, 45], [44, 45], [44, 46], [45, 46], [45, 47], [46, 64], [46, 70], [46, 47], [47, 48], [48, 49], [49, 50], [49, 51], [50, 51], [50, 52], [51, 52], [51, 53], [52, 53], [52, 63], [53, 55], [54, 56], [54, 55], [55, 56], [55, 57], [56, 57], [56, 58], [58, 59], [58, 60], [59, 61], [60, 61], [60, 62], [61, 62], [61, 63], [63, 64], [63, 65], [64, 66], [65, 66], [65, 67], [66, 67], [66, 68], [67, 68], [67, 69], [68, 69], [68, 70], [69, 70], [69, 71], [70, 71]]}