{"label": 0, "edges": [[0, 1], [0, 3], [0, 51], [0, 23], [1, 2], [1, 3], [1, 4], [1, 53], [1, 52], [2, 3], [2, 5], [2, 41], [2, 53], [3, 4], [3, 5], [3, 6], [4, 52], [4, 5], [4, 6], [4, 7], [4, 34], [5, 6], [5, 7], [5, 8], [6, 17], [6, 7], [6, 9], [7, 8], [7, 9], [7, 10], [8, 9], [8, 37], [8, 15], [9, 10], [9, 11], [9, 12], [10, 11], [10, 12], [10, 13], [11, 32], [11, 12], [11, 13], [11, 14], [12, 13], [12, 14], [12, 15], [13, 16], [13, 14], [13, 15], [14, 16], [14, 17], [14, 15], [15, 17], [15, 18], [15, 49], [16, 17], [16, 18], [16, 19], [17, 18], [17, 19], [17, 20], [18, 20], [18, 21], [18, 44], [18, 53], [19, 20], [19, 21], [19, 22], [20, 21], [20, 22], [20, 23], [21, 22], [21, 23], [21, 24], [22, 23], [22, 25], [22, 46], [23, 24], [23, 25], [23, 26], [24, 25], [24, 26], [24, 27], [25, 39], [25, 26], [25, 27], [25, 28], [26, 27], [26, 28], [26, 29], [27, 28], [27, 29], [27, 30], [28, 29], [28, 30], [28, 31], [29, 41], [29, 30], [29, 31], [30, 32], [30, 33], [30, 31], [31, 32], [31, 33], [31, 34], [32, 33], [32, 34], [32, 46], [33, 34], [33, 35], [33, 36], [34, 36], [34, 37], [35, 48], [35, 37], [35, 38], [35, 49], [36, 37], [36, 38], [36, 39], [37, 38], [37, 39], [37, 47], [38, 39], [38, 40], [38, 41], [39, 40], [39, 41], [40, 41], [40, 42], [40, 43], [41, 42], [41, 43], [41, 44], [42, 43], [42, 44], [42, 45], [43, 44], [43, 45], [43, 46], [44, 45], [44, 46], [44, 47], [45, 48], [45, 52], [45, 46], [46, 48], [46, 47], [47, 48], [47, 49], [47, 50], [48, 50], [48, 51], [49, 50], [49, 51], [49, 52], [50, 51], [50, 52], [50, 53], [51, 52], [51, 53], [52, 53]], "features": {"27": ["cc_20", "deg_6"], "35": ["cc_3", "deg_5"], "43": ["cc_20", "deg_6"], "47": ["cc_8", "deg_6"], "32": ["cc_11", "deg_6"], "9": ["cc_13", "deg_6"], "33": ["cc_13", "deg_6"], "48": ["cc_8", "deg_6"], "0": ["cc_5", "deg_4"], "2": ["cc_10", "deg_5"], "18": ["cc_6", "deg_7"], "5": ["cc_15", "deg_6"], "14": ["cc_17", "deg_6"], "38": ["cc_15", "deg_6"], "44": ["cc_12", "deg_7"], "39": ["cc_13", "deg_6"], "3": ["cc_15", "deg_6"], "28": ["cc_20", "deg_6"], "51": ["cc_13", "deg_6"], "23": ["cc_12", "deg_7"], "19": ["cc_16", "deg_5"], "34": ["cc_11", "deg_6"], "11": ["cc_15", "deg_6"], "17": ["cc_11", "deg_7"], "12": ["cc_20", "deg_6"], "25": ["cc_12", "deg_7"], "24": ["cc_20", "deg_5"], "22": ["cc_13", "deg_6"], "15": ["cc_7", "deg_7"], "4": ["cc_11", "deg_7"], "37": ["cc_7", "deg_7"], "45": ["cc_13", "deg_6"], "42": ["cc_23", "deg_5"], "30": ["cc_17", "deg_6"], "31": ["cc_17", "deg_6"], "36": ["cc_16", "deg_5"], "53": ["cc_11", "deg_6"], "10": ["cc_20", "deg_5"], "49": ["cc_8", "deg_6"], "1": ["cc_13", "deg_6"], "46": ["cc_9", "deg_7"], "26": ["cc_20", "deg_6"], "40": ["cc_20", "deg_5"], "41": ["cc_9", "deg_8"], "20": ["cc_17", "deg_6"], "29": ["cc_15", "deg_6"], "52": ["cc_11", "deg_7"], "13": ["cc_17", "deg_6"], "6": ["cc_13", "deg_6"], "7": ["cc_15", "deg_6"], "50": ["cc_17", "deg_6"], "8": ["cc_6", "deg_5"], "16": ["cc_13", "deg_5"], "21": ["cc_15", "deg_6"]}}