{"label": 1, "edges": [[0, 1], [0, 52], [0, 53], [0, 51], [0, 10], [0, 45], [0, 5], [1, 2], [1, 3], [1, 4], [1, 53], [1, 29], [2, 19], [2, 3], [2, 38], [2, 28], [2, 13], [3, 4], [3, 5], [3, 7], [3, 37], [4, 5], [4, 6], [4, 7], [5, 7], [5, 29], [5, 46], [5, 15], [6, 7], [6, 9], [6, 42], [6, 12], [6, 14], [7, 8], [7, 10], [8, 25], [8, 9], [8, 11], [8, 21], [9, 38], [9, 10], [9, 12], [9, 29], [9, 31], [10, 35], [10, 11], [10, 13], [11, 32], [11, 18], [11, 50], [11, 22], [11, 12], [11, 13], [12, 34], [12, 13], [12, 15], [13, 18], [13, 14], [14, 17], [14, 49], [14, 48], [15, 16], [15, 17], [16, 32], [16, 17], [16, 19], [17, 50], [17, 19], [17, 20], [17, 25], [18, 19], [18, 21], [19, 20], [19, 21], [19, 22], [20, 52], [20, 22], [20, 23], [20, 42], [21, 30], [21, 22], [21, 39], [21, 24], [21, 46], [22, 23], [22, 24], [22, 25], [23, 35], [23, 25], [23, 26], [24, 52], [24, 25], [24, 26], [24, 27], [25, 26], [26, 40], [26, 34], [26, 27], [26, 29], [27, 32], [27, 36], [27, 28], [28, 29], [28, 31], [29, 32], [29, 34], [29, 37], [29, 30], [30, 32], [30, 36], [30, 43], [31, 34], [31, 38], [32, 33], [32, 35], [32, 46], [33, 48], [33, 34], [33, 36], [33, 44], [34, 37], [35, 37], [35, 38], [36, 37], [36, 38], [36, 39], [36, 43], [37, 39], [37, 40], [38, 40], [38, 41], [39, 40], [39, 41], [39, 42], [40, 50], [40, 42], [40, 43], [41, 42], [41, 43], [41, 44], [42, 48], [42, 43], [43, 53], [43, 44], [44, 45], [44, 46], [45, 48], [45, 46], [45, 47], [46, 47], [47, 48], [47, 49], [47, 52], [48, 50], [49, 50], [49, 51], [49, 52], [50, 51], [50, 52], [51, 52], [51, 53], [52, 53]], "features": {"27": ["cc_3", "deg_5"], "35": ["cc_0", "deg_5"], "43": ["cc_6", "deg_7"], "47": ["cc_10", "deg_5"], "32": ["cc_1", "deg_8"], "9": ["cc_3", "deg_7"], "33": ["cc_0", "deg_5"], "48": ["cc_2", "deg_6"], "0": ["cc_6", "deg_7"], "2": ["cc_2", "deg_6"], "18": ["cc_11", "deg_4"], "5": ["cc_4", "deg_7"], "14": ["cc_0", "deg_5"], "38": ["cc_1", "deg_7"], "44": ["cc_6", "deg_5"], "39": ["cc_8", "deg_6"], "3": ["cc_11", "deg_6"], "28": ["cc_0", "deg_4"], "51": ["cc_20", "deg_5"], "23": ["cc_10", "deg_5"], "19": ["cc_7", "deg_7"], "34": ["cc_4", "deg_6"], "11": ["cc_3", "deg_8"], "17": ["cc_4", "deg_7"], "12": ["cc_4", "deg_6"], "25": ["cc_8", "deg_6"], "24": ["cc_8", "deg_6"], "22": ["cc_9", "deg_7"], "15": ["cc_5", "deg_4"], "4": ["cc_16", "deg_5"], "37": ["cc_4", "deg_7"], "45": ["cc_10", "deg_5"], "42": ["cc_6", "deg_7"], "30": ["cc_6", "deg_5"], "31": ["cc_5", "deg_4"], "36": ["cc_3", "deg_7"], "53": ["cc_13", "deg_5"], "10": ["cc_2", "deg_6"], "49": ["cc_13", "deg_5"], "1": ["cc_6", "deg_6"], "46": ["cc_4", "deg_6"], "26": ["cc_6", "deg_7"], "40": ["cc_4", "deg_7"], "41": ["cc_10", "deg_5"], "20": ["cc_6", "deg_6"], "29": ["cc_2", "deg_9"], "52": ["cc_8", "deg_8"], "13": ["cc_6", "deg_6"], "6": ["cc_4", "deg_6"], "7": ["cc_8", "deg_6"], "50": ["cc_4", "deg_7"], "8": ["cc_0", "deg_5"], "16": ["cc_11", "deg_4"], "21": ["cc_3", "deg_8"]}}