{"label": 1, "edges": [[0, 32], [0, 1], [1, 2], [2, 3], [3, 4], [4, 5], [5, 6], [6, 7], [7, 8], [8, 26], [9, 10], [10, 11], [11, 12], [12, 13], [13, 14], [14, 18], [15, 26], [16, 24], [17, 18], [18, 19], [19, 32], [20, 21], [21, 22], [22, 31], [23, 24], [24, 25], [24, 28], [25, 27], [26, 27], [27, 28], [29, 30], [30, 31], [31, 32]], "features": {"27": ["cc_0", "deg_3"], "22": ["cc_0", "deg_2"], "32": ["cc_0", "deg_3"], "15": ["cc_0", "deg_1"], "4": ["cc_0", "deg_2"], "30": ["cc_0", "deg_2"], "0": ["cc_0", "deg_2"], "2": ["cc_0", "deg_2"], "6": ["cc_0", "deg_2"], "18": ["cc_0", "deg_3"], "5": ["cc_0", "deg_2"], "10": ["cc_0", "deg_2"], "14": ["cc_0", "deg_2"], "1": ["cc_0", "deg_2"], "29": ["cc_0", "deg_1"], "8": ["cc_0", "deg_2"], "20": ["cc_0", "deg_1"], "26": ["cc_0", "deg_3"], "3": ["cc_0", "deg_2"], "11": ["cc_0", "deg_2"], "28": ["cc_0", "deg_2"], "23": ["cc_0", "deg_1"], "19": ["cc_0", "deg_2"], "13": ["cc_0", "deg_2"], "16": ["cc_0", "deg_1"], "7": ["cc_0", "deg_2"], "17": ["cc_0", "deg_1"], "12": ["cc_0", "deg_2"], "31": ["cc_0", "deg_3"], "25": ["cc_0", "deg_2"], "24": ["cc_0", "deg_4"], "9": ["cc_0", "deg_1"], "21": ["cc_0", "deg_2"]}}