{"label": 2, "edges": [[0, 32], [0, 4], [0, 8], [0, 14], [0, 79], [0, 53], [0, 55], [0, 63], [1, 65], [1, 11], [1, 39], [1, 75], [1, 16], [1, 17], [1, 56], [1, 57], [1, 27], [1, 94], [2, 64], [2, 34], [2, 84], [2, 86], [2, 7], [2, 73], [2, 29], [3, 18], [3, 36], [3, 84], [3, 77], [4, 40], [4, 57], [4, 31], [5, 64], [5, 84], [5, 69], [5, 6], [5, 36], [5, 38], [6, 49], [6, 35], [6, 39], [6, 23], [6, 92], [6, 86], [7, 80], [7, 49], [7, 52], [7, 60], [7, 45], [8, 64], [8, 87], [8, 25], [8, 79], [9, 20], [9, 69], [9, 24], [9, 21], [9, 13], [9, 85], [10, 67], [10, 25], [10, 86], [10, 89], [10, 58], [10, 13], [11, 87], [11, 42], [11, 59], [12, 80], [12, 52], [12, 45], [13, 40], [13, 76], [13, 46], [13, 17], [13, 73], [13, 72], [13, 89], [13, 42], [14, 64], [14, 81], [14, 39], [14, 83], [14, 22], [14, 55], [14, 91], [15, 32], [15, 50], [15, 25], [15, 92], [16, 49], [16, 35], [16, 94], [16, 55], [16, 27], [17, 70], [17, 72], [17, 57], [18, 42], [18, 79], [18, 90], [18, 69], [19, 80], [19, 50], [19, 68], [19, 24], [19, 26], [19, 63], [20, 40], [20, 43], [20, 76], [21, 64], [21, 69], [21, 55], [21, 76], [21, 47], [21, 50], [21, 85], [21, 23], [22, 66], [22, 36], [22, 40], [22, 42], [22, 59], [23, 39], [23, 88], [23, 68], [23, 28], [24, 92], [24, 30], [25, 79], [25, 55], [25, 71], [25, 27], [26, 66], [26, 37], [26, 76], [27, 64], [27, 50], [27, 70], [28, 33], [28, 34], [28, 83], [28, 56], [28, 71], [29, 51], [29, 84], [29, 53], [29, 72], [29, 90], [29, 83], [30, 48], [30, 37], [30, 63], [30, 76], [30, 79], [31, 85], [31, 73], [31, 46], [32, 72], [32, 74], [32, 94], [33, 45], [33, 34], [33, 59], [33, 61], [34, 53], [34, 55], [34, 85], [35, 54], [35, 87], [35, 49], [35, 47], [36, 82], [36, 92], [36, 58], [36, 60], [36, 61], [37, 83], [37, 84], [37, 55], [38, 88], [38, 74], [39, 75], [39, 77], [39, 49], [39, 78], [40, 75], [40, 78], [40, 62], [41, 82], [41, 51], [41, 89], [41, 90], [41, 47], [42, 50], [42, 70], [42, 71], [43, 84], [43, 78], [43, 87], [43, 45], [43, 46], [44, 80], [44, 82], [44, 68], [44, 54], [44, 73], [44, 46], [44, 79], [46, 88], [46, 86], [46, 74], [46, 94], [48, 49], [48, 66], [48, 83], [49, 59], [51, 85], [51, 86], [51, 61], [52, 64], [52, 53], [52, 54], [53, 74], [54, 56], [54, 72], [54, 90], [55, 74], [55, 81], [55, 82], [56, 84], [56, 57], [56, 76], [56, 79], [57, 84], [57, 90], [57, 59], [58, 85], [58, 87], [58, 91], [58, 60], [59, 65], [59, 73], [59, 61], [60, 83], [60, 88], [61, 67], [61, 65], [61, 82], [61, 88], [61, 62], [61, 63], [62, 64], [62, 91], [64, 84], [64, 92], [65, 92], [66, 74], [66, 85], [67, 86], [67, 89], [68, 81], [69, 77], [70, 73], [70, 76], [71, 93], [72, 87], [72, 76], [75, 88], [76, 91], [76, 85], [77, 90], [77, 78], [79, 81], [80, 83], [80, 93], [81, 92], [82, 86], [82, 89], [86, 91], [87, 88], [89, 94], [91, 93], [93, 94]], "features": {"27": ["cc_2", "deg_6"], "35": ["cc_4", "deg_6"], "43": ["cc_0", "deg_6"], "47": ["cc_0", "deg_3"], "56": ["cc_3", "deg_7"], "23": ["cc_2", "deg_6"], "9": ["cc_4", "deg_6"], "94": ["cc_2", "deg_6"], "0": ["cc_2", "deg_8"], "6": ["cc_4", "deg_7"], "18": ["cc_0", "deg_5"], "14": ["cc_2", "deg_8"], "38": ["cc_0", "deg_3"], "82": ["cc_3", "deg_7"], "68": ["cc_0", "deg_4"], "51": ["cc_0", "deg_5"], "77": ["cc_3", "deg_5"], "19": ["cc_0", "deg_6"], "34": ["cc_2", "deg_6"], "75": ["cc_5", "deg_4"], "11": ["cc_0", "deg_4"], "88": ["cc_0", "deg_7"], "17": ["cc_6", "deg_5"], "25": ["cc_1", "deg_7"], "24": ["cc_0", "deg_4"], "70": ["cc_0", "deg_5"], "15": ["cc_0", "deg_4"], "62": ["cc_0", "deg_4"], "40": ["cc_0", "deg_7"], "30": ["cc_0", "deg_6"], "31": ["cc_0", "deg_4"], "66": ["cc_0", "deg_5"], "36": ["cc_2", "deg_8"], "57": ["cc_4", "deg_7"], "10": ["cc_6", "deg_6"], "49": ["cc_4", "deg_7"], "1": ["cc_3", "deg_10"], "46": ["cc_0", "deg_8"], "60": ["cc_3", "deg_5"], "41": ["cc_3", "deg_5"], "29": ["cc_1", "deg_7"], "74": ["cc_0", "deg_6"], "13": ["cc_2", "deg_10"], "2": ["cc_3", "deg_7"], "7": ["cc_0", "deg_6"], "84": ["cc_3", "deg_9"], "79": ["cc_2", "deg_8"], "90": ["cc_0", "deg_6"], "32": ["cc_0", "deg_5"], "33": ["cc_6", "deg_5"], "55": ["cc_1", "deg_10"], "48": ["cc_0", "deg_4"], "85": ["cc_2", "deg_8"], "5": ["cc_2", "deg_6"], "80": ["cc_0", "deg_6"], "81": ["cc_3", "deg_5"], "86": ["cc_1", "deg_8"], "87": ["cc_0", "deg_7"], "44": ["cc_0", "deg_7"], "39": ["cc_4", "deg_8"], "3": ["cc_0", "deg_4"], "92": ["cc_0", "deg_7"], "28": ["cc_2", "deg_6"], "83": ["cc_0", "deg_7"], "76": ["cc_1", "deg_10"], "72": ["cc_3", "deg_7"], "89": ["cc_6", "deg_6"], "12": ["cc_0", "deg_3"], "59": ["cc_2", "deg_8"], "69": ["cc_3", "deg_5"], "22": ["cc_0", "deg_6"], "50": ["cc_0", "deg_5"], "71": ["cc_0", "deg_4"], "4": ["cc_0", "deg_4"], "78": ["cc_5", "deg_4"], "91": ["cc_0", "deg_6"], "45": ["cc_0", "deg_4"], "42": ["cc_0", "deg_7"], "21": ["cc_2", "deg_9"], "8": ["cc_6", "deg_5"], "53": ["cc_0", "deg_5"], "67": ["cc_11", "deg_4"], "37": ["cc_0", "deg_5"], "20": ["cc_0", "deg_4"], "26": ["cc_0", "deg_4"], "93": ["cc_0", "deg_4"], "52": ["cc_0", "deg_5"], "58": ["cc_2", "deg_6"], "63": ["cc_0", "deg_4"], "64": ["cc_1", "deg_10"], "54": ["cc_0", "deg_6"], "65": ["cc_5", "deg_4"], "61": ["cc_2", "deg_10"], "16": ["cc_6", "deg_6"], "73": ["cc_0", "deg_6"]}}