{"label": 0, "edges": [[0, 1], [0, 2], [0, 3], [0, 87], [0, 88], [0, 89], [1, 2], [1, 3], [1, 4], [1, 88], [1, 89], [2, 4], [2, 5], [2, 71], [2, 89], [3, 4], [3, 6], [3, 15], [3, 31], [4, 19], [4, 5], [4, 7], [5, 6], [5, 7], [5, 8], [6, 7], [6, 8], [6, 9], [7, 8], [7, 9], [7, 10], [8, 84], [8, 20], [8, 10], [8, 11], [9, 10], [9, 11], [9, 12], [10, 11], [10, 12], [10, 13], [11, 12], [11, 13], [11, 14], [12, 13], [12, 14], [12, 15], [13, 16], [13, 14], [13, 15], [14, 16], [14, 17], [14, 15], [15, 16], [15, 17], [15, 18], [16, 17], [16, 18], [16, 19], [17, 18], [17, 19], [17, 71], [17, 61], [18, 19], [18, 84], [18, 21], [18, 58], [19, 20], [19, 21], [19, 22], [20, 21], [20, 23], [21, 22], [21, 23], [21, 24], [22, 23], [22, 24], [22, 25], [23, 24], [23, 25], [23, 26], [24, 25], [24, 26], [24, 27], [25, 26], [25, 27], [25, 28], [26, 83], [26, 27], [26, 28], [26, 29], [27, 73], [27, 57], [27, 29], [27, 30], [28, 29], [28, 30], [28, 31], [29, 32], [29, 30], [29, 31], [30, 32], [30, 33], [30, 31], [31, 33], [31, 34], [32, 33], [32, 34], [32, 35], [33, 34], [33, 35], [33, 36], [34, 35], [34, 36], [34, 37], [35, 36], [35, 38], [35, 77], [36, 37], [36, 38], [36, 39], [37, 38], [37, 39], [37, 40], [37, 50], [38, 39], [38, 40], [38, 41], [39, 40], [39, 41], [39, 42], [40, 41], [40, 42], [40, 43], [41, 55], [41, 42], [41, 43], [41, 44], [42, 43], [42, 44], [42, 45], [43, 85], [43, 44], [43, 45], [43, 46], [44, 45], [44, 46], [44, 47], [45, 48], [45, 46], [45, 47], [46, 49], [46, 66], [46, 47], [47, 48], [47, 49], [47, 50], [47, 51], [47, 62], [47, 69], [48, 49], [48, 50], [48, 51], [49, 50], [49, 51], [49, 52], [49, 70], [49, 56], [50, 51], [50, 53], [51, 52], [51, 53], [52, 53], [52, 54], [52, 55], [53, 54], [53, 55], [53, 87], [54, 55], [54, 56], [54, 57], [55, 59], [55, 70], [56, 58], [56, 59], [57, 58], [57, 59], [57, 60], [58, 60], [58, 61], [59, 60], [59, 61], [59, 62], [60, 61], [60, 62], [60, 63], [61, 64], [61, 63], [62, 65], [62, 63], [63, 64], [63, 65], [63, 66], [64, 65], [64, 66], [64, 67], [65, 66], [65, 67], [65, 75], [66, 67], [66, 68], [66, 69], [67, 68], [67, 69], [67, 70], [68, 69], [68, 70], [68, 71], [69, 70], [69, 72], [70, 71], [70, 72], [71, 72], [71, 73], [71, 74], [72, 73], [72, 74], [72, 75], [73, 75], [73, 76], [74, 75], [74, 76], [74, 77], [75, 76], [75, 77], [75, 78], [76, 77], [76, 78], [76, 79], [77, 80], [77, 78], [77, 79], [78, 80], [78, 81], [78, 79], [79, 80], [79, 81], [79, 82], [80, 81], [80, 82], [80, 83], [81, 82], [81, 83], [81, 84], [82, 83], [82, 84], [82, 85], [83, 85], [83, 86], [84, 85], [84, 86], [84, 87], [85, 86], [85, 87], [86, 87], [86, 88], [86, 89], [87, 88], [87, 89], [88, 89]], "features": {"27": ["cc_7", "deg_7"], "35": ["cc_13", "deg_6"], "43": ["cc_14", "deg_7"], "47": ["cc_10", "deg_9"], "56": ["cc_0", "deg_4"], "23": ["cc_17", "deg_6"], "9": ["cc_16", "deg_5"], "0": ["cc_17", "deg_6"], "6": ["cc_13", "deg_5"], "18": ["cc_9", "deg_7"], "14": ["cc_20", "deg_6"], "38": ["cc_17", "deg_6"], "82": ["cc_17", "deg_6"], "68": ["cc_20", "deg_5"], "51": ["cc_20", "deg_6"], "77": ["cc_14", "deg_7"], "19": ["cc_9", "deg_7"], "34": ["cc_15", "deg_6"], "75": ["cc_12", "deg_7"], "11": ["cc_17", "deg_6"], "88": ["cc_23", "deg_5"], "17": ["cc_11", "deg_7"], "25": ["cc_17", "deg_6"], "24": ["cc_20", "deg_6"], "70": ["cc_9", "deg_7"], "15": ["cc_14", "deg_7"], "62": ["cc_10", "deg_5"], "40": ["cc_20", "deg_6"], "30": ["cc_15", "deg_6"], "31": ["cc_11", "deg_6"], "66": ["cc_12", "deg_7"], "36": ["cc_17", "deg_6"], "57": ["cc_6", "deg_5"], "10": ["cc_17", "deg_6"], "49": ["cc_9", "deg_8"], "1": ["cc_17", "deg_6"], "46": ["cc_13", "deg_6"], "60": ["cc_15", "deg_6"], "41": ["cc_14", "deg_7"], "29": ["cc_15", "deg_6"], "74": ["cc_16", "deg_5"], "13": ["cc_20", "deg_6"], "2": ["cc_11", "deg_6"], "7": ["cc_15", "deg_6"], "84": ["cc_7", "deg_7"], "79": ["cc_20", "deg_6"], "32": ["cc_16", "deg_5"], "33": ["cc_17", "deg_6"], "55": ["cc_6", "deg_6"], "48": ["cc_23", "deg_5"], "85": ["cc_13", "deg_6"], "5": ["cc_16", "deg_5"], "80": ["cc_20", "deg_6"], "81": ["cc_17", "deg_6"], "86": ["cc_15", "deg_6"], "87": ["cc_12", "deg_7"], "44": ["cc_20", "deg_6"], "39": ["cc_20", "deg_6"], "3": ["cc_4", "deg_6"], "28": ["cc_16", "deg_5"], "83": ["cc_11", "deg_6"], "76": ["cc_17", "deg_6"], "72": ["cc_13", "deg_6"], "89": ["cc_20", "deg_6"], "12": ["cc_20", "deg_6"], "59": ["cc_6", "deg_6"], "69": ["cc_13", "deg_6"], "22": ["cc_20", "deg_5"], "50": ["cc_15", "deg_6"], "71": ["cc_6", "deg_7"], "4": ["cc_8", "deg_6"], "78": ["cc_20", "deg_6"], "45": ["cc_17", "deg_6"], "42": ["cc_20", "deg_6"], "21": ["cc_15", "deg_6"], "8": ["cc_7", "deg_7"], "53": ["cc_11", "deg_6"], "67": ["cc_17", "deg_6"], "37": ["cc_13", "deg_6"], "20": ["cc_11", "deg_4"], "26": ["cc_12", "deg_7"], "52": ["cc_16", "deg_5"], "58": ["cc_6", "deg_5"], "63": ["cc_15", "deg_6"], "64": ["cc_20", "deg_5"], "54": ["cc_10", "deg_5"], "65": ["cc_13", "deg_6"], "61": ["cc_8", "deg_6"], "16": ["cc_20", "deg_6"], "73": ["cc_10", "deg_5"]}}