{"label": 1, "edges": [[0, 1], [0, 3], [0, 52], [0, 71], [1, 96], [1, 2], [1, 84], [1, 21], [1, 92], [1, 76], [1, 30], [1, 95], [2, 82], [2, 3], [2, 57], [2, 41], [2, 58], [2, 27], [3, 6], [3, 10], [3, 43], [3, 60], [4, 80], [4, 65], [4, 35], [4, 5], [4, 10], [4, 87], [4, 90], [5, 56], [5, 7], [5, 26], [5, 83], [5, 94], [6, 70], [6, 7], [6, 8], [6, 9], [6, 42], [6, 61], [7, 9], [7, 10], [7, 93], [7, 52], [8, 71], [8, 10], [8, 74], [8, 78], [9, 88], [9, 10], [9, 12], [9, 45], [10, 64], [10, 81], [10, 11], [11, 49], [11, 12], [11, 14], [11, 31], [12, 23], [12, 58], [12, 14], [13, 16], [13, 23], [13, 94], [13, 47], [14, 17], [14, 24], [14, 33], [14, 40], [14, 55], [15, 16], [15, 86], [15, 71], [15, 26], [16, 18], [16, 54], [16, 86], [16, 24], [16, 30], [17, 18], [17, 19], [17, 20], [17, 23], [18, 19], [18, 20], [18, 21], [18, 64], [18, 25], [18, 79], [19, 21], [19, 22], [19, 58], [19, 38], [19, 28], [20, 22], [20, 23], [20, 60], [21, 22], [21, 24], [21, 77], [21, 62], [22, 35], [22, 24], [22, 25], [22, 94], [23, 47], [23, 48], [23, 85], [23, 27], [24, 64], [24, 40], [24, 26], [24, 27], [24, 58], [25, 84], [25, 41], [25, 78], [26, 58], [26, 28], [26, 29], [27, 76], [27, 44], [27, 94], [28, 29], [28, 62], [29, 64], [29, 37], [29, 72], [29, 30], [30, 31], [31, 33], [31, 66], [31, 42], [31, 79], [32, 48], [32, 33], [32, 35], [33, 34], [33, 35], [33, 36], [33, 79], [34, 35], [34, 37], [34, 61], [35, 67], [35, 94], [36, 84], [36, 37], [36, 76], [36, 78], [37, 66], [37, 38], [38, 39], [38, 40], [38, 58], [38, 87], [39, 67], [39, 89], [39, 42], [39, 43], [40, 42], [41, 64], [41, 42], [42, 51], [42, 43], [42, 45], [43, 73], [43, 60], [43, 45], [43, 46], [44, 45], [44, 46], [44, 47], [45, 81], [45, 46], [45, 79], [46, 48], [46, 49], [46, 66], [46, 75], [46, 95], [47, 48], [47, 50], [48, 50], [48, 90], [49, 51], [49, 52], [49, 72], [49, 57], [50, 51], [50, 52], [50, 53], [51, 54], [51, 87], [51, 89], [52, 53], [52, 55], [52, 76], [53, 54], [53, 55], [53, 56], [53, 74], [53, 60], [54, 55], [54, 94], [54, 69], [55, 56], [55, 58], [55, 75], [55, 86], [55, 94], [56, 57], [57, 84], [57, 59], [58, 65], [58, 85], [58, 89], [58, 59], [59, 60], [59, 61], [59, 62], [60, 71], [61, 64], [61, 91], [61, 69], [61, 88], [61, 76], [62, 64], [62, 71], [62, 79], [63, 64], [63, 65], [63, 66], [64, 71], [65, 66], [65, 71], [66, 80], [67, 68], [67, 69], [67, 70], [68, 69], [68, 70], [68, 85], [69, 70], [69, 72], [70, 71], [70, 73], [70, 95], [71, 74], [72, 73], [72, 74], [73, 75], [73, 76], [74, 76], [75, 96], [75, 77], [76, 92], [76, 77], [77, 90], [77, 79], [78, 81], [78, 93], [78, 79], [80, 82], [80, 83], [81, 95], [82, 83], [82, 85], [83, 84], [83, 85], [83, 86], [84, 86], [84, 88], [85, 87], [85, 88], [86, 89], [87, 96], [87, 89], [88, 89], [88, 90], [90, 91], [90, 93], [90, 94], [90, 95], [91, 92], [91, 93], [92, 94], [92, 95], [93, 96], [93, 95]], "features": {"27": ["cc_0", "deg_6"], "35": ["cc_4", "deg_7"], "43": ["cc_6", "deg_7"], "47": ["cc_10", "deg_5"], "56": ["cc_5", "deg_4"], "23": ["cc_3", "deg_8"], "9": ["cc_4", "deg_6"], "94": ["cc_1", "deg_9"], "0": ["cc_0", "deg_4"], "6": ["cc_1", "deg_7"], "18": ["cc_3", "deg_8"], "14": ["cc_3", "deg_7"], "38": ["cc_2", "deg_6"], "82": ["cc_11", "deg_4"], "68": ["cc_16", "deg_4"], "51": ["cc_2", "deg_6"], "77": ["cc_0", "deg_5"], "19": ["cc_6", "deg_7"], "34": ["cc_5", "deg_4"], "75": ["cc_0", "deg_5"], "11": ["cc_3", "deg_5"], "88": ["cc_0", "deg_6"], "17": ["cc_10", "deg_5"], "25": ["cc_0", "deg_5"], "24": ["cc_2", "deg_9"], "70": ["cc_4", "deg_7"], "15": ["cc_5", "deg_4"], "62": ["cc_2", "deg_6"], "40": ["cc_5", "deg_4"], "30": ["cc_0", "deg_4"], "31": ["cc_2", "deg_6"], "66": ["cc_2", "deg_6"], "36": ["cc_0", "deg_5"], "57": ["cc_0", "deg_5"], "10": ["cc_1", "deg_8"], "49": ["cc_0", "deg_6"], "1": ["cc_1", "deg_9"], "46": ["cc_2", "deg_8"], "60": ["cc_2", "deg_6"], "41": ["cc_0", "deg_4"], "29": ["cc_2", "deg_6"], "74": ["cc_3", "deg_5"], "13": ["cc_5", "deg_4"], "2": ["cc_0", "deg_7"], "7": ["cc_4", "deg_6"], "84": ["cc_1", "deg_7"], "79": ["cc_1", "deg_7"], "90": ["cc_2", "deg_8"], "32": ["cc_11", "deg_3"], "33": ["cc_4", "deg_7"], "55": ["cc_3", "deg_9"], "48": ["cc_4", "deg_6"], "85": ["cc_1", "deg_7"], "5": ["cc_0", "deg_6"], "80": ["cc_5", "deg_4"], "81": ["cc_0", "deg_4"], "86": ["cc_4", "deg_6"], "87": ["cc_2", "deg_6"], "44": ["cc_5", "deg_4"], "39": ["cc_3", "deg_5"], "3": ["cc_2", "deg_6"], "92": ["cc_6", "deg_5"], "28": ["cc_5", "deg_4"], "83": ["cc_6", "deg_6"], "76": ["cc_0", "deg_9"], "72": ["cc_0", "deg_5"], "96": ["cc_0", "deg_4"], "89": ["cc_2", "deg_6"], "12": ["cc_3", "deg_5"], "59": ["cc_0", "deg_5"], "69": ["cc_6", "deg_6"], "22": ["cc_4", "deg_7"], "50": ["cc_6", "deg_5"], "71": ["cc_1", "deg_9"], "4": ["cc_0", "deg_7"], "78": ["cc_0", "deg_6"], "91": ["cc_5", "deg_4"], "45": ["cc_4", "deg_7"], "42": ["cc_2", "deg_8"], "21": ["cc_4", "deg_7"], "8": ["cc_3", "deg_5"], "53": ["cc_6", "deg_7"], "67": ["cc_10", "deg_5"], "37": ["cc_0", "deg_5"], "95": ["cc_3", "deg_7"], "20": ["cc_6", "deg_5"], "26": ["cc_4", "deg_6"], "93": ["cc_4", "deg_6"], "52": ["cc_3", "deg_7"], "58": ["cc_1", "deg_11"], "63": ["cc_11", "deg_3"], "64": ["cc_0", "deg_9"], "54": ["cc_4", "deg_6"], "65": ["cc_3", "deg_5"], "61": ["cc_0", "deg_8"], "16": ["cc_1", "deg_7"], "73": ["cc_0", "deg_5"]}}