{"label": 0, "edges": [[0, 64], [0, 1], [0, 2], [0, 3], [0, 62], [1, 64], [1, 2], [1, 3], [1, 4], [1, 63], [2, 3], [2, 4], [2, 5], [2, 64], [3, 19], [3, 4], [3, 5], [3, 6], [4, 5], [4, 6], [4, 22], [5, 6], [5, 7], [5, 8], [6, 7], [6, 8], [6, 9], [7, 8], [7, 9], [7, 10], [8, 36], [8, 10], [8, 11], [9, 10], [9, 11], [9, 12], [10, 24], [10, 19], [10, 12], [11, 12], [11, 13], [11, 14], [12, 13], [12, 14], [12, 15], [13, 16], [13, 14], [13, 15], [14, 16], [14, 17], [14, 15], [15, 16], [15, 17], [15, 18], [16, 17], [16, 18], [16, 19], [17, 51], [17, 19], [17, 20], [17, 31], [18, 19], [18, 20], [18, 21], [19, 21], [19, 22], [20, 21], [20, 22], [20, 23], [21, 22], [21, 23], [21, 24], [22, 23], [22, 24], [22, 25], [23, 24], [23, 25], [23, 26], [24, 25], [24, 26], [24, 27], [25, 37], [25, 26], [25, 28], [26, 27], [26, 28], [26, 29], [27, 28], [27, 29], [27, 30], [28, 29], [28, 30], [28, 31], [29, 32], [29, 30], [29, 31], [30, 32], [30, 33], [30, 31], [31, 32], [31, 34], [32, 33], [32, 34], [32, 35], [33, 34], [33, 35], [33, 36], [34, 35], [34, 36], [34, 37], [34, 42], [35, 36], [35, 37], [35, 38], [36, 37], [36, 38], [36, 39], [37, 38], [37, 39], [37, 40], [38, 39], [38, 40], [38, 41], [39, 40], [39, 41], [39, 42], [40, 41], [40, 42], [40, 43], [41, 55], [41, 42], [41, 43], [41, 44], [42, 49], [42, 43], [42, 63], [43, 44], [43, 45], [43, 46], [44, 45], [44, 63], [44, 47], [45, 48], [45, 46], [45, 47], [46, 48], [46, 49], [46, 47], [47, 48], [47, 49], [47, 50], [48, 49], [48, 50], [48, 51], [48, 54], [49, 51], [49, 52], [49, 61], [50, 51], [50, 52], [50, 53], [51, 52], [51, 53], [51, 54], [52, 53], [52, 54], [52, 55], [53, 54], [53, 55], [53, 56], [54, 55], [54, 57], [55, 57], [55, 58], [56, 57], [56, 58], [56, 59], [57, 58], [57, 59], [57, 60], [58, 59], [58, 60], [58, 61], [59, 60], [59, 61], [59, 62], [60, 61], [60, 62], [60, 63], [61, 64], [61, 62], [61, 63], [62, 64], [62, 63], [63, 64]], "features": {"27": ["cc_20", "deg_5"], "35": ["cc_20", "deg_6"], "43": ["cc_13", "deg_6"], "47": ["cc_15", "deg_6"], "32": ["cc_17", "deg_6"], "56": ["cc_16", "deg_4"], "9": ["cc_13", "deg_5"], "33": ["cc_20", "deg_5"], "48": ["cc_14", "deg_7"], "55": ["cc_11", "deg_6"], "0": ["cc_20", "deg_5"], "2": ["cc_20", "deg_6"], "18": ["cc_13", "deg_5"], "5": ["cc_17", "deg_6"], "14": ["cc_20", "deg_6"], "38": ["cc_20", "deg_6"], "44": ["cc_10", "deg_5"], "39": ["cc_20", "deg_6"], "3": ["cc_14", "deg_7"], "28": ["cc_17", "deg_6"], "51": ["cc_14", "deg_7"], "23": ["cc_20", "deg_6"], "19": ["cc_6", "deg_7"], "61": ["cc_14", "deg_7"], "34": ["cc_12", "deg_7"], "11": ["cc_13", "deg_5"], "17": ["cc_6", "deg_7"], "12": ["cc_15", "deg_6"], "25": ["cc_13", "deg_6"], "24": ["cc_12", "deg_7"], "62": ["cc_17", "deg_6"], "59": ["cc_20", "deg_6"], "22": ["cc_12", "deg_7"], "60": ["cc_20", "deg_6"], "15": ["cc_17", "deg_6"], "4": ["cc_15", "deg_6"], "37": ["cc_14", "deg_7"], "45": ["cc_20", "deg_5"], "42": ["cc_7", "deg_7"], "30": ["cc_17", "deg_6"], "31": ["cc_13", "deg_6"], "36": ["cc_14", "deg_7"], "57": ["cc_15", "deg_6"], "53": ["cc_15", "deg_6"], "10": ["cc_6", "deg_6"], "49": ["cc_7", "deg_7"], "1": ["cc_17", "deg_6"], "46": ["cc_20", "deg_5"], "26": ["cc_17", "deg_6"], "40": ["cc_20", "deg_6"], "41": ["cc_12", "deg_7"], "20": ["cc_13", "deg_5"], "29": ["cc_20", "deg_6"], "52": ["cc_17", "deg_6"], "58": ["cc_17", "deg_6"], "63": ["cc_9", "deg_7"], "64": ["cc_17", "deg_6"], "13": ["cc_23", "deg_5"], "6": ["cc_15", "deg_6"], "7": ["cc_20", "deg_5"], "50": ["cc_16", "deg_5"], "8": ["cc_8", "deg_6"], "16": ["cc_17", "deg_6"], "54": ["cc_15", "deg_6"], "21": ["cc_17", "deg_6"]}}