{"label": 0, "features": {"53": ["cc_0", "deg_3"], "47": ["cc_11", "deg_3"], "68": ["cc_5", "deg_4"], "21": ["cc_0", "deg_3"], "34": ["cc_16", "deg_4"], "67": ["cc_11", "deg_3"], "41": ["cc_0", "deg_3"], "4": ["cc_10", "deg_5"], "42": ["cc_0", "deg_2"], "12": ["cc_5", "deg_4"], "28": ["cc_0", "deg_4"], "66": ["cc_5", "deg_4"], "5": ["cc_16", "deg_4"], "65": ["cc_5", "deg_4"], "61": ["cc_3", "deg_5"], "3": ["cc_16", "deg_4"], "64": ["cc_11", "deg_3"], "51": ["cc_5", "deg_4"], "24": ["cc_11", "deg_3"], "56": ["cc_4", "deg_6"], "55": ["cc_3", "deg_5"], "19": ["cc_11", "deg_3"], "54": ["cc_11", "deg_3"], "36": ["cc_3", "deg_5"], "17": ["cc_5", "deg_4"], "11": ["cc_11", "deg_4"], "22": ["cc_0", "deg_7"], "71": ["cc_0", "deg_4"], "18": ["cc_11", "deg_3"], "59": ["cc_22", "deg_3"], "2": ["cc_16", "deg_4"], "46": ["cc_2", "deg_6"], "37": ["cc_11", "deg_3"], "38": ["cc_6", "deg_5"], "73": ["cc_11", "deg_4"], "78": ["cc_2", "deg_6"], "9": ["cc_10", "deg_5"], "27": ["cc_5", "deg_4"], "58": ["cc_11", "deg_4"], "35": ["cc_6", "deg_5"], "1": ["cc_11", "deg_4"], "16": ["cc_11", "deg_4"], "25": ["cc_6", "deg_5"], "7": ["cc_16", "deg_4"], "39": ["cc_11", "deg_4"], "0": ["cc_5", "deg_4"], "29": ["cc_0", "deg_4"], "63": ["cc_0", "deg_3"], "13": ["cc_5", "deg_4"], "6": ["cc_10", "deg_5"], "30": ["cc_0", "deg_4"], "14": ["cc_11", "deg_3"], "32": ["cc_11", "deg_4"], "45": ["cc_11", "deg_3"], "10": ["cc_11", "deg_4"], "33": ["cc_16", "deg_4"], "23": ["cc_0", "deg_3"], "69": ["cc_5", "deg_4"], "76": ["cc_11", "deg_3"], "48": ["cc_22", "deg_3"], "77": ["cc_11", "deg_3"], "40": ["cc_5", "deg_4"], "72": ["cc_5", "deg_4"], "8": ["cc_6", "deg_6"], "44": ["cc_5", "deg_4"], "31": ["cc_3", "deg_5"], "75": ["cc_3", "deg_5"], "26": ["cc_6", "deg_5"], "43": ["cc_0", "deg_5"], "57": ["cc_11", "deg_3"], "20": ["cc_5", "deg_4"], "50": ["cc_6", "deg_5"], "62": ["cc_0", "deg_3"], "60": ["cc_11", "deg_4"], "52": ["cc_0", "deg_4"], "15": ["cc_22", "deg_3"], "74": ["cc_11", "deg_4"], "70": ["cc_0", "deg_3"], "49": ["cc_16", "deg_4"]}, "edges": [[0, 1], [0, 2], [0, 77], [0, 57], [1, 2], [1, 3], [1, 10], [2, 3], [2, 4], [3, 4], [3, 5], [4, 20], [4, 5], [4, 6], [5, 6], [5, 7], [6, 8], [6, 71], [6, 7], [7, 8], [7, 9], [8, 51], [8, 9], [8, 10], [8, 27], [9, 10], [9, 11], [9, 30], [10, 11], [11, 12], [11, 13], [12, 46], [12, 13], [12, 22], [13, 56], [13, 14], [14, 16], [14, 15], [15, 16], [15, 17], [16, 17], [16, 18], [17, 22], [17, 25], [18, 19], [18, 20], [19, 43], [19, 20], [20, 21], [21, 22], [21, 23], [22, 50], [22, 24], [22, 36], [22, 61], [23, 25], [23, 31], [24, 25], [24, 26], [25, 26], [25, 27], [26, 27], [26, 28], [26, 60], [27, 29], [28, 36], [28, 29], [28, 61], [29, 30], [29, 31], [30, 32], [30, 45], [31, 32], [31, 33], [31, 78], [32, 33], [32, 34], [33, 34], [33, 35], [34, 35], [34, 36], [35, 36], [35, 53], [35, 46], [36, 38], [37, 66], [37, 38], [37, 39], [38, 40], [38, 53], [38, 39], [39, 40], [39, 56], [40, 72], [40, 41], [41, 43], [41, 46], [42, 43], [42, 44], [43, 52], [43, 55], [44, 75], [44, 45], [44, 46], [45, 46], [46, 47], [47, 48], [47, 49], [48, 49], [48, 50], [49, 50], [49, 51], [50, 51], [50, 55], [51, 52], [52, 53], [52, 54], [54, 56], [54, 55], [55, 56], [55, 78], [56, 57], [56, 58], [57, 58], [58, 59], [58, 60], [59, 60], [59, 61], [60, 61], [61, 78], [62, 64], [62, 69], [62, 63], [63, 65], [63, 75], [64, 65], [64, 66], [65, 66], [65, 67], [66, 68], [67, 68], [67, 69], [68, 69], [68, 70], [69, 71], [70, 72], [70, 71], [71, 73], [72, 73], [72, 74], [73, 74], [73, 75], [74, 75], [74, 76], [75, 78], [76, 77], [76, 78], [77, 78]]}