{"label": 2, "edges": [[0, 64], [0, 35], [0, 89], [0, 91], [1, 56], [1, 3], [1, 25], [2, 3], [2, 36], [2, 53], [2, 6], [2, 23], [3, 82], [3, 55], [3, 40], [3, 57], [3, 7], [3, 44], [3, 29], [3, 77], [4, 5], [4, 46], [5, 6], [5, 38], [5, 45], [5, 46], [6, 14], [7, 12], [8, 32], [8, 35], [8, 45], [9, 19], [9, 41], [9, 42], [9, 11], [10, 66], [10, 38], [10, 72], [11, 70], [11, 75], [11, 62], [11, 15], [12, 17], [12, 83], [12, 14], [13, 50], [13, 68], [13, 54], [13, 15], [13, 47], [14, 38], [14, 24], [14, 46], [14, 78], [15, 17], [15, 20], [16, 17], [16, 87], [17, 84], [17, 21], [18, 72], [18, 57], [18, 19], [19, 83], [19, 58], [20, 40], [20, 25], [20, 90], [20, 47], [21, 85], [21, 22], [21, 76], [22, 24], [22, 23], [23, 51], [23, 86], [24, 34], [24, 26], [25, 70], [26, 41], [26, 27], [26, 87], [27, 84], [27, 38], [27, 55], [27, 39], [28, 81], [28, 86], [28, 30], [29, 77], [30, 60], [30, 53], [30, 31], [31, 48], [31, 50], [32, 33], [32, 78], [33, 91], [33, 59], [33, 85], [34, 46], [35, 49], [35, 45], [36, 83], [36, 37], [37, 86], [37, 89], [37, 73], [37, 46], [38, 45], [39, 82], [39, 85], [41, 74], [41, 42], [41, 76], [42, 52], [42, 44], [42, 78], [43, 49], [43, 51], [43, 86], [43, 59], [43, 46], [43, 63], [44, 58], [44, 82], [45, 91], [45, 62], [45, 47], [46, 88], [47, 48], [47, 84], [47, 77], [48, 69], [48, 79], [49, 52], [49, 60], [50, 83], [50, 51], [51, 80], [51, 65], [51, 73], [51, 60], [52, 61], [53, 55], [54, 57], [54, 85], [55, 74], [56, 58], [56, 63], [57, 90], [59, 61], [60, 76], [61, 62], [62, 67], [62, 72], [63, 65], [64, 65], [64, 86], [65, 67], [66, 75], [67, 83], [67, 68], [68, 70], [69, 70], [69, 71], [70, 71], [71, 73], [71, 87], [72, 87], [74, 75], [75, 86], [75, 79], [78, 82], [79, 81], [80, 81], [81, 83], [82, 84], [82, 85], [82, 88], [84, 85], [85, 87], [87, 89], [89, 91]], "features": {"27": ["cc_0", "deg_5"], "35": ["cc_5", "deg_4"], "43": ["cc_0", "deg_6"], "47": ["cc_0", "deg_6"], "56": ["cc_0", "deg_3"], "23": ["cc_0", "deg_4"], "9": ["cc_5", "deg_4"], "0": ["cc_5", "deg_4"], "6": ["cc_0", "deg_3"], "18": ["cc_0", "deg_3"], "14": ["cc_0", "deg_6"], "38": ["cc_3", "deg_5"], "82": ["cc_4", "deg_7"], "68": ["cc_0", "deg_3"], "51": ["cc_0", "deg_7"], "77": ["cc_11", "deg_3"], "19": ["cc_0", "deg_4"], "34": ["cc_0", "deg_2"], "75": ["cc_0", "deg_5"], "11": ["cc_0", "deg_5"], "88": ["cc_0", "deg_2"], "17": ["cc_0", "deg_5"], "25": ["cc_0", "deg_3"], "24": ["cc_0", "deg_4"], "70": ["cc_3", "deg_5"], "15": ["cc_0", "deg_4"], "62": ["cc_0", "deg_5"], "40": ["cc_0", "deg_2"], "30": ["cc_0", "deg_4"], "31": ["cc_0", "deg_3"], "66": ["cc_0", "deg_2"], "36": ["cc_0", "deg_3"], "57": ["cc_0", "deg_4"], "10": ["cc_0", "deg_3"], "49": ["cc_0", "deg_4"], "1": ["cc_0", "deg_3"], "46": ["cc_1", "deg_7"], "60": ["cc_0", "deg_4"], "41": ["cc_3", "deg_5"], "29": ["cc_33", "deg_2"], "74": ["cc_0", "deg_3"], "13": ["cc_0", "deg_5"], "2": ["cc_0", "deg_5"], "7": ["cc_0", "deg_2"], "84": ["cc_3", "deg_5"], "79": ["cc_0", "deg_3"], "90": ["cc_0", "deg_2"], "32": ["cc_0", "deg_3"], "33": ["cc_0", "deg_4"], "55": ["cc_0", "deg_4"], "48": ["cc_0", "deg_4"], "85": ["cc_3", "deg_7"], "5": ["cc_6", "deg_5"], "80": ["cc_0", "deg_2"], "81": ["cc_0", "deg_4"], "86": ["cc_0", "deg_6"], "87": ["cc_0", "deg_6"], "44": ["cc_5", "deg_4"], "39": ["cc_11", "deg_3"], "3": ["cc_1", "deg_10"], "28": ["cc_0", "deg_3"], "83": ["cc_0", "deg_6"], "76": ["cc_0", "deg_3"], "72": ["cc_0", "deg_4"], "89": ["cc_5", "deg_4"], "12": ["cc_0", "deg_4"], "59": ["cc_0", "deg_3"], "69": ["cc_11", "deg_3"], "22": ["cc_0", "deg_3"], "50": ["cc_0", "deg_4"], "71": ["cc_5", "deg_4"], "4": ["cc_33", "deg_2"], "78": ["cc_0", "deg_4"], "91": ["cc_5", "deg_4"], "45": ["cc_3", "deg_7"], "42": ["cc_3", "deg_5"], "21": ["cc_0", "deg_4"], "8": ["cc_11", "deg_3"], "53": ["cc_0", "deg_3"], "67": ["cc_0", "deg_4"], "37": ["cc_0", "deg_5"], "20": ["cc_0", "deg_5"], "26": ["cc_0", "deg_4"], "52": ["cc_0", "deg_3"], "58": ["cc_0", "deg_3"], "63": ["cc_0", "deg_3"], "64": ["cc_0", "deg_3"], "54": ["cc_0", "deg_3"], "65": ["cc_0", "deg_4"], "61": ["cc_0", "deg_3"], "16": ["cc_0", "deg_2"], "73": ["cc_0", "deg_3"]}}