{"label": 0, "edges": [[0, 48], [0, 1], [0, 2], [0, 47], [1, 48], [1, 2], [1, 3], [1, 19], [2, 3], [2, 4], [3, 4], [3, 5], [4, 26], [4, 5], [4, 6], [5, 11], [5, 6], [6, 8], [6, 7], [7, 8], [7, 9], [8, 48], [8, 9], [9, 10], [9, 11], [10, 11], [10, 12], [11, 32], [11, 12], [11, 13], [12, 34], [12, 13], [13, 14], [13, 15], [14, 16], [14, 40], [14, 31], [14, 15], [15, 16], [15, 17], [16, 18], [16, 42], [16, 44], [17, 18], [17, 19], [18, 19], [18, 20], [19, 20], [20, 44], [20, 22], [21, 22], [21, 23], [22, 24], [22, 23], [23, 24], [23, 25], [23, 43], [24, 25], [24, 26], [25, 26], [25, 27], [26, 27], [27, 28], [27, 29], [27, 39], [28, 29], [28, 30], [29, 46], [29, 30], [30, 39], [30, 31], [31, 32], [32, 33], [33, 34], [33, 35], [34, 35], [34, 36], [35, 36], [35, 37], [36, 37], [36, 38], [37, 38], [37, 39], [38, 40], [38, 39], [39, 41], [40, 42], [41, 42], [41, 43], [42, 43], [42, 44], [43, 44], [44, 46], [45, 46], [45, 47], [46, 48], [46, 47], [47, 48]], "features": {"27": ["cc_6", "deg_5"], "35": ["cc_16", "deg_4"], "43": ["cc_11", "deg_4"], "47": ["cc_16", "deg_4"], "32": ["cc_0", "deg_3"], "9": ["cc_11", "deg_4"], "33": ["cc_11", "deg_3"], "48": ["cc_10", "deg_5"], "0": ["cc_16", "deg_4"], "2": ["cc_16", "deg_4"], "18": ["cc_11", "deg_4"], "5": ["cc_11", "deg_4"], "14": ["cc_6", "deg_5"], "38": ["cc_11", "deg_4"], "44": ["cc_6", "deg_5"], "39": ["cc_3", "deg_5"], "3": ["cc_16", "deg_4"], "28": ["cc_22", "deg_3"], "23": ["cc_10", "deg_5"], "19": ["cc_11", "deg_4"], "34": ["cc_11", "deg_4"], "11": ["cc_6", "deg_6"], "17": ["cc_11", "deg_3"], "12": ["cc_11", "deg_4"], "25": ["cc_16", "deg_4"], "24": ["cc_16", "deg_4"], "22": ["cc_11", "deg_4"], "15": ["cc_11", "deg_4"], "4": ["cc_10", "deg_5"], "37": ["cc_16", "deg_4"], "45": ["cc_33", "deg_2"], "42": ["cc_10", "deg_5"], "30": ["cc_5", "deg_4"], "31": ["cc_0", "deg_3"], "36": ["cc_16", "deg_4"], "10": ["cc_22", "deg_3"], "1": ["cc_10", "deg_5"], "46": ["cc_6", "deg_5"], "26": ["cc_11", "deg_4"], "40": ["cc_0", "deg_3"], "41": ["cc_11", "deg_3"], "20": ["cc_5", "deg_4"], "29": ["cc_11", "deg_4"], "13": ["cc_11", "deg_4"], "6": ["cc_11", "deg_4"], "7": ["cc_22", "deg_3"], "8": ["cc_11", "deg_4"], "16": ["cc_6", "deg_5"], "21": ["cc_33", "deg_2"]}}