{"label": 2, "edges": [[0, 69], [0, 6], [0, 71], [0, 12], [0, 48], [0, 21], [0, 54], [0, 55], [0, 70], [1, 59], [1, 21], [1, 55], [1, 57], [1, 11], [2, 35], [2, 3], [2, 25], [3, 16], [3, 49], [3, 36], [3, 60], [3, 28], [3, 29], [3, 30], [3, 31], [4, 54], [4, 6], [4, 15], [4, 31], [5, 20], [5, 53], [5, 55], [5, 8], [5, 58], [5, 26], [5, 30], [5, 31], [6, 24], [6, 57], [6, 7], [6, 15], [7, 20], [7, 8], [7, 9], [7, 11], [7, 61], [8, 51], [8, 68], [8, 42], [8, 14], [8, 69], [9, 38], [9, 56], [9, 41], [9, 39], [9, 62], [10, 64], [10, 49], [10, 59], [10, 11], [10, 47], [11, 33], [11, 34], [11, 70], [12, 16], [12, 19], [12, 52], [12, 13], [13, 16], [13, 34], [13, 23], [13, 14], [14, 16], [14, 38], [14, 24], [14, 15], [15, 66], [15, 41], [15, 49], [15, 23], [15, 25], [15, 26], [15, 31], [16, 17], [16, 70], [16, 25], [17, 20], [17, 69], [18, 27], [18, 20], [18, 21], [18, 40], [18, 31], [18, 28], [19, 50], [19, 22], [19, 56], [19, 63], [20, 43], [20, 37], [20, 63], [21, 49], [21, 24], [21, 42], [22, 34], [22, 35], [22, 42], [22, 54], [22, 56], [22, 58], [22, 59], [22, 29], [23, 32], [23, 66], [23, 52], [23, 57], [24, 35], [24, 55], [24, 47], [25, 55], [25, 27], [26, 48], [26, 29], [27, 56], [27, 28], [28, 66], [28, 30], [28, 61], [29, 54], [29, 63], [29, 44], [29, 46], [29, 31], [30, 45], [31, 64], [31, 46], [31, 61], [31, 54], [32, 33], [32, 35], [33, 50], [33, 43], [33, 52], [34, 67], [34, 38], [34, 47], [35, 67], [35, 52], [36, 51], [36, 53], [36, 38], [36, 44], [37, 38], [37, 39], [38, 56], [38, 39], [38, 44], [39, 67], [39, 55], [39, 45], [40, 41], [40, 42], [40, 46], [41, 58], [41, 63], [42, 51], [42, 43], [43, 57], [43, 68], [43, 44], [44, 71], [44, 58], [44, 45], [45, 50], [45, 68], [45, 46], [46, 62], [47, 68], [47, 50], [47, 51], [47, 52], [47, 54], [48, 66], [48, 62], [48, 55], [48, 71], [48, 69], [49, 51], [49, 60], [50, 53], [50, 54], [50, 65], [51, 62], [52, 66], [52, 53], [53, 65], [53, 67], [53, 55], [54, 56], [56, 59], [56, 60], [56, 58], [57, 60], [58, 71], [58, 63], [59, 60], [60, 66], [60, 63], [61, 62], [64, 65], [65, 66], [65, 67], [67, 69], [68, 69], [69, 70], [70, 71]], "features": {"27": ["cc_5", "deg_4"], "35": ["cc_0", "deg_6"], "43": ["cc_0", "deg_6"], "47": ["cc_1", "deg_8"], "32": ["cc_0", "deg_3"], "56": ["cc_5", "deg_9"], "9": ["cc_4", "deg_6"], "33": ["cc_0", "deg_5"], "48": ["cc_4", "deg_7"], "55": ["cc_2", "deg_8"], "0": ["cc_4", "deg_9"], "2": ["cc_0", "deg_3"], "18": ["cc_2", "deg_6"], "5": ["cc_1", "deg_8"], "14": ["cc_2", "deg_6"], "38": ["cc_4", "deg_8"], "44": ["cc_3", "deg_7"], "39": ["cc_4", "deg_6"], "3": ["cc_2", "deg_9"], "68": ["cc_3", "deg_5"], "28": ["cc_4", "deg_6"], "51": ["cc_2", "deg_6"], "23": ["cc_4", "deg_6"], "19": ["cc_3", "deg_5"], "61": ["cc_0", "deg_4"], "34": ["cc_0", "deg_6"], "11": ["cc_0", "deg_6"], "17": ["cc_0", "deg_3"], "12": ["cc_3", "deg_5"], "25": ["cc_0", "deg_5"], "24": ["cc_0", "deg_6"], "62": ["cc_0", "deg_5"], "59": ["cc_6", "deg_5"], "69": ["cc_4", "deg_7"], "22": ["cc_4", "deg_9"], "60": ["cc_3", "deg_7"], "70": ["cc_6", "deg_5"], "65": ["cc_6", "deg_5"], "71": ["cc_10", "deg_5"], "15": ["cc_2", "deg_10"], "4": ["cc_16", "deg_4"], "37": ["cc_11", "deg_3"], "45": ["cc_0", "deg_6"], "42": ["cc_2", "deg_6"], "30": ["cc_5", "deg_4"], "31": ["cc_3", "deg_10"], "66": ["cc_3", "deg_7"], "36": ["cc_3", "deg_5"], "67": ["cc_2", "deg_6"], "57": ["cc_0", "deg_5"], "53": ["cc_4", "deg_7"], "10": ["cc_0", "deg_5"], "49": ["cc_2", "deg_6"], "1": ["cc_0", "deg_5"], "46": ["cc_3", "deg_5"], "26": ["cc_0", "deg_4"], "40": ["cc_0", "deg_4"], "41": ["cc_3", "deg_5"], "20": ["cc_0", "deg_7"], "29": ["cc_4", "deg_8"], "52": ["cc_1", "deg_7"], "58": ["cc_4", "deg_7"], "63": ["cc_2", "deg_6"], "64": ["cc_0", "deg_3"], "13": ["cc_6", "deg_5"], "6": ["cc_2", "deg_6"], "7": ["cc_0", "deg_6"], "50": ["cc_3", "deg_7"], "8": ["cc_3", "deg_7"], "16": ["cc_3", "deg_7"], "54": ["cc_5", "deg_8"], "21": ["cc_0", "deg_6"]}}