{"label": 1, "edges": [[0, 7], [0, 68], [0, 38], [1, 2], [1, 69], [2, 10], [3, 23], [3, 39], [4, 46], [5, 13], [6, 7], [8, 30], [9, 24], [9, 10], [9, 50], [10, 39], [10, 12], [10, 18], [11, 43], [11, 12], [13, 74], [13, 14], [14, 32], [14, 71], [15, 37], [15, 79], [16, 17], [16, 62], [17, 18], [18, 19], [19, 64], [19, 31], [20, 21], [21, 22], [22, 26], [22, 23], [25, 26], [26, 46], [27, 52], [28, 29], [29, 57], [29, 61], [30, 71], [30, 31], [31, 32], [32, 65], [33, 34], [34, 35], [35, 80], [35, 51], [36, 37], [37, 67], [39, 77], [40, 41], [40, 66], [41, 42], [42, 81], [44, 68], [44, 61], [44, 70], [45, 46], [47, 48], [47, 52], [48, 49], [48, 81], [49, 69], [51, 52], [51, 53], [52, 63], [54, 69], [55, 56], [56, 57], [57, 72], [58, 79], [59, 60], [60, 81], [60, 79], [71, 75], [72, 73], [73, 74], [76, 77], [78, 79]], "features": {"27": ["cc_0", "deg_1"], "35": ["cc_0", "deg_3"], "43": ["cc_0", "deg_1"], "47": ["cc_0", "deg_2"], "32": ["cc_0", "deg_3"], "56": ["cc_0", "deg_2"], "77": ["cc_0", "deg_2"], "9": ["cc_0", "deg_3"], "33": ["cc_0", "deg_1"], "48": ["cc_0", "deg_3"], "55": ["cc_0", "deg_1"], "0": ["cc_0", "deg_3"], "2": ["cc_0", "deg_2"], "18": ["cc_0", "deg_3"], "5": ["cc_0", "deg_1"], "76": ["cc_0", "deg_1"], "14": ["cc_0", "deg_3"], "81": ["cc_0", "deg_3"], "38": ["cc_0", "deg_1"], "73": ["cc_0", "deg_2"], "44": ["cc_0", "deg_3"], "39": ["cc_0", "deg_3"], "3": ["cc_0", "deg_2"], "68": ["cc_0", "deg_2"], "28": ["cc_0", "deg_1"], "51": ["cc_0", "deg_3"], "23": ["cc_0", "deg_2"], "19": ["cc_0", "deg_3"], "61": ["cc_0", "deg_2"], "34": ["cc_0", "deg_2"], "75": ["cc_0", "deg_1"], "11": ["cc_0", "deg_2"], "72": ["cc_0", "deg_2"], "17": ["cc_0", "deg_2"], "12": ["cc_0", "deg_2"], "25": ["cc_0", "deg_1"], "24": ["cc_0", "deg_1"], "62": ["cc_0", "deg_1"], "59": ["cc_0", "deg_1"], "69": ["cc_0", "deg_3"], "22": ["cc_0", "deg_3"], "60": ["cc_0", "deg_3"], "70": ["cc_0", "deg_1"], "65": ["cc_0", "deg_1"], "71": ["cc_0", "deg_3"], "15": ["cc_0", "deg_2"], "4": ["cc_0", "deg_1"], "78": ["cc_0", "deg_1"], "80": ["cc_0", "deg_1"], "37": ["cc_0", "deg_3"], "45": ["cc_0", "deg_1"], "42": ["cc_0", "deg_2"], "30": ["cc_0", "deg_3"], "31": ["cc_0", "deg_3"], "66": ["cc_0", "deg_1"], "36": ["cc_0", "deg_1"], "67": ["cc_0", "deg_1"], "57": ["cc_0", "deg_3"], "53": ["cc_0", "deg_1"], "10": ["cc_0", "deg_5"], "49": ["cc_0", "deg_2"], "1": ["cc_0", "deg_2"], "46": ["cc_0", "deg_3"], "79": ["cc_0", "deg_4"], "26": ["cc_0", "deg_3"], "40": ["cc_0", "deg_2"], "41": ["cc_0", "deg_2"], "20": ["cc_0", "deg_1"], "29": ["cc_0", "deg_3"], "52": ["cc_0", "deg_4"], "58": ["cc_0", "deg_1"], "63": ["cc_0", "deg_1"], "64": ["cc_0", "deg_1"], "74": ["cc_0", "deg_2"], "13": ["cc_0", "deg_3"], "6": ["cc_0", "deg_1"], "7": ["cc_0", "deg_2"], "50": ["cc_0", "deg_1"], "8": ["cc_0", "deg_1"], "16": ["cc_0", "deg_2"], "54": ["cc_0", "deg_1"], "21": ["cc_0", "deg_2"]}}