{"label": 2, "edges": [[0, 1], [0, 20], [0, 17], [0, 11], [0, 18], [0, 14], [0, 15], [1, 18], [1, 25], [1, 12], [2, 11], [2, 16], [2, 19], [2, 23], [2, 7], [2, 13], [2, 14], [3, 17], [3, 21], [3, 23], [3, 25], [3, 11], [3, 12], [4, 20], [4, 8], [4, 27], [4, 12], [4, 15], [5, 16], [5, 24], [5, 23], [5, 25], [5, 13], [6, 16], [6, 24], [6, 26], [6, 27], [6, 14], [7, 8], [7, 12], [7, 16], [7, 18], [7, 19], [7, 20], [7, 21], [7, 24], [7, 27], [8, 19], [8, 27], [8, 9], [9, 19], [9, 24], [9, 26], [10, 20], [10, 21], [10, 11], [11, 16], [11, 18], [11, 20], [11, 22], [11, 25], [12, 25], [13, 17], [13, 23], [13, 26], [14, 16], [14, 20], [14, 22], [14, 25], [14, 27], [15, 19], [15, 20], [15, 21], [16, 24], [16, 27], [17, 19], [17, 22], [17, 27], [18, 22], [18, 23], [19, 27], [20, 21], [23, 24], [24, 26]], "features": {"27": ["cc_10", "deg_8"], "22": ["cc_5", "deg_4"], "15": ["cc_10", "deg_5"], "4": ["cc_6", "deg_5"], "0": ["cc_7", "deg_7"], "2": ["cc_7", "deg_7"], "6": ["cc_16", "deg_5"], "18": ["cc_6", "deg_6"], "5": ["cc_10", "deg_5"], "10": ["cc_22", "deg_3"], "14": ["cc_5", "deg_8"], "1": ["cc_11", "deg_4"], "8": ["cc_16", "deg_5"], "20": ["cc_9", "deg_8"], "26": ["cc_11", "deg_4"], "3": ["cc_4", "deg_6"], "11": ["cc_5", "deg_9"], "23": ["cc_6", "deg_6"], "19": ["cc_9", "deg_7"], "13": ["cc_6", "deg_5"], "16": ["cc_11", "deg_8"], "7": ["cc_5", "deg_10"], "17": ["cc_2", "deg_6"], "12": ["cc_6", "deg_5"], "25": ["cc_6", "deg_6"], "24": ["cc_9", "deg_7"], "9": ["cc_11", "deg_4"], "21": ["cc_10", "deg_5"]}}