{"label": 2, "features": {"53": ["cc_11", "deg_3"], "47": ["cc_0", "deg_3"], "68": ["cc_0", "deg_3"], "21": ["cc_0", "deg_3"], "34": ["cc_0", "deg_4"], "67": ["cc_5", "deg_4"], "41": ["cc_3", "deg_5"], "4": ["cc_0", "deg_2"], "42": ["cc_0", "deg_3"], "12": ["cc_0", "deg_3"], "28": ["cc_0", "deg_6"], "66": ["cc_2", "deg_6"], "5": ["cc_0", "deg_5"], "65": ["cc_0", "deg_2"], "61": ["cc_11", "deg_3"], "3": ["cc_0", "deg_4"], "64": ["cc_0", "deg_4"], "51": ["cc_5", "deg_4"], "24": ["cc_5", "deg_4"], "56": ["cc_1", "deg_10"], "55": ["cc_0", "deg_4"], "19": ["cc_11", "deg_3"], "54": ["cc_0", "deg_2"], "36": ["cc_0", "deg_5"], "17": ["cc_0", "deg_2"], "11": ["cc_0", "deg_3"], "22": ["cc_0", "deg_2"], "18": ["cc_0", "deg_5"], "59": ["cc_0", "deg_2"], "2": ["cc_0", "deg_4"], "46": ["cc_0", "deg_7"], "37": ["cc_0", "deg_3"], "38": ["cc_0", "deg_4"], "9": ["cc_5", "deg_4"], "27": ["cc_0", "deg_3"], "58": ["cc_0", "deg_2"], "35": ["cc_0", "deg_5"], "1": ["cc_0", "deg_7"], "16": ["cc_0", "deg_5"], "25": ["cc_0", "deg_2"], "7": ["cc_0", "deg_4"], "39": ["cc_0", "deg_4"], "0": ["cc_5", "deg_4"], "29": ["cc_0", "deg_2"], "63": ["cc_5", "deg_4"], "13": ["cc_1", "deg_7"], "6": ["cc_3", "deg_5"], "30": ["cc_5", "deg_4"], "14": ["cc_0", "deg_2"], "32": ["cc_0", "deg_6"], "45": ["cc_2", "deg_6"], "10": ["cc_5", "deg_4"], "33": ["cc_0", "deg_5"], "23": ["cc_0", "deg_4"], "48": ["cc_0", "deg_2"], "40": ["cc_0", "deg_3"], "8": ["cc_0", "deg_5"], "44": ["cc_2", "deg_6"], "31": ["cc_0", "deg_5"], "26": ["cc_0", "deg_5"], "43": ["cc_0", "deg_3"], "57": ["cc_2", "deg_6"], "20": ["cc_0", "deg_3"], "50": ["cc_0", "deg_3"], "62": ["cc_0", "deg_3"], "60": ["cc_0", "deg_5"], "52": ["cc_2", "deg_6"], "15": ["cc_0", "deg_2"], "49": ["cc_0", "deg_3"]}, "edges": [[0, 51], [0, 25], [0, 59], [0, 45], [1, 33], [1, 5], [1, 23], [1, 49], [1, 44], [1, 26], [1, 29], [2, 16], [2, 18], [2, 28], [2, 31], [3, 35], [3, 55], [3, 8], [3, 26], [4, 45], [4, 55], [5, 66], [5, 51], [5, 37], [5, 12], [6, 24], [6, 56], [6, 59], [6, 28], [6, 63], [7, 8], [7, 41], [7, 38], [7, 39], [8, 64], [8, 60], [8, 45], [9, 52], [9, 41], [9, 10], [9, 60], [10, 18], [10, 41], [10, 58], [11, 64], [11, 35], [11, 13], [12, 35], [12, 38], [13, 16], [13, 50], [13, 67], [13, 36], [13, 24], [13, 60], [14, 35], [14, 39], [15, 52], [15, 37], [16, 34], [16, 68], [16, 26], [17, 57], [17, 52], [18, 33], [18, 57], [18, 42], [19, 56], [19, 52], [19, 61], [20, 34], [20, 29], [20, 63], [21, 67], [21, 46], [21, 23], [22, 33], [22, 47], [23, 43], [23, 47], [24, 67], [24, 43], [25, 56], [26, 28], [26, 45], [27, 57], [27, 66], [27, 31], [28, 64], [28, 61], [28, 30], [30, 56], [30, 57], [30, 31], [31, 36], [31, 46], [32, 64], [32, 66], [32, 37], [32, 55], [32, 41], [32, 50], [33, 45], [33, 46], [34, 67], [34, 44], [35, 40], [36, 38], [36, 56], [36, 43], [38, 49], [39, 54], [39, 57], [40, 54], [40, 62], [41, 46], [42, 68], [42, 44], [44, 53], [44, 66], [44, 62], [45, 51], [46, 50], [46, 62], [46, 47], [48, 56], [48, 49], [51, 52], [52, 61], [53, 66], [53, 63], [55, 60], [56, 68], [56, 65], [56, 57], [56, 63], [58, 60], [65, 66]]}