{"label": 1, "edges": [[0, 1], [0, 85], [0, 86], [0, 47], [1, 48], [1, 26], [1, 3], [2, 11], [2, 4], [2, 71], [3, 82], [3, 51], [3, 4], [4, 5], [4, 6], [5, 30], [5, 6], [5, 84], [5, 78], [6, 57], [6, 7], [7, 35], [7, 41], [7, 9], [8, 41], [8, 10], [9, 86], [9, 10], [9, 77], [9, 78], [10, 12], [10, 39], [11, 76], [11, 12], [11, 13], [12, 22], [12, 60], [12, 58], [12, 14], [13, 67], [13, 22], [13, 15], [14, 16], [14, 48], [14, 15], [15, 17], [15, 84], [16, 17], [16, 18], [17, 19], [17, 70], [17, 23], [17, 28], [18, 65], [18, 20], [19, 21], [19, 22], [19, 57], [19, 86], [20, 40], [20, 22], [21, 34], [21, 22], [21, 23], [22, 29], [23, 84], [23, 76], [24, 25], [24, 82], [25, 26], [25, 27], [26, 49], [26, 28], [27, 50], [27, 29], [28, 30], [29, 30], [30, 78], [30, 31], [31, 33], [31, 37], [32, 36], [32, 69], [32, 54], [33, 68], [33, 69], [34, 56], [34, 36], [35, 36], [35, 37], [36, 66], [36, 58], [36, 82], [37, 81], [37, 38], [38, 72], [38, 67], [38, 40], [39, 40], [40, 41], [40, 42], [41, 42], [42, 44], [42, 65], [43, 76], [43, 45], [44, 68], [44, 52], [44, 45], [45, 85], [45, 46], [45, 47], [46, 48], [46, 47], [47, 48], [47, 49], [47, 74], [48, 50], [49, 50], [50, 51], [50, 52], [50, 79], [51, 52], [52, 70], [53, 85], [53, 75], [53, 60], [54, 56], [54, 55], [55, 56], [55, 57], [56, 58], [57, 59], [58, 60], [59, 60], [59, 61], [61, 72], [61, 62], [61, 63], [62, 64], [62, 63], [63, 64], [63, 65], [64, 65], [64, 66], [65, 66], [65, 67], [66, 67], [66, 68], [67, 68], [67, 69], [68, 69], [68, 70], [69, 82], [69, 71], [70, 82], [71, 72], [71, 74], [73, 81], [73, 74], [73, 75], [75, 77], [75, 85], [76, 78], [77, 79], [78, 80], [79, 81], [80, 81], [80, 82], [81, 82], [82, 84], [83, 84], [83, 85], [84, 85]], "features": {"27": ["cc_0", "deg_3"], "35": ["cc_0", "deg_3"], "43": ["cc_0", "deg_2"], "47": ["cc_4", "deg_6"], "56": ["cc_5", "deg_4"], "23": ["cc_0", "deg_4"], "9": ["cc_0", "deg_5"], "0": ["cc_0", "deg_4"], "6": ["cc_5", "deg_4"], "18": ["cc_0", "deg_3"], "14": ["cc_0", "deg_4"], "38": ["cc_0", "deg_4"], "82": ["cc_1", "deg_8"], "68": ["cc_6", "deg_6"], "51": ["cc_11", "deg_3"], "77": ["cc_0", "deg_3"], "19": ["cc_3", "deg_5"], "34": ["cc_0", "deg_3"], "75": ["cc_5", "deg_4"], "11": ["cc_0", "deg_4"], "17": ["cc_0", "deg_6"], "25": ["cc_0", "deg_3"], "24": ["cc_0", "deg_2"], "70": ["cc_0", "deg_4"], "15": ["cc_0", "deg_4"], "62": ["cc_22", "deg_3"], "40": ["cc_3", "deg_5"], "30": ["cc_3", "deg_5"], "31": ["cc_0", "deg_3"], "66": ["cc_10", "deg_5"], "36": ["cc_0", "deg_6"], "57": ["cc_0", "deg_4"], "10": ["cc_0", "deg_4"], "49": ["cc_0", "deg_3"], "1": ["cc_0", "deg_4"], "46": ["cc_22", "deg_3"], "60": ["cc_5", "deg_4"], "41": ["cc_5", "deg_4"], "29": ["cc_0", "deg_3"], "74": ["cc_0", "deg_3"], "13": ["cc_0", "deg_4"], "2": ["cc_0", "deg_3"], "7": ["cc_0", "deg_4"], "84": ["cc_2", "deg_6"], "79": ["cc_0", "deg_3"], "32": ["cc_0", "deg_3"], "33": ["cc_11", "deg_3"], "55": ["cc_11", "deg_3"], "48": ["cc_3", "deg_5"], "85": ["cc_4", "deg_6"], "5": ["cc_6", "deg_5"], "80": ["cc_11", "deg_3"], "81": ["cc_3", "deg_5"], "86": ["cc_0", "deg_3"], "44": ["cc_0", "deg_4"], "39": ["cc_0", "deg_2"], "3": ["cc_0", "deg_4"], "28": ["cc_0", "deg_3"], "83": ["cc_33", "deg_2"], "76": ["cc_0", "deg_4"], "72": ["cc_0", "deg_3"], "12": ["cc_2", "deg_6"], "59": ["cc_0", "deg_3"], "69": ["cc_4", "deg_6"], "22": ["cc_2", "deg_6"], "50": ["cc_2", "deg_6"], "71": ["cc_0", "deg_4"], "4": ["cc_5", "deg_4"], "78": ["cc_3", "deg_5"], "45": ["cc_3", "deg_5"], "42": ["cc_5", "deg_4"], "21": ["cc_5", "deg_4"], "8": ["cc_0", "deg_2"], "53": ["cc_11", "deg_3"], "67": ["cc_6", "deg_6"], "37": ["cc_0", "deg_4"], "20": ["cc_0", "deg_3"], "26": ["cc_0", "deg_4"], "52": ["cc_5", "deg_4"], "58": ["cc_5", "deg_4"], "63": ["cc_16", "deg_4"], "64": ["cc_16", "deg_4"], "54": ["cc_11", "deg_3"], "65": ["cc_6", "deg_6"], "61": ["cc_5", "deg_4"], "16": ["cc_0", "deg_3"], "73": ["cc_0", "deg_3"]}}