{"label": 2, "edges": [[0, 43], [0, 2], [0, 53], [0, 38], [1, 2], [1, 37], [1, 22], [1, 57], [1, 10], [1, 59], [1, 60], [1, 13], [2, 18], [2, 5], [2, 6], [2, 11], [2, 60], [2, 15], [3, 16], [3, 38], [3, 57], [3, 60], [3, 13], [4, 40], [4, 52], [4, 7], [4, 24], [4, 42], [5, 34], [5, 38], [5, 58], [5, 11], [5, 29], [6, 7], [6, 58], [6, 42], [7, 53], [7, 10], [7, 27], [7, 47], [8, 20], [8, 21], [8, 10], [8, 11], [9, 24], [9, 11], [9, 12], [10, 40], [10, 50], [10, 57], [10, 11], [10, 13], [11, 36], [11, 13], [11, 21], [12, 39], [12, 42], [12, 59], [12, 13], [12, 46], [13, 51], [13, 54], [13, 58], [13, 46], [14, 17], [14, 18], [14, 50], [14, 38], [14, 23], [14, 26], [14, 34], [15, 17], [15, 18], [15, 22], [15, 46], [16, 17], [16, 33], [16, 35], [16, 48], [16, 38], [17, 19], [17, 20], [17, 30], [17, 52], [17, 45], [18, 19], [18, 20], [18, 21], [18, 52], [18, 30], [18, 27], [19, 35], [19, 40], [19, 25], [19, 46], [20, 32], [20, 36], [20, 24], [20, 50], [20, 29], [21, 22], [21, 23], [22, 51], [22, 25], [22, 27], [22, 28], [22, 29], [23, 37], [23, 44], [23, 45], [23, 50], [23, 53], [24, 28], [24, 39], [24, 44], [24, 37], [25, 51], [25, 50], [25, 57], [25, 27], [25, 28], [26, 53], [26, 55], [27, 34], [27, 29], [28, 41], [28, 40], [28, 29], [29, 31], [30, 33], [30, 31], [31, 32], [31, 33], [31, 50], [31, 52], [31, 41], [32, 33], [32, 35], [32, 53], [32, 55], [32, 43], [33, 56], [33, 37], [33, 39], [33, 40], [34, 60], [34, 46], [35, 42], [36, 37], [36, 38], [36, 46], [36, 47], [38, 49], [39, 49], [39, 56], [39, 58], [40, 59], [41, 49], [41, 52], [42, 44], [42, 47], [43, 57], [43, 44], [43, 46], [44, 58], [44, 55], [44, 45], [45, 46], [47, 50], [48, 49], [48, 50], [48, 51], [48, 55], [49, 51], [49, 59], [51, 52], [53, 56], [53, 57], [54, 55], [54, 60], [55, 57], [56, 58], [58, 59]], "features": {"27": ["cc_4", "deg_6"], "35": ["cc_0", "deg_4"], "43": ["cc_0", "deg_5"], "47": ["cc_0", "deg_4"], "32": ["cc_1", "deg_7"], "56": ["cc_11", "deg_4"], "9": ["cc_0", "deg_3"], "33": ["cc_3", "deg_8"], "48": ["cc_3", "deg_5"], "55": ["cc_0", "deg_6"], "0": ["cc_0", "deg_4"], "2": ["cc_3", "deg_8"], "18": ["cc_0", "deg_9"], "5": ["cc_2", "deg_6"], "14": ["cc_1", "deg_7"], "38": ["cc_1", "deg_7"], "44": ["cc_1", "deg_7"], "39": ["cc_4", "deg_6"], "3": ["cc_3", "deg_5"], "28": ["cc_4", "deg_6"], "51": ["cc_4", "deg_6"], "23": ["cc_3", "deg_7"], "19": ["cc_0", "deg_6"], "34": ["cc_0", "deg_5"], "11": ["cc_4", "deg_8"], "17": ["cc_0", "deg_8"], "12": ["cc_2", "deg_6"], "25": ["cc_4", "deg_7"], "24": ["cc_0", "deg_7"], "59": ["cc_0", "deg_5"], "22": ["cc_5", "deg_8"], "60": ["cc_3", "deg_5"], "15": ["cc_3", "deg_5"], "4": ["cc_0", "deg_5"], "37": ["cc_0", "deg_5"], "45": ["cc_5", "deg_4"], "42": ["cc_0", "deg_6"], "30": ["cc_5", "deg_4"], "31": ["cc_4", "deg_7"], "36": ["cc_0", "deg_6"], "57": ["cc_1", "deg_7"], "53": ["cc_0", "deg_7"], "10": ["cc_4", "deg_8"], "49": ["cc_2", "deg_6"], "1": ["cc_3", "deg_8"], "46": ["cc_1", "deg_8"], "26": ["cc_0", "deg_3"], "40": ["cc_0", "deg_6"], "41": ["cc_5", "deg_4"], "20": ["cc_0", "deg_8"], "29": ["cc_4", "deg_6"], "52": ["cc_2", "deg_6"], "58": ["cc_1", "deg_7"], "13": ["cc_2", "deg_9"], "6": ["cc_0", "deg_4"], "7": ["cc_0", "deg_6"], "50": ["cc_1", "deg_8"], "8": ["cc_11", "deg_4"], "16": ["cc_2", "deg_6"], "54": ["cc_0", "deg_3"], "21": ["cc_3", "deg_5"]}}