{"label": 1, "edges": [[0, 1], [0, 2], [0, 7], [0, 58], [0, 61], [0, 62], [1, 2], [1, 3], [2, 3], [2, 4], [3, 4], [3, 5], [3, 6], [3, 29], [4, 5], [4, 6], [5, 6], [5, 27], [5, 47], [6, 13], [7, 32], [7, 33], [8, 9], [8, 10], [9, 10], [9, 11], [10, 11], [10, 12], [11, 35], [11, 12], [12, 13], [12, 14], [13, 18], [13, 14], [13, 15], [14, 54], [14, 55], [15, 16], [15, 17], [15, 52], [15, 41], [16, 17], [16, 28], [17, 18], [17, 19], [17, 42], [18, 19], [18, 23], [18, 62], [18, 47], [19, 21], [19, 25], [20, 54], [20, 62], [21, 52], [21, 53], [21, 22], [21, 44], [22, 24], [22, 57], [22, 41], [23, 24], [24, 25], [24, 62], [25, 26], [25, 27], [26, 27], [26, 28], [26, 33], [27, 49], [27, 35], [27, 28], [27, 29], [28, 51], [28, 29], [28, 30], [29, 31], [30, 32], [30, 31], [31, 32], [31, 33], [32, 33], [32, 37], [34, 35], [34, 36], [35, 36], [35, 60], [36, 37], [36, 38], [37, 38], [37, 39], [37, 43], [37, 46], [38, 48], [38, 40], [38, 46], [39, 40], [39, 41], [39, 59], [40, 44], [40, 62], [41, 60], [42, 43], [43, 44], [44, 52], [44, 54], [44, 46], [45, 46], [45, 47], [48, 49], [48, 50], [49, 51], [50, 51], [50, 52], [51, 52], [53, 60], [53, 61], [54, 55], [55, 56], [55, 57], [56, 57], [56, 58], [57, 59], [57, 62], [58, 59], [59, 60]], "features": {"27": ["cc_4", "deg_7"], "35": ["cc_3", "deg_5"], "43": ["cc_0", "deg_3"], "47": ["cc_0", "deg_3"], "32": ["cc_10", "deg_5"], "56": ["cc_11", "deg_3"], "9": ["cc_22", "deg_3"], "33": ["cc_11", "deg_4"], "48": ["cc_0", "deg_3"], "55": ["cc_11", "deg_4"], "0": ["cc_2", "deg_6"], "2": ["cc_16", "deg_4"], "18": ["cc_2", "deg_6"], "5": ["cc_10", "deg_5"], "14": ["cc_11", "deg_4"], "38": ["cc_6", "deg_5"], "44": ["cc_2", "deg_6"], "39": ["cc_0", "deg_4"], "3": ["cc_11", "deg_6"], "28": ["cc_4", "deg_6"], "51": ["cc_5", "deg_4"], "23": ["cc_0", "deg_2"], "19": ["cc_5", "deg_4"], "61": ["cc_0", "deg_2"], "34": ["cc_33", "deg_2"], "11": ["cc_11", "deg_4"], "17": ["cc_6", "deg_5"], "12": ["cc_11", "deg_4"], "25": ["cc_5", "deg_4"], "24": ["cc_0", "deg_4"], "62": ["cc_0", "deg_6"], "59": ["cc_0", "deg_4"], "22": ["cc_0", "deg_4"], "60": ["cc_0", "deg_4"], "15": ["cc_3", "deg_5"], "4": ["cc_22", "deg_4"], "37": ["cc_4", "deg_6"], "45": ["cc_0", "deg_2"], "42": ["cc_0", "deg_2"], "30": ["cc_11", "deg_3"], "31": ["cc_11", "deg_4"], "36": ["cc_11", "deg_4"], "57": ["cc_3", "deg_5"], "53": ["cc_0", "deg_3"], "10": ["cc_16", "deg_4"], "49": ["cc_0", "deg_3"], "1": ["cc_22", "deg_3"], "46": ["cc_5", "deg_4"], "26": ["cc_11", "deg_4"], "40": ["cc_0", "deg_4"], "41": ["cc_0", "deg_4"], "20": ["cc_0", "deg_2"], "29": ["cc_5", "deg_4"], "52": ["cc_6", "deg_5"], "58": ["cc_0", "deg_3"], "13": ["cc_3", "deg_5"], "6": ["cc_16", "deg_4"], "7": ["cc_11", "deg_3"], "50": ["cc_11", "deg_3"], "8": ["cc_33", "deg_2"], "16": ["cc_11", "deg_3"], "54": ["cc_5", "deg_4"], "21": ["cc_3", "deg_5"]}}