{"label": 2, "features": {"53": ["cc_0", "deg_4"], "47": ["cc_2", "deg_6"], "68": ["cc_0", "deg_5"], "21": ["cc_5", "deg_4"], "34": ["cc_0", "deg_6"], "67": ["cc_1", "deg_7"], "41": ["cc_0", "deg_5"], "4": ["cc_3", "deg_8"], "42": ["cc_0", "deg_6"], "12": ["cc_0", "deg_5"], "28": ["cc_2", "deg_6"], "66": ["cc_1", "deg_11"], "5": ["cc_0", "deg_4"], "65": ["cc_3", "deg_8"], "61": ["cc_2", "deg_6"], "3": ["cc_3", "deg_5"], "64": ["cc_3", "deg_5"], "51": ["cc_0", "deg_8"], "24": ["cc_2", "deg_6"], "56": ["cc_4", "deg_8"], "55": ["cc_2", "deg_8"], "19": ["cc_0", "deg_5"], "54": ["cc_0", "deg_5"], "36": ["cc_3", "deg_7"], "17": ["cc_4", "deg_7"], "11": ["cc_0", "deg_7"], "22": ["cc_3", "deg_7"], "71": ["cc_4", "deg_6"], "18": ["cc_4", "deg_6"], "59": ["cc_4", "deg_8"], "2": ["cc_0", "deg_7"], "46": ["cc_0", "deg_3"], "37": ["cc_3", "deg_5"], "38": ["cc_3", "deg_5"], "73": ["cc_0", "deg_5"], "9": ["cc_11", "deg_4"], "27": ["cc_0", "deg_5"], "58": ["cc_3", "deg_7"], "35": ["cc_3", "deg_7"], "1": ["cc_5", "deg_8"], "16": ["cc_0", "deg_6"], "25": ["cc_3", "deg_5"], "7": ["cc_0", "deg_6"], "39": ["cc_0", "deg_5"], "0": ["cc_3", "deg_5"], "29": ["cc_0", "deg_8"], "63": ["cc_5", "deg_4"], "13": ["cc_0", "deg_5"], "6": ["cc_3", "deg_5"], "30": ["cc_2", "deg_8"], "14": ["cc_5", "deg_4"], "32": ["cc_2", "deg_8"], "45": ["cc_10", "deg_5"], "10": ["cc_1", "deg_10"], "33": ["cc_0", "deg_11"], "23": ["cc_11", "deg_3"], "69": ["cc_0", "deg_3"], "48": ["cc_5", "deg_4"], "40": ["cc_4", "deg_6"], "72": ["cc_2", "deg_6"], "8": ["cc_11", "deg_3"], "44": ["cc_2", "deg_6"], "31": ["cc_1", "deg_8"], "26": ["cc_11", "deg_4"], "43": ["cc_0", "deg_5"], "57": ["cc_6", "deg_5"], "20": ["cc_6", "deg_6"], "50": ["cc_1", "deg_7"], "62": ["cc_3", "deg_10"], "60": ["cc_0", "deg_6"], "52": ["cc_0", "deg_5"], "15": ["cc_0", "deg_4"], "70": ["cc_0", "deg_7"], "49": ["cc_6", "deg_6"]}, "edges": [[0, 24], [0, 36], [0, 21], [0, 40], [0, 12], [1, 65], [1, 4], [1, 71], [1, 18], [1, 13], [1, 49], [1, 50], [1, 22], [2, 33], [2, 50], [2, 51], [2, 25], [2, 72], [2, 48], [2, 62], [3, 66], [3, 70], [3, 25], [3, 44], [3, 37], [4, 16], [4, 22], [4, 49], [4, 24], [4, 58], [4, 60], [4, 45], [5, 37], [5, 7], [5, 34], [5, 30], [6, 17], [6, 33], [6, 56], [6, 42], [6, 11], [7, 32], [7, 56], [7, 24], [7, 10], [7, 42], [8, 20], [8, 26], [8, 62], [9, 33], [9, 57], [9, 60], [9, 47], [10, 17], [10, 45], [10, 35], [10, 31], [10, 57], [10, 59], [10, 29], [10, 14], [10, 60], [11, 34], [11, 41], [11, 25], [11, 43], [11, 44], [11, 73], [12, 73], [12, 56], [12, 58], [12, 29], [13, 59], [13, 36], [13, 38], [13, 41], [14, 32], [14, 46], [14, 31], [15, 16], [15, 65], [15, 64], [15, 58], [16, 27], [16, 39], [16, 20], [16, 31], [17, 34], [17, 19], [17, 23], [17, 56], [17, 36], [18, 65], [18, 66], [18, 51], [18, 71], [18, 69], [19, 40], [19, 41], [19, 29], [19, 31], [20, 32], [20, 24], [20, 66], [20, 62], [21, 72], [21, 33], [21, 24], [22, 67], [22, 36], [22, 33], [22, 56], [22, 66], [23, 66], [23, 56], [24, 27], [25, 37], [25, 60], [26, 67], [26, 65], [26, 30], [27, 62], [27, 30], [27, 53], [28, 66], [28, 37], [28, 44], [28, 34], [28, 62], [28, 63], [29, 68], [29, 39], [29, 44], [29, 46], [29, 52], [30, 32], [30, 66], [30, 54], [30, 65], [30, 61], [31, 69], [31, 54], [31, 55], [31, 61], [32, 51], [32, 67], [32, 62], [32, 59], [33, 70], [33, 39], [33, 52], [33, 55], [33, 57], [33, 58], [34, 64], [34, 55], [35, 48], [35, 38], [35, 55], [35, 41], [35, 61], [35, 69], [36, 70], [36, 56], [36, 42], [37, 42], [38, 70], [38, 55], [38, 60], [39, 72], [39, 41], [40, 64], [40, 49], [40, 50], [40, 44], [42, 51], [42, 62], [43, 50], [43, 52], [43, 62], [43, 60], [44, 49], [45, 71], [45, 59], [45, 58], [46, 56], [47, 48], [47, 73], [47, 65], [47, 57], [47, 66], [48, 55], [49, 64], [49, 55], [50, 67], [50, 68], [50, 71], [51, 73], [51, 54], [51, 57], [51, 61], [52, 65], [52, 53], [53, 70], [53, 55], [54, 71], [54, 58], [58, 59], [59, 72], [59, 63], [59, 62], [61, 66], [61, 67], [62, 66], [63, 72], [63, 73], [64, 68], [65, 67], [66, 68], [67, 72], [68, 70], [70, 71]]}