{"label": 0, "edges": [[0, 2], [0, 85], [0, 86], [0, 18], [0, 69], [1, 51], [1, 3], [1, 4], [1, 85], [1, 86], [2, 4], [2, 86], [2, 45], [2, 61], [3, 4], [3, 5], [3, 72], [3, 26], [3, 11], [3, 10], [4, 5], [4, 6], [4, 7], [4, 38], [5, 72], [5, 7], [5, 8], [5, 84], [6, 81], [6, 22], [6, 8], [6, 9], [7, 23], [7, 8], [7, 9], [8, 10], [8, 11], [8, 69], [9, 15], [9, 10], [9, 39], [9, 12], [9, 47], [10, 32], [10, 33], [10, 11], [10, 12], [10, 15], [11, 18], [11, 12], [11, 14], [12, 50], [12, 73], [12, 72], [12, 13], [13, 16], [13, 18], [13, 55], [14, 83], [14, 84], [14, 57], [14, 44], [15, 56], [16, 17], [16, 18], [16, 19], [16, 44], [17, 18], [17, 19], [17, 20], [18, 53], [18, 19], [18, 66], [19, 20], [19, 21], [19, 78], [20, 36], [20, 21], [20, 22], [21, 32], [21, 65], [21, 22], [21, 23], [21, 83], [22, 66], [22, 24], [22, 79], [23, 24], [23, 25], [23, 26], [24, 65], [24, 26], [24, 27], [25, 26], [25, 27], [25, 28], [26, 28], [26, 29], [27, 84], [27, 62], [27, 36], [28, 69], [28, 86], [28, 73], [28, 29], [29, 32], [29, 46], [29, 30], [29, 31], [30, 32], [30, 83], [30, 60], [30, 46], [30, 31], [31, 32], [31, 33], [31, 34], [32, 42], [32, 58], [32, 35], [32, 68], [32, 79], [33, 34], [33, 36], [34, 35], [34, 36], [34, 37], [35, 36], [35, 37], [35, 38], [35, 68], [35, 59], [36, 37], [36, 38], [36, 50], [37, 38], [37, 39], [37, 40], [38, 40], [38, 41], [39, 54], [39, 40], [39, 59], [39, 63], [40, 41], [40, 42], [40, 43], [41, 42], [41, 43], [41, 44], [42, 44], [42, 45], [43, 66], [43, 53], [43, 55], [43, 44], [44, 81], [44, 46], [44, 47], [45, 48], [45, 81], [45, 46], [46, 47], [47, 49], [47, 50], [48, 49], [48, 50], [48, 67], [48, 58], [49, 50], [49, 51], [49, 52], [50, 51], [50, 52], [50, 53], [51, 67], [51, 52], [51, 53], [51, 81], [51, 80], [52, 68], [52, 54], [52, 56], [52, 57], [53, 54], [53, 56], [53, 58], [54, 75], [54, 55], [54, 57], [55, 56], [55, 73], [55, 58], [56, 57], [56, 58], [56, 59], [57, 59], [57, 60], [58, 59], [58, 61], [59, 60], [59, 62], [60, 61], [60, 62], [60, 63], [61, 64], [61, 62], [61, 63], [62, 64], [62, 65], [62, 63], [63, 65], [63, 66], [64, 66], [64, 67], [64, 77], [65, 66], [65, 68], [66, 68], [66, 86], [67, 68], [67, 69], [67, 70], [68, 71], [69, 71], [69, 72], [69, 75], [70, 71], [70, 72], [70, 73], [71, 72], [71, 73], [71, 74], [72, 73], [72, 75], [74, 84], [74, 75], [74, 76], [74, 77], [75, 76], [75, 77], [75, 78], [76, 77], [76, 78], [76, 79], [77, 80], [77, 78], [77, 79], [78, 80], [78, 81], [78, 79], [79, 81], [79, 82], [80, 82], [80, 83], [81, 83], [82, 83], [82, 84], [82, 85], [83, 86], [85, 86]], "features": {"27": ["cc_0", "deg_5"], "35": ["cc_9", "deg_7"], "43": ["cc_4", "deg_6"], "47": ["cc_6", "deg_5"], "56": ["cc_7", "deg_7"], "23": ["cc_6", "deg_5"], "9": ["cc_3", "deg_7"], "0": ["cc_6", "deg_5"], "6": ["cc_0", "deg_5"], "18": ["cc_4", "deg_8"], "14": ["cc_0", "deg_5"], "38": ["cc_11", "deg_6"], "82": ["cc_3", "deg_5"], "68": ["cc_3", "deg_7"], "51": ["cc_4", "deg_8"], "77": ["cc_12", "deg_7"], "19": ["cc_11", "deg_6"], "34": ["cc_16", "deg_5"], "75": ["cc_9", "deg_7"], "11": ["cc_6", "deg_6"], "17": ["cc_22", "deg_4"], "25": ["cc_11", "deg_4"], "24": ["cc_3", "deg_5"], "70": ["cc_16", "deg_4"], "15": ["cc_11", "deg_3"], "62": ["cc_9", "deg_7"], "40": ["cc_11", "deg_6"], "30": ["cc_8", "deg_6"], "31": ["cc_13", "deg_5"], "66": ["cc_2", "deg_8"], "36": ["cc_7", "deg_8"], "57": ["cc_8", "deg_6"], "10": ["cc_5", "deg_8"], "49": ["cc_16", "deg_5"], "1": ["cc_6", "deg_5"], "46": ["cc_6", "deg_5"], "60": ["cc_11", "deg_6"], "41": ["cc_16", "deg_5"], "29": ["cc_11", "deg_6"], "74": ["cc_10", "deg_5"], "13": ["cc_5", "deg_4"], "2": ["cc_3", "deg_5"], "7": ["cc_6", "deg_5"], "84": ["cc_0", "deg_5"], "79": ["cc_6", "deg_7"], "32": ["cc_2", "deg_10"], "33": ["cc_11", "deg_4"], "55": ["cc_2", "deg_6"], "48": ["cc_3", "deg_5"], "85": ["cc_11", "deg_4"], "5": ["cc_8", "deg_6"], "80": ["cc_6", "deg_5"], "81": ["cc_1", "deg_7"], "86": ["cc_4", "deg_7"], "44": ["cc_3", "deg_8"], "39": ["cc_2", "deg_6"], "3": ["cc_6", "deg_7"], "28": ["cc_4", "deg_6"], "83": ["cc_1", "deg_7"], "76": ["cc_23", "deg_5"], "72": ["cc_8", "deg_8"], "12": ["cc_4", "deg_7"], "59": ["cc_6", "deg_7"], "69": ["cc_3", "deg_7"], "22": ["cc_2", "deg_6"], "50": ["cc_7", "deg_8"], "71": ["cc_8", "deg_6"], "4": ["cc_4", "deg_7"], "78": ["cc_11", "deg_7"], "45": ["cc_0", "deg_5"], "42": ["cc_6", "deg_5"], "21": ["cc_3", "deg_7"], "8": ["cc_4", "deg_6"], "53": ["cc_3", "deg_7"], "67": ["cc_0", "deg_6"], "37": ["cc_15", "deg_6"], "20": ["cc_10", "deg_5"], "26": ["cc_8", "deg_6"], "52": ["cc_7", "deg_7"], "58": ["cc_4", "deg_7"], "63": ["cc_11", "deg_6"], "64": ["cc_3", "deg_5"], "54": ["cc_2", "deg_6"], "65": ["cc_6", "deg_6"], "61": ["cc_8", "deg_6"], "16": ["cc_13", "deg_5"], "73": ["cc_8", "deg_6"]}}