{"label": 1, "edges": [[0, 32], [0, 2], [0, 26], [0, 12], [0, 14], [0, 31], [1, 32], [1, 3], [1, 25], [2, 16], [2, 3], [2, 4], [3, 4], [3, 5], [4, 12], [4, 5], [4, 6], [5, 27], [5, 6], [6, 8], [6, 7], [7, 8], [7, 24], [8, 25], [8, 10], [9, 27], [9, 10], [9, 11], [10, 11], [10, 12], [11, 19], [11, 12], [13, 17], [13, 15], [14, 16], [14, 15], [15, 16], [15, 17], [17, 19], [17, 28], [18, 19], [18, 20], [18, 30], [19, 27], [19, 21], [19, 30], [20, 21], [20, 22], [21, 22], [21, 23], [22, 24], [22, 23], [23, 24], [23, 25], [24, 25], [24, 26], [25, 26], [25, 27], [26, 27], [26, 28], [28, 29], [28, 30], [29, 30], [29, 31], [30, 31], [31, 32]], "features": {"27": ["cc_3", "deg_5"], "22": ["cc_16", "deg_4"], "32": ["cc_11", "deg_3"], "15": ["cc_11", "deg_4"], "4": ["cc_10", "deg_5"], "30": ["cc_10", "deg_5"], "0": ["cc_2", "deg_6"], "2": ["cc_5", "deg_4"], "6": ["cc_11", "deg_4"], "18": ["cc_11", "deg_3"], "5": ["cc_11", "deg_4"], "10": ["cc_11", "deg_4"], "14": ["cc_11", "deg_3"], "1": ["cc_0", "deg_3"], "29": ["cc_22", "deg_3"], "8": ["cc_5", "deg_4"], "20": ["cc_11", "deg_3"], "26": ["cc_6", "deg_5"], "3": ["cc_11", "deg_4"], "11": ["cc_11", "deg_4"], "28": ["cc_5", "deg_4"], "23": ["cc_16", "deg_4"], "19": ["cc_2", "deg_6"], "13": ["cc_33", "deg_2"], "16": ["cc_11", "deg_3"], "7": ["cc_11", "deg_3"], "17": ["cc_5", "deg_4"], "12": ["cc_5", "deg_4"], "31": ["cc_11", "deg_4"], "25": ["cc_6", "deg_6"], "24": ["cc_10", "deg_5"], "9": ["cc_11", "deg_3"], "21": ["cc_11", "deg_4"]}}