{"label": 2, "edges": [[0, 1], [0, 29], [0, 21], [0, 24], [0, 44], [0, 45], [0, 46], [0, 5], [1, 32], [1, 3], [1, 33], [1, 7], [1, 13], [1, 17], [1, 29], [2, 16], [2, 18], [2, 3], [2, 20], [2, 13], [3, 40], [3, 41], [3, 10], [3, 15], [4, 36], [4, 37], [4, 38], [4, 7], [4, 8], [4, 44], [5, 23], [5, 14], [6, 33], [6, 34], [6, 21], [6, 9], [6, 46], [6, 20], [7, 16], [7, 30], [7, 8], [7, 9], [7, 12], [7, 14], [8, 41], [9, 23], [9, 10], [9, 29], [10, 37], [10, 23], [10, 11], [10, 46], [10, 15], [11, 37], [11, 27], [11, 12], [11, 14], [12, 41], [12, 39], [12, 44], [12, 14], [13, 40], [13, 28], [13, 29], [13, 15], [14, 17], [14, 35], [15, 23], [15, 39], [15, 28], [15, 45], [16, 35], [16, 19], [16, 21], [16, 31], [17, 34], [17, 20], [17, 25], [18, 20], [18, 38], [19, 35], [19, 36], [19, 40], [19, 42], [19, 45], [19, 23], [19, 28], [19, 30], [19, 31], [20, 22], [20, 40], [20, 27], [20, 37], [21, 45], [22, 25], [22, 31], [22, 36], [23, 34], [23, 27], [24, 25], [24, 44], [24, 37], [25, 43], [25, 38], [25, 46], [26, 37], [26, 27], [26, 28], [27, 43], [27, 40], [28, 33], [28, 30], [29, 32], [29, 33], [29, 45], [29, 31], [30, 33], [30, 37], [30, 41], [31, 34], [32, 41], [32, 46], [33, 34], [33, 36], [33, 43], [34, 35], [34, 42], [35, 36], [35, 39], [35, 43], [36, 37], [38, 39], [38, 41], [38, 43], [39, 41], [39, 46], [40, 41], [40, 42], [42, 44], [43, 46], [45, 46]], "features": {"27": ["cc_2", "deg_6"], "35": ["cc_3", "deg_7"], "43": ["cc_4", "deg_6"], "32": ["cc_5", "deg_4"], "9": ["cc_3", "deg_5"], "33": ["cc_3", "deg_8"], "0": ["cc_5", "deg_8"], "2": ["cc_3", "deg_5"], "18": ["cc_11", "deg_3"], "5": ["cc_0", "deg_3"], "14": ["cc_4", "deg_6"], "38": ["cc_4", "deg_6"], "44": ["cc_3", "deg_5"], "39": ["cc_4", "deg_6"], "3": ["cc_4", "deg_6"], "28": ["cc_6", "deg_6"], "23": ["cc_3", "deg_7"], "19": ["cc_3", "deg_10"], "34": ["cc_1", "deg_7"], "11": ["cc_6", "deg_5"], "17": ["cc_0", "deg_5"], "12": ["cc_6", "deg_6"], "25": ["cc_4", "deg_6"], "24": ["cc_5", "deg_4"], "22": ["cc_0", "deg_4"], "15": ["cc_4", "deg_7"], "4": ["cc_4", "deg_6"], "37": ["cc_2", "deg_8"], "45": ["cc_6", "deg_6"], "42": ["cc_5", "deg_4"], "30": ["cc_4", "deg_6"], "31": ["cc_3", "deg_5"], "36": ["cc_4", "deg_6"], "10": ["cc_6", "deg_7"], "1": ["cc_4", "deg_8"], "46": ["cc_2", "deg_8"], "26": ["cc_0", "deg_3"], "40": ["cc_4", "deg_7"], "41": ["cc_3", "deg_8"], "20": ["cc_2", "deg_8"], "29": ["cc_5", "deg_8"], "13": ["cc_4", "deg_6"], "6": ["cc_2", "deg_6"], "7": ["cc_2", "deg_8"], "8": ["cc_11", "deg_3"], "16": ["cc_4", "deg_6"], "21": ["cc_5", "deg_4"]}}