{"label": 2, "edges": [[0, 26], [0, 51], [0, 44], [1, 52], [1, 55], [1, 15], [2, 51], [2, 19], [2, 29], [3, 60], [3, 69], [4, 40], [4, 60], [5, 68], [5, 8], [5, 75], [5, 29], [6, 16], [6, 73], [6, 39], [6, 57], [7, 26], [7, 11], [7, 20], [8, 61], [8, 13], [8, 31], [9, 16], [9, 35], [9, 25], [9, 62], [10, 38], [10, 57], [10, 46], [11, 64], [11, 27], [11, 69], [11, 22], [11, 55], [11, 12], [12, 65], [12, 34], [12, 24], [12, 63], [13, 67], [13, 71], [14, 67], [14, 36], [14, 73], [14, 31], [15, 18], [15, 25], [16, 22], [16, 39], [16, 29], [16, 47], [17, 64], [17, 37], [17, 23], [17, 57], [17, 69], [18, 35], [19, 66], [19, 23], [20, 48], [20, 29], [20, 30], [21, 73], [21, 58], [22, 71], [22, 26], [23, 68], [23, 69], [23, 44], [24, 33], [24, 59], [24, 74], [25, 35], [25, 59], [25, 43], [26, 27], [27, 50], [27, 51], [27, 53], [27, 41], [27, 44], [28, 49], [28, 52], [28, 38], [28, 63], [30, 32], [30, 34], [31, 65], [32, 48], [32, 34], [32, 36], [32, 37], [33, 67], [33, 45], [34, 70], [34, 45], [35, 45], [36, 56], [36, 54], [36, 72], [36, 45], [37, 51], [37, 40], [37, 72], [38, 51], [39, 51], [40, 64], [40, 72], [40, 59], [41, 53], [41, 60], [42, 50], [42, 66], [42, 58], [43, 54], [43, 61], [44, 50], [44, 68], [44, 45], [46, 52], [47, 48], [47, 56], [48, 49], [48, 61], [49, 52], [49, 70], [49, 74], [50, 58], [52, 62], [53, 63], [54, 64], [54, 66], [55, 67], [55, 60], [55, 62], [57, 75], [58, 65], [58, 71], [58, 60], [59, 62], [60, 65], [60, 75], [61, 75], [63, 65], [64, 70], [68, 72], [72, 74]], "features": {"27": ["cc_3", "deg_7"], "35": ["cc_5", "deg_4"], "43": ["cc_0", "deg_3"], "47": ["cc_0", "deg_3"], "32": ["cc_3", "deg_5"], "56": ["cc_0", "deg_2"], "9": ["cc_5", "deg_4"], "33": ["cc_0", "deg_3"], "48": ["cc_0", "deg_5"], "55": ["cc_0", "deg_5"], "0": ["cc_0", "deg_3"], "2": ["cc_0", "deg_3"], "18": ["cc_0", "deg_2"], "5": ["cc_0", "deg_4"], "14": ["cc_0", "deg_4"], "38": ["cc_0", "deg_3"], "73": ["cc_0", "deg_3"], "44": ["cc_4", "deg_6"], "39": ["cc_11", "deg_3"], "3": ["cc_0", "deg_2"], "68": ["cc_5", "deg_4"], "28": ["cc_5", "deg_4"], "51": ["cc_0", "deg_6"], "23": ["cc_6", "deg_5"], "19": ["cc_0", "deg_3"], "61": ["cc_0", "deg_4"], "34": ["cc_3", "deg_5"], "75": ["cc_0", "deg_4"], "11": ["cc_0", "deg_7"], "72": ["cc_3", "deg_5"], "17": ["cc_3", "deg_5"], "12": ["cc_3", "deg_5"], "25": ["cc_3", "deg_5"], "24": ["cc_0", "deg_4"], "62": ["cc_0", "deg_4"], "59": ["cc_0", "deg_4"], "69": ["cc_5", "deg_4"], "22": ["cc_0", "deg_4"], "60": ["cc_1", "deg_7"], "70": ["cc_0", "deg_3"], "65": ["cc_6", "deg_5"], "71": ["cc_0", "deg_3"], "15": ["cc_0", "deg_3"], "4": ["cc_0", "deg_2"], "37": ["cc_3", "deg_5"], "45": ["cc_0", "deg_5"], "42": ["cc_11", "deg_3"], "30": ["cc_11", "deg_3"], "31": ["cc_0", "deg_3"], "66": ["cc_0", "deg_3"], "36": ["cc_0", "deg_6"], "67": ["cc_0", "deg_4"], "57": ["cc_0", "deg_4"], "53": ["cc_11", "deg_3"], "10": ["cc_0", "deg_3"], "49": ["cc_3", "deg_5"], "1": ["cc_0", "deg_3"], "46": ["cc_0", "deg_2"], "26": ["cc_0", "deg_4"], "40": ["cc_3", "deg_5"], "41": ["cc_11", "deg_3"], "20": ["cc_0", "deg_4"], "29": ["cc_0", "deg_4"], "52": ["cc_3", "deg_5"], "58": ["cc_4", "deg_6"], "63": ["cc_5", "deg_4"], "64": ["cc_0", "deg_5"], "74": ["cc_0", "deg_3"], "13": ["cc_0", "deg_3"], "6": ["cc_5", "deg_4"], "7": ["cc_0", "deg_3"], "50": ["cc_11", "deg_4"], "8": ["cc_0", "deg_4"], "16": ["cc_2", "deg_6"], "54": ["cc_0", "deg_4"], "21": ["cc_0", "deg_2"]}}