{"label": 0, "features": {"68": ["cc_11", "deg_4"], "21": ["cc_5", "deg_4"], "34": ["cc_10", "deg_5"], "94": ["cc_5", "deg_4"], "58": ["cc_0", "deg_3"], "69": ["cc_5", "deg_4"], "42": ["cc_11", "deg_4"], "12": ["cc_16", "deg_4"], "66": ["cc_6", "deg_6"], "5": ["cc_11", "deg_4"], "61": ["cc_11", "deg_4"], "91": ["cc_22", "deg_3"], "51": ["cc_3", "deg_5"], "24": ["cc_0", "deg_3"], "56": ["cc_6", "deg_5"], "55": ["cc_16", "deg_4"], "17": ["cc_0", "deg_4"], "22": ["cc_0", "deg_3"], "74": ["cc_6", "deg_5"], "59": ["cc_11", "deg_3"], "46": ["cc_5", "deg_4"], "37": ["cc_16", "deg_4"], "38": ["cc_11", "deg_4"], "81": ["cc_0", "deg_3"], "95": ["cc_11", "deg_3"], "90": ["cc_11", "deg_4"], "35": ["cc_16", "deg_4"], "47": ["cc_0", "deg_3"], "16": ["cc_0", "deg_4"], "65": ["cc_16", "deg_4"], "23": ["cc_0", "deg_4"], "7": ["cc_16", "deg_4"], "82": ["cc_5", "deg_4"], "29": ["cc_11", "deg_4"], "93": ["cc_11", "deg_4"], "13": ["cc_16", "deg_4"], "6": ["cc_22", "deg_3"], "30": ["cc_5", "deg_4"], "14": ["cc_11", "deg_4"], "40": ["cc_11", "deg_3"], "33": ["cc_10", "deg_5"], "73": ["cc_11", "deg_4"], "76": ["cc_0", "deg_3"], "8": ["cc_6", "deg_5"], "44": ["cc_10", "deg_5"], "26": ["cc_11", "deg_4"], "43": ["cc_11", "deg_4"], "57": ["cc_5", "deg_4"], "20": ["cc_11", "deg_4"], "89": ["cc_6", "deg_5"], "97": ["cc_16", "deg_4"], "80": ["cc_0", "deg_3"], "70": ["cc_0", "deg_3"], "84": ["cc_10", "deg_5"], "53": ["cc_6", "deg_5"], "1": ["cc_6", "deg_6"], "54": ["cc_16", "deg_4"], "41": ["cc_2", "deg_6"], "4": ["cc_11", "deg_4"], "39": ["cc_3", "deg_5"], "28": ["cc_16", "deg_4"], "25": ["cc_11", "deg_3"], "78": ["cc_5", "deg_4"], "3": ["cc_22", "deg_3"], "64": ["cc_16", "deg_4"], "72": ["cc_11", "deg_3"], "87": ["cc_16", "deg_4"], "19": ["cc_22", "deg_3"], "92": ["cc_16", "deg_4"], "86": ["cc_10", "deg_5"], "62": ["cc_6", "deg_5"], "11": ["cc_22", "deg_3"], "18": ["cc_5", "deg_4"], "67": ["cc_16", "deg_4"], "2": ["cc_6", "deg_5"], "9": ["cc_5", "deg_4"], "27": ["cc_16", "deg_4"], "15": ["cc_3", "deg_5"], "71": ["cc_11", "deg_3"], "88": ["cc_16", "deg_4"], "0": ["cc_11", "deg_4"], "63": ["cc_6", "deg_5"], "32": ["cc_6", "deg_5"], "45": ["cc_4", "deg_6"], "36": ["cc_10", "deg_5"], "83": ["cc_11", "deg_4"], "48": ["cc_0", "deg_2"], "79": ["cc_5", "deg_4"], "77": ["cc_5", "deg_4"], "10": ["cc_11", "deg_3"], "85": ["cc_16", "deg_4"], "31": ["cc_33", "deg_2"], "75": ["cc_0", "deg_3"], "50": ["cc_3", "deg_5"], "60": ["cc_22", "deg_3"], "52": ["cc_11", "deg_3"], "96": ["cc_11", "deg_4"], "49": ["cc_5", "deg_4"]}, "edges": [[0, 1], [0, 2], [0, 46], [0, 97], [1, 97], [1, 2], [1, 8], [1, 96], [1, 58], [2, 3], [2, 4], [2, 76], [3, 4], [3, 5], [4, 51], [4, 5], [5, 6], [5, 7], [6, 8], [6, 7], [7, 8], [7, 9], [8, 9], [8, 10], [9, 34], [9, 63], [10, 11], [10, 12], [11, 12], [11, 13], [12, 13], [12, 14], [13, 14], [13, 15], [14, 45], [14, 15], [15, 16], [15, 17], [15, 21], [16, 80], [16, 18], [16, 84], [17, 81], [17, 18], [17, 62], [18, 19], [18, 20], [19, 20], [19, 21], [20, 21], [20, 22], [21, 23], [22, 24], [22, 23], [23, 25], [23, 36], [24, 26], [24, 86], [25, 26], [25, 27], [26, 27], [26, 28], [27, 28], [27, 29], [28, 29], [28, 30], [29, 30], [29, 39], [30, 32], [30, 66], [31, 32], [31, 33], [32, 33], [32, 34], [32, 74], [33, 34], [33, 35], [33, 94], [34, 35], [34, 36], [35, 36], [35, 37], [36, 37], [36, 38], [37, 38], [37, 39], [38, 40], [38, 39], [39, 41], [39, 44], [40, 41], [40, 42], [41, 82], [41, 42], [41, 58], [41, 47], [42, 43], [42, 44], [43, 44], [43, 45], [43, 57], [44, 45], [44, 46], [45, 51], [45, 46], [45, 47], [46, 77], [47, 49], [48, 49], [48, 89], [49, 50], [49, 51], [50, 51], [50, 52], [50, 69], [50, 61], [51, 53], [52, 53], [52, 54], [53, 74], [53, 54], [53, 55], [54, 56], [54, 55], [55, 56], [55, 57], [56, 57], [56, 58], [56, 69], [57, 59], [59, 60], [59, 61], [60, 61], [60, 62], [61, 62], [62, 64], [62, 63], [63, 64], [63, 65], [63, 78], [64, 65], [64, 66], [65, 66], [65, 67], [66, 67], [66, 68], [66, 89], [67, 68], [67, 69], [68, 69], [68, 70], [70, 72], [70, 71], [71, 73], [71, 74], [72, 73], [72, 74], [73, 74], [73, 75], [75, 76], [75, 77], [76, 78], [77, 78], [77, 79], [78, 79], [79, 80], [79, 81], [80, 82], [81, 83], [82, 83], [82, 84], [83, 84], [83, 85], [84, 85], [84, 86], [85, 86], [85, 87], [86, 88], [86, 87], [87, 88], [87, 89], [88, 89], [88, 90], [89, 90], [90, 91], [90, 92], [91, 92], [91, 93], [92, 93], [92, 94], [93, 94], [93, 95], [94, 96], [95, 96], [95, 97], [96, 97]]}