{"label": 1, "edges": [[0, 1], [0, 3], [0, 12], [0, 27], [0, 28], [0, 29], [0, 15], [1, 3], [1, 4], [1, 22], [1, 8], [1, 12], [1, 28], [1, 29], [2, 18], [2, 3], [2, 4], [2, 15], [3, 4], [3, 5], [3, 6], [3, 23], [3, 10], [4, 5], [4, 6], [4, 7], [4, 29], [5, 6], [5, 20], [5, 28], [6, 19], [6, 25], [6, 8], [6, 21], [7, 17], [7, 18], [7, 9], [7, 27], [7, 12], [8, 20], [8, 10], [8, 29], [8, 14], [8, 21], [9, 10], [9, 11], [9, 12], [10, 17], [10, 25], [10, 11], [10, 13], [11, 16], [11, 12], [11, 26], [12, 16], [12, 19], [12, 15], [13, 16], [13, 23], [13, 14], [14, 16], [14, 24], [14, 21], [14, 15], [15, 17], [15, 24], [16, 17], [16, 18], [16, 19], [17, 20], [18, 26], [18, 27], [19, 22], [20, 22], [20, 23], [21, 22], [21, 26], [21, 27], [22, 23], [22, 24], [23, 24], [23, 26], [24, 26], [25, 27], [25, 28], [25, 26], [26, 28], [27, 28], [27, 29], [28, 29]], "features": {"27": ["cc_7", "deg_7"], "22": ["cc_4", "deg_6"], "15": ["cc_4", "deg_6"], "4": ["cc_9", "deg_7"], "0": ["cc_12", "deg_7"], "2": ["cc_5", "deg_4"], "6": ["cc_6", "deg_7"], "18": ["cc_3", "deg_5"], "5": ["cc_10", "deg_5"], "10": ["cc_1", "deg_7"], "14": ["cc_6", "deg_6"], "1": ["cc_9", "deg_8"], "29": ["cc_15", "deg_6"], "8": ["cc_4", "deg_7"], "20": ["cc_3", "deg_5"], "26": ["cc_3", "deg_7"], "3": ["cc_7", "deg_8"], "11": ["cc_10", "deg_5"], "28": ["cc_11", "deg_7"], "23": ["cc_6", "deg_6"], "19": ["cc_5", "deg_4"], "13": ["cc_5", "deg_4"], "16": ["cc_4", "deg_7"], "7": ["cc_4", "deg_6"], "17": ["cc_0", "deg_5"], "12": ["cc_7", "deg_8"], "25": ["cc_6", "deg_5"], "24": ["cc_10", "deg_5"], "9": ["cc_16", "deg_4"], "21": ["cc_4", "deg_6"]}}