{"label": 2, "edges": [[0, 15], [1, 9], [1, 13], [1, 25], [2, 3], [3, 10], [3, 29], [4, 9], [4, 27], [4, 15], [5, 21], [5, 6], [6, 10], [6, 11], [6, 20], [7, 13], [8, 15], [10, 29], [11, 24], [12, 15], [13, 28], [13, 14], [14, 20], [15, 23], [16, 17], [17, 26], [18, 19], [19, 20], [22, 25], [26, 27]], "features": {"27": ["cc_0", "deg_2"], "22": ["cc_0", "deg_1"], "15": ["cc_0", "deg_5"], "4": ["cc_0", "deg_3"], "0": ["cc_0", "deg_1"], "2": ["cc_0", "deg_1"], "6": ["cc_0", "deg_4"], "18": ["cc_0", "deg_1"], "5": ["cc_0", "deg_2"], "10": ["cc_11", "deg_3"], "14": ["cc_0", "deg_2"], "1": ["cc_0", "deg_3"], "29": ["cc_33", "deg_2"], "8": ["cc_0", "deg_1"], "20": ["cc_0", "deg_3"], "26": ["cc_0", "deg_2"], "3": ["cc_11", "deg_3"], "11": ["cc_0", "deg_2"], "28": ["cc_0", "deg_1"], "23": ["cc_0", "deg_1"], "19": ["cc_0", "deg_2"], "13": ["cc_0", "deg_4"], "16": ["cc_0", "deg_1"], "7": ["cc_0", "deg_1"], "17": ["cc_0", "deg_2"], "12": ["cc_0", "deg_1"], "25": ["cc_0", "deg_2"], "24": ["cc_0", "deg_1"], "9": ["cc_0", "deg_2"], "21": ["cc_0", "deg_1"]}}