{"label": 0, "edges": [[0, 1], [0, 2], [0, 3], [0, 18], [0, 29], [0, 31], [1, 17], [1, 3], [1, 4], [1, 30], [1, 31], [2, 3], [2, 4], [2, 5], [2, 31], [3, 5], [3, 6], [3, 9], [3, 26], [4, 22], [4, 7], [4, 30], [5, 7], [5, 28], [5, 12], [5, 13], [6, 17], [6, 7], [6, 8], [6, 30], [6, 31], [7, 18], [7, 8], [7, 9], [7, 10], [7, 20], [8, 9], [8, 10], [8, 29], [9, 21], [9, 10], [9, 13], [10, 27], [10, 12], [10, 13], [10, 30], [11, 12], [11, 13], [11, 14], [12, 16], [12, 13], [12, 14], [13, 21], [13, 15], [14, 16], [14, 17], [14, 22], [14, 15], [15, 16], [15, 17], [15, 18], [16, 17], [16, 18], [16, 19], [17, 19], [17, 20], [18, 19], [19, 20], [19, 21], [19, 22], [20, 21], [20, 22], [21, 22], [21, 23], [21, 24], [22, 23], [22, 24], [23, 24], [23, 25], [23, 26], [24, 25], [24, 26], [24, 27], [25, 26], [25, 27], [25, 28], [26, 27], [26, 28], [27, 29], [27, 30], [28, 29], [28, 30], [28, 31], [29, 30], [29, 31], [30, 31]], "features": {"27": ["cc_11", "deg_6"], "22": ["cc_9", "deg_7"], "15": ["cc_13", "deg_5"], "4": ["cc_3", "deg_5"], "30": ["cc_9", "deg_8"], "0": ["cc_11", "deg_6"], "2": ["cc_10", "deg_5"], "6": ["cc_4", "deg_6"], "18": ["cc_6", "deg_5"], "5": ["cc_4", "deg_6"], "10": ["cc_9", "deg_7"], "14": ["cc_11", "deg_6"], "1": ["cc_8", "deg_6"], "29": ["cc_11", "deg_6"], "8": ["cc_13", "deg_5"], "20": ["cc_13", "deg_5"], "26": ["cc_13", "deg_6"], "3": ["cc_4", "deg_7"], "11": ["cc_22", "deg_3"], "28": ["cc_8", "deg_6"], "23": ["cc_20", "deg_5"], "19": ["cc_13", "deg_6"], "13": ["cc_7", "deg_7"], "16": ["cc_15", "deg_6"], "7": ["cc_4", "deg_8"], "17": ["cc_7", "deg_7"], "12": ["cc_11", "deg_6"], "31": ["cc_12", "deg_7"], "25": ["cc_20", "deg_5"], "24": ["cc_17", "deg_6"], "9": ["cc_11", "deg_6"], "21": ["cc_11", "deg_7"]}}