{"label": 2, "edges": [[0, 53], [0, 55], [0, 39], [0, 18], [0, 45], [1, 2], [1, 36], [1, 44], [1, 30], [1, 31], [2, 3], [2, 6], [2, 39], [2, 44], [2, 29], [3, 38], [3, 9], [3, 43], [3, 13], [3, 41], [3, 23], [3, 57], [3, 27], [3, 28], [4, 33], [4, 36], [4, 27], [4, 12], [4, 18], [4, 31], [5, 36], [5, 7], [5, 9], [5, 10], [5, 43], [5, 13], [5, 14], [5, 54], [5, 41], [5, 56], [5, 25], [5, 39], [6, 21], [6, 7], [6, 9], [6, 57], [7, 19], [7, 23], [7, 56], [7, 9], [7, 27], [7, 15], [8, 16], [8, 18], [8, 52], [8, 55], [8, 12], [8, 28], [8, 30], [9, 16], [9, 41], [9, 12], [10, 40], [10, 38], [10, 23], [10, 47], [11, 50], [11, 54], [11, 28], [11, 12], [11, 29], [12, 17], [12, 38], [12, 13], [12, 45], [13, 24], [14, 16], [14, 52], [14, 48], [14, 57], [15, 45], [15, 29], [16, 30], [16, 41], [16, 57], [16, 45], [17, 18], [17, 20], [17, 53], [17, 26], [17, 37], [18, 21], [19, 20], [19, 22], [19, 28], [20, 51], [20, 39], [20, 55], [20, 47], [21, 49], [21, 54], [21, 50], [21, 29], [22, 41], [22, 23], [22, 28], [22, 57], [22, 44], [23, 24], [23, 25], [23, 47], [24, 35], [24, 26], [24, 47], [25, 49], [25, 50], [25, 51], [25, 36], [25, 56], [26, 49], [26, 43], [26, 36], [26, 27], [27, 29], [27, 30], [28, 40], [28, 50], [29, 33], [29, 53], [30, 33], [30, 38], [30, 47], [31, 33], [31, 52], [32, 35], [32, 52], [32, 39], [32, 47], [32, 45], [33, 35], [33, 37], [33, 47], [34, 51], [34, 57], [34, 53], [35, 51], [35, 52], [35, 37], [35, 56], [36, 39], [36, 56], [37, 48], [38, 45], [39, 40], [40, 42], [41, 46], [42, 52], [42, 44], [42, 45], [43, 48], [43, 46], [44, 55], [44, 56], [46, 50], [46, 54], [47, 48], [48, 49], [48, 54], [49, 51], [49, 54], [51, 53], [53, 55], [53, 56], [54, 56]], "features": {"27": ["cc_0", "deg_6"], "35": ["cc_3", "deg_7"], "43": ["cc_0", "deg_5"], "47": ["cc_3", "deg_8"], "32": ["cc_3", "deg_5"], "56": ["cc_5", "deg_8"], "9": ["cc_7", "deg_7"], "33": ["cc_4", "deg_7"], "48": ["cc_2", "deg_6"], "55": ["cc_3", "deg_5"], "0": ["cc_3", "deg_5"], "2": ["cc_2", "deg_6"], "18": ["cc_0", "deg_5"], "5": ["cc_4", "deg_12"], "14": ["cc_3", "deg_5"], "38": ["cc_3", "deg_5"], "44": ["cc_2", "deg_6"], "39": ["cc_1", "deg_7"], "3": ["cc_0", "deg_10"], "28": ["cc_3", "deg_7"], "51": ["cc_4", "deg_6"], "23": ["cc_3", "deg_7"], "19": ["cc_5", "deg_4"], "34": ["cc_11", "deg_3"], "11": ["cc_3", "deg_5"], "17": ["cc_0", "deg_6"], "12": ["cc_1", "deg_8"], "25": ["cc_6", "deg_7"], "24": ["cc_3", "deg_5"], "22": ["cc_2", "deg_6"], "15": ["cc_0", "deg_3"], "4": ["cc_2", "deg_6"], "37": ["cc_5", "deg_4"], "45": ["cc_1", "deg_7"], "42": ["cc_0", "deg_4"], "30": ["cc_3", "deg_7"], "31": ["cc_5", "deg_4"], "36": ["cc_6", "deg_7"], "57": ["cc_2", "deg_6"], "53": ["cc_3", "deg_7"], "10": ["cc_3", "deg_5"], "49": ["cc_6", "deg_6"], "1": ["cc_3", "deg_5"], "46": ["cc_0", "deg_4"], "26": ["cc_0", "deg_6"], "40": ["cc_0", "deg_4"], "41": ["cc_6", "deg_6"], "20": ["cc_0", "deg_6"], "29": ["cc_0", "deg_7"], "52": ["cc_2", "deg_6"], "13": ["cc_0", "deg_4"], "6": ["cc_3", "deg_5"], "7": ["cc_3", "deg_8"], "50": ["cc_3", "deg_5"], "8": ["cc_1", "deg_7"], "16": ["cc_4", "deg_7"], "54": ["cc_4", "deg_7"], "21": ["cc_2", "deg_6"]}}