{"label": 2, "edges": [[0, 17], [0, 3], [0, 4], [0, 70], [0, 71], [0, 44], [1, 65], [1, 3], [1, 17], [2, 3], [2, 20], [2, 25], [2, 14], [3, 41], [3, 18], [3, 37], [4, 37], [4, 65], [4, 10], [4, 43], [4, 56], [4, 25], [4, 63], [5, 33], [5, 35], [5, 20], [5, 58], [5, 15], [6, 35], [6, 37], [6, 54], [6, 38], [6, 15], [7, 56], [7, 66], [7, 25], [7, 8], [7, 9], [7, 47], [8, 66], [8, 9], [8, 71], [8, 60], [8, 10], [8, 47], [9, 60], [9, 10], [9, 12], [9, 14], [10, 51], [10, 36], [11, 48], [11, 17], [11, 19], [11, 63], [11, 31], [12, 19], [12, 52], [12, 37], [12, 39], [12, 63], [12, 55], [13, 32], [13, 52], [13, 57], [13, 15], [14, 16], [14, 51], [14, 71], [14, 25], [14, 59], [15, 16], [15, 17], [15, 68], [15, 31], [16, 40], [16, 52], [16, 38], [16, 24], [16, 60], [17, 32], [17, 68], [17, 49], [17, 18], [17, 19], [17, 20], [17, 56], [18, 48], [18, 32], [18, 49], [18, 58], [18, 44], [19, 21], [19, 22], [19, 53], [20, 32], [20, 51], [20, 40], [20, 46], [21, 56], [21, 25], [21, 55], [21, 46], [22, 49], [22, 67], [22, 38], [22, 23], [23, 32], [23, 58], [23, 51], [23, 26], [23, 42], [24, 40], [24, 36], [24, 54], [24, 31], [24, 53], [25, 63], [26, 27], [26, 28], [26, 29], [26, 47], [27, 49], [27, 41], [27, 28], [27, 29], [28, 53], [28, 44], [28, 30], [29, 59], [29, 38], [29, 55], [29, 45], [30, 33], [30, 50], [30, 59], [30, 68], [30, 69], [30, 51], [31, 32], [31, 38], [32, 61], [32, 59], [33, 35], [33, 70], [33, 41], [33, 57], [34, 64], [34, 36], [34, 37], [34, 54], [34, 62], [35, 38], [35, 56], [36, 51], [36, 39], [37, 54], [37, 39], [37, 40], [37, 41], [39, 67], [39, 40], [39, 60], [39, 46], [40, 44], [40, 63], [41, 50], [41, 44], [41, 53], [42, 69], [42, 70], [42, 57], [42, 43], [42, 60], [43, 44], [43, 45], [43, 46], [44, 57], [44, 62], [45, 48], [45, 56], [45, 47], [46, 59], [46, 70], [46, 53], [47, 64], [48, 49], [48, 50], [49, 63], [50, 64], [50, 58], [51, 69], [52, 71], [52, 62], [53, 66], [53, 55], [54, 69], [55, 65], [55, 71], [57, 58], [58, 59], [58, 60], [58, 62], [59, 68], [59, 62], [61, 64], [61, 62], [61, 63], [64, 66], [64, 71], [65, 68], [66, 69], [67, 69], [68, 71], [69, 71], [70, 71]], "features": {"27": ["cc_6", "deg_5"], "35": ["cc_6", "deg_5"], "43": ["cc_0", "deg_5"], "47": ["cc_3", "deg_5"], "32": ["cc_2", "deg_8"], "56": ["cc_0", "deg_6"], "9": ["cc_6", "deg_6"], "33": ["cc_2", "deg_6"], "48": ["cc_3", "deg_5"], "55": ["cc_0", "deg_6"], "0": ["cc_2", "deg_6"], "2": ["cc_5", "deg_4"], "18": ["cc_4", "deg_7"], "5": ["cc_3", "deg_5"], "14": ["cc_1", "deg_7"], "38": ["cc_2", "deg_6"], "44": ["cc_0", "deg_8"], "39": ["cc_3", "deg_7"], "3": ["cc_2", "deg_6"], "68": ["cc_4", "deg_6"], "28": ["cc_3", "deg_5"], "51": ["cc_3", "deg_7"], "23": ["cc_0", "deg_6"], "19": ["cc_2", "deg_6"], "61": ["cc_0", "deg_4"], "34": ["cc_3", "deg_5"], "11": ["cc_3", "deg_5"], "17": ["cc_3", "deg_11"], "12": ["cc_1", "deg_7"], "25": ["cc_4", "deg_6"], "24": ["cc_2", "deg_6"], "62": ["cc_2", "deg_6"], "59": ["cc_2", "deg_8"], "69": ["cc_1", "deg_7"], "22": ["cc_0", "deg_5"], "60": ["cc_2", "deg_6"], "70": ["cc_3", "deg_5"], "65": ["cc_0", "deg_4"], "71": ["cc_0", "deg_9"], "15": ["cc_1", "deg_7"], "4": ["cc_1", "deg_8"], "37": ["cc_4", "deg_9"], "45": ["cc_0", "deg_5"], "42": ["cc_0", "deg_6"], "30": ["cc_3", "deg_7"], "31": ["cc_0", "deg_5"], "66": ["cc_3", "deg_5"], "36": ["cc_3", "deg_5"], "67": ["cc_0", "deg_3"], "57": ["cc_0", "deg_5"], "53": ["cc_0", "deg_7"], "10": ["cc_6", "deg_5"], "49": ["cc_4", "deg_6"], "1": ["cc_0", "deg_3"], "46": ["cc_0", "deg_7"], "26": ["cc_6", "deg_5"], "40": ["cc_3", "deg_7"], "41": ["cc_1", "deg_7"], "20": ["cc_1", "deg_7"], "29": ["cc_2", "deg_6"], "52": ["cc_0", "deg_5"], "58": ["cc_1", "deg_8"], "63": ["cc_1", "deg_7"], "64": ["cc_0", "deg_6"], "13": ["cc_0", "deg_4"], "6": ["cc_6", "deg_5"], "7": ["cc_6", "deg_6"], "50": ["cc_0", "deg_5"], "8": ["cc_7", "deg_7"], "16": ["cc_1", "deg_7"], "54": ["cc_6", "deg_5"], "21": ["cc_0", "deg_5"]}}