{"label": 1, "edges": [[0, 56], [0, 33], [0, 38], [1, 31], [1, 57], [1, 2], [1, 3], [1, 15], [2, 34], [2, 8], [2, 25], [3, 56], [3, 4], [3, 5], [4, 33], [4, 42], [4, 37], [5, 21], [5, 6], [5, 38], [5, 37], [6, 19], [6, 54], [6, 41], [7, 49], [7, 11], [7, 12], [7, 13], [8, 10], [9, 10], [9, 37], [10, 12], [10, 46], [11, 50], [11, 35], [11, 52], [11, 12], [12, 32], [13, 51], [13, 14], [14, 16], [14, 48], [14, 17], [15, 17], [16, 17], [16, 30], [16, 37], [17, 44], [18, 33], [18, 27], [18, 29], [19, 50], [19, 21], [20, 21], [20, 22], [21, 23], [21, 36], [21, 27], [22, 57], [22, 36], [22, 23], [23, 24], [23, 29], [24, 26], [24, 47], [25, 55], [25, 26], [25, 27], [26, 41], [26, 39], [26, 27], [27, 53], [28, 29], [28, 30], [29, 30], [29, 31], [30, 31], [31, 54], [32, 52], [32, 38], [32, 36], [33, 34], [34, 35], [34, 54], [34, 46], [34, 47], [35, 37], [36, 42], [37, 38], [37, 39], [38, 47], [39, 43], [39, 53], [40, 41], [40, 42], [40, 51], [41, 42], [41, 43], [42, 43], [42, 52], [43, 44], [43, 45], [44, 45], [44, 46], [45, 46], [45, 47], [46, 47], [47, 52], [48, 49], [48, 50], [49, 50], [49, 54], [50, 52], [50, 55], [53, 55], [54, 56]], "features": {"27": ["cc_3", "deg_5"], "35": ["cc_0", "deg_3"], "43": ["cc_6", "deg_5"], "47": ["cc_4", "deg_6"], "32": ["cc_0", "deg_4"], "56": ["cc_0", "deg_3"], "9": ["cc_0", "deg_2"], "33": ["cc_0", "deg_4"], "48": ["cc_11", "deg_3"], "55": ["cc_0", "deg_3"], "0": ["cc_0", "deg_3"], "2": ["cc_0", "deg_4"], "18": ["cc_0", "deg_3"], "5": ["cc_3", "deg_5"], "14": ["cc_5", "deg_4"], "38": ["cc_3", "deg_5"], "44": ["cc_11", "deg_4"], "39": ["cc_0", "deg_4"], "3": ["cc_0", "deg_4"], "28": ["cc_33", "deg_2"], "51": ["cc_0", "deg_2"], "23": ["cc_0", "deg_4"], "19": ["cc_0", "deg_3"], "34": ["cc_2", "deg_6"], "11": ["cc_6", "deg_5"], "17": ["cc_5", "deg_4"], "12": ["cc_5", "deg_4"], "25": ["cc_5", "deg_4"], "24": ["cc_0", "deg_3"], "22": ["cc_0", "deg_4"], "15": ["cc_0", "deg_2"], "4": ["cc_0", "deg_4"], "37": ["cc_1", "deg_7"], "45": ["cc_16", "deg_4"], "42": ["cc_4", "deg_6"], "30": ["cc_11", "deg_4"], "31": ["cc_5", "deg_4"], "36": ["cc_0", "deg_4"], "57": ["cc_0", "deg_2"], "53": ["cc_0", "deg_3"], "10": ["cc_0", "deg_4"], "49": ["cc_5", "deg_4"], "1": ["cc_0", "deg_5"], "46": ["cc_10", "deg_5"], "26": ["cc_3", "deg_5"], "40": ["cc_11", "deg_3"], "41": ["cc_6", "deg_5"], "20": ["cc_0", "deg_2"], "29": ["cc_6", "deg_5"], "52": ["cc_3", "deg_5"], "13": ["cc_0", "deg_3"], "6": ["cc_0", "deg_4"], "7": ["cc_5", "deg_4"], "50": ["cc_4", "deg_6"], "8": ["cc_0", "deg_2"], "16": ["cc_5", "deg_4"], "54": ["cc_0", "deg_5"], "21": ["cc_0", "deg_6"]}}