{"label": 1, "features": {"1": ["cc_4", "deg_7"], "16": ["cc_11", "deg_3"], "4": ["cc_0", "deg_3"], "21": ["cc_11", "deg_3"], "32": ["cc_0", "deg_3"], "7": ["cc_0", "deg_4"], "25": ["cc_11", "deg_3"], "0": ["cc_6", "deg_5"], "12": ["cc_0", "deg_3"], "29": ["cc_0", "deg_2"], "28": ["cc_6", "deg_5"], "13": ["cc_0", "deg_4"], "6": ["cc_0", "deg_3"], "30": ["cc_11", "deg_3"], "5": ["cc_5", "deg_4"], "3": ["cc_11", "deg_3"], "24": ["cc_0", "deg_6"], "33": ["cc_11", "deg_3"], "23": ["cc_6", "deg_6"], "27": ["cc_3", "deg_5"], "19": ["cc_0", "deg_2"], "10": ["cc_0", "deg_3"], "17": ["cc_2", "deg_6"], "11": ["cc_0", "deg_3"], "22": ["cc_5", "deg_4"], "18": ["cc_3", "deg_5"], "31": ["cc_3", "deg_5"], "2": ["cc_3", "deg_5"], "26": ["cc_6", "deg_5"], "20": ["cc_5", "deg_4"], "14": ["cc_0", "deg_3"], "9": ["cc_3", "deg_5"], "8": ["cc_0", "deg_4"], "15": ["cc_0", "deg_4"]}, "edges": [[0, 1], [0, 2], [0, 33], [0, 7], [0, 10], [1, 33], [1, 2], [1, 4], [1, 16], [1, 17], [1, 31], [2, 3], [2, 23], [2, 13], [3, 27], [3, 28], [4, 5], [4, 24], [5, 17], [5, 18], [5, 23], [6, 8], [6, 29], [6, 7], [7, 9], [7, 27], [8, 9], [8, 10], [8, 27], [9, 17], [9, 26], [9, 23], [10, 11], [11, 12], [11, 13], [12, 20], [12, 24], [13, 14], [13, 15], [14, 24], [14, 31], [15, 17], [15, 18], [15, 21], [16, 17], [16, 18], [17, 19], [18, 22], [18, 23], [19, 20], [20, 21], [20, 22], [21, 22], [22, 24], [23, 25], [23, 26], [24, 30], [24, 26], [25, 32], [25, 26], [26, 27], [27, 28], [28, 32], [28, 30], [28, 31], [29, 31], [30, 31], [32, 33]]}