{"label": 0, "edges": [[0, 1], [0, 2], [0, 27], [1, 2], [1, 3], [1, 28], [2, 3], [2, 4], [3, 4], [3, 5], [4, 5], [4, 6], [5, 6], [5, 7], [6, 8], [6, 7], [7, 8], [7, 9], [7, 28], [8, 9], [8, 10], [9, 10], [9, 11], [10, 11], [10, 12], [11, 12], [11, 13], [12, 13], [12, 14], [13, 14], [13, 15], [14, 16], [14, 15], [15, 16], [15, 17], [16, 24], [16, 17], [16, 18], [17, 18], [17, 19], [18, 19], [18, 20], [19, 20], [19, 21], [20, 21], [20, 22], [21, 24], [21, 22], [21, 23], [22, 24], [22, 23], [23, 24], [23, 25], [25, 26], [25, 27], [26, 27], [26, 28], [27, 28]], "features": {"27": ["cc_11", "deg_4"], "22": ["cc_22", "deg_4"], "15": ["cc_16", "deg_4"], "4": ["cc_16", "deg_4"], "0": ["cc_11", "deg_3"], "2": ["cc_16", "deg_4"], "6": ["cc_16", "deg_4"], "18": ["cc_16", "deg_4"], "5": ["cc_16", "deg_4"], "10": ["cc_16", "deg_4"], "14": ["cc_16", "deg_4"], "1": ["cc_11", "deg_4"], "8": ["cc_16", "deg_4"], "20": ["cc_16", "deg_4"], "26": ["cc_22", "deg_3"], "3": ["cc_16", "deg_4"], "11": ["cc_16", "deg_4"], "28": ["cc_5", "deg_4"], "23": ["cc_16", "deg_4"], "19": ["cc_16", "deg_4"], "13": ["cc_16", "deg_4"], "16": ["cc_10", "deg_5"], "7": ["cc_10", "deg_5"], "17": ["cc_16", "deg_4"], "12": ["cc_16", "deg_4"], "25": ["cc_11", "deg_3"], "24": ["cc_16", "deg_4"], "9": ["cc_16", "deg_4"], "21": ["cc_16", "deg_5"]}}