{"label": 2, "edges": [[0, 2], [0, 3], [0, 75], [0, 13], [1, 65], [1, 2], [1, 4], [1, 24], [1, 40], [1, 34], [1, 63], [2, 35], [2, 4], [2, 55], [2, 89], [3, 33], [3, 59], [3, 68], [3, 88], [3, 54], [3, 61], [3, 15], [4, 53], [4, 88], [4, 29], [5, 56], [5, 54], [5, 7], [5, 8], [5, 79], [6, 81], [6, 73], [6, 12], [7, 48], [7, 86], [7, 57], [7, 42], [7, 62], [8, 75], [8, 27], [8, 77], [9, 64], [9, 54], [9, 60], [9, 12], [9, 15], [10, 34], [10, 28], [10, 23], [10, 13], [11, 65], [11, 55], [11, 58], [11, 87], [11, 13], [12, 53], [12, 22], [12, 28], [12, 44], [12, 15], [13, 19], [13, 65], [13, 87], [13, 24], [14, 70], [14, 55], [14, 88], [15, 76], [15, 18], [15, 73], [15, 29], [16, 33], [16, 66], [16, 38], [16, 40], [16, 43], [17, 36], [17, 45], [17, 49], [17, 85], [17, 54], [17, 26], [17, 59], [18, 32], [18, 19], [18, 20], [18, 21], [19, 33], [19, 52], [19, 55], [19, 72], [19, 76], [20, 52], [20, 21], [20, 22], [21, 79], [21, 48], [21, 53], [21, 23], [21, 27], [21, 92], [21, 30], [22, 68], [22, 48], [22, 27], [22, 28], [23, 66], [23, 73], [23, 25], [23, 69], [24, 75], [24, 25], [24, 44], [24, 46], [25, 56], [25, 67], [25, 75], [25, 26], [25, 61], [26, 80], [26, 85], [26, 72], [26, 58], [26, 77], [27, 51], [27, 69], [27, 78], [28, 49], [28, 46], [28, 31], [29, 32], [29, 30], [30, 91], [30, 69], [30, 79], [31, 32], [31, 86], [31, 39], [31, 40], [32, 33], [32, 50], [32, 70], [33, 82], [33, 38], [33, 72], [34, 58], [34, 83], [34, 61], [35, 80], [35, 69], [35, 77], [36, 69], [36, 46], [37, 51], [37, 53], [37, 41], [37, 57], [37, 92], [37, 45], [37, 46], [38, 73], [38, 39], [38, 41], [38, 61], [39, 48], [39, 89], [39, 40], [39, 41], [39, 77], [40, 54], [40, 43], [41, 75], [41, 82], [41, 50], [41, 53], [41, 55], [41, 57], [41, 90], [42, 80], [42, 50], [42, 86], [42, 44], [42, 62], [43, 80], [43, 50], [43, 70], [43, 71], [43, 90], [44, 55], [44, 47], [45, 77], [45, 50], [45, 51], [45, 59], [45, 92], [46, 78], [46, 53], [46, 89], [47, 49], [47, 87], [47, 57], [48, 51], [49, 64], [49, 50], [49, 74], [49, 58], [50, 53], [50, 59], [50, 61], [51, 71], [51, 76], [51, 78], [51, 58], [52, 53], [52, 55], [52, 91], [53, 84], [53, 81], [53, 68], [54, 67], [54, 81], [54, 61], [55, 75], [55, 56], [55, 90], [56, 82], [56, 63], [56, 88], [56, 74], [56, 59], [56, 85], [57, 72], [57, 58], [57, 60], [57, 77], [58, 64], [58, 66], [58, 79], [60, 65], [60, 71], [60, 62], [61, 64], [61, 63], [62, 67], [62, 84], [63, 74], [64, 81], [64, 75], [64, 83], [65, 84], [65, 77], [66, 68], [67, 69], [67, 70], [68, 70], [70, 71], [71, 72], [72, 86], [72, 92], [73, 89], [73, 75], [73, 76], [74, 82], [74, 86], [75, 91], [76, 77], [76, 78], [77, 81], [77, 83], [78, 80], [78, 91], [79, 81], [80, 81], [82, 83], [82, 88], [84, 85], [85, 86], [85, 87], [87, 88]], "features": {"27": ["cc_2", "deg_6"], "35": ["cc_0", "deg_4"], "43": ["cc_3", "deg_7"], "47": ["cc_0", "deg_4"], "56": ["cc_2", "deg_9"], "23": ["cc_0", "deg_6"], "9": ["cc_3", "deg_5"], "0": ["cc_0", "deg_4"], "6": ["cc_0", "deg_3"], "18": ["cc_3", "deg_5"], "14": ["cc_0", "deg_3"], "38": ["cc_4", "deg_6"], "82": ["cc_4", "deg_6"], "68": ["cc_0", "deg_5"], "51": ["cc_3", "deg_8"], "77": ["cc_0", "deg_10"], "19": ["cc_3", "deg_7"], "34": ["cc_0", "deg_5"], "75": ["cc_1", "deg_9"], "11": ["cc_6", "deg_5"], "88": ["cc_2", "deg_6"], "17": ["cc_3", "deg_7"], "25": ["cc_1", "deg_7"], "24": ["cc_2", "deg_6"], "70": ["cc_2", "deg_6"], "15": ["cc_3", "deg_7"], "62": ["cc_3", "deg_5"], "40": ["cc_4", "deg_6"], "30": ["cc_3", "deg_5"], "31": ["cc_3", "deg_5"], "66": ["cc_0", "deg_4"], "36": ["cc_0", "deg_3"], "57": ["cc_1", "deg_8"], "10": ["cc_0", "deg_4"], "49": ["cc_1", "deg_7"], "1": ["cc_1", "deg_7"], "46": ["cc_1", "deg_7"], "60": ["cc_0", "deg_5"], "41": ["cc_4", "deg_10"], "29": ["cc_0", "deg_4"], "74": ["cc_6", "deg_5"], "13": ["cc_3", "deg_7"], "2": ["cc_2", "deg_6"], "7": ["cc_4", "deg_6"], "84": ["cc_0", "deg_4"], "79": ["cc_3", "deg_5"], "90": ["cc_11", "deg_3"], "32": ["cc_0", "deg_6"], "33": ["cc_3", "deg_7"], "55": ["cc_2", "deg_10"], "48": ["cc_0", "deg_5"], "85": ["cc_2", "deg_6"], "5": ["cc_0", "deg_5"], "80": ["cc_0", "deg_6"], "81": ["cc_0", "deg_7"], "86": ["cc_2", "deg_6"], "87": ["cc_3", "deg_5"], "44": ["cc_0", "deg_5"], "39": ["cc_3", "deg_7"], "3": ["cc_1", "deg_8"], "92": ["cc_5", "deg_4"], "28": ["cc_2", "deg_6"], "83": ["cc_0", "deg_4"], "76": ["cc_4", "deg_6"], "72": ["cc_1", "deg_7"], "89": ["cc_0", "deg_4"], "12": ["cc_3", "deg_7"], "59": ["cc_6", "deg_5"], "69": ["cc_0", "deg_6"], "22": ["cc_2", "deg_6"], "50": ["cc_1", "deg_9"], "71": ["cc_3", "deg_5"], "4": ["cc_3", "deg_5"], "78": ["cc_4", "deg_6"], "91": ["cc_0", "deg_4"], "45": ["cc_6", "deg_7"], "42": ["cc_4", "deg_6"], "21": ["cc_1", "deg_9"], "8": ["cc_0", "deg_4"], "53": ["cc_1", "deg_11"], "67": ["cc_0", "deg_5"], "37": ["cc_7", "deg_7"], "20": ["cc_5", "deg_4"], "26": ["cc_1", "deg_7"], "52": ["cc_3", "deg_5"], "58": ["cc_0", "deg_9"], "63": ["cc_5", "deg_4"], "64": ["cc_1", "deg_7"], "54": ["cc_1", "deg_8"], "65": ["cc_2", "deg_6"], "61": ["cc_1", "deg_8"], "16": ["cc_6", "deg_5"], "73": ["cc_1", "deg_7"]}}