{"label": 2, "edges": [[0, 16], [0, 64], [0, 35], [1, 32], [1, 14], [2, 20], [2, 7], [2, 40], [2, 10], [3, 48], [3, 4], [3, 69], [3, 33], [3, 36], [3, 46], [4, 17], [4, 53], [4, 30], [4, 31], [5, 32], [5, 51], [5, 38], [5, 39], [5, 58], [5, 12], [6, 38], [6, 24], [6, 41], [6, 44], [7, 52], [7, 56], [8, 51], [8, 41], [8, 9], [8, 28], [8, 61], [9, 16], [9, 17], [9, 27], [10, 32], [10, 62], [11, 33], [11, 51], [11, 37], [12, 16], [12, 42], [13, 65], [13, 34], [13, 49], [13, 44], [13, 18], [14, 64], [14, 37], [14, 39], [14, 40], [15, 20], [15, 38], [15, 65], [16, 52], [17, 35], [17, 66], [17, 54], [17, 49], [17, 45], [17, 52], [18, 56], [18, 20], [19, 66], [19, 20], [19, 39], [20, 40], [20, 25], [20, 44], [21, 39], [21, 36], [22, 43], [22, 53], [23, 48], [23, 35], [24, 45], [24, 67], [24, 26], [24, 29], [24, 61], [25, 65], [25, 50], [25, 51], [25, 60], [26, 33], [26, 60], [26, 28], [27, 53], [27, 63], [28, 33], [28, 59], [29, 54], [29, 63], [30, 42], [31, 57], [31, 41], [31, 42], [34, 64], [34, 59], [34, 53], [34, 43], [35, 66], [35, 41], [36, 56], [36, 38], [37, 50], [37, 46], [38, 65], [39, 51], [40, 51], [42, 55], [42, 47], [43, 59], [43, 61], [44, 55], [44, 47], [45, 68], [45, 65], [46, 64], [46, 69], [46, 62], [47, 52], [48, 56], [49, 63], [50, 64], [51, 68], [51, 60], [52, 62], [54, 55], [56, 58], [57, 58], [57, 59], [58, 68], [61, 67], [63, 65], [66, 67]], "features": {"27": ["cc_0", "deg_3"], "35": ["cc_3", "deg_5"], "43": ["cc_5", "deg_4"], "47": ["cc_0", "deg_3"], "32": ["cc_0", "deg_3"], "56": ["cc_0", "deg_5"], "9": ["cc_0", "deg_4"], "33": ["cc_5", "deg_4"], "48": ["cc_0", "deg_3"], "55": ["cc_0", "deg_3"], "0": ["cc_0", "deg_3"], "2": ["cc_5", "deg_4"], "18": ["cc_0", "deg_3"], "5": ["cc_2", "deg_6"], "14": ["cc_0", "deg_5"], "38": ["cc_3", "deg_5"], "44": ["cc_0", "deg_5"], "39": ["cc_3", "deg_5"], "3": ["cc_2", "deg_6"], "68": ["cc_0", "deg_3"], "28": ["cc_5", "deg_4"], "51": ["cc_2", "deg_8"], "23": ["cc_0", "deg_2"], "19": ["cc_0", "deg_3"], "61": ["cc_5", "deg_4"], "34": ["cc_3", "deg_5"], "11": ["cc_0", "deg_3"], "17": ["cc_1", "deg_8"], "12": ["cc_0", "deg_3"], "25": ["cc_3", "deg_5"], "24": ["cc_2", "deg_6"], "62": ["cc_0", "deg_3"], "59": ["cc_5", "deg_4"], "69": ["cc_33", "deg_2"], "22": ["cc_0", "deg_2"], "60": ["cc_11", "deg_3"], "65": ["cc_2", "deg_6"], "15": ["cc_11", "deg_3"], "4": ["cc_0", "deg_5"], "37": ["cc_0", "deg_4"], "45": ["cc_0", "deg_4"], "42": ["cc_0", "deg_5"], "30": ["cc_0", "deg_2"], "31": ["cc_0", "deg_4"], "66": ["cc_5", "deg_4"], "36": ["cc_0", "deg_4"], "67": ["cc_11", "deg_3"], "57": ["cc_0", "deg_3"], "53": ["cc_0", "deg_4"], "10": ["cc_0", "deg_3"], "49": ["cc_0", "deg_3"], "1": ["cc_0", "deg_2"], "46": ["cc_3", "deg_5"], "26": ["cc_5", "deg_4"], "40": ["cc_5", "deg_4"], "41": ["cc_0", "deg_4"], "20": ["cc_1", "deg_7"], "29": ["cc_0", "deg_3"], "52": ["cc_0", "deg_5"], "58": ["cc_0", "deg_4"], "63": ["cc_0", "deg_4"], "64": ["cc_0", "deg_5"], "13": ["cc_0", "deg_5"], "6": ["cc_0", "deg_4"], "7": ["cc_0", "deg_3"], "50": ["cc_0", "deg_3"], "8": ["cc_0", "deg_5"], "16": ["cc_0", "deg_4"], "54": ["cc_0", "deg_3"], "21": ["cc_0", "deg_2"]}}