{"label": 1, "edges": [[0, 97], [0, 4], [0, 38], [0, 46], [1, 97], [1, 2], [1, 3], [1, 58], [2, 3], [2, 52], [2, 77], [3, 4], [3, 89], [3, 60], [4, 54], [4, 77], [5, 57], [5, 6], [5, 63], [6, 8], [6, 70], [7, 74], [7, 69], [7, 15], [8, 88], [8, 9], [8, 10], [8, 29], [9, 10], [9, 11], [9, 53], [9, 71], [10, 75], [10, 12], [10, 40], [11, 13], [11, 93], [12, 75], [12, 13], [12, 14], [13, 50], [13, 52], [13, 46], [13, 92], [13, 14], [14, 16], [14, 84], [14, 24], [15, 41], [15, 42], [16, 89], [16, 18], [16, 31], [17, 74], [17, 59], [18, 19], [18, 75], [18, 31], [19, 20], [19, 21], [20, 68], [20, 22], [21, 70], [21, 71], [22, 92], [22, 64], [22, 53], [22, 63], [23, 51], [23, 25], [23, 29], [24, 58], [24, 37], [25, 92], [25, 77], [26, 49], [26, 34], [27, 44], [27, 42], [27, 28], [27, 69], [28, 69], [28, 30], [29, 31], [30, 41], [30, 36], [30, 31], [31, 53], [31, 79], [32, 34], [32, 61], [33, 34], [33, 35], [33, 50], [34, 86], [34, 48], [34, 95], [35, 88], [35, 59], [35, 95], [36, 37], [36, 61], [37, 90], [38, 40], [38, 43], [39, 40], [39, 41], [40, 41], [40, 42], [41, 88], [43, 67], [43, 44], [44, 84], [44, 45], [44, 46], [45, 46], [45, 47], [46, 67], [47, 49], [47, 65], [47, 87], [48, 81], [48, 70], [49, 72], [49, 73], [49, 51], [50, 91], [51, 64], [51, 83], [51, 90], [52, 53], [53, 68], [54, 67], [54, 56], [55, 56], [55, 90], [55, 69], [56, 81], [56, 58], [57, 58], [57, 59], [58, 89], [58, 59], [59, 61], [60, 70], [60, 62], [61, 76], [62, 64], [62, 63], [63, 97], [63, 70], [64, 86], [65, 90], [65, 74], [66, 67], [66, 86], [66, 87], [67, 68], [68, 69], [68, 83], [71, 72], [71, 85], [72, 81], [72, 73], [73, 75], [74, 78], [74, 75], [74, 94], [76, 77], [76, 78], [77, 88], [78, 81], [78, 82], [79, 80], [79, 96], [79, 90], [80, 81], [80, 82], [81, 94], [82, 91], [82, 84], [84, 86], [85, 86], [87, 96], [87, 88], [87, 92], [88, 89], [91, 92], [91, 93], [92, 95], [93, 94], [93, 95], [94, 96], [94, 95], [95, 97], [96, 97]], "features": {"27": ["cc_5", "deg_4"], "35": ["cc_0", "deg_4"], "43": ["cc_0", "deg_3"], "47": ["cc_0", "deg_4"], "56": ["cc_0", "deg_4"], "23": ["cc_0", "deg_3"], "9": ["cc_3", "deg_5"], "94": ["cc_3", "deg_5"], "0": ["cc_0", "deg_4"], "6": ["cc_0", "deg_3"], "18": ["cc_5", "deg_4"], "14": ["cc_3", "deg_5"], "38": ["cc_0", "deg_3"], "82": ["cc_0", "deg_4"], "68": ["cc_0", "deg_5"], "51": ["cc_0", "deg_5"], "77": ["cc_0", "deg_5"], "19": ["cc_0", "deg_3"], "34": ["cc_0", "deg_6"], "75": ["cc_3", "deg_5"], "11": ["cc_0", "deg_3"], "88": ["cc_0", "deg_6"], "17": ["cc_0", "deg_2"], "25": ["cc_0", "deg_3"], "24": ["cc_0", "deg_3"], "70": ["cc_0", "deg_5"], "15": ["cc_0", "deg_3"], "62": ["cc_0", "deg_3"], "40": ["cc_3", "deg_5"], "30": ["cc_0", "deg_4"], "31": ["cc_2", "deg_6"], "66": ["cc_0", "deg_3"], "36": ["cc_0", "deg_3"], "57": ["cc_11", "deg_3"], "10": ["cc_6", "deg_5"], "49": ["cc_3", "deg_5"], "1": ["cc_5", "deg_4"], "46": ["cc_3", "deg_5"], "60": ["cc_0", "deg_3"], "41": ["cc_3", "deg_5"], "29": ["cc_0", "deg_3"], "97": ["cc_0", "deg_5"], "74": ["cc_0", "deg_6"], "13": ["cc_1", "deg_7"], "2": ["cc_5", "deg_4"], "7": ["cc_0", "deg_3"], "84": ["cc_0", "deg_4"], "79": ["cc_0", "deg_4"], "90": ["cc_0", "deg_5"], "32": ["cc_0", "deg_2"], "33": ["cc_0", "deg_3"], "55": ["cc_0", "deg_3"], "48": ["cc_0", "deg_3"], "85": ["cc_0", "deg_2"], "5": ["cc_0", "deg_3"], "80": ["cc_0", "deg_3"], "81": ["cc_0", "deg_6"], "86": ["cc_0", "deg_5"], "87": ["cc_0", "deg_5"], "44": ["cc_3", "deg_5"], "39": ["cc_33", "deg_2"], "3": ["cc_3", "deg_5"], "92": ["cc_0", "deg_6"], "28": ["cc_11", "deg_3"], "83": ["cc_0", "deg_2"], "76": ["cc_0", "deg_3"], "72": ["cc_5", "deg_4"], "96": ["cc_0", "deg_4"], "89": ["cc_0", "deg_4"], "12": ["cc_11", "deg_4"], "59": ["cc_3", "deg_5"], "69": ["cc_3", "deg_5"], "22": ["cc_0", "deg_5"], "50": ["cc_0", "deg_3"], "71": ["cc_0", "deg_4"], "4": ["cc_0", "deg_4"], "78": ["cc_0", "deg_4"], "91": ["cc_0", "deg_4"], "45": ["cc_11", "deg_3"], "42": ["cc_0", "deg_3"], "21": ["cc_0", "deg_3"], "8": ["cc_3", "deg_5"], "53": ["cc_0", "deg_5"], "67": ["cc_0", "deg_5"], "37": ["cc_0", "deg_3"], "95": ["cc_2", "deg_6"], "20": ["cc_0", "deg_3"], "26": ["cc_0", "deg_2"], "93": ["cc_5", "deg_4"], "52": ["cc_0", "deg_3"], "58": ["cc_2", "deg_6"], "63": ["cc_0", "deg_5"], "64": ["cc_0", "deg_4"], "54": ["cc_0", "deg_3"], "65": ["cc_0", "deg_3"], "61": ["cc_0", "deg_4"], "16": ["cc_5", "deg_4"], "73": ["cc_11", "deg_3"]}}