{"label": 2, "edges": [[0, 11], [0, 13], [1, 20], [1, 22], [1, 11], [2, 27], [2, 3], [2, 4], [2, 6], [2, 9], [2, 11], [3, 5], [4, 28], [4, 5], [4, 22], [5, 21], [5, 6], [5, 7], [6, 24], [6, 23], [6, 10], [6, 30], [7, 17], [7, 27], [7, 29], [7, 30], [8, 20], [8, 9], [8, 10], [8, 11], [9, 20], [9, 10], [9, 13], [10, 12], [11, 18], [11, 30], [11, 15], [12, 16], [12, 18], [12, 13], [13, 16], [13, 17], [13, 28], [14, 16], [14, 15], [15, 18], [15, 23], [16, 17], [16, 24], [17, 18], [18, 29], [19, 20], [19, 21], [19, 25], [21, 22], [22, 26], [23, 24], [23, 30], [25, 30], [26, 27], [26, 28], [29, 30]], "features": {"27": ["cc_0", "deg_3"], "22": ["cc_0", "deg_4"], "15": ["cc_5", "deg_4"], "4": ["cc_0", "deg_4"], "30": ["cc_4", "deg_6"], "0": ["cc_0", "deg_2"], "2": ["cc_0", "deg_6"], "6": ["cc_4", "deg_6"], "18": ["cc_3", "deg_5"], "5": ["cc_0", "deg_5"], "10": ["cc_5", "deg_4"], "14": ["cc_0", "deg_2"], "1": ["cc_0", "deg_3"], "29": ["cc_11", "deg_3"], "8": ["cc_11", "deg_4"], "20": ["cc_5", "deg_4"], "26": ["cc_0", "deg_3"], "3": ["cc_0", "deg_2"], "11": ["cc_1", "deg_7"], "28": ["cc_0", "deg_3"], "23": ["cc_11", "deg_4"], "19": ["cc_0", "deg_3"], "13": ["cc_4", "deg_6"], "16": ["cc_6", "deg_5"], "7": ["cc_3", "deg_5"], "17": ["cc_5", "deg_4"], "12": ["cc_5", "deg_4"], "25": ["cc_0", "deg_2"], "24": ["cc_11", "deg_3"], "9": ["cc_6", "deg_5"], "21": ["cc_0", "deg_3"]}}