{"label": 0, "edges": [[0, 2], [0, 29], [0, 87], [1, 3], [1, 44], [2, 73], [2, 4], [3, 83], [3, 68], [3, 5], [3, 4], [4, 5], [4, 6], [5, 62], [5, 6], [5, 7], [6, 32], [6, 24], [6, 18], [6, 7], [6, 8], [7, 75], [7, 11], [7, 28], [8, 80], [8, 43], [9, 11], [9, 21], [10, 11], [10, 12], [11, 50], [11, 51], [11, 85], [12, 28], [12, 13], [12, 14], [13, 60], [13, 15], [14, 16], [14, 83], [14, 15], [15, 16], [15, 21], [16, 17], [16, 18], [17, 18], [17, 26], [18, 19], [19, 20], [19, 26], [20, 21], [20, 22], [21, 22], [21, 23], [22, 76], [22, 43], [22, 44], [22, 85], [23, 56], [23, 25], [23, 38], [23, 87], [24, 25], [24, 29], [25, 42], [25, 27], [26, 27], [26, 28], [27, 28], [27, 29], [28, 54], [28, 78], [29, 31], [30, 32], [30, 31], [31, 32], [31, 33], [32, 34], [33, 87], [33, 46], [34, 49], [34, 35], [34, 36], [35, 36], [35, 37], [36, 44], [36, 38], [37, 54], [37, 39], [38, 40], [39, 40], [39, 81], [40, 70], [40, 42], [40, 86], [41, 71], [41, 42], [41, 43], [42, 43], [42, 44], [43, 44], [43, 45], [44, 74], [44, 45], [44, 46], [45, 64], [45, 47], [46, 48], [46, 67], [46, 47], [47, 48], [47, 49], [48, 50], [48, 54], [48, 75], [49, 86], [50, 51], [50, 77], [51, 52], [51, 86], [51, 82], [52, 54], [52, 55], [53, 54], [53, 55], [55, 81], [55, 66], [55, 56], [56, 57], [56, 58], [57, 58], [57, 59], [57, 61], [58, 59], [58, 60], [59, 60], [59, 61], [60, 61], [60, 62], [61, 63], [62, 64], [63, 64], [63, 65], [64, 65], [64, 66], [65, 66], [65, 67], [66, 67], [67, 69], [68, 70], [69, 75], [69, 70], [70, 72], [70, 71], [71, 73], [72, 73], [72, 74], [73, 74], [73, 75], [74, 75], [75, 76], [75, 77], [76, 78], [77, 85], [78, 80], [78, 79], [79, 80], [79, 81], [80, 81], [80, 82], [81, 82], [81, 83], [82, 83], [82, 84], [83, 84], [84, 85]], "features": {"27": ["cc_5", "deg_4"], "35": ["cc_11", "deg_3"], "43": ["cc_8", "deg_6"], "47": ["cc_5", "deg_4"], "56": ["cc_5", "deg_4"], "23": ["cc_0", "deg_5"], "9": ["cc_0", "deg_2"], "0": ["cc_0", "deg_3"], "6": ["cc_3", "deg_7"], "18": ["cc_5", "deg_4"], "14": ["cc_5", "deg_4"], "38": ["cc_0", "deg_3"], "82": ["cc_10", "deg_5"], "68": ["cc_0", "deg_2"], "51": ["cc_3", "deg_5"], "77": ["cc_0", "deg_3"], "19": ["cc_0", "deg_3"], "34": ["cc_5", "deg_4"], "75": ["cc_1", "deg_7"], "11": ["cc_2", "deg_6"], "17": ["cc_11", "deg_3"], "25": ["cc_0", "deg_4"], "24": ["cc_0", "deg_3"], "70": ["cc_0", "deg_5"], "15": ["cc_5", "deg_4"], "62": ["cc_0", "deg_3"], "40": ["cc_0", "deg_5"], "30": ["cc_33", "deg_2"], "31": ["cc_5", "deg_4"], "66": ["cc_11", "deg_4"], "36": ["cc_5", "deg_4"], "57": ["cc_16", "deg_4"], "10": ["cc_0", "deg_2"], "49": ["cc_0", "deg_3"], "1": ["cc_0", "deg_2"], "46": ["cc_3", "deg_5"], "60": ["cc_6", "deg_5"], "41": ["cc_11", "deg_3"], "29": ["cc_0", "deg_4"], "74": ["cc_11", "deg_4"], "13": ["cc_0", "deg_3"], "2": ["cc_0", "deg_3"], "7": ["cc_3", "deg_5"], "84": ["cc_11", "deg_3"], "79": ["cc_22", "deg_3"], "32": ["cc_5", "deg_4"], "33": ["cc_0", "deg_3"], "55": ["cc_0", "deg_5"], "48": ["cc_3", "deg_5"], "85": ["cc_0", "deg_4"], "5": ["cc_10", "deg_5"], "80": ["cc_10", "deg_5"], "81": ["cc_6", "deg_6"], "86": ["cc_0", "deg_3"], "87": ["cc_0", "deg_3"], "44": ["cc_3", "deg_8"], "39": ["cc_0", "deg_3"], "3": ["cc_3", "deg_5"], "28": ["cc_2", "deg_6"], "83": ["cc_6", "deg_5"], "76": ["cc_0", "deg_3"], "72": ["cc_11", "deg_3"], "12": ["cc_0", "deg_4"], "59": ["cc_22", "deg_4"], "69": ["cc_0", "deg_3"], "22": ["cc_4", "deg_6"], "50": ["cc_5", "deg_4"], "71": ["cc_0", "deg_3"], "4": ["cc_11", "deg_4"], "78": ["cc_5", "deg_4"], "45": ["cc_5", "deg_4"], "42": ["cc_6", "deg_5"], "21": ["cc_3", "deg_5"], "8": ["cc_0", "deg_3"], "53": ["cc_0", "deg_2"], "67": ["cc_5", "deg_4"], "37": ["cc_0", "deg_3"], "20": ["cc_11", "deg_3"], "26": ["cc_5", "deg_4"], "52": ["cc_0", "deg_3"], "58": ["cc_16", "deg_4"], "63": ["cc_11", "deg_3"], "64": ["cc_6", "deg_5"], "54": ["cc_0", "deg_5"], "65": ["cc_16", "deg_4"], "61": ["cc_11", "deg_4"], "16": ["cc_11", "deg_4"], "73": ["cc_6", "deg_5"]}}