{"label": 2, "edges": [[0, 4], [0, 6], [0, 9], [0, 16], [0, 17], [0, 20], [0, 21], [0, 22], [0, 29], [1, 24], [1, 2], [1, 17], [1, 8], [1, 13], [2, 3], [2, 19], [3, 17], [3, 18], [3, 20], [3, 5], [3, 14], [3, 21], [4, 8], [4, 13], [4, 18], [4, 20], [4, 23], [4, 24], [4, 29], [5, 23], [5, 24], [5, 26], [5, 28], [5, 10], [6, 21], [6, 9], [6, 12], [6, 28], [6, 15], [7, 17], [7, 22], [7, 25], [7, 8], [7, 9], [7, 10], [7, 30], [8, 9], [8, 10], [8, 11], [9, 16], [9, 12], [10, 12], [11, 18], [11, 22], [11, 25], [11, 12], [11, 13], [11, 29], [12, 26], [12, 29], [12, 13], [12, 30], [13, 27], [13, 22], [13, 17], [13, 30], [14, 16], [14, 26], [15, 16], [15, 25], [15, 28], [15, 26], [16, 18], [16, 19], [17, 25], [18, 20], [18, 22], [18, 26], [19, 20], [19, 21], [19, 29], [20, 21], [20, 27], [21, 26], [22, 23], [22, 24], [22, 29], [23, 24], [23, 25], [23, 26], [24, 27], [25, 28], [25, 30]], "features": {"27": ["cc_0", "deg_3"], "22": ["cc_5", "deg_8"], "15": ["cc_6", "deg_5"], "4": ["cc_4", "deg_8"], "30": ["cc_11", "deg_4"], "0": ["cc_6", "deg_9"], "2": ["cc_0", "deg_3"], "6": ["cc_8", "deg_6"], "18": ["cc_4", "deg_7"], "5": ["cc_4", "deg_6"], "10": ["cc_5", "deg_4"], "14": ["cc_0", "deg_3"], "1": ["cc_3", "deg_5"], "29": ["cc_8", "deg_6"], "8": ["cc_4", "deg_6"], "20": ["cc_9", "deg_7"], "26": ["cc_1", "deg_7"], "3": ["cc_3", "deg_7"], "11": ["cc_7", "deg_7"], "28": ["cc_11", "deg_4"], "23": ["cc_8", "deg_6"], "19": ["cc_3", "deg_5"], "13": ["cc_4", "deg_8"], "16": ["cc_2", "deg_6"], "7": ["cc_6", "deg_7"], "17": ["cc_4", "deg_6"], "12": ["cc_4", "deg_8"], "25": ["cc_4", "deg_7"], "24": ["cc_6", "deg_6"], "9": ["cc_8", "deg_6"], "21": ["cc_8", "deg_6"]}}