{"label": 1, "edges": [[0, 1], [0, 2], [0, 6], [0, 17], [0, 24], [0, 23], [1, 24], [1, 2], [1, 23], [2, 3], [2, 7], [3, 19], [3, 4], [4, 16], [4, 17], [4, 8], [5, 20], [5, 22], [5, 6], [6, 7], [7, 8], [7, 9], [8, 9], [8, 10], [9, 17], [9, 10], [9, 11], [10, 11], [10, 12], [11, 12], [11, 13], [12, 13], [12, 14], [13, 18], [13, 21], [13, 14], [13, 15], [14, 21], [15, 16], [15, 17], [16, 19], [18, 19], [18, 20], [19, 20], [19, 21], [20, 22], [21, 22], [22, 24], [22, 23], [23, 24]], "features": {"22": ["cc_6", "deg_5"], "15": ["cc_0", "deg_3"], "4": ["cc_0", "deg_4"], "0": ["cc_8", "deg_6"], "2": ["cc_5", "deg_4"], "6": ["cc_0", "deg_3"], "18": ["cc_11", "deg_3"], "5": ["cc_11", "deg_3"], "10": ["cc_16", "deg_4"], "14": ["cc_22", "deg_3"], "1": ["cc_22", "deg_4"], "8": ["cc_11", "deg_4"], "20": ["cc_11", "deg_4"], "3": ["cc_0", "deg_3"], "11": ["cc_16", "deg_4"], "23": ["cc_22", "deg_4"], "19": ["cc_3", "deg_5"], "13": ["cc_6", "deg_6"], "16": ["cc_0", "deg_3"], "7": ["cc_5", "deg_4"], "17": ["cc_0", "deg_4"], "12": ["cc_16", "deg_4"], "24": ["cc_22", "deg_4"], "9": ["cc_10", "deg_5"], "21": ["cc_5", "deg_4"]}}