{"label": 2, "edges": [[0, 68], [0, 85], [0, 86], [1, 51], [1, 7], [2, 9], [2, 74], [2, 11], [2, 4], [3, 52], [3, 67], [3, 20], [4, 85], [4, 39], [4, 56], [5, 19], [5, 51], [5, 70], [5, 7], [6, 58], [6, 84], [7, 81], [7, 20], [7, 22], [7, 45], [7, 46], [8, 68], [8, 9], [8, 10], [8, 43], [9, 64], [9, 40], [9, 68], [10, 49], [10, 83], [10, 51], [10, 39], [11, 86], [11, 56], [11, 59], [11, 77], [12, 35], [12, 52], [13, 83], [13, 41], [13, 87], [13, 40], [13, 60], [13, 44], [14, 80], [14, 40], [14, 41], [14, 72], [15, 16], [15, 84], [15, 41], [15, 43], [16, 17], [16, 51], [16, 37], [16, 35], [17, 52], [17, 38], [17, 73], [18, 88], [18, 19], [19, 50], [19, 88], [19, 29], [20, 54], [20, 41], [21, 56], [21, 73], [21, 76], [22, 61], [23, 38], [23, 37], [24, 65], [24, 88], [24, 28], [25, 26], [25, 30], [26, 39], [26, 87], [26, 27], [26, 60], [26, 46], [27, 66], [27, 39], [28, 34], [28, 79], [28, 63], [29, 34], [29, 44], [30, 38], [30, 86], [30, 55], [31, 72], [31, 33], [32, 33], [32, 50], [32, 35], [32, 68], [33, 71], [33, 43], [33, 42], [34, 57], [35, 54], [35, 81], [35, 88], [36, 48], [36, 82], [36, 38], [36, 61], [37, 43], [37, 82], [38, 46], [38, 53], [39, 40], [40, 74], [40, 43], [41, 89], [41, 52], [42, 50], [42, 65], [42, 44], [44, 53], [45, 85], [45, 46], [45, 47], [46, 87], [46, 63], [47, 84], [47, 74], [48, 67], [48, 58], [48, 51], [49, 81], [49, 53], [49, 55], [51, 69], [52, 58], [52, 61], [53, 54], [53, 89], [53, 57], [53, 59], [54, 71], [54, 61], [55, 80], [55, 57], [57, 85], [58, 62], [60, 67], [61, 62], [61, 63], [62, 86], [62, 79], [63, 64], [63, 72], [64, 67], [64, 69], [64, 71], [65, 78], [66, 75], [66, 74], [68, 75], [69, 71], [70, 77], [71, 76], [71, 77], [72, 73], [73, 86], [73, 78], [76, 78], [77, 80], [78, 79], [82, 84], [83, 84], [84, 87]], "features": {"27": ["cc_11", "deg_3"], "35": ["cc_0", "deg_6"], "43": ["cc_0", "deg_5"], "47": ["cc_0", "deg_3"], "56": ["cc_0", "deg_3"], "23": ["cc_0", "deg_2"], "9": ["cc_3", "deg_5"], "0": ["cc_0", "deg_3"], "6": ["cc_0", "deg_2"], "18": ["cc_33", "deg_2"], "14": ["cc_0", "deg_4"], "38": ["cc_0", "deg_6"], "82": ["cc_0", "deg_3"], "68": ["cc_3", "deg_5"], "51": ["cc_0", "deg_6"], "77": ["cc_0", "deg_4"], "19": ["cc_3", "deg_5"], "34": ["cc_0", "deg_3"], "75": ["cc_0", "deg_2"], "11": ["cc_0", "deg_5"], "88": ["cc_5", "deg_4"], "17": ["cc_0", "deg_4"], "25": ["cc_0", "deg_2"], "24": ["cc_0", "deg_3"], "70": ["cc_0", "deg_2"], "15": ["cc_0", "deg_4"], "62": ["cc_0", "deg_4"], "40": ["cc_0", "deg_6"], "30": ["cc_0", "deg_4"], "31": ["cc_0", "deg_2"], "66": ["cc_0", "deg_3"], "36": ["cc_0", "deg_4"], "57": ["cc_0", "deg_4"], "10": ["cc_0", "deg_5"], "49": ["cc_0", "deg_4"], "1": ["cc_0", "deg_2"], "46": ["cc_4", "deg_6"], "60": ["cc_0", "deg_3"], "41": ["cc_0", "deg_6"], "29": ["cc_0", "deg_3"], "74": ["cc_0", "deg_4"], "13": ["cc_0", "deg_6"], "2": ["cc_0", "deg_4"], "7": ["cc_1", "deg_7"], "84": ["cc_0", "deg_6"], "79": ["cc_0", "deg_3"], "32": ["cc_0", "deg_4"], "33": ["cc_0", "deg_5"], "55": ["cc_0", "deg_4"], "48": ["cc_0", "deg_4"], "85": ["cc_0", "deg_4"], "5": ["cc_0", "deg_4"], "80": ["cc_0", "deg_3"], "81": ["cc_0", "deg_3"], "86": ["cc_0", "deg_5"], "87": ["cc_5", "deg_4"], "44": ["cc_0", "deg_4"], "39": ["cc_3", "deg_5"], "3": ["cc_0", "deg_3"], "28": ["cc_0", "deg_4"], "83": ["cc_0", "deg_3"], "76": ["cc_0", "deg_3"], "72": ["cc_0", "deg_4"], "89": ["cc_0", "deg_2"], "12": ["cc_0", "deg_2"], "59": ["cc_0", "deg_2"], "69": ["cc_11", "deg_3"], "22": ["cc_0", "deg_2"], "50": ["cc_0", "deg_3"], "71": ["cc_2", "deg_6"], "4": ["cc_0", "deg_4"], "78": ["cc_0", "deg_4"], "45": ["cc_5", "deg_4"], "42": ["cc_0", "deg_4"], "21": ["cc_0", "deg_3"], "8": ["cc_5", "deg_4"], "53": ["cc_0", "deg_7"], "67": ["cc_0", "deg_4"], "37": ["cc_0", "deg_4"], "20": ["cc_0", "deg_4"], "26": ["cc_4", "deg_6"], "52": ["cc_0", "deg_6"], "58": ["cc_0", "deg_4"], "63": ["cc_0", "deg_5"], "64": ["cc_3", "deg_5"], "54": ["cc_0", "deg_5"], "65": ["cc_0", "deg_3"], "61": ["cc_0", "deg_6"], "16": ["cc_0", "deg_5"], "73": ["cc_0", "deg_5"]}}