{"label": 1, "edges": [[0, 1], [0, 2], [0, 84], [1, 2], [1, 41], [1, 57], [2, 3], [2, 4], [3, 4], [3, 5], [4, 5], [4, 6], [5, 32], [5, 6], [5, 56], [5, 52], [6, 8], [6, 51], [7, 8], [7, 9], [7, 63], [8, 9], [8, 10], [9, 80], [9, 28], [10, 19], [10, 11], [10, 33], [11, 35], [11, 12], [11, 13], [12, 49], [12, 21], [13, 14], [13, 15], [14, 16], [14, 15], [15, 16], [15, 17], [16, 17], [16, 43], [17, 80], [17, 18], [18, 19], [18, 23], [18, 61], [19, 64], [19, 21], [19, 71], [19, 40], [19, 57], [20, 21], [20, 22], [21, 32], [21, 22], [21, 30], [22, 47], [22, 23], [23, 71], [23, 24], [23, 25], [24, 25], [24, 26], [24, 47], [24, 59], [25, 49], [25, 53], [25, 26], [25, 27], [26, 27], [26, 55], [27, 34], [27, 53], [27, 29], [27, 69], [28, 29], [28, 30], [29, 30], [29, 62], [30, 32], [31, 32], [31, 33], [32, 78], [32, 45], [33, 34], [33, 35], [34, 35], [34, 68], [35, 74], [36, 56], [36, 38], [37, 76], [37, 38], [37, 79], [38, 40], [38, 39], [39, 41], [39, 60], [40, 41], [41, 42], [42, 43], [42, 44], [43, 44], [43, 45], [44, 45], [44, 46], [45, 46], [45, 47], [46, 51], [46, 62], [46, 47], [47, 48], [47, 64], [48, 49], [48, 50], [48, 54], [49, 50], [50, 51], [50, 52], [51, 52], [51, 53], [51, 75], [52, 82], [53, 54], [54, 60], [55, 56], [55, 57], [56, 65], [56, 58], [57, 59], [58, 59], [58, 60], [59, 84], [59, 60], [59, 74], [60, 78], [60, 62], [61, 62], [62, 64], [63, 64], [65, 66], [65, 81], [66, 67], [66, 68], [67, 83], [67, 68], [67, 69], [68, 70], [69, 71], [70, 72], [70, 71], [72, 74], [72, 83], [73, 74], [73, 75], [74, 75], [75, 76], [76, 77], [77, 78], [77, 79], [78, 79], [79, 80], [79, 81], [80, 81], [80, 82], [81, 82], [81, 83], [82, 83], [82, 84], [83, 84]], "features": {"27": ["cc_4", "deg_6"], "35": ["cc_5", "deg_4"], "43": ["cc_11", "deg_4"], "47": ["cc_2", "deg_6"], "83": ["cc_6", "deg_5"], "32": ["cc_2", "deg_6"], "56": ["cc_0", "deg_5"], "77": ["cc_11", "deg_3"], "9": ["cc_5", "deg_4"], "33": ["cc_5", "deg_4"], "48": ["cc_5", "deg_4"], "55": ["cc_0", "deg_3"], "0": ["cc_11", "deg_3"], "2": ["cc_11", "deg_4"], "18": ["cc_0", "deg_4"], "5": ["cc_4", "deg_6"], "76": ["cc_0", "deg_3"], "14": ["cc_22", "deg_3"], "81": ["cc_10", "deg_5"], "38": ["cc_0", "deg_4"], "73": ["cc_33", "deg_2"], "44": ["cc_16", "deg_4"], "39": ["cc_0", "deg_3"], "82": ["cc_10", "deg_5"], "3": ["cc_22", "deg_3"], "68": ["cc_5", "deg_4"], "28": ["cc_11", "deg_3"], "51": ["cc_2", "deg_6"], "23": ["cc_3", "deg_5"], "19": ["cc_0", "deg_7"], "61": ["cc_0", "deg_2"], "34": ["cc_5", "deg_4"], "75": ["cc_5", "deg_4"], "11": ["cc_0", "deg_4"], "72": ["cc_0", "deg_3"], "17": ["cc_5", "deg_4"], "12": ["cc_0", "deg_3"], "25": ["cc_8", "deg_6"], "24": ["cc_6", "deg_5"], "62": ["cc_0", "deg_5"], "59": ["cc_2", "deg_6"], "69": ["cc_0", "deg_3"], "22": ["cc_5", "deg_4"], "60": ["cc_2", "deg_6"], "70": ["cc_0", "deg_3"], "65": ["cc_0", "deg_3"], "71": ["cc_0", "deg_4"], "15": ["cc_16", "deg_4"], "4": ["cc_16", "deg_4"], "78": ["cc_5", "deg_4"], "80": ["cc_6", "deg_5"], "37": ["cc_0", "deg_3"], "45": ["cc_10", "deg_5"], "42": ["cc_11", "deg_3"], "30": ["cc_11", "deg_4"], "31": ["cc_0", "deg_2"], "66": ["cc_11", "deg_3"], "36": ["cc_0", "deg_2"], "67": ["cc_5", "deg_4"], "57": ["cc_0", "deg_4"], "53": ["cc_5", "deg_4"], "10": ["cc_0", "deg_4"], "49": ["cc_5", "deg_4"], "1": ["cc_5", "deg_4"], "46": ["cc_6", "deg_5"], "79": ["cc_6", "deg_5"], "26": ["cc_11", "deg_4"], "40": ["cc_0", "deg_3"], "41": ["cc_0", "deg_4"], "20": ["cc_33", "deg_2"], "29": ["cc_5", "deg_4"], "52": ["cc_5", "deg_4"], "58": ["cc_11", "deg_3"], "63": ["cc_0", "deg_2"], "64": ["cc_0", "deg_4"], "74": ["cc_3", "deg_5"], "13": ["cc_11", "deg_3"], "6": ["cc_5", "deg_4"], "7": ["cc_11", "deg_3"], "50": ["cc_11", "deg_4"], "84": ["cc_5", "deg_4"], "8": ["cc_5", "deg_4"], "16": ["cc_11", "deg_4"], "54": ["cc_0", "deg_3"], "21": ["cc_4", "deg_6"]}}