{"label": 2, "features": {"53": ["cc_3", "deg_5"], "47": ["cc_1", "deg_11"], "21": ["cc_0", "deg_10"], "34": ["cc_0", "deg_5"], "41": ["cc_3", "deg_5"], "4": ["cc_5", "deg_4"], "42": ["cc_2", "deg_8"], "12": ["cc_6", "deg_6"], "28": ["cc_2", "deg_6"], "5": ["cc_4", "deg_6"], "3": ["cc_11", "deg_3"], "51": ["cc_5", "deg_4"], "24": ["cc_0", "deg_7"], "56": ["cc_0", "deg_5"], "55": ["cc_0", "deg_4"], "19": ["cc_3", "deg_7"], "54": ["cc_3", "deg_7"], "36": ["cc_3", "deg_7"], "17": ["cc_2", "deg_6"], "11": ["cc_3", "deg_8"], "22": ["cc_0", "deg_5"], "18": ["cc_0", "deg_5"], "2": ["cc_4", "deg_6"], "46": ["cc_2", "deg_10"], "37": ["cc_0", "deg_7"], "38": ["cc_1", "deg_11"], "9": ["cc_6", "deg_6"], "27": ["cc_0", "deg_5"], "58": ["cc_6", "deg_6"], "35": ["cc_3", "deg_8"], "1": ["cc_2", "deg_6"], "16": ["cc_2", "deg_6"], "25": ["cc_0", "deg_3"], "7": ["cc_3", "deg_7"], "39": ["cc_2", "deg_6"], "0": ["cc_1", "deg_7"], "29": ["cc_2", "deg_6"], "13": ["cc_0", "deg_3"], "6": ["cc_2", "deg_6"], "30": ["cc_3", "deg_10"], "14": ["cc_0", "deg_4"], "32": ["cc_4", "deg_8"], "45": ["cc_3", "deg_5"], "10": ["cc_11", "deg_3"], "33": ["cc_4", "deg_6"], "23": ["cc_6", "deg_5"], "48": ["cc_4", "deg_6"], "40": ["cc_6", "deg_5"], "8": ["cc_5", "deg_4"], "44": ["cc_2", "deg_6"], "31": ["cc_0", "deg_4"], "26": ["cc_1", "deg_8"], "43": ["cc_5", "deg_4"], "57": ["cc_0", "deg_4"], "20": ["cc_4", "deg_8"], "50": ["cc_3", "deg_5"], "52": ["cc_4", "deg_6"], "15": ["cc_3", "deg_5"], "49": ["cc_3", "deg_5"]}, "edges": [[0, 1], [0, 36], [0, 49], [0, 57], [0, 11], [0, 45], [0, 14], [1, 21], [1, 7], [1, 44], [1, 10], [1, 20], [2, 19], [2, 24], [2, 41], [2, 10], [2, 46], [2, 47], [3, 5], [3, 44], [3, 30], [4, 5], [4, 7], [4, 44], [4, 46], [5, 21], [5, 9], [5, 26], [5, 30], [6, 32], [6, 48], [6, 34], [6, 7], [6, 29], [6, 14], [7, 32], [7, 26], [7, 8], [7, 42], [8, 17], [8, 18], [8, 42], [9, 52], [9, 38], [9, 40], [9, 25], [9, 30], [10, 46], [11, 35], [11, 21], [11, 54], [11, 28], [11, 30], [11, 12], [11, 42], [12, 32], [12, 18], [12, 35], [12, 55], [12, 28], [13, 21], [13, 38], [13, 39], [14, 38], [14, 54], [15, 19], [15, 24], [15, 26], [15, 42], [15, 46], [16, 51], [16, 37], [16, 41], [16, 58], [16, 44], [16, 31], [17, 24], [17, 30], [17, 56], [17, 23], [17, 47], [18, 25], [18, 45], [18, 30], [19, 20], [19, 38], [19, 41], [19, 44], [19, 45], [20, 48], [20, 21], [20, 38], [20, 36], [20, 49], [20, 54], [21, 33], [21, 47], [21, 50], [21, 51], [21, 22], [22, 57], [22, 26], [22, 27], [22, 30], [23, 48], [23, 57], [23, 47], [23, 53], [24, 35], [24, 40], [24, 55], [24, 28], [25, 29], [26, 37], [26, 38], [26, 41], [26, 46], [27, 35], [27, 41], [27, 46], [27, 47], [28, 48], [28, 50], [28, 39], [29, 52], [29, 56], [29, 58], [29, 47], [30, 38], [30, 39], [30, 40], [31, 52], [31, 36], [31, 47], [32, 33], [32, 35], [32, 36], [32, 39], [32, 58], [33, 36], [33, 57], [33, 58], [33, 37], [34, 35], [34, 37], [34, 56], [34, 38], [35, 49], [35, 42], [36, 53], [36, 45], [37, 42], [37, 47], [37, 53], [38, 47], [38, 49], [38, 50], [39, 55], [39, 40], [40, 42], [42, 43], [43, 50], [43, 54], [43, 46], [44, 46], [45, 56], [46, 52], [46, 53], [47, 55], [47, 48], [48, 54], [49, 56], [50, 54], [51, 54], [51, 58], [52, 53], [52, 58]]}