{"label": 1, "edges": [[0, 1], [0, 2], [0, 38], [0, 39], [0, 40], [0, 9], [0, 26], [1, 4], [1, 7], [1, 11], [1, 20], [2, 4], [2, 41], [2, 26], [2, 31], [3, 6], [3, 23], [3, 12], [3, 28], [3, 29], [3, 13], [4, 32], [4, 6], [4, 7], [4, 25], [4, 10], [4, 39], [4, 29], [5, 16], [5, 33], [5, 36], [5, 8], [5, 14], [6, 22], [6, 41], [6, 26], [7, 24], [7, 8], [7, 9], [7, 10], [7, 31], [8, 16], [8, 19], [8, 9], [8, 10], [8, 11], [9, 17], [9, 22], [9, 10], [9, 11], [9, 15], [10, 40], [10, 22], [10, 11], [10, 13], [11, 32], [11, 22], [11, 23], [12, 16], [12, 25], [12, 13], [13, 16], [13, 35], [13, 38], [13, 40], [13, 14], [14, 32], [14, 17], [14, 22], [14, 40], [14, 15], [15, 36], [15, 24], [15, 26], [16, 19], [16, 39], [16, 30], [17, 18], [17, 19], [17, 26], [18, 21], [18, 24], [18, 41], [18, 31], [19, 20], [19, 21], [19, 41], [19, 27], [20, 40], [20, 38], [20, 24], [21, 37], [21, 23], [21, 24], [21, 39], [22, 34], [22, 40], [22, 29], [23, 24], [23, 25], [23, 26], [24, 26], [24, 37], [25, 26], [25, 30], [26, 35], [27, 35], [27, 29], [27, 30], [28, 29], [28, 31], [29, 35], [30, 38], [30, 31], [31, 34], [32, 38], [33, 34], [33, 35], [33, 39], [34, 35], [34, 37], [36, 37], [36, 39], [37, 38], [37, 40], [39, 40]], "features": {"27": ["cc_5", "deg_4"], "22": ["cc_5", "deg_8"], "32": ["cc_0", "deg_4"], "15": ["cc_3", "deg_5"], "4": ["cc_1", "deg_9"], "33": ["cc_5", "deg_4"], "40": ["cc_5", "deg_8"], "35": ["cc_4", "deg_6"], "30": ["cc_0", "deg_5"], "0": ["cc_3", "deg_7"], "2": ["cc_3", "deg_5"], "6": ["cc_0", "deg_5"], "18": ["cc_3", "deg_5"], "5": ["cc_3", "deg_5"], "10": ["cc_11", "deg_8"], "14": ["cc_3", "deg_7"], "41": ["cc_0", "deg_4"], "1": ["cc_3", "deg_5"], "29": ["cc_4", "deg_6"], "37": ["cc_2", "deg_6"], "8": ["cc_11", "deg_7"], "20": ["cc_0", "deg_5"], "26": ["cc_3", "deg_9"], "3": ["cc_4", "deg_6"], "11": ["cc_7", "deg_7"], "28": ["cc_11", "deg_3"], "39": ["cc_1", "deg_7"], "23": ["cc_6", "deg_6"], "19": ["cc_1", "deg_7"], "36": ["cc_0", "deg_4"], "38": ["cc_0", "deg_6"], "34": ["cc_3", "deg_5"], "13": ["cc_4", "deg_8"], "16": ["cc_4", "deg_7"], "7": ["cc_7", "deg_7"], "17": ["cc_0", "deg_5"], "12": ["cc_11", "deg_4"], "31": ["cc_0", "deg_6"], "25": ["cc_3", "deg_5"], "24": ["cc_5", "deg_8"], "9": ["cc_8", "deg_8"], "21": ["cc_6", "deg_6"]}}