{"label": 0, "features": {"53": ["cc_5", "deg_4"], "47": ["cc_0", "deg_4"], "68": ["cc_11", "deg_3"], "21": ["cc_3", "deg_5"], "34": ["cc_22", "deg_3"], "67": ["cc_5", "deg_4"], "41": ["cc_11", "deg_4"], "4": ["cc_6", "deg_6"], "42": ["cc_3", "deg_5"], "12": ["cc_11", "deg_4"], "28": ["cc_11", "deg_3"], "66": ["cc_11", "deg_3"], "5": ["cc_16", "deg_4"], "65": ["cc_5", "deg_4"], "61": ["cc_0", "deg_3"], "3": ["cc_22", "deg_3"], "64": ["cc_0", "deg_4"], "51": ["cc_16", "deg_4"], "24": ["cc_5", "deg_4"], "56": ["cc_22", "deg_3"], "55": ["cc_33", "deg_2"], "19": ["cc_0", "deg_3"], "54": ["cc_0", "deg_4"], "36": ["cc_16", "deg_4"], "17": ["cc_11", "deg_4"], "11": ["cc_5", "deg_4"], "22": ["cc_11", "deg_4"], "71": ["cc_10", "deg_5"], "18": ["cc_5", "deg_4"], "59": ["cc_3", "deg_5"], "2": ["cc_11", "deg_3"], "46": ["cc_0", "deg_3"], "37": ["cc_16", "deg_4"], "38": ["cc_16", "deg_4"], "73": ["cc_11", "deg_3"], "9": ["cc_5", "deg_4"], "27": ["cc_0", "deg_4"], "58": ["cc_4", "deg_6"], "35": ["cc_16", "deg_4"], "1": ["cc_0", "deg_3"], "16": ["cc_16", "deg_4"], "25": ["cc_0", "deg_4"], "7": ["cc_10", "deg_5"], "39": ["cc_16", "deg_4"], "0": ["cc_0", "deg_3"], "29": ["cc_6", "deg_5"], "63": ["cc_0", "deg_3"], "13": ["cc_22", "deg_3"], "6": ["cc_6", "deg_6"], "30": ["cc_16", "deg_4"], "14": ["cc_10", "deg_5"], "32": ["cc_11", "deg_4"], "45": ["cc_0", "deg_3"], "10": ["cc_5", "deg_4"], "33": ["cc_6", "deg_5"], "23": ["cc_5", "deg_4"], "69": ["cc_3", "deg_7"], "48": ["cc_0", "deg_4"], "40": ["cc_16", "deg_4"], "72": ["cc_4", "deg_6"], "8": ["cc_11", "deg_4"], "44": ["cc_0", "deg_4"], "31": ["cc_16", "deg_4"], "26": ["cc_0", "deg_6"], "43": ["cc_0", "deg_3"], "57": ["cc_16", "deg_4"], "20": ["cc_11", "deg_3"], "50": ["cc_11", "deg_4"], "62": ["cc_0", "deg_4"], "60": ["cc_0", "deg_3"], "52": ["cc_11", "deg_4"], "15": ["cc_10", "deg_5"], "70": ["cc_16", "deg_4"], "49": ["cc_11", "deg_3"]}, "edges": [[0, 1], [0, 21], [0, 73], [1, 2], [1, 7], [2, 3], [2, 4], [3, 4], [3, 5], [4, 5], [4, 6], [4, 9], [4, 58], [5, 6], [5, 7], [6, 17], [6, 7], [6, 8], [6, 72], [7, 8], [7, 9], [8, 9], [8, 10], [9, 11], [10, 11], [10, 12], [10, 63], [11, 27], [11, 12], [12, 13], [12, 14], [13, 14], [13, 15], [14, 16], [14, 67], [14, 15], [15, 16], [15, 17], [15, 71], [16, 17], [16, 18], [17, 18], [18, 19], [18, 20], [19, 58], [19, 21], [20, 21], [20, 22], [21, 22], [21, 59], [22, 24], [22, 23], [23, 24], [23, 25], [23, 60], [24, 26], [24, 47], [25, 26], [25, 27], [25, 54], [26, 64], [26, 72], [26, 42], [26, 28], [27, 29], [27, 45], [28, 29], [28, 30], [29, 61], [29, 30], [29, 31], [30, 32], [30, 31], [31, 32], [31, 33], [32, 33], [32, 62], [33, 34], [33, 35], [33, 53], [34, 35], [34, 36], [35, 36], [35, 37], [36, 37], [36, 38], [37, 38], [37, 39], [38, 40], [38, 39], [39, 40], [39, 41], [40, 41], [40, 42], [41, 42], [41, 43], [42, 59], [42, 44], [43, 44], [43, 69], [44, 58], [44, 46], [45, 69], [45, 47], [46, 48], [46, 72], [47, 48], [47, 49], [48, 64], [48, 50], [49, 50], [49, 51], [50, 51], [50, 52], [51, 52], [51, 53], [52, 53], [52, 54], [53, 69], [54, 59], [54, 60], [55, 56], [55, 57], [56, 57], [56, 58], [57, 58], [57, 59], [58, 59], [60, 61], [61, 62], [62, 64], [62, 63], [63, 65], [64, 65], [65, 66], [65, 67], [66, 67], [66, 68], [67, 69], [68, 69], [68, 70], [69, 70], [69, 71], [70, 72], [70, 71], [71, 72], [71, 73], [72, 73]]}