{"label": 0, "edges": [[0, 1], [0, 3], [0, 8], [1, 2], [1, 3], [1, 4], [1, 23], [1, 58], [1, 39], [1, 15], [2, 4], [2, 5], [2, 58], [2, 47], [3, 4], [3, 5], [3, 14], [4, 5], [4, 6], [4, 50], [4, 51], [5, 6], [5, 7], [5, 8], [5, 26], [6, 7], [6, 9], [6, 43], [7, 8], [7, 9], [7, 10], [8, 49], [8, 9], [8, 10], [8, 45], [9, 10], [9, 11], [9, 12], [10, 11], [10, 12], [10, 14], [11, 12], [11, 13], [11, 14], [12, 18], [12, 51], [12, 20], [12, 14], [13, 16], [13, 49], [13, 18], [13, 54], [13, 15], [14, 16], [14, 17], [14, 46], [14, 15], [15, 18], [15, 20], [15, 56], [15, 57], [16, 17], [16, 18], [16, 19], [16, 58], [17, 18], [17, 19], [17, 20], [17, 36], [18, 19], [18, 20], [18, 35], [19, 32], [19, 21], [19, 22], [19, 48], [19, 54], [20, 37], [20, 50], [20, 46], [21, 22], [21, 23], [21, 24], [22, 23], [22, 46], [22, 25], [22, 43], [22, 30], [23, 24], [23, 25], [23, 38], [24, 25], [24, 26], [24, 43], [25, 55], [25, 26], [25, 27], [25, 28], [26, 36], [26, 27], [26, 45], [27, 49], [27, 35], [27, 28], [27, 29], [28, 56], [28, 29], [28, 30], [28, 31], [29, 32], [29, 30], [29, 31], [30, 32], [30, 33], [30, 31], [31, 33], [31, 34], [32, 33], [32, 34], [32, 43], [33, 34], [33, 35], [33, 36], [34, 35], [34, 36], [34, 37], [35, 38], [35, 47], [36, 38], [36, 39], [37, 38], [37, 39], [37, 40], [37, 47], [38, 39], [38, 41], [39, 40], [39, 41], [40, 57], [40, 41], [40, 42], [40, 43], [41, 42], [41, 43], [41, 44], [42, 57], [42, 43], [42, 44], [43, 44], [43, 45], [44, 54], [44, 45], [44, 46], [44, 47], [45, 48], [45, 54], [46, 48], [47, 49], [47, 50], [48, 50], [48, 51], [49, 51], [50, 51], [50, 52], [51, 52], [51, 54], [52, 53], [52, 54], [52, 55], [53, 54], [53, 55], [53, 56], [54, 55], [55, 57], [55, 58], [56, 57], [57, 58]], "features": {"27": ["cc_6", "deg_6"], "35": ["cc_2", "deg_6"], "43": ["cc_5", "deg_9"], "47": ["cc_0", "deg_6"], "32": ["cc_6", "deg_6"], "56": ["cc_5", "deg_4"], "9": ["cc_15", "deg_6"], "33": ["cc_13", "deg_6"], "48": ["cc_3", "deg_5"], "55": ["cc_8", "deg_6"], "0": ["cc_11", "deg_3"], "2": ["cc_10", "deg_5"], "18": ["cc_9", "deg_8"], "5": ["cc_7", "deg_7"], "14": ["cc_4", "deg_8"], "38": ["cc_6", "deg_6"], "44": ["cc_7", "deg_7"], "39": ["cc_11", "deg_6"], "3": ["cc_10", "deg_5"], "28": ["cc_11", "deg_6"], "51": ["cc_6", "deg_7"], "23": ["cc_8", "deg_6"], "19": ["cc_4", "deg_8"], "34": ["cc_8", "deg_6"], "11": ["cc_16", "deg_5"], "17": ["cc_11", "deg_6"], "12": ["cc_9", "deg_7"], "25": ["cc_7", "deg_7"], "24": ["cc_10", "deg_5"], "22": ["cc_4", "deg_7"], "15": ["cc_4", "deg_7"], "4": ["cc_9", "deg_7"], "37": ["cc_4", "deg_6"], "45": ["cc_4", "deg_6"], "42": ["cc_20", "deg_5"], "30": ["cc_13", "deg_6"], "31": ["cc_16", "deg_5"], "36": ["cc_4", "deg_6"], "57": ["cc_6", "deg_6"], "53": ["cc_16", "deg_4"], "10": ["cc_17", "deg_6"], "49": ["cc_0", "deg_5"], "1": ["cc_4", "deg_8"], "46": ["cc_0", "deg_5"], "26": ["cc_4", "deg_6"], "40": ["cc_13", "deg_6"], "41": ["cc_15", "deg_6"], "20": ["cc_4", "deg_7"], "29": ["cc_16", "deg_5"], "52": ["cc_16", "deg_5"], "58": ["cc_6", "deg_5"], "13": ["cc_4", "deg_6"], "6": ["cc_10", "deg_5"], "7": ["cc_20", "deg_5"], "50": ["cc_6", "deg_6"], "8": ["cc_6", "deg_7"], "16": ["cc_11", "deg_6"], "54": ["cc_5", "deg_8"], "21": ["cc_16", "deg_4"]}}