{"label": 2, "edges": [[0, 1], [0, 77], [1, 33], [1, 2], [1, 3], [1, 84], [1, 78], [2, 75], [2, 67], [2, 69], [2, 38], [2, 41], [2, 27], [2, 47], [3, 48], [3, 60], [3, 69], [4, 33], [4, 22], [4, 41], [4, 59], [5, 16], [5, 82], [5, 14], [6, 40], [6, 25], [6, 29], [6, 7], [7, 20], [7, 9], [7, 10], [8, 11], [8, 14], [8, 79], [9, 82], [9, 83], [9, 37], [9, 71], [9, 28], [10, 56], [10, 51], [11, 12], [11, 13], [11, 77], [12, 25], [12, 13], [13, 16], [13, 52], [14, 66], [15, 67], [15, 36], [15, 53], [15, 71], [15, 43], [16, 64], [16, 60], [16, 31], [17, 80], [17, 18], [17, 70], [17, 28], [18, 51], [18, 49], [19, 21], [19, 58], [19, 62], [19, 63], [20, 59], [20, 67], [20, 83], [21, 69], [21, 23], [21, 42], [22, 72], [23, 56], [23, 29], [23, 31], [24, 48], [24, 81], [24, 26], [24, 55], [25, 54], [25, 39], [25, 26], [25, 27], [25, 69], [26, 50], [26, 52], [27, 65], [27, 81], [27, 29], [28, 75], [28, 44], [29, 35], [30, 32], [30, 49], [30, 67], [30, 68], [32, 33], [32, 34], [33, 34], [34, 35], [34, 68], [34, 73], [35, 36], [35, 63], [36, 52], [36, 38], [36, 58], [37, 41], [37, 51], [38, 51], [38, 74], [38, 78], [39, 52], [39, 77], [40, 71], [40, 75], [40, 46], [41, 62], [41, 63], [42, 62], [42, 47], [43, 44], [44, 45], [44, 46], [45, 46], [45, 47], [46, 47], [47, 73], [48, 49], [48, 57], [48, 58], [49, 70], [50, 64], [50, 61], [52, 53], [53, 54], [54, 84], [54, 59], [55, 65], [56, 58], [57, 68], [58, 81], [58, 83], [59, 65], [59, 74], [59, 61], [60, 62], [61, 63], [62, 70], [63, 66], [64, 66], [64, 77], [66, 68], [67, 70], [68, 69], [69, 70], [71, 73], [72, 73], [72, 74], [72, 79], [73, 75], [75, 76], [76, 80], [76, 77], [78, 79], [79, 80], [80, 82], [81, 82]], "features": {"27": ["cc_0", "deg_5"], "35": ["cc_0", "deg_4"], "43": ["cc_0", "deg_2"], "47": ["cc_3", "deg_5"], "83": ["cc_0", "deg_3"], "32": ["cc_11", "deg_3"], "56": ["cc_0", "deg_3"], "77": ["cc_0", "deg_5"], "9": ["cc_0", "deg_6"], "33": ["cc_5", "deg_4"], "48": ["cc_0", "deg_5"], "55": ["cc_0", "deg_2"], "0": ["cc_0", "deg_2"], "2": ["cc_0", "deg_8"], "18": ["cc_0", "deg_3"], "5": ["cc_0", "deg_3"], "76": ["cc_0", "deg_3"], "14": ["cc_0", "deg_3"], "81": ["cc_0", "deg_4"], "38": ["cc_0", "deg_5"], "73": ["cc_0", "deg_5"], "44": ["cc_5", "deg_4"], "39": ["cc_0", "deg_3"], "82": ["cc_0", "deg_4"], "3": ["cc_0", "deg_4"], "68": ["cc_0", "deg_5"], "28": ["cc_0", "deg_4"], "51": ["cc_0", "deg_4"], "23": ["cc_0", "deg_4"], "19": ["cc_0", "deg_4"], "61": ["cc_0", "deg_3"], "34": ["cc_3", "deg_5"], "75": ["cc_0", "deg_5"], "11": ["cc_5", "deg_4"], "72": ["cc_0", "deg_4"], "17": ["cc_0", "deg_4"], "12": ["cc_11", "deg_3"], "25": ["cc_0", "deg_7"], "24": ["cc_0", "deg_4"], "62": ["cc_0", "deg_5"], "59": ["cc_0", "deg_6"], "69": ["cc_0", "deg_6"], "22": ["cc_0", "deg_2"], "60": ["cc_0", "deg_3"], "70": ["cc_0", "deg_5"], "65": ["cc_0", "deg_3"], "71": ["cc_0", "deg_4"], "15": ["cc_0", "deg_5"], "4": ["cc_0", "deg_4"], "78": ["cc_0", "deg_3"], "80": ["cc_0", "deg_4"], "37": ["cc_0", "deg_3"], "45": ["cc_22", "deg_3"], "42": ["cc_0", "deg_3"], "30": ["cc_0", "deg_4"], "31": ["cc_0", "deg_2"], "66": ["cc_0", "deg_4"], "36": ["cc_0", "deg_5"], "67": ["cc_0", "deg_5"], "57": ["cc_0", "deg_2"], "53": ["cc_0", "deg_3"], "10": ["cc_0", "deg_3"], "49": ["cc_0", "deg_4"], "1": ["cc_0", "deg_6"], "46": ["cc_11", "deg_4"], "79": ["cc_0", "deg_4"], "26": ["cc_0", "deg_4"], "40": ["cc_0", "deg_4"], "41": ["cc_0", "deg_5"], "20": ["cc_0", "deg_4"], "29": ["cc_0", "deg_4"], "52": ["cc_0", "deg_5"], "58": ["cc_0", "deg_6"], "63": ["cc_0", "deg_5"], "64": ["cc_0", "deg_4"], "74": ["cc_0", "deg_3"], "13": ["cc_5", "deg_4"], "6": ["cc_0", "deg_4"], "7": ["cc_0", "deg_4"], "50": ["cc_0", "deg_3"], "84": ["cc_0", "deg_2"], "8": ["cc_0", "deg_3"], "16": ["cc_0", "deg_5"], "54": ["cc_0", "deg_4"], "21": ["cc_0", "deg_4"]}}