{"label": 2, "edges": [[0, 48], [0, 52], [0, 22], [0, 55], [0, 11], [0, 21], [0, 47], [1, 8], [1, 39], [1, 52], [2, 50], [2, 37], [2, 14], [3, 48], [3, 37], [3, 7], [4, 16], [4, 5], [4, 6], [5, 49], [5, 19], [5, 6], [5, 24], [5, 35], [6, 7], [6, 52], [6, 27], [7, 20], [7, 26], [8, 42], [8, 41], [8, 33], [9, 24], [9, 10], [9, 26], [10, 43], [10, 20], [10, 14], [11, 32], [11, 18], [12, 39], [12, 28], [12, 29], [12, 31], [13, 17], [13, 36], [13, 21], [13, 43], [13, 45], [14, 18], [14, 19], [14, 39], [14, 31], [15, 49], [15, 20], [15, 30], [16, 33], [16, 51], [16, 37], [16, 44], [17, 19], [18, 44], [19, 21], [20, 22], [20, 28], [21, 35], [21, 52], [21, 22], [22, 48], [23, 44], [23, 46], [24, 54], [25, 44], [25, 45], [25, 47], [26, 54], [26, 43], [26, 29], [27, 51], [28, 53], [29, 35], [30, 32], [30, 41], [31, 32], [31, 47], [32, 34], [32, 39], [32, 40], [33, 34], [34, 53], [34, 45], [35, 45], [36, 55], [36, 42], [37, 39], [38, 51], [38, 39], [38, 40], [38, 47], [39, 48], [39, 41], [40, 52], [40, 47], [41, 49], [41, 46], [41, 55], [42, 51], [42, 46], [44, 45], [45, 53], [45, 50], [50, 52]], "features": {"27": ["cc_0", "deg_2"], "35": ["cc_0", "deg_4"], "43": ["cc_0", "deg_3"], "47": ["cc_3", "deg_5"], "32": ["cc_0", "deg_6"], "9": ["cc_0", "deg_3"], "33": ["cc_0", "deg_3"], "48": ["cc_5", "deg_4"], "55": ["cc_0", "deg_3"], "0": ["cc_4", "deg_7"], "2": ["cc_0", "deg_3"], "18": ["cc_0", "deg_3"], "5": ["cc_2", "deg_6"], "14": ["cc_0", "deg_6"], "38": ["cc_5", "deg_4"], "44": ["cc_3", "deg_5"], "39": ["cc_0", "deg_8"], "3": ["cc_0", "deg_3"], "28": ["cc_0", "deg_3"], "51": ["cc_0", "deg_4"], "23": ["cc_0", "deg_2"], "19": ["cc_0", "deg_4"], "34": ["cc_5", "deg_4"], "11": ["cc_0", "deg_3"], "17": ["cc_0", "deg_2"], "12": ["cc_0", "deg_4"], "25": ["cc_11", "deg_3"], "24": ["cc_0", "deg_3"], "22": ["cc_11", "deg_4"], "15": ["cc_0", "deg_3"], "4": ["cc_11", "deg_3"], "37": ["cc_0", "deg_4"], "45": ["cc_3", "deg_7"], "42": ["cc_0", "deg_4"], "30": ["cc_0", "deg_3"], "31": ["cc_0", "deg_4"], "36": ["cc_0", "deg_3"], "53": ["cc_11", "deg_3"], "10": ["cc_0", "deg_4"], "49": ["cc_0", "deg_3"], "1": ["cc_0", "deg_3"], "46": ["cc_0", "deg_3"], "26": ["cc_0", "deg_5"], "40": ["cc_5", "deg_4"], "41": ["cc_0", "deg_6"], "20": ["cc_0", "deg_5"], "29": ["cc_0", "deg_3"], "52": ["cc_2", "deg_6"], "13": ["cc_0", "deg_5"], "6": ["cc_3", "deg_5"], "7": ["cc_0", "deg_4"], "50": ["cc_0", "deg_3"], "8": ["cc_0", "deg_4"], "16": ["cc_0", "deg_5"], "54": ["cc_0", "deg_2"], "21": ["cc_4", "deg_6"]}}