{"label": 2, "features": {"53": ["cc_0", "deg_2"], "47": ["cc_0", "deg_2"], "21": ["cc_0", "deg_5"], "34": ["cc_0", "deg_5"], "41": ["cc_0", "deg_3"], "4": ["cc_0", "deg_3"], "42": ["cc_0", "deg_6"], "12": ["cc_0", "deg_4"], "28": ["cc_2", "deg_6"], "5": ["cc_0", "deg_4"], "61": ["cc_0", "deg_5"], "3": ["cc_0", "deg_3"], "64": ["cc_0", "deg_2"], "51": ["cc_0", "deg_4"], "24": ["cc_0", "deg_6"], "56": ["cc_3", "deg_5"], "55": ["cc_2", "deg_6"], "19": ["cc_0", "deg_3"], "54": ["cc_0", "deg_2"], "36": ["cc_0", "deg_6"], "17": ["cc_0", "deg_4"], "11": ["cc_0", "deg_3"], "22": ["cc_0", "deg_5"], "18": ["cc_0", "deg_5"], "59": ["cc_0", "deg_4"], "2": ["cc_1", "deg_7"], "46": ["cc_0", "deg_3"], "37": ["cc_0", "deg_4"], "38": ["cc_0", "deg_6"], "9": ["cc_0", "deg_5"], "27": ["cc_0", "deg_5"], "58": ["cc_0", "deg_4"], "35": ["cc_0", "deg_5"], "1": ["cc_4", "deg_7"], "16": ["cc_0", "deg_3"], "25": ["cc_0", "deg_2"], "7": ["cc_0", "deg_2"], "39": ["cc_33", "deg_2"], "0": ["cc_0", "deg_3"], "29": ["cc_0", "deg_4"], "63": ["cc_0", "deg_3"], "13": ["cc_0", "deg_2"], "6": ["cc_0", "deg_4"], "30": ["cc_6", "deg_5"], "14": ["cc_0", "deg_5"], "32": ["cc_0", "deg_4"], "45": ["cc_0", "deg_5"], "10": ["cc_5", "deg_4"], "33": ["cc_0", "deg_4"], "23": ["cc_11", "deg_3"], "48": ["cc_0", "deg_3"], "40": ["cc_0", "deg_3"], "8": ["cc_0", "deg_5"], "44": ["cc_0", "deg_4"], "31": ["cc_0", "deg_2"], "26": ["cc_0", "deg_6"], "43": ["cc_6", "deg_5"], "57": ["cc_0", "deg_5"], "20": ["cc_5", "deg_4"], "50": ["cc_0", "deg_3"], "62": ["cc_0", "deg_4"], "60": ["cc_0", "deg_2"], "52": ["cc_0", "deg_2"], "15": ["cc_0", "deg_4"], "49": ["cc_0", "deg_4"]}, "edges": [[0, 8], [0, 57], [0, 45], [1, 20], [1, 9], [1, 10], [1, 43], [1, 28], [1, 30], [1, 15], [2, 18], [2, 30], [2, 39], [2, 55], [2, 44], [2, 14], [2, 31], [3, 8], [3, 59], [3, 45], [4, 33], [4, 7], [4, 26], [5, 49], [5, 27], [5, 22], [5, 23], [6, 16], [6, 36], [6, 45], [6, 25], [7, 15], [8, 33], [8, 19], [8, 55], [9, 64], [9, 49], [9, 38], [9, 26], [10, 17], [10, 35], [10, 43], [11, 21], [11, 22], [11, 42], [12, 34], [12, 51], [12, 50], [12, 55], [13, 36], [13, 21], [14, 49], [14, 21], [14, 53], [14, 63], [15, 45], [15, 29], [16, 42], [16, 44], [17, 59], [17, 26], [17, 45], [18, 42], [18, 58], [18, 43], [18, 29], [19, 54], [19, 61], [20, 42], [20, 61], [20, 30], [21, 24], [21, 57], [22, 64], [22, 60], [22, 62], [23, 55], [23, 56], [24, 36], [24, 60], [24, 26], [24, 28], [24, 61], [25, 59], [26, 34], [26, 42], [27, 36], [27, 40], [27, 57], [27, 37], [28, 32], [28, 34], [28, 62], [28, 43], [29, 32], [29, 47], [30, 48], [30, 39], [31, 63], [32, 58], [32, 42], [33, 40], [33, 38], [34, 35], [34, 52], [35, 54], [35, 62], [35, 53], [36, 51], [36, 44], [37, 50], [37, 38], [37, 58], [38, 56], [38, 61], [38, 63], [40, 43], [41, 55], [41, 57], [41, 59], [44, 47], [46, 52], [46, 58], [46, 62], [48, 49], [48, 56], [50, 56], [51, 57], [51, 61], [55, 56]]}