{"label": 2, "edges": [[0, 1], [0, 31], [1, 2], [1, 25], [1, 9], [1, 12], [1, 31], [2, 51], [2, 4], [2, 21], [2, 38], [3, 40], [3, 20], [3, 21], [3, 56], [3, 41], [4, 51], [5, 48], [5, 34], [5, 6], [5, 55], [6, 51], [6, 7], [6, 40], [6, 14], [7, 52], [7, 55], [7, 8], [7, 36], [8, 10], [8, 38], [9, 39], [9, 11], [10, 49], [10, 18], [10, 13], [11, 37], [11, 43], [12, 22], [12, 15], [13, 18], [13, 41], [13, 14], [13, 31], [14, 20], [14, 28], [14, 44], [15, 34], [15, 22], [16, 34], [16, 25], [16, 43], [16, 50], [17, 26], [17, 44], [18, 46], [19, 48], [19, 20], [19, 21], [20, 37], [20, 24], [21, 49], [21, 39], [22, 38], [22, 24], [22, 25], [22, 43], [23, 35], [23, 52], [23, 57], [24, 31], [25, 53], [25, 41], [26, 47], [26, 27], [26, 28], [27, 36], [27, 52], [27, 37], [28, 49], [28, 53], [28, 56], [29, 40], [29, 52], [29, 31], [30, 42], [30, 31], [30, 47], [31, 35], [31, 36], [32, 33], [32, 34], [32, 55], [32, 49], [33, 39], [33, 56], [33, 41], [34, 35], [35, 40], [36, 37], [37, 39], [38, 44], [38, 45], [39, 55], [39, 44], [42, 43], [44, 46], [45, 47], [46, 51], [47, 49], [50, 51], [52, 54], [52, 57], [53, 57], [54, 56], [54, 55]], "features": {"27": ["cc_5", "deg_4"], "35": ["cc_0", "deg_4"], "43": ["cc_0", "deg_4"], "47": ["cc_0", "deg_4"], "32": ["cc_0", "deg_4"], "56": ["cc_0", "deg_4"], "9": ["cc_0", "deg_3"], "33": ["cc_0", "deg_4"], "48": ["cc_0", "deg_2"], "55": ["cc_0", "deg_5"], "0": ["cc_33", "deg_2"], "2": ["cc_3", "deg_5"], "18": ["cc_11", "deg_3"], "5": ["cc_0", "deg_4"], "14": ["cc_0", "deg_5"], "38": ["cc_0", "deg_5"], "44": ["cc_0", "deg_5"], "39": ["cc_0", "deg_6"], "3": ["cc_0", "deg_5"], "28": ["cc_0", "deg_5"], "51": ["cc_3", "deg_5"], "23": ["cc_11", "deg_3"], "19": ["cc_0", "deg_3"], "34": ["cc_0", "deg_5"], "11": ["cc_0", "deg_3"], "17": ["cc_0", "deg_2"], "12": ["cc_11", "deg_3"], "25": ["cc_0", "deg_5"], "24": ["cc_0", "deg_3"], "22": ["cc_2", "deg_6"], "15": ["cc_11", "deg_3"], "4": ["cc_33", "deg_2"], "37": ["cc_3", "deg_5"], "45": ["cc_0", "deg_2"], "42": ["cc_0", "deg_2"], "30": ["cc_0", "deg_3"], "31": ["cc_1", "deg_8"], "36": ["cc_5", "deg_4"], "57": ["cc_11", "deg_3"], "53": ["cc_0", "deg_3"], "10": ["cc_5", "deg_4"], "49": ["cc_0", "deg_5"], "1": ["cc_2", "deg_6"], "46": ["cc_0", "deg_3"], "26": ["cc_0", "deg_4"], "40": ["cc_0", "deg_4"], "41": ["cc_0", "deg_4"], "20": ["cc_0", "deg_5"], "29": ["cc_0", "deg_3"], "52": ["cc_2", "deg_6"], "13": ["cc_3", "deg_5"], "6": ["cc_0", "deg_5"], "7": ["cc_0", "deg_5"], "50": ["cc_0", "deg_2"], "8": ["cc_0", "deg_3"], "16": ["cc_0", "deg_4"], "54": ["cc_0", "deg_3"], "21": ["cc_0", "deg_5"]}}