{"label": 0, "edges": [[0, 1], [0, 2], [0, 3], [0, 4], [0, 23], [0, 24], [0, 13], [1, 2], [1, 3], [1, 4], [1, 6], [1, 24], [1, 25], [2, 3], [2, 4], [2, 5], [2, 7], [2, 25], [3, 4], [3, 5], [3, 6], [4, 6], [4, 7], [5, 6], [5, 7], [5, 8], [6, 7], [6, 9], [7, 9], [7, 10], [8, 9], [8, 10], [8, 11], [9, 19], [9, 25], [9, 10], [9, 12], [10, 17], [10, 11], [10, 12], [10, 13], [11, 12], [11, 13], [11, 14], [12, 18], [12, 22], [12, 13], [12, 14], [13, 17], [13, 14], [14, 16], [14, 17], [14, 15], [15, 16], [15, 17], [15, 18], [16, 17], [16, 18], [16, 19], [17, 18], [17, 19], [18, 19], [18, 20], [18, 21], [19, 20], [19, 21], [19, 22], [20, 21], [20, 22], [20, 23], [21, 22], [21, 23], [21, 24], [22, 23], [22, 24], [23, 24], [23, 25], [24, 25]], "features": {"22": ["cc_15", "deg_6"], "15": ["cc_27", "deg_4"], "4": ["cc_22", "deg_6"], "0": ["cc_12", "deg_7"], "2": ["cc_15", "deg_7"], "6": ["cc_15", "deg_6"], "18": ["cc_12", "deg_7"], "5": ["cc_13", "deg_5"], "10": ["cc_12", "deg_7"], "14": ["cc_15", "deg_6"], "1": ["cc_17", "deg_7"], "8": ["cc_11", "deg_4"], "20": ["cc_23", "deg_5"], "3": ["cc_22", "deg_6"], "11": ["cc_20", "deg_5"], "23": ["cc_15", "deg_6"], "19": ["cc_12", "deg_7"], "13": ["cc_15", "deg_6"], "16": ["cc_23", "deg_5"], "7": ["cc_13", "deg_6"], "17": ["cc_14", "deg_7"], "12": ["cc_9", "deg_7"], "25": ["cc_10", "deg_5"], "24": ["cc_15", "deg_6"], "9": ["cc_6", "deg_7"], "21": ["cc_20", "deg_6"]}}