{"label": 1, "edges": [[0, 48], [0, 1], [0, 50], [0, 3], [0, 19], [0, 49], [0, 42], [0, 2], [1, 2], [1, 3], [1, 50], [1, 47], [2, 50], [2, 4], [2, 5], [2, 49], [2, 41], [3, 6], [3, 17], [3, 27], [3, 46], [3, 16], [4, 5], [4, 7], [5, 6], [5, 7], [5, 8], [5, 43], [5, 44], [5, 46], [6, 8], [6, 12], [6, 31], [7, 48], [7, 9], [7, 11], [7, 14], [8, 33], [8, 49], [8, 9], [8, 11], [8, 29], [8, 45], [9, 32], [9, 10], [9, 43], [9, 31], [10, 49], [10, 27], [10, 39], [10, 12], [10, 29], [11, 30], [11, 12], [11, 15], [12, 41], [12, 13], [12, 14], [13, 16], [13, 38], [13, 40], [13, 14], [13, 15], [14, 16], [14, 17], [14, 18], [14, 20], [14, 28], [14, 15], [15, 16], [15, 28], [16, 17], [16, 18], [16, 19], [16, 44], [17, 18], [17, 19], [17, 28], [18, 20], [18, 21], [18, 45], [19, 21], [19, 22], [20, 23], [20, 43], [20, 34], [21, 23], [21, 24], [21, 45], [22, 33], [22, 23], [22, 24], [22, 44], [23, 34], [23, 24], [23, 25], [23, 26], [24, 25], [24, 26], [24, 47], [25, 32], [25, 26], [25, 27], [26, 41], [26, 27], [26, 28], [26, 29], [27, 29], [28, 31], [29, 46], [30, 32], [30, 48], [30, 31], [31, 32], [31, 34], [32, 33], [32, 34], [32, 35], [33, 35], [33, 38], [34, 49], [34, 35], [34, 37], [34, 39], [35, 36], [35, 43], [36, 37], [36, 38], [36, 41], [37, 38], [37, 40], [37, 41], [38, 39], [38, 49], [39, 41], [39, 42], [40, 43], [40, 46], [40, 47], [41, 43], [41, 44], [41, 45], [42, 43], [42, 44], [43, 46], [44, 47], [46, 48], [46, 49], [47, 49], [47, 50], [48, 49], [48, 50], [49, 50]], "features": {"27": ["cc_10", "deg_5"], "35": ["cc_6", "deg_5"], "43": ["cc_2", "deg_8"], "47": ["cc_4", "deg_6"], "32": ["cc_7", "deg_7"], "9": ["cc_2", "deg_6"], "33": ["cc_3", "deg_5"], "48": ["cc_8", "deg_6"], "0": ["cc_9", "deg_8"], "2": ["cc_9", "deg_7"], "18": ["cc_11", "deg_6"], "5": ["cc_4", "deg_8"], "14": ["cc_9", "deg_9"], "38": ["cc_2", "deg_6"], "44": ["cc_0", "deg_6"], "39": ["cc_0", "deg_5"], "3": ["cc_3", "deg_7"], "28": ["cc_6", "deg_5"], "23": ["cc_9", "deg_7"], "19": ["cc_3", "deg_5"], "34": ["cc_3", "deg_8"], "11": ["cc_0", "deg_5"], "17": ["cc_13", "deg_6"], "12": ["cc_2", "deg_6"], "25": ["cc_13", "deg_5"], "24": ["cc_11", "deg_6"], "22": ["cc_3", "deg_5"], "15": ["cc_13", "deg_5"], "4": ["cc_22", "deg_3"], "37": ["cc_6", "deg_5"], "45": ["cc_5", "deg_4"], "42": ["cc_0", "deg_4"], "30": ["cc_5", "deg_4"], "31": ["cc_6", "deg_6"], "36": ["cc_11", "deg_4"], "10": ["cc_2", "deg_6"], "49": ["cc_5", "deg_10"], "1": ["cc_16", "deg_5"], "46": ["cc_4", "deg_7"], "26": ["cc_7", "deg_7"], "40": ["cc_3", "deg_5"], "41": ["cc_0", "deg_9"], "20": ["cc_6", "deg_5"], "29": ["cc_6", "deg_5"], "13": ["cc_8", "deg_6"], "6": ["cc_3", "deg_5"], "7": ["cc_2", "deg_6"], "50": ["cc_20", "deg_6"], "8": ["cc_1", "deg_8"], "16": ["cc_9", "deg_8"], "21": ["cc_6", "deg_5"]}}