{"label": 0, "edges": [[0, 1], [0, 2], [0, 3], [0, 59], [0, 61], [1, 2], [1, 3], [1, 4], [1, 60], [1, 61], [2, 3], [2, 4], [2, 5], [2, 61], [3, 4], [3, 6], [3, 32], [3, 41], [3, 13], [4, 5], [4, 6], [4, 7], [5, 6], [5, 7], [5, 44], [6, 34], [6, 7], [6, 8], [6, 9], [7, 8], [7, 9], [7, 10], [8, 9], [8, 10], [8, 11], [9, 19], [9, 10], [9, 23], [10, 11], [10, 12], [10, 13], [11, 51], [11, 12], [11, 13], [12, 25], [12, 13], [12, 14], [13, 19], [13, 15], [14, 16], [14, 17], [14, 15], [15, 17], [15, 30], [15, 23], [16, 17], [16, 18], [16, 19], [17, 18], [17, 19], [17, 20], [18, 19], [18, 20], [18, 21], [19, 20], [19, 21], [19, 22], [20, 21], [20, 22], [20, 23], [21, 22], [21, 23], [21, 50], [22, 23], [22, 24], [22, 25], [23, 24], [23, 25], [23, 26], [24, 52], [24, 25], [24, 26], [24, 27], [25, 26], [25, 27], [25, 28], [26, 42], [26, 27], [26, 28], [26, 29], [27, 54], [27, 29], [27, 31], [28, 29], [28, 30], [28, 31], [29, 32], [29, 30], [29, 31], [30, 32], [30, 33], [30, 31], [31, 33], [31, 34], [31, 59], [32, 33], [32, 34], [32, 35], [33, 34], [33, 35], [33, 36], [34, 35], [34, 54], [35, 36], [35, 37], [35, 38], [36, 37], [36, 39], [36, 43], [36, 60], [37, 38], [37, 39], [37, 40], [38, 50], [38, 39], [38, 40], [38, 41], [39, 40], [39, 41], [39, 42], [40, 41], [40, 42], [40, 43], [41, 43], [41, 44], [42, 51], [42, 44], [42, 45], [43, 44], [43, 45], [43, 46], [44, 59], [44, 45], [44, 46], [45, 48], [45, 46], [45, 47], [46, 48], [46, 49], [46, 47], [47, 48], [47, 49], [47, 50], [48, 49], [48, 50], [48, 51], [49, 50], [49, 51], [49, 52], [50, 52], [50, 53], [51, 52], [51, 53], [52, 56], [52, 54], [52, 55], [53, 54], [53, 55], [53, 56], [54, 55], [54, 56], [54, 57], [55, 56], [55, 57], [55, 58], [56, 57], [56, 59], [57, 58], [57, 59], [57, 60], [58, 59], [58, 60], [58, 61], [59, 60], [59, 61], [60, 61]], "features": {"27": ["cc_11", "deg_6"], "35": ["cc_13", "deg_6"], "43": ["cc_11", "deg_6"], "47": ["cc_23", "deg_5"], "32": ["cc_11", "deg_6"], "56": ["cc_17", "deg_6"], "9": ["cc_11", "deg_6"], "33": ["cc_15", "deg_6"], "48": ["cc_17", "deg_6"], "55": ["cc_17", "deg_6"], "0": ["cc_20", "deg_5"], "2": ["cc_17", "deg_6"], "18": ["cc_23", "deg_5"], "5": ["cc_13", "deg_5"], "14": ["cc_11", "deg_4"], "38": ["cc_13", "deg_6"], "44": ["cc_7", "deg_7"], "39": ["cc_15", "deg_6"], "3": ["cc_7", "deg_8"], "28": ["cc_16", "deg_5"], "51": ["cc_4", "deg_6"], "23": ["cc_9", "deg_8"], "19": ["cc_10", "deg_8"], "61": ["cc_17", "deg_6"], "34": ["cc_8", "deg_6"], "11": ["cc_13", "deg_5"], "17": ["cc_15", "deg_6"], "12": ["cc_10", "deg_5"], "25": ["cc_12", "deg_7"], "24": ["cc_15", "deg_6"], "59": ["cc_8", "deg_8"], "22": ["cc_17", "deg_6"], "60": ["cc_13", "deg_6"], "15": ["cc_3", "deg_5"], "4": ["cc_17", "deg_6"], "37": ["cc_20", "deg_5"], "45": ["cc_15", "deg_6"], "42": ["cc_4", "deg_6"], "30": ["cc_13", "deg_6"], "31": ["cc_9", "deg_7"], "36": ["cc_6", "deg_6"], "57": ["cc_17", "deg_6"], "53": ["cc_10", "deg_5"], "10": ["cc_15", "deg_6"], "49": ["cc_17", "deg_6"], "1": ["cc_17", "deg_6"], "46": ["cc_17", "deg_6"], "26": ["cc_12", "deg_7"], "40": ["cc_15", "deg_6"], "41": ["cc_11", "deg_6"], "20": ["cc_20", "deg_6"], "29": ["cc_15", "deg_6"], "52": ["cc_7", "deg_7"], "58": ["cc_20", "deg_5"], "13": ["cc_6", "deg_6"], "6": ["cc_11", "deg_7"], "7": ["cc_17", "deg_6"], "50": ["cc_6", "deg_7"], "8": ["cc_20", "deg_5"], "16": ["cc_22", "deg_4"], "54": ["cc_11", "deg_7"], "21": ["cc_15", "deg_6"]}}