{"label": 2, "features": {"47": ["cc_0", "deg_3"], "21": ["cc_2", "deg_6"], "34": ["cc_11", "deg_3"], "41": ["cc_0", "deg_4"], "4": ["cc_0", "deg_4"], "42": ["cc_0", "deg_4"], "12": ["cc_0", "deg_4"], "28": ["cc_0", "deg_2"], "5": ["cc_0", "deg_3"], "3": ["cc_0", "deg_3"], "24": ["cc_0", "deg_2"], "19": ["cc_0", "deg_4"], "36": ["cc_5", "deg_4"], "17": ["cc_3", "deg_5"], "11": ["cc_0", "deg_4"], "22": ["cc_0", "deg_5"], "18": ["cc_0", "deg_3"], "2": ["cc_0", "deg_5"], "46": ["cc_0", "deg_2"], "37": ["cc_0", "deg_2"], "38": ["cc_0", "deg_5"], "9": ["cc_3", "deg_5"], "27": ["cc_0", "deg_5"], "35": ["cc_5", "deg_4"], "1": ["cc_0", "deg_4"], "16": ["cc_1", "deg_7"], "25": ["cc_11", "deg_3"], "7": ["cc_5", "deg_4"], "39": ["cc_5", "deg_4"], "0": ["cc_0", "deg_4"], "29": ["cc_0", "deg_3"], "13": ["cc_3", "deg_5"], "6": ["cc_0", "deg_2"], "30": ["cc_0", "deg_4"], "14": ["cc_2", "deg_6"], "32": ["cc_1", "deg_7"], "45": ["cc_0", "deg_4"], "10": ["cc_0", "deg_3"], "33": ["cc_0", "deg_3"], "23": ["cc_5", "deg_4"], "48": ["cc_0", "deg_3"], "40": ["cc_1", "deg_7"], "8": ["cc_1", "deg_8"], "44": ["cc_0", "deg_5"], "31": ["cc_11", "deg_3"], "26": ["cc_5", "deg_4"], "43": ["cc_0", "deg_3"], "20": ["cc_0", "deg_3"], "15": ["cc_0", "deg_2"], "49": ["cc_0", "deg_4"]}, "edges": [[0, 48], [0, 43], [0, 12], [0, 30], [1, 21], [1, 38], [1, 14], [1, 37], [2, 32], [2, 49], [2, 4], [2, 43], [2, 44], [3, 9], [3, 12], [3, 15], [4, 39], [4, 8], [4, 14], [5, 16], [5, 33], [5, 7], [6, 8], [6, 43], [7, 8], [7, 9], [7, 23], [8, 35], [8, 36], [8, 27], [8, 28], [8, 13], [9, 38], [9, 23], [9, 10], [10, 44], [10, 49], [11, 37], [11, 38], [11, 40], [11, 13], [12, 22], [12, 23], [13, 17], [13, 22], [13, 14], [14, 17], [14, 40], [14, 45], [15, 17], [16, 29], [16, 26], [16, 31], [16, 21], [16, 34], [16, 47], [17, 21], [17, 42], [18, 46], [18, 44], [18, 30], [19, 48], [19, 36], [19, 41], [19, 42], [20, 24], [20, 21], [20, 22], [21, 39], [21, 40], [22, 40], [22, 44], [23, 33], [24, 45], [25, 32], [25, 29], [25, 31], [26, 34], [26, 44], [26, 30], [27, 49], [27, 41], [27, 42], [27, 29], [28, 41], [30, 32], [31, 32], [32, 34], [32, 35], [32, 45], [33, 45], [35, 36], [35, 41], [36, 38], [38, 39], [39, 40], [40, 42], [40, 47], [46, 48], [47, 49]]}