{"label": 2, "edges": [[0, 19], [0, 17], [0, 4], [0, 28], [1, 16], [1, 34], [1, 33], [1, 9], [1, 11], [1, 18], [2, 3], [2, 22], [2, 9], [2, 8], [2, 10], [2, 12], [3, 5], [3, 27], [3, 28], [4, 16], [4, 21], [4, 28], [4, 30], [5, 33], [5, 23], [5, 12], [5, 29], [6, 34], [6, 9], [6, 15], [7, 18], [7, 10], [7, 13], [7, 30], [8, 33], [8, 36], [8, 10], [8, 34], [8, 15], [8, 28], [9, 36], [9, 33], [9, 23], [9, 13], [10, 20], [10, 12], [10, 13], [10, 30], [11, 19], [11, 36], [11, 17], [11, 29], [12, 32], [12, 16], [12, 36], [12, 15], [13, 16], [13, 30], [13, 22], [13, 29], [13, 14], [13, 31], [14, 23], [14, 29], [14, 15], [15, 30], [15, 27], [15, 21], [16, 17], [16, 19], [16, 21], [17, 30], [17, 26], [18, 19], [18, 23], [18, 24], [18, 28], [19, 32], [19, 20], [19, 21], [19, 36], [20, 22], [20, 24], [20, 25], [21, 22], [21, 31], [21, 34], [22, 33], [22, 35], [23, 25], [23, 31], [24, 34], [24, 28], [24, 29], [24, 30], [25, 34], [25, 36], [25, 28], [26, 32], [26, 27], [27, 28], [28, 33], [29, 33], [30, 35], [31, 32], [31, 33], [32, 35], [32, 36], [33, 34], [33, 35], [35, 36]], "features": {"27": ["cc_5", "deg_4"], "22": ["cc_2", "deg_6"], "32": ["cc_6", "deg_6"], "15": ["cc_0", "deg_7"], "4": ["cc_6", "deg_5"], "33": ["cc_4", "deg_10"], "35": ["cc_6", "deg_5"], "30": ["cc_3", "deg_8"], "0": ["cc_5", "deg_4"], "2": ["cc_4", "deg_6"], "6": ["cc_0", "deg_3"], "18": ["cc_2", "deg_6"], "5": ["cc_3", "deg_5"], "10": ["cc_7", "deg_7"], "14": ["cc_5", "deg_4"], "1": ["cc_4", "deg_6"], "29": ["cc_4", "deg_6"], "8": ["cc_4", "deg_7"], "20": ["cc_0", "deg_5"], "26": ["cc_0", "deg_3"], "3": ["cc_5", "deg_4"], "11": ["cc_3", "deg_5"], "28": ["cc_3", "deg_9"], "23": ["cc_0", "deg_6"], "19": ["cc_3", "deg_8"], "36": ["cc_4", "deg_8"], "34": ["cc_3", "deg_7"], "13": ["cc_3", "deg_9"], "16": ["cc_3", "deg_7"], "7": ["cc_16", "deg_4"], "17": ["cc_0", "deg_5"], "12": ["cc_3", "deg_7"], "31": ["cc_0", "deg_5"], "25": ["cc_0", "deg_5"], "24": ["cc_2", "deg_6"], "9": ["cc_1", "deg_7"], "21": ["cc_3", "deg_7"]}}