{"label": 2, "edges": [[0, 49], [0, 19], [0, 71], [0, 72], [0, 41], [0, 10], [0, 39], [0, 7], [1, 68], [1, 5], [1, 72], [1, 42], [1, 39], [1, 60], [2, 24], [2, 4], [2, 38], [2, 48], [2, 57], [2, 12], [2, 29], [3, 33], [3, 51], [3, 6], [3, 31], [4, 67], [4, 5], [4, 41], [4, 57], [4, 49], [4, 23], [5, 22], [5, 25], [6, 40], [6, 56], [6, 8], [6, 26], [7, 17], [7, 18], [7, 8], [7, 34], [8, 17], [8, 41], [8, 11], [9, 50], [9, 35], [9, 39], [9, 10], [10, 67], [10, 43], [10, 47], [11, 24], [11, 53], [11, 42], [11, 59], [11, 12], [12, 14], [12, 15], [13, 27], [13, 68], [13, 56], [13, 46], [14, 39], [14, 42], [14, 58], [14, 62], [15, 16], [15, 18], [15, 54], [15, 71], [15, 25], [15, 58], [16, 17], [16, 41], [16, 72], [16, 57], [16, 29], [17, 34], [17, 20], [17, 72], [18, 54], [18, 46], [19, 51], [19, 20], [19, 24], [20, 49], [20, 23], [20, 56], [20, 60], [20, 21], [21, 65], [21, 33], [21, 24], [22, 48], [22, 51], [22, 23], [22, 25], [22, 69], [23, 33], [23, 57], [23, 29], [23, 46], [24, 35], [24, 39], [24, 44], [24, 26], [24, 31], [25, 49], [25, 57], [25, 27], [25, 63], [26, 64], [26, 49], [26, 32], [26, 58], [26, 63], [27, 35], [27, 70], [27, 51], [27, 30], [27, 59], [27, 29], [27, 62], [28, 50], [28, 39], [28, 56], [28, 63], [29, 36], [29, 38], [29, 61], [29, 63], [30, 33], [30, 51], [30, 68], [30, 72], [30, 44], [30, 31], [31, 32], [31, 34], [31, 50], [32, 34], [32, 65], [32, 67], [32, 68], [32, 62], [32, 44], [33, 50], [33, 36], [33, 37], [33, 72], [34, 35], [34, 61], [35, 36], [35, 42], [35, 43], [35, 62], [36, 69], [36, 71], [37, 40], [37, 60], [38, 48], [38, 70], [38, 40], [38, 63], [39, 67], [39, 43], [39, 41], [40, 70], [40, 56], [40, 42], [40, 53], [40, 47], [41, 56], [41, 52], [41, 42], [41, 58], [42, 65], [42, 71], [42, 43], [43, 57], [44, 49], [44, 66], [44, 63], [45, 48], [45, 51], [45, 69], [45, 46], [45, 47], [46, 55], [47, 48], [47, 49], [47, 71], [48, 64], [48, 65], [48, 62], [49, 52], [51, 66], [52, 54], [52, 66], [53, 54], [53, 57], [54, 57], [54, 61], [55, 66], [55, 57], [55, 59], [55, 60], [56, 59], [57, 68], [60, 61], [61, 64], [61, 67], [64, 66], [65, 67], [66, 67], [67, 69], [68, 70], [69, 70], [70, 71]], "features": {"27": ["cc_1", "deg_9"], "35": ["cc_2", "deg_8"], "43": ["cc_3", "deg_5"], "47": ["cc_2", "deg_6"], "32": ["cc_2", "deg_8"], "56": ["cc_1", "deg_7"], "9": ["cc_0", "deg_4"], "33": ["cc_1", "deg_8"], "48": ["cc_2", "deg_8"], "55": ["cc_0", "deg_5"], "0": ["cc_1", "deg_8"], "2": ["cc_4", "deg_7"], "18": ["cc_5", "deg_4"], "5": ["cc_5", "deg_4"], "14": ["cc_0", "deg_5"], "38": ["cc_8", "deg_6"], "44": ["cc_0", "deg_6"], "39": ["cc_0", "deg_9"], "3": ["cc_0", "deg_4"], "68": ["cc_0", "deg_6"], "28": ["cc_0", "deg_4"], "51": ["cc_1", "deg_7"], "23": ["cc_1", "deg_7"], "19": ["cc_0", "deg_4"], "61": ["cc_0", "deg_6"], "34": ["cc_4", "deg_6"], "11": ["cc_0", "deg_6"], "72": ["cc_4", "deg_6"], "17": ["cc_6", "deg_6"], "12": ["cc_0", "deg_4"], "25": ["cc_1", "deg_7"], "24": ["cc_0", "deg_9"], "62": ["cc_3", "deg_5"], "59": ["cc_0", "deg_4"], "69": ["cc_0", "deg_5"], "22": ["cc_2", "deg_6"], "60": ["cc_0", "deg_5"], "70": ["cc_2", "deg_6"], "65": ["cc_3", "deg_5"], "71": ["cc_0", "deg_6"], "15": ["cc_1", "deg_7"], "4": ["cc_3", "deg_7"], "37": ["cc_0", "deg_3"], "45": ["cc_3", "deg_5"], "42": ["cc_0", "deg_9"], "30": ["cc_3", "deg_7"], "31": ["cc_2", "deg_6"], "66": ["cc_0", "deg_6"], "36": ["cc_0", "deg_5"], "67": ["cc_1", "deg_8"], "57": ["cc_2", "deg_10"], "53": ["cc_5", "deg_4"], "10": ["cc_0", "deg_5"], "49": ["cc_0", "deg_8"], "1": ["cc_0", "deg_6"], "46": ["cc_0", "deg_5"], "26": ["cc_0", "deg_7"], "40": ["cc_2", "deg_8"], "41": ["cc_0", "deg_9"], "20": ["cc_0", "deg_7"], "29": ["cc_2", "deg_8"], "52": ["cc_0", "deg_4"], "58": ["cc_0", "deg_4"], "63": ["cc_2", "deg_6"], "64": ["cc_0", "deg_4"], "13": ["cc_0", "deg_4"], "6": ["cc_3", "deg_5"], "7": ["cc_6", "deg_5"], "50": ["cc_0", "deg_4"], "8": ["cc_3", "deg_5"], "16": ["cc_2", "deg_6"], "54": ["cc_4", "deg_6"], "21": ["cc_0", "deg_4"]}}