{"label": 1, "edges": [[0, 3], [0, 5], [0, 25], [0, 30], [1, 2], [1, 3], [1, 4], [1, 9], [1, 34], [2, 3], [2, 36], [2, 29], [2, 14], [3, 19], [3, 4], [3, 36], [3, 16], [4, 18], [4, 22], [4, 6], [4, 33], [5, 33], [5, 27], [5, 32], [5, 23], [5, 30], [5, 15], [6, 16], [6, 25], [6, 7], [6, 23], [7, 14], [7, 9], [7, 21], [7, 20], [7, 15], [8, 16], [8, 20], [8, 28], [8, 30], [9, 34], [9, 36], [9, 10], [9, 13], [9, 21], [9, 27], [10, 26], [10, 12], [10, 30], [11, 18], [11, 19], [11, 22], [11, 12], [12, 22], [12, 23], [12, 14], [13, 30], [13, 14], [14, 17], [14, 36], [14, 25], [14, 15], [15, 16], [15, 23], [16, 19], [17, 18], [17, 35], [17, 20], [17, 31], [17, 29], [18, 34], [18, 35], [18, 20], [18, 36], [18, 28], [19, 20], [19, 21], [20, 36], [20, 22], [20, 23], [20, 28], [20, 24], [21, 32], [21, 33], [21, 22], [22, 35], [22, 25], [22, 30], [23, 25], [23, 26], [24, 25], [24, 26], [24, 31], [25, 34], [25, 27], [26, 36], [26, 29], [27, 28], [27, 29], [27, 30], [28, 32], [28, 35], [28, 29], [29, 32], [29, 31], [30, 34], [31, 33], [31, 34], [32, 34], [33, 36], [35, 36]], "features": {"27": ["cc_4", "deg_6"], "22": ["cc_1", "deg_8"], "32": ["cc_3", "deg_5"], "15": ["cc_6", "deg_5"], "4": ["cc_2", "deg_6"], "33": ["cc_0", "deg_5"], "35": ["cc_10", "deg_5"], "30": ["cc_2", "deg_8"], "0": ["cc_5", "deg_4"], "2": ["cc_10", "deg_5"], "6": ["cc_3", "deg_5"], "18": ["cc_7", "deg_8"], "5": ["cc_4", "deg_7"], "10": ["cc_0", "deg_4"], "14": ["cc_2", "deg_8"], "1": ["cc_10", "deg_5"], "29": ["cc_4", "deg_7"], "8": ["cc_5", "deg_4"], "20": ["cc_2", "deg_10"], "26": ["cc_0", "deg_5"], "3": ["cc_6", "deg_7"], "11": ["cc_5", "deg_4"], "28": ["cc_7", "deg_7"], "23": ["cc_3", "deg_7"], "19": ["cc_3", "deg_5"], "36": ["cc_3", "deg_9"], "34": ["cc_1", "deg_7"], "13": ["cc_0", "deg_3"], "16": ["cc_3", "deg_5"], "7": ["cc_4", "deg_6"], "17": ["cc_6", "deg_6"], "12": ["cc_3", "deg_5"], "31": ["cc_3", "deg_5"], "25": ["cc_1", "deg_8"], "24": ["cc_0", "deg_4"], "9": ["cc_2", "deg_8"], "21": ["cc_2", "deg_6"]}}