{"label": 2, "edges": [[0, 35], [1, 49], [1, 43], [2, 28], [2, 62], [3, 67], [3, 51], [4, 18], [4, 28], [5, 55], [6, 10], [7, 9], [8, 59], [8, 60], [9, 15], [10, 33], [10, 47], [11, 16], [11, 37], [11, 57], [11, 69], [11, 53], [12, 46], [13, 48], [13, 23], [14, 51], [14, 36], [14, 29], [14, 55], [15, 16], [15, 61], [15, 41], [16, 45], [17, 24], [17, 25], [17, 18], [19, 41], [19, 55], [20, 27], [20, 52], [21, 22], [22, 29], [26, 46], [27, 43], [28, 30], [31, 68], [31, 46], [32, 69], [32, 38], [33, 66], [34, 68], [35, 36], [36, 50], [39, 56], [40, 56], [40, 55], [42, 50], [44, 69], [45, 46], [47, 48], [48, 49], [48, 58], [52, 53], [52, 54], [57, 62], [57, 63], [59, 68], [60, 61], [64, 65], [65, 67]], "features": {"27": ["cc_0", "deg_2"], "35": ["cc_0", "deg_2"], "43": ["cc_0", "deg_2"], "47": ["cc_0", "deg_2"], "32": ["cc_0", "deg_2"], "56": ["cc_0", "deg_2"], "9": ["cc_0", "deg_2"], "33": ["cc_0", "deg_2"], "48": ["cc_0", "deg_4"], "55": ["cc_0", "deg_4"], "0": ["cc_0", "deg_1"], "2": ["cc_0", "deg_2"], "18": ["cc_0", "deg_2"], "5": ["cc_0", "deg_1"], "14": ["cc_0", "deg_4"], "38": ["cc_0", "deg_1"], "44": ["cc_0", "deg_1"], "39": ["cc_0", "deg_1"], "3": ["cc_0", "deg_2"], "68": ["cc_0", "deg_3"], "28": ["cc_0", "deg_3"], "51": ["cc_0", "deg_2"], "23": ["cc_0", "deg_1"], "19": ["cc_0", "deg_2"], "61": ["cc_0", "deg_2"], "34": ["cc_0", "deg_1"], "11": ["cc_0", "deg_5"], "17": ["cc_0", "deg_3"], "12": ["cc_0", "deg_1"], "25": ["cc_0", "deg_1"], "24": ["cc_0", "deg_1"], "62": ["cc_0", "deg_2"], "59": ["cc_0", "deg_2"], "69": ["cc_0", "deg_3"], "22": ["cc_0", "deg_2"], "60": ["cc_0", "deg_2"], "65": ["cc_0", "deg_2"], "15": ["cc_0", "deg_4"], "4": ["cc_0", "deg_2"], "37": ["cc_0", "deg_1"], "45": ["cc_0", "deg_2"], "42": ["cc_0", "deg_1"], "30": ["cc_0", "deg_1"], "31": ["cc_0", "deg_2"], "66": ["cc_0", "deg_1"], "36": ["cc_0", "deg_3"], "67": ["cc_0", "deg_2"], "57": ["cc_0", "deg_3"], "53": ["cc_0", "deg_2"], "10": ["cc_0", "deg_3"], "49": ["cc_0", "deg_2"], "1": ["cc_0", "deg_2"], "46": ["cc_0", "deg_4"], "26": ["cc_0", "deg_1"], "40": ["cc_0", "deg_2"], "41": ["cc_0", "deg_2"], "20": ["cc_0", "deg_2"], "29": ["cc_0", "deg_2"], "52": ["cc_0", "deg_3"], "58": ["cc_0", "deg_1"], "63": ["cc_0", "deg_1"], "64": ["cc_0", "deg_1"], "13": ["cc_0", "deg_2"], "6": ["cc_0", "deg_1"], "7": ["cc_0", "deg_1"], "50": ["cc_0", "deg_2"], "8": ["cc_0", "deg_2"], "16": ["cc_0", "deg_3"], "54": ["cc_0", "deg_1"], "21": ["cc_0", "deg_1"]}}