{"label": 1, "edges": [[0, 32], [0, 1], [0, 2], [0, 6], [0, 33], [0, 57], [0, 30], [1, 24], [1, 2], [1, 34], [1, 10], [1, 58], [1, 18], [1, 50], [2, 3], [2, 4], [2, 5], [2, 29], [2, 47], [3, 5], [3, 26], [4, 33], [4, 7], [4, 43], [5, 53], [5, 8], [5, 42], [6, 48], [6, 25], [6, 9], [7, 22], [7, 24], [7, 9], [7, 10], [7, 59], [7, 26], [7, 21], [8, 57], [8, 11], [8, 44], [9, 19], [9, 56], [9, 58], [9, 45], [10, 34], [10, 42], [10, 59], [10, 13], [11, 36], [11, 59], [11, 13], [11, 14], [11, 29], [12, 48], [12, 33], [12, 52], [12, 57], [12, 20], [13, 17], [13, 19], [13, 36], [13, 14], [14, 16], [14, 59], [14, 56], [14, 28], [14, 45], [15, 16], [15, 18], [15, 52], [15, 25], [16, 17], [16, 18], [16, 19], [16, 54], [17, 18], [17, 21], [17, 46], [18, 54], [18, 48], [18, 41], [19, 33], [19, 50], [19, 20], [19, 25], [20, 21], [20, 22], [20, 23], [20, 38], [20, 43], [20, 31], [21, 27], [21, 54], [21, 22], [21, 23], [22, 34], [22, 24], [22, 25], [22, 55], [23, 40], [23, 41], [23, 24], [23, 55], [23, 47], [24, 52], [25, 28], [26, 32], [26, 27], [26, 29], [27, 28], [27, 29], [27, 30], [28, 29], [28, 30], [28, 31], [29, 32], [29, 38], [29, 46], [29, 31], [30, 48], [30, 33], [30, 47], [30, 31], [31, 33], [31, 50], [31, 52], [32, 58], [32, 33], [33, 34], [33, 35], [33, 45], [34, 43], [34, 50], [34, 53], [34, 57], [35, 51], [35, 36], [35, 48], [35, 41], [35, 59], [36, 49], [36, 39], [36, 53], [37, 49], [37, 52], [37, 38], [37, 40], [37, 57], [38, 39], [38, 40], [39, 56], [39, 42], [39, 52], [40, 41], [40, 42], [41, 49], [41, 57], [42, 55], [42, 44], [43, 46], [44, 55], [44, 57], [44, 45], [45, 48], [46, 48], [46, 49], [46, 53], [48, 59], [48, 50], [49, 57], [50, 52], [50, 53], [51, 52], [51, 54], [54, 56], [55, 56], [55, 57], [56, 58], [56, 59], [58, 59]], "features": {"27": ["cc_10", "deg_5"], "35": ["cc_2", "deg_6"], "43": ["cc_0", "deg_4"], "47": ["cc_0", "deg_3"], "32": ["cc_6", "deg_5"], "56": ["cc_4", "deg_7"], "9": ["cc_2", "deg_6"], "33": ["cc_2", "deg_10"], "48": ["cc_0", "deg_9"], "55": ["cc_4", "deg_6"], "0": ["cc_4", "deg_7"], "2": ["cc_3", "deg_7"], "18": ["cc_4", "deg_7"], "5": ["cc_3", "deg_5"], "14": ["cc_4", "deg_7"], "38": ["cc_3", "deg_5"], "44": ["cc_10", "deg_5"], "39": ["cc_0", "deg_5"], "3": ["cc_11", "deg_3"], "28": ["cc_8", "deg_6"], "51": ["cc_0", "deg_3"], "23": ["cc_3", "deg_7"], "19": ["cc_0", "deg_7"], "34": ["cc_3", "deg_8"], "11": ["cc_6", "deg_6"], "17": ["cc_3", "deg_5"], "12": ["cc_0", "deg_5"], "25": ["cc_0", "deg_5"], "24": ["cc_3", "deg_5"], "59": ["cc_5", "deg_8"], "22": ["cc_4", "deg_7"], "15": ["cc_5", "deg_4"], "4": ["cc_0", "deg_4"], "37": ["cc_6", "deg_5"], "45": ["cc_0", "deg_5"], "42": ["cc_2", "deg_6"], "30": ["cc_6", "deg_7"], "31": ["cc_6", "deg_7"], "36": ["cc_2", "deg_6"], "57": ["cc_3", "deg_9"], "53": ["cc_3", "deg_5"], "10": ["cc_4", "deg_6"], "49": ["cc_6", "deg_5"], "1": ["cc_3", "deg_8"], "46": ["cc_0", "deg_6"], "26": ["cc_6", "deg_5"], "40": ["cc_6", "deg_5"], "41": ["cc_4", "deg_6"], "20": ["cc_2", "deg_8"], "29": ["cc_3", "deg_9"], "52": ["cc_1", "deg_8"], "58": ["cc_6", "deg_5"], "13": ["cc_4", "deg_6"], "6": ["cc_0", "deg_4"], "7": ["cc_3", "deg_8"], "50": ["cc_4", "deg_7"], "8": ["cc_5", "deg_4"], "16": ["cc_6", "deg_6"], "54": ["cc_3", "deg_5"], "21": ["cc_4", "deg_7"]}}