{"label": 2, "edges": [[0, 19], [0, 43], [0, 46], [0, 8], [0, 42], [0, 30], [1, 65], [1, 11], [1, 4], [1, 5], [1, 8], [1, 63], [2, 48], [2, 53], [2, 41], [2, 24], [2, 59], [2, 45], [3, 50], [3, 20], [3, 54], [3, 8], [3, 57], [3, 26], [3, 28], [3, 31], [4, 11], [4, 33], [4, 55], [4, 41], [4, 23], [4, 28], [5, 66], [5, 35], [5, 36], [5, 7], [5, 67], [5, 14], [5, 19], [5, 46], [5, 31], [6, 43], [6, 68], [6, 38], [6, 24], [6, 9], [6, 59], [7, 65], [7, 21], [7, 54], [7, 63], [8, 43], [8, 14], [8, 63], [9, 16], [9, 52], [9, 10], [9, 30], [10, 49], [10, 67], [10, 25], [10, 51], [10, 62], [11, 39], [11, 43], [11, 44], [11, 47], [11, 54], [11, 23], [11, 26], [11, 31], [12, 21], [12, 22], [12, 41], [12, 43], [12, 30], [13, 39], [13, 41], [13, 47], [13, 49], [13, 51], [13, 20], [13, 24], [13, 60], [13, 42], [14, 34], [14, 20], [15, 16], [15, 67], [15, 50], [15, 55], [15, 26], [16, 50], [16, 53], [16, 38], [16, 55], [17, 66], [17, 38], [17, 41], [17, 43], [17, 22], [17, 57], [17, 59], [17, 60], [18, 19], [18, 42], [18, 58], [18, 29], [18, 62], [19, 51], [20, 36], [20, 23], [21, 66], [21, 38], [21, 42], [21, 45], [21, 57], [21, 25], [22, 50], [22, 41], [22, 58], [23, 26], [23, 47], [24, 32], [24, 25], [24, 42], [25, 64], [25, 51], [25, 54], [25, 44], [25, 45], [26, 66], [26, 31], [26, 28], [26, 44], [26, 46], [27, 49], [27, 34], [27, 57], [27, 61], [28, 50], [28, 44], [29, 57], [29, 43], [29, 42], [31, 60], [31, 37], [32, 49], [32, 58], [32, 42], [32, 62], [32, 47], [33, 51], [33, 40], [34, 48], [34, 36], [34, 44], [35, 67], [35, 56], [36, 64], [36, 40], [36, 57], [37, 56], [37, 68], [37, 39], [37, 46], [38, 40], [38, 41], [39, 64], [39, 56], [39, 58], [39, 60], [40, 57], [40, 52], [40, 61], [40, 62], [41, 68], [41, 62], [41, 63], [42, 43], [42, 62], [43, 49], [44, 52], [44, 56], [45, 64], [45, 46], [46, 60], [48, 51], [48, 54], [50, 58], [52, 56], [52, 61], [53, 58], [55, 65], [55, 62], [56, 66], [56, 59], [56, 61], [57, 58], [57, 62], [58, 61], [59, 65], [60, 67], [64, 68], [65, 68], [66, 68], [67, 68]], "features": {"27": ["cc_0", "deg_4"], "35": ["cc_11", "deg_3"], "43": ["cc_2", "deg_9"], "47": ["cc_5", "deg_4"], "32": ["cc_4", "deg_6"], "56": ["cc_3", "deg_8"], "9": ["cc_0", "deg_5"], "33": ["cc_0", "deg_3"], "48": ["cc_0", "deg_4"], "55": ["cc_3", "deg_5"], "0": ["cc_4", "deg_6"], "2": ["cc_0", "deg_6"], "18": ["cc_6", "deg_5"], "5": ["cc_0", "deg_10"], "14": ["cc_0", "deg_4"], "38": ["cc_2", "deg_6"], "44": ["cc_4", "deg_7"], "39": ["cc_3", "deg_7"], "3": ["cc_3", "deg_8"], "68": ["cc_0", "deg_7"], "28": ["cc_10", "deg_5"], "51": ["cc_2", "deg_6"], "23": ["cc_10", "deg_5"], "19": ["cc_0", "deg_4"], "61": ["cc_6", "deg_5"], "34": ["cc_0", "deg_5"], "11": ["cc_4", "deg_10"], "17": ["cc_2", "deg_8"], "12": ["cc_3", "deg_5"], "25": ["cc_3", "deg_8"], "24": ["cc_4", "deg_6"], "62": ["cc_3", "deg_8"], "59": ["cc_0", "deg_5"], "22": ["cc_10", "deg_5"], "60": ["cc_2", "deg_6"], "65": ["cc_0", "deg_5"], "15": ["cc_6", "deg_5"], "4": ["cc_3", "deg_7"], "37": ["cc_3", "deg_5"], "45": ["cc_6", "deg_5"], "42": ["cc_6", "deg_9"], "30": ["cc_0", "deg_3"], "31": ["cc_4", "deg_6"], "66": ["cc_0", "deg_6"], "36": ["cc_2", "deg_6"], "67": ["cc_2", "deg_6"], "57": ["cc_1", "deg_9"], "53": ["cc_0", "deg_3"], "10": ["cc_2", "deg_6"], "49": ["cc_0", "deg_5"], "1": ["cc_4", "deg_6"], "46": ["cc_0", "deg_6"], "26": ["cc_5", "deg_9"], "40": ["cc_4", "deg_7"], "41": ["cc_2", "deg_10"], "20": ["cc_0", "deg_5"], "29": ["cc_11", "deg_4"], "52": ["cc_10", "deg_5"], "58": ["cc_1", "deg_8"], "63": ["cc_5", "deg_4"], "64": ["cc_3", "deg_5"], "13": ["cc_1", "deg_9"], "6": ["cc_0", "deg_6"], "7": ["cc_0", "deg_5"], "50": ["cc_6", "deg_6"], "8": ["cc_4", "deg_6"], "16": ["cc_4", "deg_6"], "54": ["cc_0", "deg_5"], "21": ["cc_1", "deg_8"]}}