{"label": 2, "features": {"53": ["cc_0", "deg_5"], "47": ["cc_5", "deg_4"], "21": ["cc_0", "deg_3"], "34": ["cc_3", "deg_5"], "41": ["cc_0", "deg_2"], "4": ["cc_11", "deg_3"], "42": ["cc_0", "deg_2"], "12": ["cc_0", "deg_4"], "28": ["cc_0", "deg_5"], "5": ["cc_3", "deg_5"], "3": ["cc_5", "deg_4"], "51": ["cc_3", "deg_5"], "24": ["cc_0", "deg_4"], "56": ["cc_0", "deg_3"], "55": ["cc_0", "deg_2"], "19": ["cc_0", "deg_4"], "54": ["cc_0", "deg_3"], "36": ["cc_0", "deg_3"], "17": ["cc_0", "deg_3"], "11": ["cc_0", "deg_3"], "22": ["cc_0", "deg_5"], "18": ["cc_0", "deg_4"], "2": ["cc_0", "deg_5"], "46": ["cc_11", "deg_3"], "37": ["cc_0", "deg_5"], "38": ["cc_0", "deg_5"], "9": ["cc_3", "deg_5"], "27": ["cc_2", "deg_6"], "35": ["cc_3", "deg_5"], "1": ["cc_0", "deg_6"], "16": ["cc_0", "deg_4"], "25": ["cc_11", "deg_4"], "7": ["cc_4", "deg_6"], "39": ["cc_0", "deg_3"], "0": ["cc_0", "deg_3"], "29": ["cc_0", "deg_3"], "13": ["cc_0", "deg_6"], "6": ["cc_3", "deg_5"], "30": ["cc_2", "deg_6"], "14": ["cc_11", "deg_3"], "32": ["cc_5", "deg_4"], "45": ["cc_0", "deg_4"], "10": ["cc_0", "deg_4"], "33": ["cc_0", "deg_2"], "23": ["cc_11", "deg_4"], "48": ["cc_2", "deg_6"], "40": ["cc_0", "deg_3"], "8": ["cc_33", "deg_2"], "44": ["cc_0", "deg_6"], "31": ["cc_0", "deg_2"], "26": ["cc_3", "deg_5"], "43": ["cc_0", "deg_3"], "20": ["cc_11", "deg_3"], "50": ["cc_0", "deg_4"], "52": ["cc_0", "deg_4"], "15": ["cc_0", "deg_4"], "49": ["cc_0", "deg_4"]}, "edges": [[0, 2], [0, 34], [0, 13], [1, 2], [1, 35], [1, 5], [1, 56], [1, 10], [1, 31], [2, 18], [2, 43], [2, 28], [3, 35], [3, 6], [3, 56], [3, 29], [4, 5], [4, 6], [4, 7], [5, 32], [5, 7], [5, 44], [6, 35], [6, 11], [6, 28], [7, 17], [7, 8], [7, 9], [7, 37], [8, 9], [9, 40], [9, 10], [9, 27], [10, 53], [10, 24], [11, 19], [11, 13], [12, 40], [12, 37], [12, 49], [12, 24], [13, 50], [13, 36], [13, 38], [13, 15], [14, 32], [14, 34], [14, 38], [15, 16], [15, 27], [15, 28], [16, 17], [16, 18], [16, 39], [17, 28], [18, 19], [18, 44], [19, 22], [19, 50], [20, 51], [20, 23], [20, 25], [21, 40], [21, 22], [21, 31], [22, 34], [22, 23], [22, 41], [23, 25], [23, 30], [24, 39], [24, 26], [25, 27], [25, 30], [26, 48], [26, 50], [26, 51], [26, 27], [27, 33], [27, 51], [28, 48], [29, 52], [29, 30], [30, 36], [30, 41], [30, 54], [32, 34], [32, 35], [33, 35], [34, 52], [36, 45], [37, 52], [37, 55], [37, 45], [38, 49], [38, 54], [38, 39], [42, 44], [42, 47], [43, 53], [43, 49], [44, 51], [44, 45], [44, 46], [45, 47], [46, 48], [46, 47], [47, 48], [48, 52], [48, 53], [49, 50], [51, 53], [53, 54], [55, 56]]}