{"label": 2, "edges": [[0, 1], [0, 61], [0, 69], [0, 26], [0, 30], [0, 47], [1, 26], [1, 10], [1, 46], [2, 17], [2, 4], [2, 87], [2, 41], [2, 44], [2, 55], [2, 15], [3, 5], [3, 69], [3, 13], [3, 14], [3, 37], [4, 38], [4, 56], [4, 57], [4, 60], [4, 50], [5, 17], [5, 21], [5, 49], [5, 75], [5, 18], [6, 68], [6, 7], [6, 9], [6, 45], [7, 84], [7, 57], [7, 9], [7, 58], [8, 35], [8, 10], [8, 11], [8, 70], [8, 21], [9, 71], [9, 55], [9, 45], [10, 50], [10, 51], [10, 11], [10, 12], [10, 79], [11, 36], [11, 62], [11, 25], [11, 26], [12, 19], [12, 35], [12, 39], [12, 47], [13, 17], [13, 83], [13, 71], [13, 24], [13, 15], [14, 17], [14, 75], [14, 68], [14, 55], [14, 47], [14, 15], [15, 34], [15, 54], [15, 76], [16, 19], [16, 53], [16, 67], [16, 30], [16, 61], [17, 65], [17, 68], [17, 74], [17, 90], [17, 59], [18, 19], [18, 52], [18, 86], [18, 22], [18, 74], [19, 35], [19, 20], [19, 38], [19, 22], [19, 41], [19, 37], [20, 21], [20, 86], [20, 23], [20, 42], [20, 28], [21, 35], [21, 70], [21, 52], [21, 76], [22, 53], [22, 23], [22, 62], [23, 67], [23, 55], [23, 24], [23, 36], [23, 44], [24, 35], [24, 57], [24, 90], [25, 91], [25, 56], [25, 26], [25, 78], [26, 80], [26, 48], [27, 73], [27, 43], [27, 29], [27, 30], [28, 83], [28, 73], [28, 43], [28, 29], [29, 32], [29, 38], [29, 89], [29, 57], [29, 60], [30, 35], [30, 46], [30, 31], [31, 33], [31, 37], [31, 76], [31, 61], [32, 33], [32, 34], [32, 40], [33, 34], [33, 78], [33, 54], [33, 90], [33, 70], [34, 65], [34, 36], [34, 87], [34, 76], [34, 78], [35, 37], [35, 40], [35, 51], [35, 63], [36, 53], [36, 38], [36, 41], [36, 69], [37, 80], [38, 65], [38, 53], [38, 56], [38, 80], [38, 44], [39, 91], [39, 71], [39, 72], [39, 42], [39, 79], [39, 82], [39, 59], [39, 62], [40, 81], [40, 86], [40, 72], [40, 85], [41, 44], [41, 46], [41, 52], [41, 85], [42, 64], [42, 43], [42, 60], [43, 80], [43, 44], [43, 46], [43, 47], [44, 79], [45, 82], [45, 83], [45, 46], [45, 47], [46, 48], [46, 80], [46, 71], [47, 48], [47, 65], [48, 49], [48, 79], [49, 50], [49, 52], [49, 77], [50, 81], [50, 89], [50, 77], [51, 83], [51, 84], [51, 55], [52, 71], [52, 60], [53, 55], [54, 58], [54, 81], [54, 90], [54, 77], [55, 80], [56, 64], [57, 73], [57, 76], [58, 89], [58, 59], [59, 71], [59, 82], [59, 85], [59, 88], [60, 61], [60, 63], [61, 64], [61, 84], [61, 71], [61, 77], [62, 68], [63, 66], [63, 90], [64, 67], [64, 71], [64, 77], [65, 68], [66, 81], [66, 68], [66, 84], [67, 69], [67, 89], [67, 75], [67, 77], [68, 83], [68, 69], [68, 70], [69, 73], [69, 84], [70, 73], [72, 88], [72, 73], [72, 75], [73, 88], [73, 76], [73, 78], [74, 91], [74, 77], [75, 78], [76, 88], [77, 79], [77, 90], [78, 80], [79, 89], [80, 88], [85, 86], [86, 87], [87, 88], [87, 89], [87, 90], [87, 91]], "features": {"27": ["cc_0", "deg_4"], "35": ["cc_2", "deg_10"], "43": ["cc_1", "deg_7"], "47": ["cc_0", "deg_7"], "56": ["cc_5", "deg_4"], "23": ["cc_0", "deg_7"], "9": ["cc_6", "deg_5"], "0": ["cc_2", "deg_6"], "6": ["cc_11", "deg_4"], "18": ["cc_2", "deg_6"], "14": ["cc_1", "deg_7"], "38": ["cc_1", "deg_9"], "82": ["cc_11", "deg_3"], "68": ["cc_1", "deg_9"], "51": ["cc_0", "deg_5"], "77": ["cc_3", "deg_9"], "19": ["cc_2", "deg_9"], "34": ["cc_3", "deg_8"], "75": ["cc_0", "deg_5"], "11": ["cc_4", "deg_6"], "88": ["cc_4", "deg_6"], "17": ["cc_1", "deg_9"], "25": ["cc_3", "deg_5"], "24": ["cc_0", "deg_5"], "70": ["cc_3", "deg_5"], "15": ["cc_2", "deg_6"], "62": ["cc_0", "deg_4"], "40": ["cc_2", "deg_6"], "30": ["cc_0", "deg_6"], "31": ["cc_0", "deg_5"], "66": ["cc_0", "deg_4"], "36": ["cc_1", "deg_7"], "57": ["cc_2", "deg_6"], "10": ["cc_1", "deg_7"], "49": ["cc_3", "deg_5"], "1": ["cc_5", "deg_4"], "46": ["cc_1", "deg_8"], "60": ["cc_0", "deg_6"], "41": ["cc_1", "deg_7"], "29": ["cc_0", "deg_7"], "74": ["cc_0", "deg_4"], "13": ["cc_0", "deg_6"], "2": ["cc_1", "deg_7"], "7": ["cc_3", "deg_5"], "84": ["cc_0", "deg_5"], "79": ["cc_0", "deg_6"], "90": ["cc_3", "deg_7"], "32": ["cc_5", "deg_4"], "33": ["cc_4", "deg_7"], "55": ["cc_0", "deg_7"], "48": ["cc_0", "deg_5"], "85": ["cc_5", "deg_4"], "5": ["cc_0", "deg_6"], "80": ["cc_1", "deg_8"], "81": ["cc_0", "deg_4"], "86": ["cc_3", "deg_5"], "87": ["cc_0", "deg_7"], "44": ["cc_2", "deg_6"], "39": ["cc_1", "deg_9"], "3": ["cc_0", "deg_5"], "28": ["cc_0", "deg_5"], "83": ["cc_0", "deg_5"], "76": ["cc_4", "deg_7"], "72": ["cc_3", "deg_5"], "89": ["cc_0", "deg_6"], "12": ["cc_3", "deg_5"], "59": ["cc_3", "deg_7"], "69": ["cc_0", "deg_7"], "22": ["cc_3", "deg_5"], "50": ["cc_2", "deg_6"], "71": ["cc_2", "deg_8"], "4": ["cc_2", "deg_6"], "78": ["cc_2", "deg_6"], "91": ["cc_0", "deg_4"], "45": ["cc_2", "deg_6"], "42": ["cc_0", "deg_5"], "21": ["cc_3", "deg_7"], "8": ["cc_10", "deg_5"], "53": ["cc_3", "deg_5"], "67": ["cc_1", "deg_7"], "37": ["cc_3", "deg_5"], "20": ["cc_0", "deg_6"], "26": ["cc_4", "deg_6"], "52": ["cc_0", "deg_6"], "58": ["cc_0", "deg_4"], "63": ["cc_0", "deg_4"], "64": ["cc_6", "deg_6"], "54": ["cc_4", "deg_6"], "65": ["cc_3", "deg_5"], "61": ["cc_2", "deg_8"], "16": ["cc_0", "deg_5"], "73": ["cc_2", "deg_9"]}}