{"label": 2, "edges": [[0, 19], [0, 3], [0, 21], [0, 10], [0, 12], [1, 17], [1, 2], [1, 3], [1, 20], [1, 9], [1, 23], [1, 10], [1, 7], [1, 13], [2, 18], [2, 9], [2, 6], [2, 7], [2, 8], [2, 20], [3, 18], [3, 7], [3, 23], [3, 10], [3, 11], [3, 13], [4, 6], [4, 8], [4, 25], [4, 18], [5, 16], [5, 20], [5, 25], [5, 10], [5, 15], [6, 18], [6, 11], [6, 20], [6, 15], [7, 12], [7, 14], [7, 15], [7, 23], [7, 24], [8, 19], [8, 11], [8, 12], [9, 19], [9, 21], [9, 17], [10, 16], [10, 17], [10, 23], [11, 12], [11, 15], [11, 19], [11, 23], [11, 24], [12, 20], [12, 22], [12, 23], [13, 16], [14, 20], [14, 23], [14, 15], [15, 16], [16, 18], [16, 24], [16, 25], [18, 20], [19, 21], [19, 25], [20, 24], [20, 25], [21, 22], [21, 23], [22, 24], [22, 25]], "features": {"22": ["cc_0", "deg_4"], "15": ["cc_6", "deg_6"], "4": ["cc_5", "deg_4"], "0": ["cc_6", "deg_5"], "2": ["cc_9", "deg_7"], "6": ["cc_11", "deg_6"], "18": ["cc_8", "deg_6"], "5": ["cc_13", "deg_5"], "10": ["cc_9", "deg_7"], "14": ["cc_11", "deg_4"], "1": ["cc_10", "deg_9"], "8": ["cc_6", "deg_5"], "20": ["cc_4", "deg_9"], "3": ["cc_9", "deg_8"], "11": ["cc_5", "deg_8"], "23": ["cc_10", "deg_8"], "19": ["cc_6", "deg_6"], "13": ["cc_11", "deg_3"], "16": ["cc_4", "deg_7"], "7": ["cc_8", "deg_8"], "17": ["cc_22", "deg_3"], "12": ["cc_4", "deg_7"], "25": ["cc_4", "deg_6"], "24": ["cc_0", "deg_5"], "9": ["cc_10", "deg_5"], "21": ["cc_6", "deg_5"]}}