{"label": 2, "edges": [[0, 16], [0, 6], [0, 7], [0, 10], [0, 30], [1, 20], [1, 6], [1, 25], [1, 26], [1, 12], [1, 31], [2, 16], [2, 14], [3, 19], [3, 9], [3, 10], [4, 5], [4, 22], [4, 24], [4, 13], [5, 17], [5, 18], [6, 8], [6, 23], [7, 20], [7, 21], [8, 25], [8, 15], [8, 23], [9, 11], [9, 28], [10, 20], [10, 12], [10, 30], [11, 12], [11, 13], [12, 23], [12, 14], [13, 14], [13, 15], [14, 20], [14, 15], [15, 16], [15, 23], [15, 27], [15, 29], [16, 20], [16, 24], [17, 18], [17, 26], [18, 20], [18, 29], [19, 33], [19, 20], [19, 21], [19, 25], [20, 29], [21, 22], [22, 32], [22, 24], [22, 26], [23, 30], [24, 33], [24, 26], [27, 29], [28, 30], [30, 31], [32, 33]], "features": {"27": ["cc_33", "deg_2"], "22": ["cc_6", "deg_5"], "32": ["cc_0", "deg_2"], "15": ["cc_4", "deg_7"], "4": ["cc_5", "deg_4"], "33": ["cc_0", "deg_3"], "30": ["cc_3", "deg_5"], "0": ["cc_3", "deg_5"], "2": ["cc_0", "deg_2"], "6": ["cc_5", "deg_4"], "18": ["cc_11", "deg_4"], "5": ["cc_11", "deg_3"], "10": ["cc_3", "deg_5"], "14": ["cc_3", "deg_5"], "1": ["cc_0", "deg_6"], "29": ["cc_11", "deg_4"], "8": ["cc_11", "deg_4"], "20": ["cc_1", "deg_8"], "26": ["cc_5", "deg_4"], "3": ["cc_0", "deg_3"], "11": ["cc_0", "deg_3"], "28": ["cc_0", "deg_2"], "23": ["cc_6", "deg_5"], "19": ["cc_0", "deg_5"], "13": ["cc_5", "deg_4"], "16": ["cc_0", "deg_5"], "7": ["cc_0", "deg_3"], "17": ["cc_11", "deg_3"], "12": ["cc_0", "deg_5"], "31": ["cc_0", "deg_2"], "25": ["cc_0", "deg_3"], "24": ["cc_6", "deg_5"], "9": ["cc_0", "deg_3"], "21": ["cc_0", "deg_3"]}}