{"label": 0, "edges": [[0, 96], [0, 1], [0, 2], [0, 3], [0, 94], [1, 2], [1, 3], [1, 4], [1, 95], [2, 3], [2, 4], [2, 96], [2, 93], [3, 4], [3, 5], [3, 6], [4, 5], [4, 6], [4, 7], [4, 73], [5, 6], [5, 7], [5, 8], [6, 7], [6, 8], [6, 9], [7, 48], [7, 8], [7, 10], [8, 68], [8, 9], [8, 10], [8, 11], [9, 35], [9, 10], [9, 11], [9, 12], [10, 11], [10, 12], [10, 13], [11, 12], [11, 13], [11, 14], [12, 16], [12, 13], [12, 94], [12, 15], [13, 90], [13, 14], [13, 15], [14, 16], [14, 17], [14, 78], [14, 15], [15, 16], [15, 17], [15, 18], [16, 17], [16, 18], [17, 18], [17, 19], [17, 21], [18, 19], [18, 20], [18, 21], [19, 20], [19, 21], [19, 22], [20, 21], [20, 22], [20, 23], [21, 22], [21, 23], [21, 24], [22, 23], [22, 24], [22, 25], [23, 24], [23, 25], [23, 26], [24, 25], [24, 26], [24, 27], [24, 31], [25, 26], [25, 27], [25, 28], [26, 50], [26, 27], [26, 28], [27, 96], [27, 28], [27, 29], [28, 69], [28, 29], [28, 30], [29, 32], [29, 30], [29, 31], [30, 32], [30, 33], [30, 31], [31, 32], [31, 34], [32, 33], [32, 35], [32, 84], [32, 40], [33, 34], [33, 35], [33, 36], [34, 35], [34, 36], [34, 81], [34, 95], [35, 36], [35, 37], [36, 37], [36, 38], [36, 39], [37, 38], [37, 39], [37, 40], [38, 83], [38, 39], [38, 41], [39, 40], [39, 41], [39, 42], [40, 41], [40, 42], [41, 42], [41, 43], [41, 44], [42, 43], [42, 44], [42, 45], [43, 54], [43, 45], [43, 46], [44, 49], [44, 65], [44, 45], [44, 46], [44, 47], [45, 48], [45, 46], [45, 47], [46, 48], [46, 49], [46, 47], [47, 48], [47, 49], [47, 50], [48, 49], [48, 50], [48, 51], [49, 50], [49, 51], [50, 51], [50, 72], [50, 92], [51, 52], [51, 53], [51, 54], [52, 53], [52, 54], [52, 55], [53, 54], [53, 55], [53, 56], [54, 96], [54, 55], [54, 56], [54, 57], [55, 56], [55, 57], [55, 58], [56, 57], [56, 58], [56, 59], [57, 58], [57, 59], [57, 60], [58, 59], [58, 60], [58, 61], [59, 60], [59, 61], [59, 62], [60, 61], [60, 62], [60, 63], [61, 64], [61, 62], [61, 63], [62, 64], [62, 65], [62, 63], [63, 64], [63, 65], [63, 66], [64, 65], [64, 66], [64, 67], [65, 66], [65, 67], [66, 67], [66, 68], [66, 69], [67, 69], [67, 70], [67, 89], [68, 69], [68, 79], [69, 70], [69, 71], [69, 72], [70, 71], [70, 72], [70, 73], [71, 72], [71, 73], [71, 74], [72, 73], [72, 74], [72, 75], [73, 75], [73, 76], [74, 75], [74, 76], [74, 77], [75, 76], [75, 77], [75, 78], [76, 77], [76, 78], [76, 79], [77, 80], [77, 78], [77, 79], [78, 80], [78, 79], [79, 80], [79, 81], [79, 82], [80, 81], [80, 82], [80, 83], [81, 82], [81, 83], [81, 84], [82, 83], [82, 84], [82, 85], [83, 84], [83, 85], [83, 86], [84, 85], [84, 86], [84, 87], [85, 86], [85, 87], [85, 88], [86, 87], [86, 88], [86, 89], [87, 88], [87, 89], [87, 90], [88, 89], [88, 90], [88, 91], [89, 90], [89, 91], [89, 92], [90, 91], [90, 92], [90, 93], [91, 92], [91, 93], [91, 94], [92, 93], [92, 94], [92, 95], [93, 96], [93, 94], [93, 95], [94, 96], [94, 95], [95, 96]], "features": {"27": ["cc_13", "deg_6"], "35": ["cc_11", "deg_6"], "43": ["cc_10", "deg_5"], "47": ["cc_22", "deg_6"], "56": ["cc_20", "deg_6"], "23": ["cc_20", "deg_6"], "9": ["cc_13", "deg_6"], "94": ["cc_12", "deg_7"], "0": ["cc_16", "deg_5"], "6": ["cc_17", "deg_6"], "18": ["cc_17", "deg_6"], "14": ["cc_11", "deg_6"], "38": ["cc_13", "deg_5"], "82": ["cc_20", "deg_6"], "68": ["cc_5", "deg_4"], "51": ["cc_13", "deg_6"], "77": ["cc_20", "deg_6"], "19": ["cc_23", "deg_5"], "34": ["cc_6", "deg_6"], "75": ["cc_17", "deg_6"], "11": ["cc_17", "deg_6"], "88": ["cc_20", "deg_6"], "17": ["cc_17", "deg_6"], "25": ["cc_20", "deg_6"], "24": ["cc_14", "deg_7"], "70": ["cc_20", "deg_5"], "15": ["cc_17", "deg_6"], "62": ["cc_20", "deg_6"], "40": ["cc_13", "deg_5"], "30": ["cc_16", "deg_5"], "31": ["cc_10", "deg_5"], "66": ["cc_15", "deg_6"], "36": ["cc_15", "deg_6"], "57": ["cc_20", "deg_6"], "10": ["cc_17", "deg_6"], "49": ["cc_20", "deg_6"], "1": ["cc_16", "deg_5"], "46": ["cc_20", "deg_6"], "60": ["cc_20", "deg_6"], "41": ["cc_13", "deg_6"], "29": ["cc_16", "deg_5"], "74": ["cc_16", "deg_5"], "13": ["cc_13", "deg_6"], "2": ["cc_15", "deg_6"], "7": ["cc_13", "deg_6"], "84": ["cc_14", "deg_7"], "79": ["cc_12", "deg_7"], "90": ["cc_14", "deg_7"], "32": ["cc_7", "deg_7"], "33": ["cc_16", "deg_5"], "55": ["cc_20", "deg_6"], "48": ["cc_14", "deg_7"], "85": ["cc_20", "deg_6"], "5": ["cc_23", "deg_5"], "80": ["cc_17", "deg_6"], "81": ["cc_15", "deg_6"], "86": ["cc_20", "deg_6"], "87": ["cc_20", "deg_6"], "44": ["cc_11", "deg_7"], "39": ["cc_17", "deg_6"], "3": ["cc_17", "deg_6"], "92": ["cc_14", "deg_7"], "28": ["cc_11", "deg_6"], "83": ["cc_14", "deg_7"], "76": ["cc_17", "deg_6"], "72": ["cc_12", "deg_7"], "96": ["cc_9", "deg_7"], "89": ["cc_14", "deg_7"], "12": ["cc_11", "deg_7"], "59": ["cc_20", "deg_6"], "69": ["cc_9", "deg_7"], "22": ["cc_20", "deg_6"], "50": ["cc_7", "deg_7"], "71": ["cc_20", "deg_5"], "4": ["cc_12", "deg_7"], "78": ["cc_15", "deg_6"], "91": ["cc_20", "deg_6"], "45": ["cc_17", "deg_6"], "42": ["cc_15", "deg_6"], "21": ["cc_17", "deg_7"], "8": ["cc_12", "deg_7"], "53": ["cc_23", "deg_5"], "67": ["cc_11", "deg_6"], "37": ["cc_16", "deg_5"], "95": ["cc_11", "deg_6"], "20": ["cc_23", "deg_5"], "26": ["cc_15", "deg_6"], "93": ["cc_15", "deg_7"], "52": ["cc_27", "deg_4"], "58": ["cc_20", "deg_6"], "63": ["cc_20", "deg_6"], "64": ["cc_20", "deg_6"], "54": ["cc_10", "deg_8"], "65": ["cc_15", "deg_6"], "61": ["cc_20", "deg_6"], "16": ["cc_20", "deg_5"], "73": ["cc_11", "deg_6"]}}