{"label": 0, "edges": [[0, 2], [0, 3], [0, 11], [0, 61], [0, 62], [0, 63], [1, 32], [1, 3], [1, 31], [1, 62], [1, 63], [2, 4], [2, 5], [2, 24], [2, 25], [2, 63], [3, 4], [3, 5], [3, 6], [3, 45], [4, 5], [4, 6], [4, 7], [5, 6], [5, 7], [5, 8], [5, 20], [6, 7], [6, 9], [6, 15], [7, 8], [7, 9], [7, 10], [8, 23], [8, 9], [8, 10], [8, 11], [9, 10], [9, 12], [9, 14], [10, 11], [10, 12], [10, 13], [10, 30], [11, 18], [11, 13], [11, 14], [12, 17], [12, 13], [12, 14], [12, 15], [13, 16], [13, 14], [13, 15], [14, 16], [14, 17], [14, 36], [15, 16], [15, 17], [15, 18], [16, 48], [16, 17], [16, 18], [16, 19], [17, 20], [17, 54], [18, 19], [18, 20], [18, 21], [19, 20], [19, 21], [19, 22], [20, 22], [20, 30], [21, 22], [21, 23], [21, 24], [22, 23], [22, 24], [22, 25], [22, 55], [23, 25], [23, 26], [24, 25], [24, 27], [25, 26], [25, 27], [25, 28], [26, 28], [26, 29], [26, 30], [27, 28], [27, 29], [27, 30], [28, 41], [28, 29], [28, 30], [28, 31], [29, 32], [29, 30], [29, 31], [30, 32], [30, 31], [31, 32], [31, 33], [31, 34], [32, 34], [32, 35], [32, 63], [33, 34], [33, 35], [33, 36], [34, 35], [34, 36], [34, 37], [35, 36], [35, 38], [35, 60], [36, 37], [36, 38], [36, 39], [37, 38], [37, 39], [37, 40], [38, 39], [38, 40], [38, 41], [39, 40], [39, 41], [39, 42], [39, 45], [40, 41], [40, 42], [40, 43], [40, 47], [41, 43], [41, 44], [42, 43], [42, 44], [42, 45], [43, 44], [43, 45], [43, 46], [44, 45], [44, 46], [44, 47], [45, 47], [46, 48], [46, 49], [46, 47], [47, 48], [47, 49], [48, 49], [48, 51], [49, 50], [49, 51], [49, 52], [49, 58], [49, 60], [50, 51], [50, 52], [50, 53], [51, 52], [51, 53], [51, 54], [52, 53], [52, 54], [52, 55], [53, 54], [53, 55], [53, 56], [54, 55], [54, 56], [54, 57], [55, 56], [55, 58], [56, 57], [56, 58], [56, 59], [57, 58], [57, 59], [57, 60], [58, 59], [58, 60], [59, 60], [59, 61], [59, 62], [60, 61], [60, 63], [61, 62], [61, 63], [62, 63]], "features": {"27": ["cc_16", "deg_5"], "35": ["cc_11", "deg_6"], "43": ["cc_15", "deg_6"], "47": ["cc_11", "deg_6"], "32": ["cc_11", "deg_7"], "56": ["cc_17", "deg_6"], "9": ["cc_13", "deg_6"], "33": ["cc_22", "deg_4"], "48": ["cc_13", "deg_5"], "55": ["cc_13", "deg_6"], "0": ["cc_8", "deg_6"], "2": ["cc_6", "deg_6"], "18": ["cc_8", "deg_6"], "5": ["cc_11", "deg_7"], "14": ["cc_9", "deg_7"], "38": ["cc_17", "deg_6"], "44": ["cc_15", "deg_6"], "39": ["cc_14", "deg_7"], "3": ["cc_6", "deg_6"], "28": ["cc_14", "deg_7"], "51": ["cc_17", "deg_6"], "23": ["cc_10", "deg_5"], "19": ["cc_16", "deg_5"], "61": ["cc_20", "deg_5"], "34": ["cc_15", "deg_6"], "11": ["cc_6", "deg_6"], "17": ["cc_8", "deg_6"], "12": ["cc_15", "deg_6"], "25": ["cc_11", "deg_7"], "24": ["cc_13", "deg_5"], "62": ["cc_16", "deg_5"], "59": ["cc_15", "deg_6"], "22": ["cc_9", "deg_7"], "60": ["cc_9", "deg_7"], "15": ["cc_11", "deg_6"], "4": ["cc_20", "deg_5"], "37": ["cc_20", "deg_5"], "45": ["cc_11", "deg_6"], "42": ["cc_20", "deg_5"], "30": ["cc_10", "deg_8"], "31": ["cc_12", "deg_7"], "36": ["cc_12", "deg_7"], "57": ["cc_20", "deg_5"], "53": ["cc_20", "deg_6"], "10": ["cc_11", "deg_7"], "49": ["cc_9", "deg_8"], "1": ["cc_10", "deg_5"], "46": ["cc_16", "deg_5"], "26": ["cc_16", "deg_5"], "40": ["cc_12", "deg_7"], "41": ["cc_11", "deg_6"], "20": ["cc_4", "deg_6"], "29": ["cc_20", "deg_6"], "52": ["cc_20", "deg_6"], "58": ["cc_15", "deg_6"], "63": ["cc_11", "deg_7"], "13": ["cc_15", "deg_6"], "6": ["cc_13", "deg_6"], "7": ["cc_17", "deg_6"], "50": ["cc_27", "deg_4"], "8": ["cc_11", "deg_6"], "16": ["cc_9", "deg_7"], "54": ["cc_12", "deg_7"], "21": ["cc_13", "deg_5"]}}