{"label": 0, "features": {"53": ["cc_0", "deg_3"], "47": ["cc_0", "deg_4"], "68": ["cc_11", "deg_4"], "21": ["cc_2", "deg_6"], "34": ["cc_5", "deg_4"], "67": ["cc_5", "deg_4"], "41": ["cc_2", "deg_6"], "4": ["cc_5", "deg_4"], "42": ["cc_0", "deg_3"], "12": ["cc_10", "deg_5"], "28": ["cc_16", "deg_4"], "66": ["cc_5", "deg_4"], "5": ["cc_0", "deg_2"], "65": ["cc_0", "deg_4"], "61": ["cc_11", "deg_4"], "3": ["cc_11", "deg_3"], "64": ["cc_5", "deg_4"], "51": ["cc_0", "deg_4"], "24": ["cc_11", "deg_4"], "56": ["cc_0", "deg_4"], "55": ["cc_0", "deg_3"], "19": ["cc_11", "deg_4"], "54": ["cc_0", "deg_4"], "36": ["cc_22", "deg_3"], "17": ["cc_6", "deg_5"], "11": ["cc_11", "deg_4"], "22": ["cc_0", "deg_3"], "71": ["cc_11", "deg_4"], "18": ["cc_6", "deg_5"], "59": ["cc_33", "deg_2"], "2": ["cc_5", "deg_4"], "46": ["cc_0", "deg_3"], "37": ["cc_3", "deg_7"], "38": ["cc_6", "deg_5"], "73": ["cc_16", "deg_4"], "78": ["cc_0", "deg_3"], "9": ["cc_16", "deg_4"], "27": ["cc_16", "deg_4"], "58": ["cc_0", "deg_4"], "35": ["cc_6", "deg_5"], "1": ["cc_0", "deg_4"], "16": ["cc_10", "deg_5"], "80": ["cc_0", "deg_4"], "25": ["cc_16", "deg_4"], "7": ["cc_11", "deg_4"], "39": ["cc_33", "deg_2"], "0": ["cc_0", "deg_5"], "29": ["cc_11", "deg_4"], "63": ["cc_11", "deg_4"], "13": ["cc_6", "deg_5"], "6": ["cc_11", "deg_3"], "30": ["cc_3", "deg_5"], "14": ["cc_3", "deg_5"], "32": ["cc_0", "deg_2"], "45": ["cc_0", "deg_4"], "10": ["cc_10", "deg_5"], "33": ["cc_11", "deg_3"], "23": ["cc_11", "deg_3"], "69": ["cc_22", "deg_3"], "76": ["cc_3", "deg_5"], "48": ["cc_0", "deg_4"], "79": ["cc_0", "deg_4"], "77": ["cc_0", "deg_5"], "40": ["cc_6", "deg_5"], "81": ["cc_0", "deg_3"], "72": ["cc_22", "deg_3"], "8": ["cc_16", "deg_4"], "44": ["cc_0", "deg_3"], "31": ["cc_0", "deg_4"], "75": ["cc_5", "deg_4"], "26": ["cc_16", "deg_4"], "43": ["cc_0", "deg_4"], "57": ["cc_0", "deg_4"], "20": ["cc_4", "deg_6"], "50": ["cc_5", "deg_4"], "62": ["cc_11", "deg_4"], "60": ["cc_3", "deg_5"], "52": ["cc_0", "deg_2"], "15": ["cc_22", "deg_3"], "74": ["cc_6", "deg_6"], "70": ["cc_6", "deg_5"], "49": ["cc_0", "deg_3"]}, "edges": [[0, 80], [0, 81], [0, 2], [0, 5], [0, 34], [1, 56], [1, 81], [1, 2], [1, 40], [2, 3], [2, 4], [3, 41], [3, 4], [4, 37], [4, 6], [5, 7], [6, 8], [6, 7], [7, 8], [7, 9], [8, 9], [8, 10], [9, 10], [9, 12], [10, 11], [10, 12], [10, 65], [11, 60], [11, 12], [11, 13], [12, 13], [12, 14], [13, 79], [13, 76], [13, 74], [14, 16], [14, 48], [14, 57], [14, 15], [15, 16], [15, 17], [16, 56], [16, 17], [16, 18], [17, 65], [17, 18], [17, 79], [18, 19], [18, 20], [18, 77], [19, 20], [19, 21], [19, 41], [20, 51], [20, 21], [20, 75], [20, 78], [21, 80], [21, 22], [21, 23], [21, 43], [22, 24], [22, 76], [23, 24], [23, 25], [24, 25], [24, 26], [25, 26], [25, 27], [26, 27], [26, 28], [27, 28], [27, 29], [28, 29], [28, 30], [29, 30], [29, 31], [30, 67], [30, 35], [30, 45], [31, 80], [31, 41], [31, 44], [32, 33], [32, 37], [33, 34], [33, 35], [34, 35], [34, 74], [35, 36], [35, 37], [36, 37], [36, 38], [37, 48], [37, 38], [37, 47], [38, 50], [38, 54], [38, 40], [39, 40], [39, 41], [40, 50], [40, 41], [41, 43], [42, 51], [42, 43], [42, 44], [43, 45], [44, 45], [45, 46], [46, 48], [46, 47], [47, 65], [47, 67], [48, 49], [49, 50], [49, 51], [50, 60], [51, 53], [52, 70], [52, 54], [53, 54], [53, 55], [54, 56], [55, 57], [55, 62], [56, 58], [57, 58], [57, 63], [58, 66], [58, 60], [59, 60], [59, 61], [60, 61], [61, 62], [61, 63], [62, 64], [62, 63], [63, 64], [64, 65], [64, 66], [66, 67], [66, 68], [67, 68], [68, 69], [68, 70], [69, 70], [69, 71], [70, 71], [70, 77], [71, 72], [71, 73], [72, 73], [72, 74], [73, 74], [73, 75], [74, 75], [74, 76], [75, 77], [76, 77], [76, 78], [77, 79], [78, 80], [79, 81]]}