{"label": 0, "edges": [[0, 1], [0, 2], [0, 3], [0, 60], [1, 34], [1, 3], [1, 4], [1, 54], [1, 60], [1, 31], [2, 3], [2, 4], [2, 5], [2, 60], [3, 4], [3, 5], [3, 6], [3, 25], [4, 5], [4, 56], [4, 43], [4, 21], [5, 7], [5, 23], [5, 31], [6, 32], [6, 7], [6, 9], [6, 42], [7, 8], [7, 9], [7, 10], [8, 51], [8, 9], [8, 10], [8, 47], [9, 16], [9, 17], [9, 42], [9, 12], [10, 11], [10, 12], [10, 13], [11, 36], [11, 12], [11, 13], [11, 14], [12, 59], [12, 13], [12, 14], [12, 15], [13, 16], [13, 38], [13, 15], [14, 16], [14, 17], [14, 50], [14, 35], [14, 15], [15, 17], [15, 41], [15, 59], [16, 17], [16, 18], [16, 55], [16, 59], [17, 19], [17, 20], [18, 19], [18, 20], [18, 21], [18, 30], [19, 20], [19, 22], [19, 50], [20, 21], [20, 22], [20, 23], [21, 48], [21, 24], [21, 30], [22, 23], [22, 24], [22, 25], [23, 33], [23, 24], [23, 25], [24, 25], [24, 26], [24, 27], [25, 26], [25, 27], [26, 27], [26, 28], [26, 29], [26, 44], [27, 39], [27, 28], [27, 29], [27, 30], [28, 29], [28, 30], [28, 31], [29, 32], [29, 30], [29, 31], [30, 32], [31, 32], [31, 34], [32, 33], [32, 56], [32, 43], [33, 34], [33, 36], [33, 40], [34, 35], [34, 36], [34, 37], [34, 58], [35, 48], [35, 53], [35, 44], [35, 60], [35, 47], [36, 38], [36, 39], [37, 38], [37, 39], [37, 50], [38, 39], [38, 40], [38, 41], [39, 40], [39, 41], [40, 56], [40, 42], [40, 43], [41, 52], [41, 42], [41, 43], [41, 44], [42, 43], [42, 44], [42, 45], [43, 44], [43, 45], [43, 46], [44, 45], [45, 48], [45, 46], [45, 47], [46, 48], [46, 49], [46, 47], [47, 48], [47, 50], [48, 49], [48, 51], [49, 50], [49, 51], [49, 52], [50, 51], [50, 53], [51, 52], [51, 53], [52, 54], [52, 55], [53, 54], [53, 55], [53, 56], [54, 55], [54, 57], [55, 56], [55, 57], [55, 58], [56, 57], [56, 58], [57, 58], [57, 59], [57, 60], [58, 59], [58, 60], [59, 60]], "features": {"27": ["cc_12", "deg_7"], "35": ["cc_1", "deg_7"], "43": ["cc_8", "deg_8"], "47": ["cc_8", "deg_6"], "32": ["cc_3", "deg_7"], "56": ["cc_6", "deg_7"], "9": ["cc_6", "deg_7"], "33": ["cc_3", "deg_5"], "48": ["cc_9", "deg_7"], "55": ["cc_11", "deg_7"], "0": ["cc_22", "deg_4"], "2": ["cc_16", "deg_5"], "18": ["cc_10", "deg_5"], "5": ["cc_6", "deg_6"], "14": ["cc_6", "deg_7"], "38": ["cc_8", "deg_6"], "44": ["cc_11", "deg_6"], "39": ["cc_8", "deg_6"], "3": ["cc_9", "deg_7"], "28": ["cc_20", "deg_5"], "51": ["cc_8", "deg_6"], "23": ["cc_8", "deg_6"], "19": ["cc_10", "deg_5"], "34": ["cc_3", "deg_7"], "11": ["cc_13", "deg_5"], "17": ["cc_8", "deg_6"], "12": ["cc_11", "deg_7"], "25": ["cc_13", "deg_6"], "24": ["cc_13", "deg_6"], "59": ["cc_8", "deg_6"], "22": ["cc_16", "deg_5"], "60": ["cc_7", "deg_7"], "15": ["cc_8", "deg_6"], "4": ["cc_6", "deg_7"], "37": ["cc_5", "deg_4"], "45": ["cc_15", "deg_6"], "42": ["cc_11", "deg_7"], "30": ["cc_11", "deg_6"], "31": ["cc_6", "deg_6"], "36": ["cc_6", "deg_5"], "57": ["cc_15", "deg_6"], "53": ["cc_6", "deg_6"], "10": ["cc_13", "deg_5"], "49": ["cc_13", "deg_5"], "1": ["cc_6", "deg_7"], "46": ["cc_16", "deg_5"], "26": ["cc_13", "deg_6"], "40": ["cc_4", "deg_6"], "41": ["cc_6", "deg_7"], "20": ["cc_11", "deg_6"], "29": ["cc_17", "deg_6"], "52": ["cc_6", "deg_5"], "58": ["cc_13", "deg_6"], "13": ["cc_8", "deg_6"], "6": ["cc_6", "deg_5"], "7": ["cc_10", "deg_5"], "50": ["cc_3", "deg_7"], "8": ["cc_6", "deg_5"], "16": ["cc_3", "deg_7"], "54": ["cc_10", "deg_5"], "21": ["cc_4", "deg_6"]}}