{"label": 2, "edges": [[0, 24], [0, 36], [0, 37], [0, 8], [0, 42], [0, 38], [0, 53], [0, 5], [1, 3], [1, 9], [1, 23], [1, 11], [1, 36], [1, 46], [1, 15], [2, 48], [2, 5], [2, 9], [2, 11], [2, 37], [3, 32], [3, 4], [3, 33], [3, 30], [4, 16], [4, 36], [4, 21], [4, 22], [4, 42], [4, 46], [5, 16], [5, 6], [5, 34], [6, 17], [6, 41], [6, 12], [6, 46], [7, 50], [7, 19], [7, 22], [7, 23], [7, 40], [7, 42], [7, 20], [8, 22], [8, 52], [8, 24], [8, 46], [9, 36], [9, 14], [9, 47], [9, 48], [9, 52], [9, 25], [10, 49], [10, 50], [10, 36], [10, 53], [11, 51], [11, 36], [11, 39], [11, 40], [11, 50], [12, 33], [12, 16], [12, 52], [12, 21], [12, 28], [13, 48], [13, 21], [13, 31], [13, 46], [13, 47], [14, 18], [14, 44], [15, 40], [15, 44], [15, 31], [16, 43], [16, 53], [16, 20], [16, 45], [16, 47], [17, 48], [17, 50], [17, 35], [17, 43], [17, 45], [18, 19], [18, 20], [18, 29], [18, 53], [19, 40], [19, 26], [19, 23], [19, 34], [20, 38], [20, 22], [20, 26], [20, 21], [22, 52], [22, 39], [22, 36], [23, 26], [24, 51], [24, 25], [24, 27], [25, 49], [25, 41], [25, 39], [25, 42], [25, 45], [26, 49], [26, 33], [27, 32], [27, 36], [27, 46], [27, 44], [27, 29], [27, 30], [28, 40], [28, 44], [28, 30], [29, 32], [29, 53], [29, 30], [30, 43], [30, 53], [31, 34], [31, 38], [31, 47], [32, 33], [32, 53], [33, 48], [34, 35], [34, 36], [34, 39], [34, 43], [35, 39], [35, 43], [35, 44], [36, 43], [36, 53], [36, 41], [37, 42], [38, 45], [38, 47], [38, 49], [38, 50], [40, 48], [40, 49], [41, 44], [42, 52], [43, 49], [43, 48], [44, 51], [44, 47], [45, 47], [48, 50], [49, 51], [50, 51], [50, 53]], "features": {"27": ["cc_3", "deg_7"], "35": ["cc_10", "deg_5"], "43": ["cc_4", "deg_8"], "47": ["cc_6", "deg_7"], "32": ["cc_10", "deg_5"], "9": ["cc_2", "deg_8"], "33": ["cc_3", "deg_5"], "48": ["cc_3", "deg_8"], "0": ["cc_3", "deg_8"], "2": ["cc_3", "deg_5"], "18": ["cc_3", "deg_5"], "5": ["cc_0", "deg_5"], "14": ["cc_0", "deg_3"], "38": ["cc_3", "deg_7"], "44": ["cc_0", "deg_8"], "39": ["cc_3", "deg_5"], "3": ["cc_3", "deg_5"], "28": ["cc_0", "deg_4"], "51": ["cc_3", "deg_5"], "23": ["cc_11", "deg_4"], "19": ["cc_6", "deg_6"], "34": ["cc_4", "deg_7"], "11": ["cc_3", "deg_7"], "17": ["cc_6", "deg_6"], "12": ["cc_0", "deg_6"], "25": ["cc_0", "deg_7"], "24": ["cc_3", "deg_5"], "22": ["cc_4", "deg_7"], "15": ["cc_0", "deg_4"], "4": ["cc_1", "deg_7"], "37": ["cc_11", "deg_3"], "45": ["cc_6", "deg_5"], "42": ["cc_2", "deg_6"], "30": ["cc_4", "deg_6"], "31": ["cc_6", "deg_5"], "36": ["cc_3", "deg_12"], "53": ["cc_5", "deg_9"], "10": ["cc_11", "deg_4"], "49": ["cc_0", "deg_7"], "1": ["cc_3", "deg_7"], "46": ["cc_0", "deg_6"], "26": ["cc_3", "deg_5"], "40": ["cc_1", "deg_7"], "41": ["cc_0", "deg_4"], "20": ["cc_1", "deg_7"], "29": ["cc_16", "deg_5"], "52": ["cc_3", "deg_5"], "13": ["cc_3", "deg_5"], "6": ["cc_0", "deg_5"], "7": ["cc_4", "deg_7"], "50": ["cc_3", "deg_8"], "8": ["cc_6", "deg_5"], "16": ["cc_1", "deg_8"], "21": ["cc_0", "deg_4"]}}