{"label": 2, "edges": [[0, 17], [0, 2], [0, 39], [0, 45], [0, 18], [1, 3], [1, 39], [1, 56], [1, 28], [1, 60], [2, 3], [2, 14], [3, 51], [3, 23], [3, 76], [4, 37], [4, 71], [4, 41], [4, 28], [4, 50], [5, 18], [5, 69], [6, 70], [6, 8], [6, 74], [6, 11], [7, 36], [7, 42], [7, 46], [8, 25], [8, 18], [8, 62], [9, 33], [9, 65], [9, 55], [9, 43], [10, 27], [10, 72], [10, 59], [10, 47], [11, 71], [11, 78], [12, 36], [12, 38], [12, 25], [12, 60], [12, 46], [13, 19], [13, 36], [14, 33], [14, 76], [15, 16], [15, 17], [15, 50], [15, 32], [16, 17], [16, 45], [16, 38], [17, 18], [17, 21], [17, 33], [17, 58], [18, 50], [18, 19], [18, 36], [19, 36], [19, 21], [19, 75], [19, 29], [20, 51], [20, 57], [20, 73], [20, 61], [21, 41], [22, 32], [22, 49], [22, 53], [22, 43], [22, 29], [23, 51], [23, 52], [23, 70], [23, 77], [24, 41], [24, 26], [25, 42], [25, 55], [26, 28], [26, 54], [27, 40], [27, 29], [28, 49], [28, 41], [29, 71], [30, 34], [30, 52], [30, 70], [31, 41], [31, 78], [32, 36], [33, 74], [33, 63], [34, 48], [34, 54], [34, 76], [35, 46], [35, 47], [37, 58], [37, 38], [38, 64], [38, 68], [38, 42], [39, 66], [39, 74], [40, 64], [40, 61], [41, 70], [41, 68], [41, 62], [44, 47], [44, 55], [45, 75], [46, 56], [46, 71], [46, 60], [47, 48], [47, 73], [48, 49], [48, 50], [48, 75], [49, 51], [51, 72], [52, 58], [52, 54], [53, 64], [53, 67], [53, 72], [54, 74], [55, 64], [55, 78], [56, 57], [57, 72], [57, 61], [59, 61], [61, 69], [61, 62], [62, 64], [62, 76], [62, 68], [63, 65], [65, 68], [66, 72], [66, 67], [69, 71], [69, 78], [69, 77], [73, 75], [74, 76]], "features": {"27": ["cc_0", "deg_3"], "35": ["cc_0", "deg_2"], "43": ["cc_0", "deg_2"], "47": ["cc_0", "deg_5"], "32": ["cc_0", "deg_3"], "56": ["cc_0", "deg_3"], "77": ["cc_0", "deg_2"], "9": ["cc_0", "deg_4"], "33": ["cc_0", "deg_5"], "48": ["cc_0", "deg_5"], "55": ["cc_0", "deg_5"], "0": ["cc_3", "deg_5"], "2": ["cc_0", "deg_3"], "18": ["cc_3", "deg_7"], "5": ["cc_0", "deg_2"], "76": ["cc_0", "deg_5"], "14": ["cc_0", "deg_3"], "38": ["cc_0", "deg_6"], "73": ["cc_0", "deg_3"], "44": ["cc_0", "deg_2"], "39": ["cc_0", "deg_4"], "3": ["cc_3", "deg_5"], "68": ["cc_5", "deg_4"], "28": ["cc_3", "deg_5"], "51": ["cc_3", "deg_5"], "23": ["cc_3", "deg_5"], "19": ["cc_4", "deg_6"], "61": ["cc_2", "deg_6"], "34": ["cc_0", "deg_4"], "75": ["cc_0", "deg_4"], "11": ["cc_0", "deg_3"], "72": ["cc_0", "deg_5"], "17": ["cc_3", "deg_7"], "12": ["cc_3", "deg_5"], "25": ["cc_0", "deg_4"], "24": ["cc_0", "deg_2"], "62": ["cc_2", "deg_6"], "59": ["cc_0", "deg_2"], "69": ["cc_0", "deg_5"], "22": ["cc_0", "deg_5"], "60": ["cc_11", "deg_3"], "70": ["cc_0", "deg_4"], "65": ["cc_0", "deg_3"], "71": ["cc_0", "deg_5"], "15": ["cc_5", "deg_4"], "4": ["cc_3", "deg_5"], "78": ["cc_0", "deg_4"], "37": ["cc_0", "deg_3"], "45": ["cc_0", "deg_3"], "42": ["cc_0", "deg_3"], "30": ["cc_0", "deg_3"], "31": ["cc_0", "deg_2"], "66": ["cc_0", "deg_3"], "36": ["cc_4", "deg_6"], "67": ["cc_0", "deg_2"], "57": ["cc_5", "deg_4"], "53": ["cc_0", "deg_4"], "10": ["cc_0", "deg_4"], "49": ["cc_0", "deg_4"], "1": ["cc_0", "deg_5"], "46": ["cc_2", "deg_6"], "26": ["cc_0", "deg_3"], "40": ["cc_0", "deg_3"], "41": ["cc_2", "deg_8"], "20": ["cc_5", "deg_4"], "29": ["cc_0", "deg_4"], "52": ["cc_0", "deg_4"], "58": ["cc_0", "deg_3"], "63": ["cc_0", "deg_2"], "64": ["cc_0", "deg_5"], "74": ["cc_0", "deg_5"], "13": ["cc_33", "deg_2"], "6": ["cc_0", "deg_4"], "7": ["cc_0", "deg_3"], "50": ["cc_0", "deg_4"], "8": ["cc_0", "deg_4"], "16": ["cc_5", "deg_4"], "54": ["cc_0", "deg_4"], "21": ["cc_0", "deg_3"]}}