{"label": 2, "edges": [[0, 69], [0, 53], [1, 40], [1, 55], [2, 57], [2, 36], [3, 55], [4, 20], [4, 60], [5, 51], [6, 24], [6, 7], [7, 69], [8, 42], [9, 25], [9, 19], [10, 49], [10, 11], [11, 26], [11, 68], [11, 42], [12, 36], [12, 14], [13, 23], [14, 15], [15, 65], [16, 59], [16, 53], [17, 18], [17, 66], [18, 37], [21, 39], [22, 43], [23, 24], [23, 44], [25, 60], [27, 55], [28, 29], [29, 30], [30, 31], [31, 53], [32, 56], [33, 54], [33, 38], [34, 67], [35, 36], [37, 38], [38, 39], [39, 40], [39, 60], [40, 41], [41, 50], [42, 62], [43, 44], [44, 62], [45, 46], [46, 69], [47, 67], [48, 49], [50, 51], [51, 64], [52, 53], [53, 54], [56, 67], [56, 63], [58, 64], [58, 59], [61, 62], [63, 64], [65, 66]], "features": {"27": ["cc_0", "deg_1"], "35": ["cc_0", "deg_1"], "43": ["cc_0", "deg_2"], "47": ["cc_0", "deg_1"], "32": ["cc_0", "deg_1"], "56": ["cc_0", "deg_3"], "9": ["cc_0", "deg_2"], "33": ["cc_0", "deg_2"], "48": ["cc_0", "deg_1"], "55": ["cc_0", "deg_3"], "0": ["cc_0", "deg_2"], "2": ["cc_0", "deg_2"], "18": ["cc_0", "deg_2"], "5": ["cc_0", "deg_1"], "14": ["cc_0", "deg_2"], "38": ["cc_0", "deg_3"], "44": ["cc_0", "deg_3"], "39": ["cc_0", "deg_4"], "3": ["cc_0", "deg_1"], "68": ["cc_0", "deg_1"], "28": ["cc_0", "deg_1"], "51": ["cc_0", "deg_3"], "23": ["cc_0", "deg_3"], "19": ["cc_0", "deg_1"], "61": ["cc_0", "deg_1"], "34": ["cc_0", "deg_1"], "11": ["cc_0", "deg_4"], "17": ["cc_0", "deg_2"], "12": ["cc_0", "deg_2"], "25": ["cc_0", "deg_2"], "24": ["cc_0", "deg_2"], "62": ["cc_0", "deg_3"], "59": ["cc_0", "deg_2"], "69": ["cc_0", "deg_3"], "22": ["cc_0", "deg_1"], "60": ["cc_0", "deg_3"], "65": ["cc_0", "deg_2"], "15": ["cc_0", "deg_2"], "4": ["cc_0", "deg_2"], "37": ["cc_0", "deg_2"], "45": ["cc_0", "deg_1"], "42": ["cc_0", "deg_3"], "30": ["cc_0", "deg_2"], "31": ["cc_0", "deg_2"], "66": ["cc_0", "deg_2"], "36": ["cc_0", "deg_3"], "67": ["cc_0", "deg_3"], "57": ["cc_0", "deg_1"], "53": ["cc_0", "deg_5"], "10": ["cc_0", "deg_2"], "49": ["cc_0", "deg_2"], "1": ["cc_0", "deg_2"], "46": ["cc_0", "deg_2"], "26": ["cc_0", "deg_1"], "40": ["cc_0", "deg_3"], "41": ["cc_0", "deg_2"], "20": ["cc_0", "deg_1"], "29": ["cc_0", "deg_2"], "52": ["cc_0", "deg_1"], "58": ["cc_0", "deg_2"], "63": ["cc_0", "deg_2"], "64": ["cc_0", "deg_3"], "13": ["cc_0", "deg_1"], "6": ["cc_0", "deg_2"], "7": ["cc_0", "deg_2"], "50": ["cc_0", "deg_2"], "8": ["cc_0", "deg_1"], "16": ["cc_0", "deg_2"], "54": ["cc_0", "deg_2"], "21": ["cc_0", "deg_1"]}}