{"label": 1, "edges": [[0, 2], [0, 19], [0, 21], [0, 24], [1, 43], [1, 2], [1, 3], [2, 3], [2, 4], [2, 19], [3, 4], [3, 22], [3, 38], [3, 31], [4, 42], [4, 6], [5, 19], [5, 7], [6, 42], [6, 7], [7, 8], [7, 17], [7, 34], [8, 16], [8, 9], [8, 10], [9, 34], [9, 20], [9, 10], [9, 11], [10, 11], [10, 12], [11, 12], [11, 13], [12, 32], [12, 13], [12, 14], [13, 20], [13, 14], [14, 23], [14, 26], [14, 15], [15, 16], [15, 33], [15, 22], [15, 37], [16, 17], [17, 18], [17, 19], [18, 19], [18, 20], [19, 20], [20, 35], [20, 21], [21, 23], [21, 41], [22, 23], [22, 43], [23, 43], [24, 26], [24, 29], [25, 26], [25, 27], [26, 42], [26, 27], [26, 28], [27, 28], [27, 29], [28, 36], [28, 30], [29, 30], [30, 43], [30, 31], [31, 32], [31, 33], [32, 33], [33, 37], [35, 37], [36, 37], [36, 38], [37, 38], [37, 41], [38, 40], [39, 40], [39, 41], [40, 41], [40, 42], [42, 43]], "features": {"27": ["cc_11", "deg_4"], "35": ["cc_0", "deg_2"], "43": ["cc_3", "deg_5"], "32": ["cc_11", "deg_3"], "9": ["cc_6", "deg_5"], "33": ["cc_11", "deg_4"], "0": ["cc_5", "deg_4"], "2": ["cc_10", "deg_5"], "18": ["cc_22", "deg_3"], "5": ["cc_0", "deg_2"], "14": ["cc_3", "deg_5"], "38": ["cc_5", "deg_4"], "39": ["cc_33", "deg_2"], "3": ["cc_4", "deg_6"], "28": ["cc_5", "deg_4"], "23": ["cc_5", "deg_4"], "19": ["cc_6", "deg_6"], "34": ["cc_0", "deg_2"], "11": ["cc_16", "deg_4"], "17": ["cc_5", "deg_4"], "12": ["cc_10", "deg_5"], "25": ["cc_33", "deg_2"], "24": ["cc_0", "deg_3"], "22": ["cc_5", "deg_4"], "15": ["cc_3", "deg_5"], "4": ["cc_11", "deg_4"], "37": ["cc_4", "deg_6"], "42": ["cc_3", "deg_5"], "30": ["cc_0", "deg_4"], "31": ["cc_5", "deg_4"], "36": ["cc_11", "deg_3"], "10": ["cc_16", "deg_4"], "1": ["cc_11", "deg_3"], "26": ["cc_4", "deg_6"], "40": ["cc_5", "deg_4"], "41": ["cc_5", "deg_4"], "20": ["cc_2", "deg_6"], "29": ["cc_0", "deg_3"], "13": ["cc_11", "deg_4"], "6": ["cc_11", "deg_3"], "7": ["cc_0", "deg_5"], "8": ["cc_5", "deg_4"], "16": ["cc_0", "deg_3"], "21": ["cc_0", "deg_4"]}}