{"label": 1, "edges": [[0, 34], [0, 77], [1, 65], [1, 36], [1, 53], [1, 70], [1, 58], [2, 32], [2, 35], [2, 3], [2, 45], [3, 5], [3, 85], [4, 65], [4, 87], [5, 6], [5, 7], [6, 79], [6, 7], [7, 64], [7, 40], [8, 10], [8, 78], [8, 38], [9, 63], [9, 11], [10, 34], [10, 11], [10, 12], [11, 17], [11, 20], [11, 33], [11, 39], [12, 64], [12, 14], [13, 14], [13, 15], [14, 16], [14, 15], [15, 72], [15, 22], [16, 64], [16, 17], [17, 67], [17, 84], [17, 29], [18, 20], [18, 38], [19, 84], [19, 21], [19, 93], [20, 49], [20, 22], [21, 50], [21, 88], [21, 75], [22, 38], [22, 23], [22, 88], [23, 65], [23, 41], [23, 24], [23, 25], [23, 81], [24, 25], [24, 49], [25, 85], [25, 39], [25, 27], [26, 27], [26, 28], [27, 29], [27, 73], [28, 89], [28, 29], [29, 46], [29, 30], [30, 34], [30, 41], [30, 75], [30, 31], [31, 32], [31, 33], [32, 33], [32, 70], [33, 70], [33, 47], [34, 77], [34, 45], [35, 78], [35, 63], [36, 83], [36, 91], [36, 92], [37, 80], [37, 90], [38, 80], [38, 59], [39, 40], [39, 75], [40, 41], [40, 42], [42, 50], [42, 43], [43, 72], [43, 45], [43, 46], [44, 68], [44, 92], [44, 46], [45, 80], [46, 58], [46, 47], [47, 48], [47, 74], [48, 91], [48, 67], [49, 51], [50, 83], [50, 52], [50, 56], [50, 60], [51, 52], [51, 53], [52, 53], [52, 54], [52, 69], [53, 71], [54, 56], [54, 60], [54, 69], [54, 55], [55, 80], [55, 91], [55, 63], [56, 92], [56, 79], [57, 58], [57, 59], [58, 60], [59, 86], [59, 90], [59, 76], [59, 93], [60, 74], [61, 82], [61, 67], [61, 63], [62, 71], [62, 91], [62, 63], [63, 65], [63, 90], [64, 66], [64, 73], [66, 82], [66, 67], [66, 87], [68, 69], [68, 70], [70, 74], [70, 76], [71, 89], [71, 73], [71, 79], [72, 73], [72, 74], [73, 86], [73, 79], [74, 89], [74, 76], [76, 78], [77, 78], [77, 79], [78, 80], [78, 85], [79, 89], [80, 88], [81, 82], [82, 83], [82, 84], [82, 91], [85, 87], [86, 87], [87, 88], [87, 90], [88, 93], [91, 92]], "features": {"27": ["cc_0", "deg_4"], "35": ["cc_0", "deg_3"], "43": ["cc_0", "deg_4"], "47": ["cc_0", "deg_4"], "56": ["cc_0", "deg_4"], "23": ["cc_2", "deg_6"], "9": ["cc_0", "deg_2"], "0": ["cc_33", "deg_2"], "6": ["cc_11", "deg_3"], "18": ["cc_0", "deg_2"], "14": ["cc_5", "deg_4"], "38": ["cc_0", "deg_5"], "82": ["cc_0", "deg_6"], "68": ["cc_0", "deg_3"], "51": ["cc_11", "deg_3"], "77": ["cc_5", "deg_4"], "19": ["cc_0", "deg_3"], "34": ["cc_3", "deg_5"], "75": ["cc_0", "deg_3"], "11": ["cc_0", "deg_6"], "88": ["cc_0", "deg_5"], "17": ["cc_0", "deg_5"], "25": ["cc_3", "deg_5"], "24": ["cc_11", "deg_3"], "70": ["cc_4", "deg_6"], "15": ["cc_5", "deg_4"], "62": ["cc_0", "deg_3"], "40": ["cc_0", "deg_4"], "30": ["cc_0", "deg_5"], "31": ["cc_11", "deg_3"], "66": ["cc_0", "deg_4"], "36": ["cc_5", "deg_4"], "57": ["cc_0", "deg_2"], "10": ["cc_0", "deg_4"], "49": ["cc_0", "deg_3"], "1": ["cc_0", "deg_5"], "46": ["cc_0", "deg_5"], "60": ["cc_0", "deg_4"], "41": ["cc_0", "deg_3"], "29": ["cc_0", "deg_5"], "74": ["cc_2", "deg_6"], "13": ["cc_33", "deg_2"], "2": ["cc_0", "deg_4"], "7": ["cc_5", "deg_4"], "84": ["cc_0", "deg_3"], "79": ["cc_4", "deg_6"], "90": ["cc_0", "deg_4"], "32": ["cc_11", "deg_4"], "33": ["cc_6", "deg_5"], "55": ["cc_0", "deg_4"], "48": ["cc_0", "deg_3"], "85": ["cc_0", "deg_4"], "5": ["cc_11", "deg_3"], "80": ["cc_0", "deg_6"], "81": ["cc_0", "deg_2"], "86": ["cc_0", "deg_3"], "87": ["cc_0", "deg_6"], "44": ["cc_0", "deg_3"], "39": ["cc_0", "deg_4"], "3": ["cc_0", "deg_3"], "92": ["cc_5", "deg_4"], "28": ["cc_0", "deg_3"], "83": ["cc_0", "deg_3"], "76": ["cc_5", "deg_4"], "72": ["cc_0", "deg_4"], "89": ["cc_5", "deg_4"], "12": ["cc_0", "deg_3"], "59": ["cc_0", "deg_6"], "69": ["cc_11", "deg_3"], "22": ["cc_0", "deg_5"], "50": ["cc_0", "deg_6"], "71": ["cc_6", "deg_5"], "4": ["cc_0", "deg_2"], "78": ["cc_0", "deg_6"], "91": ["cc_2", "deg_6"], "45": ["cc_0", "deg_4"], "42": ["cc_0", "deg_3"], "21": ["cc_0", "deg_4"], "8": ["cc_0", "deg_3"], "53": ["cc_5", "deg_4"], "67": ["cc_0", "deg_4"], "37": ["cc_0", "deg_2"], "20": ["cc_0", "deg_4"], "26": ["cc_0", "deg_2"], "93": ["cc_0", "deg_3"], "52": ["cc_6", "deg_5"], "58": ["cc_0", "deg_4"], "63": ["cc_0", "deg_7"], "64": ["cc_0", "deg_5"], "54": ["cc_3", "deg_5"], "65": ["cc_0", "deg_4"], "61": ["cc_0", "deg_3"], "16": ["cc_0", "deg_3"], "73": ["cc_2", "deg_6"]}}