{"label": 1, "edges": [[0, 2], [0, 3], [0, 4], [0, 39], [0, 25], [1, 2], [1, 3], [1, 6], [1, 40], [1, 15], [2, 18], [2, 4], [2, 14], [3, 18], [3, 4], [3, 5], [3, 6], [3, 8], [3, 20], [3, 12], [4, 40], [4, 5], [4, 39], [4, 24], [4, 28], [5, 6], [5, 7], [5, 9], [5, 31], [6, 22], [6, 23], [6, 8], [7, 18], [7, 36], [7, 8], [7, 10], [8, 39], [8, 11], [9, 39], [9, 10], [9, 11], [9, 12], [10, 36], [10, 11], [10, 12], [10, 13], [11, 25], [11, 39], [11, 15], [11, 14], [11, 31], [12, 34], [12, 35], [12, 40], [13, 21], [13, 39], [13, 28], [13, 29], [13, 14], [13, 15], [14, 16], [14, 17], [14, 20], [14, 33], [14, 15], [15, 16], [15, 17], [15, 30], [16, 19], [16, 25], [16, 31], [17, 18], [17, 19], [17, 20], [18, 38], [18, 29], [18, 34], [19, 20], [19, 22], [19, 23], [19, 36], [20, 36], [20, 21], [20, 22], [21, 22], [21, 23], [21, 24], [22, 25], [23, 32], [23, 26], [24, 40], [24, 26], [25, 27], [25, 28], [26, 27], [26, 28], [26, 29], [27, 36], [27, 28], [27, 30], [28, 29], [28, 30], [29, 32], [30, 33], [31, 33], [31, 35], [32, 33], [32, 34], [32, 35], [33, 34], [33, 35], [33, 38], [34, 35], [34, 36], [34, 40], [35, 36], [35, 37], [35, 38], [37, 38], [37, 39], [37, 40], [38, 39], [38, 40]], "features": {"27": ["cc_10", "deg_5"], "22": ["cc_6", "deg_5"], "32": ["cc_10", "deg_5"], "15": ["cc_6", "deg_7"], "4": ["cc_5", "deg_8"], "33": ["cc_7", "deg_7"], "40": ["cc_4", "deg_7"], "35": ["cc_9", "deg_8"], "30": ["cc_5", "deg_4"], "0": ["cc_10", "deg_5"], "2": ["cc_3", "deg_5"], "6": ["cc_6", "deg_6"], "18": ["cc_0", "deg_7"], "5": ["cc_4", "deg_6"], "10": ["cc_6", "deg_6"], "14": ["cc_5", "deg_8"], "1": ["cc_3", "deg_5"], "29": ["cc_6", "deg_5"], "37": ["cc_16", "deg_4"], "8": ["cc_6", "deg_5"], "20": ["cc_7", "deg_7"], "26": ["cc_6", "deg_5"], "3": ["cc_4", "deg_9"], "11": ["cc_4", "deg_8"], "28": ["cc_7", "deg_7"], "39": ["cc_4", "deg_8"], "23": ["cc_0", "deg_5"], "19": ["cc_6", "deg_6"], "36": ["cc_4", "deg_7"], "38": ["cc_8", "deg_6"], "34": ["cc_9", "deg_7"], "13": ["cc_3", "deg_7"], "16": ["cc_3", "deg_5"], "7": ["cc_3", "deg_5"], "17": ["cc_10", "deg_5"], "12": ["cc_6", "deg_6"], "31": ["cc_3", "deg_5"], "25": ["cc_2", "deg_6"], "24": ["cc_5", "deg_4"], "9": ["cc_10", "deg_5"], "21": ["cc_3", "deg_5"]}}