{"label": 1, "edges": [[0, 64], [0, 1], [1, 2], [2, 47], [3, 58], [3, 4], [4, 35], [5, 6], [6, 7], [7, 8], [8, 9], [9, 10], [10, 42], [10, 11], [11, 12], [12, 41], [13, 27], [13, 14], [14, 15], [15, 16], [15, 38], [16, 17], [17, 18], [18, 19], [19, 20], [20, 36], [20, 55], [20, 56], [20, 41], [21, 22], [22, 23], [23, 24], [24, 25], [25, 26], [26, 50], [28, 29], [28, 63], [29, 30], [30, 31], [31, 32], [32, 33], [32, 61], [33, 34], [34, 35], [34, 45], [35, 36], [37, 38], [38, 48], [39, 40], [40, 41], [43, 48], [44, 45], [46, 47], [47, 48], [47, 55], [48, 49], [50, 51], [51, 52], [52, 53], [53, 54], [54, 55], [57, 58], [59, 60], [60, 61], [62, 63]], "features": {"27": ["cc_0", "deg_1"], "35": ["cc_0", "deg_3"], "43": ["cc_0", "deg_1"], "47": ["cc_0", "deg_4"], "32": ["cc_0", "deg_3"], "56": ["cc_0", "deg_1"], "9": ["cc_0", "deg_2"], "33": ["cc_0", "deg_2"], "48": ["cc_0", "deg_4"], "55": ["cc_0", "deg_3"], "0": ["cc_0", "deg_2"], "2": ["cc_0", "deg_2"], "18": ["cc_0", "deg_2"], "5": ["cc_0", "deg_1"], "14": ["cc_0", "deg_2"], "38": ["cc_0", "deg_3"], "44": ["cc_0", "deg_1"], "39": ["cc_0", "deg_1"], "3": ["cc_0", "deg_2"], "28": ["cc_0", "deg_2"], "51": ["cc_0", "deg_2"], "23": ["cc_0", "deg_2"], "19": ["cc_0", "deg_2"], "61": ["cc_0", "deg_2"], "34": ["cc_0", "deg_3"], "11": ["cc_0", "deg_2"], "17": ["cc_0", "deg_2"], "12": ["cc_0", "deg_2"], "25": ["cc_0", "deg_2"], "24": ["cc_0", "deg_2"], "62": ["cc_0", "deg_1"], "59": ["cc_0", "deg_1"], "22": ["cc_0", "deg_2"], "60": ["cc_0", "deg_2"], "15": ["cc_0", "deg_3"], "4": ["cc_0", "deg_2"], "37": ["cc_0", "deg_1"], "45": ["cc_0", "deg_2"], "42": ["cc_0", "deg_1"], "30": ["cc_0", "deg_2"], "31": ["cc_0", "deg_2"], "36": ["cc_0", "deg_2"], "57": ["cc_0", "deg_1"], "53": ["cc_0", "deg_2"], "10": ["cc_0", "deg_3"], "49": ["cc_0", "deg_1"], "1": ["cc_0", "deg_2"], "46": ["cc_0", "deg_1"], "26": ["cc_0", "deg_2"], "40": ["cc_0", "deg_2"], "41": ["cc_0", "deg_3"], "20": ["cc_0", "deg_5"], "29": ["cc_0", "deg_2"], "52": ["cc_0", "deg_2"], "58": ["cc_0", "deg_2"], "63": ["cc_0", "deg_2"], "64": ["cc_0", "deg_1"], "13": ["cc_0", "deg_2"], "6": ["cc_0", "deg_2"], "7": ["cc_0", "deg_2"], "50": ["cc_0", "deg_2"], "8": ["cc_0", "deg_2"], "16": ["cc_0", "deg_2"], "54": ["cc_0", "deg_2"], "21": ["cc_0", "deg_1"]}}