{"label": 1, "edges": [[0, 1], [0, 30], [1, 2], [1, 37], [1, 23], [1, 7], [1, 45], [2, 3], [2, 4], [3, 16], [3, 5], [3, 23], [4, 5], [4, 6], [5, 35], [5, 6], [5, 36], [6, 10], [6, 11], [7, 38], [7, 31], [8, 9], [8, 33], [9, 17], [9, 37], [9, 11], [10, 41], [10, 11], [11, 12], [11, 13], [12, 34], [12, 13], [12, 14], [13, 22], [13, 15], [14, 19], [14, 20], [14, 40], [14, 41], [15, 16], [15, 17], [15, 18], [16, 22], [16, 38], [16, 27], [17, 35], [17, 31], [17, 28], [18, 19], [19, 30], [20, 33], [20, 26], [21, 41], [21, 22], [22, 23], [22, 42], [23, 34], [23, 40], [24, 26], [24, 27], [25, 26], [25, 27], [25, 42], [26, 27], [26, 28], [27, 28], [27, 29], [27, 30], [28, 37], [28, 44], [28, 30], [29, 30], [30, 43], [30, 41], [30, 31], [31, 33], [31, 34], [32, 33], [32, 34], [32, 44], [33, 37], [35, 37], [36, 37], [36, 40], [38, 40], [38, 45], [39, 40], [39, 41], [41, 43], [42, 43], [43, 44], [43, 45]], "features": {"27": ["cc_7", "deg_7"], "35": ["cc_0", "deg_3"], "43": ["cc_3", "deg_5"], "32": ["cc_0", "deg_3"], "9": ["cc_0", "deg_4"], "33": ["cc_0", "deg_5"], "0": ["cc_0", "deg_2"], "2": ["cc_0", "deg_3"], "18": ["cc_0", "deg_2"], "5": ["cc_3", "deg_5"], "14": ["cc_0", "deg_5"], "38": ["cc_0", "deg_4"], "44": ["cc_0", "deg_3"], "39": ["cc_0", "deg_2"], "3": ["cc_0", "deg_4"], "28": ["cc_4", "deg_6"], "23": ["cc_0", "deg_5"], "19": ["cc_0", "deg_3"], "34": ["cc_0", "deg_4"], "11": ["cc_6", "deg_5"], "17": ["cc_0", "deg_5"], "12": ["cc_5", "deg_4"], "25": ["cc_11", "deg_3"], "24": ["cc_33", "deg_2"], "22": ["cc_0", "deg_5"], "15": ["cc_0", "deg_4"], "4": ["cc_11", "deg_3"], "37": ["cc_0", "deg_6"], "45": ["cc_0", "deg_3"], "42": ["cc_0", "deg_3"], "30": ["cc_3", "deg_8"], "31": ["cc_0", "deg_5"], "36": ["cc_0", "deg_3"], "10": ["cc_11", "deg_3"], "1": ["cc_0", "deg_6"], "26": ["cc_10", "deg_5"], "40": ["cc_0", "deg_5"], "41": ["cc_2", "deg_6"], "20": ["cc_0", "deg_3"], "29": ["cc_33", "deg_2"], "13": ["cc_5", "deg_4"], "6": ["cc_11", "deg_4"], "7": ["cc_0", "deg_3"], "8": ["cc_0", "deg_2"], "16": ["cc_0", "deg_5"], "21": ["cc_0", "deg_2"]}}