{"label": 0, "edges": [[0, 1], [0, 2], [0, 6], [0, 49], [1, 34], [1, 2], [1, 51], [1, 4], [1, 6], [1, 11], [2, 3], [2, 4], [2, 5], [2, 51], [3, 5], [3, 6], [3, 21], [4, 34], [4, 5], [4, 7], [4, 18], [5, 6], [5, 7], [5, 8], [6, 17], [6, 7], [6, 8], [6, 9], [7, 8], [7, 9], [7, 14], [8, 9], [8, 10], [8, 11], [9, 24], [9, 10], [9, 11], [9, 12], [10, 28], [10, 11], [10, 12], [10, 13], [10, 23], [11, 13], [11, 14], [12, 36], [12, 14], [12, 15], [13, 16], [13, 17], [13, 14], [13, 15], [14, 16], [14, 31], [14, 15], [15, 16], [15, 18], [15, 51], [15, 30], [16, 17], [16, 18], [16, 19], [17, 18], [18, 19], [18, 20], [18, 46], [18, 25], [19, 20], [19, 21], [19, 22], [20, 21], [20, 22], [20, 23], [20, 50], [21, 49], [21, 22], [21, 23], [21, 24], [21, 41], [21, 35], [22, 23], [22, 24], [22, 25], [23, 25], [23, 26], [24, 50], [24, 35], [24, 26], [25, 50], [25, 39], [25, 27], [25, 28], [25, 34], [26, 27], [26, 28], [26, 29], [27, 28], [27, 29], [27, 30], [28, 48], [28, 30], [29, 32], [29, 39], [29, 47], [29, 30], [29, 31], [30, 32], [30, 33], [30, 31], [31, 33], [31, 34], [31, 40], [32, 33], [32, 34], [32, 35], [33, 34], [33, 35], [33, 36], [35, 36], [35, 37], [36, 37], [36, 38], [36, 39], [36, 41], [37, 38], [37, 39], [37, 40], [37, 44], [38, 39], [38, 40], [38, 41], [39, 42], [40, 41], [40, 42], [40, 43], [41, 43], [42, 50], [42, 43], [42, 45], [43, 48], [43, 44], [43, 45], [43, 46], [44, 45], [44, 46], [44, 47], [45, 46], [45, 47], [46, 48], [46, 49], [46, 47], [47, 49], [47, 50], [48, 50], [48, 51], [49, 51]], "features": {"27": ["cc_16", "deg_5"], "35": ["cc_8", "deg_6"], "43": ["cc_11", "deg_7"], "47": ["cc_8", "deg_6"], "32": ["cc_13", "deg_5"], "9": ["cc_11", "deg_7"], "33": ["cc_13", "deg_6"], "48": ["cc_3", "deg_5"], "0": ["cc_11", "deg_4"], "2": ["cc_11", "deg_6"], "18": ["cc_4", "deg_8"], "5": ["cc_15", "deg_6"], "14": ["cc_7", "deg_7"], "38": ["cc_20", "deg_5"], "44": ["cc_16", "deg_5"], "39": ["cc_6", "deg_6"], "3": ["cc_11", "deg_4"], "28": ["cc_6", "deg_6"], "51": ["cc_3", "deg_5"], "23": ["cc_8", "deg_6"], "19": ["cc_16", "deg_5"], "34": ["cc_6", "deg_6"], "11": ["cc_11", "deg_6"], "17": ["cc_11", "deg_4"], "12": ["cc_6", "deg_5"], "25": ["cc_2", "deg_8"], "24": ["cc_4", "deg_6"], "22": ["cc_15", "deg_6"], "15": ["cc_7", "deg_7"], "4": ["cc_8", "deg_6"], "37": ["cc_11", "deg_6"], "45": ["cc_20", "deg_5"], "42": ["cc_6", "deg_5"], "30": ["cc_9", "deg_7"], "31": ["cc_6", "deg_6"], "36": ["cc_9", "deg_7"], "10": ["cc_7", "deg_7"], "49": ["cc_3", "deg_5"], "1": ["cc_7", "deg_7"], "46": ["cc_11", "deg_7"], "26": ["cc_6", "deg_5"], "40": ["cc_8", "deg_6"], "41": ["cc_10", "deg_5"], "20": ["cc_13", "deg_6"], "29": ["cc_6", "deg_7"], "13": ["cc_13", "deg_6"], "6": ["cc_8", "deg_8"], "7": ["cc_13", "deg_6"], "50": ["cc_0", "deg_6"], "8": ["cc_17", "deg_6"], "16": ["cc_15", "deg_6"], "21": ["cc_6", "deg_9"]}}