{"label": 1, "edges": [[0, 1], [0, 50], [0, 10], [1, 17], [1, 2], [1, 3], [1, 22], [1, 50], [1, 30], [2, 4], [2, 46], [3, 21], [3, 45], [4, 5], [4, 6], [5, 9], [5, 7], [6, 8], [6, 30], [7, 41], [7, 11], [8, 9], [8, 50], [9, 43], [9, 25], [9, 10], [9, 31], [10, 11], [10, 12], [11, 32], [11, 49], [11, 13], [12, 13], [12, 14], [13, 22], [13, 14], [14, 34], [14, 36], [14, 15], [15, 16], [15, 50], [16, 17], [16, 18], [16, 19], [16, 29], [17, 18], [18, 19], [18, 20], [18, 31], [19, 20], [20, 21], [20, 22], [21, 22], [21, 45], [21, 31], [22, 48], [22, 23], [23, 40], [23, 39], [24, 25], [24, 26], [25, 26], [26, 27], [26, 39], [27, 43], [27, 28], [27, 29], [28, 29], [28, 30], [29, 31], [30, 33], [32, 40], [33, 34], [33, 35], [34, 35], [34, 36], [35, 36], [35, 37], [36, 38], [36, 40], [36, 41], [37, 44], [37, 38], [37, 39], [38, 40], [38, 39], [39, 49], [39, 40], [39, 41], [40, 41], [41, 49], [41, 42], [42, 43], [42, 44], [44, 46], [44, 45], [45, 46], [46, 48], [46, 47], [47, 48], [47, 49], [48, 50]], "features": {"27": ["cc_5", "deg_4"], "35": ["cc_11", "deg_4"], "43": ["cc_0", "deg_3"], "47": ["cc_11", "deg_3"], "32": ["cc_0", "deg_2"], "9": ["cc_0", "deg_6"], "33": ["cc_11", "deg_3"], "48": ["cc_5", "deg_4"], "0": ["cc_11", "deg_3"], "2": ["cc_0", "deg_3"], "18": ["cc_10", "deg_5"], "5": ["cc_0", "deg_3"], "14": ["cc_6", "deg_5"], "38": ["cc_16", "deg_4"], "44": ["cc_5", "deg_4"], "39": ["cc_7", "deg_7"], "3": ["cc_11", "deg_3"], "28": ["cc_11", "deg_3"], "23": ["cc_11", "deg_3"], "19": ["cc_22", "deg_3"], "34": ["cc_16", "deg_4"], "11": ["cc_0", "deg_5"], "17": ["cc_11", "deg_3"], "12": ["cc_11", "deg_3"], "25": ["cc_11", "deg_3"], "24": ["cc_33", "deg_2"], "22": ["cc_2", "deg_6"], "15": ["cc_0", "deg_3"], "4": ["cc_0", "deg_3"], "37": ["cc_5", "deg_4"], "45": ["cc_11", "deg_4"], "42": ["cc_0", "deg_3"], "30": ["cc_0", "deg_4"], "31": ["cc_0", "deg_4"], "36": ["cc_8", "deg_6"], "10": ["cc_0", "deg_4"], "49": ["cc_5", "deg_4"], "1": ["cc_1", "deg_7"], "46": ["cc_6", "deg_5"], "26": ["cc_5", "deg_4"], "40": ["cc_11", "deg_6"], "41": ["cc_6", "deg_6"], "20": ["cc_11", "deg_4"], "29": ["cc_5", "deg_4"], "13": ["cc_5", "deg_4"], "6": ["cc_0", "deg_3"], "7": ["cc_0", "deg_3"], "50": ["cc_3", "deg_5"], "8": ["cc_0", "deg_3"], "16": ["cc_6", "deg_5"], "21": ["cc_6", "deg_5"]}}