{"label": 2, "edges": [[0, 5], [1, 38], [2, 42], [2, 19], [2, 5], [3, 8], [4, 57], [4, 43], [4, 22], [6, 24], [6, 35], [7, 28], [8, 38], [9, 19], [9, 55], [10, 16], [11, 50], [11, 27], [11, 38], [12, 32], [13, 19], [14, 18], [14, 43], [15, 44], [16, 57], [17, 41], [19, 47], [20, 21], [21, 28], [22, 31], [23, 28], [23, 38], [25, 26], [26, 40], [26, 35], [28, 33], [29, 40], [29, 36], [30, 31], [32, 48], [34, 38], [35, 58], [35, 50], [36, 37], [37, 49], [37, 38], [39, 40], [41, 55], [41, 43], [41, 46], [42, 54], [44, 45], [45, 46], [46, 49], [47, 51], [48, 50], [49, 52], [53, 54], [56, 57]], "features": {"27": ["cc_0", "deg_1"], "35": ["cc_0", "deg_4"], "43": ["cc_0", "deg_3"], "47": ["cc_0", "deg_2"], "32": ["cc_0", "deg_2"], "56": ["cc_0", "deg_1"], "9": ["cc_0", "deg_2"], "33": ["cc_0", "deg_1"], "48": ["cc_0", "deg_2"], "55": ["cc_0", "deg_2"], "0": ["cc_0", "deg_1"], "2": ["cc_0", "deg_3"], "18": ["cc_0", "deg_1"], "5": ["cc_0", "deg_2"], "14": ["cc_0", "deg_2"], "38": ["cc_0", "deg_6"], "44": ["cc_0", "deg_2"], "39": ["cc_0", "deg_1"], "3": ["cc_0", "deg_1"], "28": ["cc_0", "deg_4"], "51": ["cc_0", "deg_1"], "23": ["cc_0", "deg_2"], "19": ["cc_0", "deg_4"], "34": ["cc_0", "deg_1"], "11": ["cc_0", "deg_3"], "17": ["cc_0", "deg_1"], "12": ["cc_0", "deg_1"], "25": ["cc_0", "deg_1"], "24": ["cc_0", "deg_1"], "22": ["cc_0", "deg_2"], "15": ["cc_0", "deg_1"], "4": ["cc_0", "deg_3"], "37": ["cc_0", "deg_3"], "45": ["cc_0", "deg_2"], "42": ["cc_0", "deg_2"], "30": ["cc_0", "deg_1"], "31": ["cc_0", "deg_2"], "36": ["cc_0", "deg_2"], "57": ["cc_0", "deg_3"], "53": ["cc_0", "deg_1"], "10": ["cc_0", "deg_1"], "49": ["cc_0", "deg_3"], "1": ["cc_0", "deg_1"], "46": ["cc_0", "deg_3"], "26": ["cc_0", "deg_3"], "40": ["cc_0", "deg_3"], "41": ["cc_0", "deg_4"], "20": ["cc_0", "deg_1"], "29": ["cc_0", "deg_2"], "52": ["cc_0", "deg_1"], "58": ["cc_0", "deg_1"], "13": ["cc_0", "deg_1"], "6": ["cc_0", "deg_2"], "7": ["cc_0", "deg_1"], "50": ["cc_0", "deg_3"], "8": ["cc_0", "deg_2"], "16": ["cc_0", "deg_2"], "54": ["cc_0", "deg_2"], "21": ["cc_0", "deg_2"]}}