{"label": 1, "edges": [[0, 19], [0, 21], [0, 26], [0, 27], [0, 12], [1, 17], [1, 3], [1, 24], [1, 9], [2, 18], [2, 4], [2, 15], [3, 19], [3, 21], [3, 14], [4, 17], [4, 5], [4, 6], [5, 20], [5, 7], [6, 24], [6, 7], [7, 16], [7, 25], [7, 12], [8, 9], [8, 10], [9, 10], [9, 11], [10, 11], [10, 28], [10, 14], [11, 12], [12, 16], [12, 13], [12, 15], [13, 18], [13, 23], [13, 15], [14, 15], [15, 17], [17, 20], [17, 26], [17, 28], [18, 20], [19, 21], [20, 21], [20, 25], [21, 22], [21, 23], [22, 24], [22, 23], [23, 24], [23, 25], [23, 26], [24, 26], [25, 27], [27, 28]], "features": {"27": ["cc_0", "deg_3"], "22": ["cc_22", "deg_3"], "15": ["cc_3", "deg_5"], "4": ["cc_0", "deg_4"], "0": ["cc_3", "deg_5"], "2": ["cc_0", "deg_3"], "6": ["cc_0", "deg_3"], "18": ["cc_0", "deg_3"], "5": ["cc_0", "deg_3"], "10": ["cc_6", "deg_5"], "14": ["cc_0", "deg_3"], "1": ["cc_0", "deg_4"], "8": ["cc_33", "deg_2"], "20": ["cc_0", "deg_5"], "26": ["cc_5", "deg_4"], "3": ["cc_5", "deg_4"], "11": ["cc_11", "deg_3"], "28": ["cc_0", "deg_3"], "23": ["cc_6", "deg_6"], "19": ["cc_22", "deg_3"], "13": ["cc_5", "deg_4"], "16": ["cc_33", "deg_2"], "7": ["cc_3", "deg_5"], "17": ["cc_0", "deg_6"], "12": ["cc_4", "deg_6"], "25": ["cc_0", "deg_4"], "24": ["cc_6", "deg_5"], "9": ["cc_11", "deg_4"], "21": ["cc_6", "deg_6"]}}