{"label": 2, "features": {"1": ["cc_0", "deg_3"], "16": ["cc_0", "deg_3"], "4": ["cc_0", "deg_1"], "21": ["cc_0", "deg_3"], "7": ["cc_0", "deg_1"], "25": ["cc_0", "deg_1"], "0": ["cc_0", "deg_6"], "12": ["cc_0", "deg_2"], "29": ["cc_0", "deg_3"], "28": ["cc_0", "deg_1"], "13": ["cc_0", "deg_1"], "6": ["cc_0", "deg_2"], "5": ["cc_0", "deg_3"], "3": ["cc_0", "deg_1"], "24": ["cc_0", "deg_2"], "23": ["cc_0", "deg_3"], "27": ["cc_0", "deg_2"], "19": ["cc_0", "deg_1"], "10": ["cc_0", "deg_1"], "17": ["cc_0", "deg_1"], "11": ["cc_0", "deg_2"], "22": ["cc_0", "deg_3"], "18": ["cc_0", "deg_3"], "2": ["cc_0", "deg_1"], "26": ["cc_0", "deg_3"], "20": ["cc_0", "deg_1"], "14": ["cc_0", "deg_1"], "9": ["cc_0", "deg_1"], "8": ["cc_0", "deg_3"], "15": ["cc_0", "deg_1"]}, "edges": [[0, 2], [0, 22], [0, 6], [0, 8], [0, 18], [0, 29], [1, 24], [1, 25], [1, 6], [3, 29], [4, 5], [5, 8], [5, 26], [7, 18], [8, 17], [9, 24], [10, 27], [11, 19], [11, 12], [12, 29], [13, 16], [14, 18], [15, 16], [16, 23], [20, 21], [21, 26], [21, 22], [22, 28], [23, 26], [23, 27]]}