{"label": 1, "edges": [[0, 16], [0, 1], [0, 20], [0, 47], [1, 3], [1, 4], [1, 53], [1, 52], [1, 63], [2, 3], [2, 5], [2, 64], [2, 47], [2, 63], [3, 4], [3, 5], [3, 6], [3, 12], [4, 64], [4, 5], [4, 32], [4, 38], [4, 12], [4, 45], [5, 6], [5, 7], [5, 46], [6, 19], [6, 8], [6, 9], [6, 62], [7, 42], [7, 12], [7, 14], [7, 47], [8, 9], [8, 10], [8, 11], [9, 18], [9, 35], [9, 10], [9, 59], [9, 12], [9, 46], [10, 51], [10, 52], [10, 54], [10, 58], [10, 11], [10, 12], [10, 44], [11, 52], [11, 12], [11, 13], [11, 14], [11, 47], [12, 53], [12, 14], [13, 16], [13, 48], [13, 55], [14, 16], [14, 17], [14, 49], [14, 54], [14, 39], [15, 16], [15, 17], [15, 57], [16, 64], [16, 18], [16, 34], [16, 21], [17, 18], [17, 20], [17, 55], [17, 28], [18, 19], [18, 21], [18, 41], [18, 58], [19, 35], [19, 36], [19, 23], [20, 21], [20, 23], [20, 33], [21, 23], [21, 24], [21, 42], [22, 54], [22, 23], [22, 24], [22, 25], [23, 24], [23, 25], [23, 58], [24, 49], [24, 26], [24, 27], [24, 62], [25, 56], [25, 55], [25, 58], [25, 27], [25, 60], [26, 27], [26, 28], [26, 29], [26, 31], [27, 49], [27, 28], [27, 29], [27, 30], [28, 50], [28, 40], [28, 60], [28, 30], [28, 31], [29, 32], [29, 45], [29, 30], [29, 31], [30, 32], [30, 33], [30, 31], [31, 32], [31, 33], [32, 33], [32, 54], [33, 36], [33, 47], [34, 49], [34, 36], [34, 37], [35, 36], [35, 37], [35, 38], [36, 39], [36, 47], [37, 38], [37, 39], [37, 40], [38, 49], [38, 40], [38, 57], [39, 41], [39, 42], [40, 41], [40, 43], [41, 44], [41, 45], [42, 43], [42, 44], [43, 64], [43, 53], [43, 60], [43, 44], [43, 46], [44, 45], [44, 46], [45, 61], [45, 47], [46, 59], [46, 54], [46, 47], [47, 48], [48, 49], [48, 50], [48, 51], [49, 63], [50, 51], [50, 53], [51, 52], [51, 53], [52, 53], [54, 64], [54, 55], [55, 57], [55, 58], [56, 57], [56, 58], [57, 58], [57, 59], [57, 60], [58, 61], [59, 60], [59, 62], [60, 61], [60, 63], [61, 64], [61, 62], [61, 63], [62, 64], [62, 63]], "features": {"27": ["cc_9", "deg_7"], "35": ["cc_6", "deg_5"], "43": ["cc_3", "deg_7"], "47": ["cc_0", "deg_9"], "32": ["cc_11", "deg_6"], "56": ["cc_22", "deg_3"], "9": ["cc_4", "deg_8"], "33": ["cc_8", "deg_6"], "48": ["cc_3", "deg_5"], "55": ["cc_4", "deg_6"], "0": ["cc_0", "deg_4"], "2": ["cc_3", "deg_5"], "18": ["cc_1", "deg_7"], "5": ["cc_6", "deg_6"], "14": ["cc_2", "deg_8"], "38": ["cc_4", "deg_6"], "44": ["cc_6", "deg_6"], "39": ["cc_0", "deg_5"], "3": ["cc_11", "deg_6"], "28": ["cc_4", "deg_8"], "51": ["cc_13", "deg_5"], "23": ["cc_7", "deg_7"], "19": ["cc_3", "deg_5"], "61": ["cc_6", "deg_6"], "34": ["cc_0", "deg_4"], "11": ["cc_6", "deg_7"], "17": ["cc_0", "deg_6"], "12": ["cc_5", "deg_8"], "25": ["cc_6", "deg_7"], "24": ["cc_6", "deg_7"], "62": ["cc_4", "deg_6"], "59": ["cc_6", "deg_5"], "22": ["cc_11", "deg_4"], "60": ["cc_3", "deg_7"], "15": ["cc_0", "deg_3"], "4": ["cc_3", "deg_8"], "37": ["cc_6", "deg_5"], "45": ["cc_2", "deg_6"], "42": ["cc_3", "deg_5"], "30": ["cc_17", "deg_6"], "31": ["cc_17", "deg_6"], "36": ["cc_4", "deg_6"], "57": ["cc_4", "deg_7"], "53": ["cc_6", "deg_6"], "10": ["cc_5", "deg_9"], "49": ["cc_1", "deg_7"], "1": ["cc_4", "deg_6"], "46": ["cc_3", "deg_7"], "26": ["cc_16", "deg_5"], "40": ["cc_3", "deg_5"], "41": ["cc_3", "deg_5"], "20": ["cc_3", "deg_5"], "29": ["cc_13", "deg_6"], "52": ["cc_13", "deg_5"], "58": ["cc_5", "deg_8"], "63": ["cc_4", "deg_6"], "64": ["cc_1", "deg_7"], "13": ["cc_0", "deg_4"], "6": ["cc_4", "deg_6"], "7": ["cc_3", "deg_5"], "50": ["cc_11", "deg_4"], "8": ["cc_16", "deg_4"], "16": ["cc_1", "deg_8"], "54": ["cc_0", "deg_7"], "21": ["cc_6", "deg_6"]}}