{"label": 2, "edges": [[0, 17], [0, 4], [0, 36], [0, 31], [1, 19], [1, 5], [1, 8], [1, 27], [2, 32], [2, 20], [2, 26], [2, 15], [3, 18], [3, 27], [3, 4], [4, 33], [4, 22], [4, 25], [4, 35], [5, 38], [5, 7], [5, 13], [6, 19], [6, 37], [6, 12], [6, 15], [7, 17], [7, 19], [7, 31], [8, 23], [9, 18], [9, 22], [9, 24], [9, 13], [9, 31], [10, 34], [10, 20], [10, 23], [11, 35], [11, 22], [11, 23], [11, 28], [11, 15], [12, 34], [12, 36], [13, 16], [13, 36], [13, 38], [13, 21], [14, 33], [14, 26], [14, 22], [15, 24], [15, 26], [16, 20], [16, 30], [17, 34], [17, 27], [17, 28], [18, 33], [19, 37], [20, 33], [20, 26], [20, 24], [21, 25], [21, 29], [22, 34], [22, 38], [22, 28], [24, 32], [25, 33], [25, 34], [28, 37], [29, 32], [29, 33], [30, 31], [32, 33], [36, 37]], "features": {"27": ["cc_0", "deg_3"], "22": ["cc_1", "deg_7"], "32": ["cc_5", "deg_4"], "15": ["cc_3", "deg_5"], "4": ["cc_2", "deg_6"], "33": ["cc_3", "deg_7"], "35": ["cc_0", "deg_2"], "30": ["cc_0", "deg_2"], "0": ["cc_0", "deg_4"], "2": ["cc_11", "deg_4"], "6": ["cc_5", "deg_4"], "18": ["cc_0", "deg_3"], "5": ["cc_5", "deg_4"], "10": ["cc_0", "deg_3"], "14": ["cc_0", "deg_3"], "1": ["cc_0", "deg_4"], "29": ["cc_11", "deg_3"], "37": ["cc_5", "deg_4"], "8": ["cc_0", "deg_2"], "20": ["cc_2", "deg_6"], "26": ["cc_11", "deg_4"], "3": ["cc_0", "deg_3"], "11": ["cc_3", "deg_5"], "28": ["cc_5", "deg_4"], "23": ["cc_0", "deg_3"], "19": ["cc_5", "deg_4"], "36": ["cc_0", "deg_4"], "38": ["cc_11", "deg_3"], "34": ["cc_0", "deg_5"], "13": ["cc_2", "deg_6"], "16": ["cc_0", "deg_3"], "7": ["cc_0", "deg_4"], "17": ["cc_0", "deg_5"], "12": ["cc_0", "deg_3"], "31": ["cc_0", "deg_4"], "25": ["cc_5", "deg_4"], "24": ["cc_0", "deg_4"], "9": ["cc_0", "deg_5"], "21": ["cc_0", "deg_3"]}}