{"label": 2, "edges": [[0, 80], [0, 20], [0, 73], [0, 59], [1, 35], [1, 92], [2, 56], [2, 18], [2, 59], [2, 8], [2, 42], [2, 75], [2, 78], [3, 62], [3, 38], [3, 87], [3, 74], [3, 27], [3, 90], [3, 30], [4, 32], [4, 81], [4, 94], [5, 84], [5, 13], [5, 94], [5, 85], [6, 9], [6, 76], [6, 7], [7, 16], [7, 63], [8, 26], [9, 86], [9, 72], [9, 10], [10, 51], [10, 54], [10, 23], [10, 55], [11, 51], [11, 83], [11, 23], [11, 63], [12, 48], [12, 59], [12, 37], [12, 72], [12, 91], [13, 59], [13, 93], [14, 50], [14, 19], [14, 23], [15, 35], [15, 59], [15, 28], [15, 89], [16, 73], [16, 91], [16, 28], [17, 82], [17, 35], [17, 20], [17, 58], [17, 91], [18, 64], [18, 71], [18, 56], [18, 58], [18, 27], [19, 48], [19, 22], [20, 91], [20, 75], [20, 92], [20, 61], [21, 40], [21, 58], [21, 94], [21, 79], [22, 55], [22, 23], [22, 28], [22, 29], [23, 50], [23, 52], [23, 57], [23, 69], [24, 80], [24, 34], [24, 57], [24, 91], [24, 50], [25, 64], [25, 54], [25, 91], [25, 30], [26, 91], [26, 63], [27, 77], [28, 82], [28, 30], [29, 68], [29, 87], [29, 39], [29, 76], [31, 72], [31, 62], [31, 71], [32, 53], [32, 60], [33, 40], [33, 41], [33, 90], [33, 77], [34, 67], [35, 66], [36, 64], [36, 84], [36, 41], [36, 89], [36, 77], [37, 57], [37, 38], [37, 63], [38, 42], [38, 74], [39, 52], [39, 46], [40, 68], [40, 89], [40, 52], [41, 86], [42, 45], [42, 62], [43, 67], [43, 89], [43, 45], [43, 46], [43, 61], [44, 72], [44, 47], [45, 88], [45, 93], [46, 67], [47, 49], [47, 66], [47, 68], [48, 67], [48, 52], [48, 86], [49, 81], [49, 50], [51, 75], [51, 90], [52, 83], [52, 79], [53, 84], [53, 54], [53, 71], [53, 78], [55, 92], [55, 60], [57, 84], [57, 70], [58, 72], [58, 69], [59, 65], [60, 61], [61, 77], [62, 72], [62, 78], [62, 63], [64, 92], [65, 92], [66, 67], [68, 88], [69, 91], [70, 92], [71, 74], [72, 80], [75, 88], [76, 94], [77, 81], [79, 81], [82, 90], [83, 88], [85, 86], [87, 94]], "features": {"27": ["cc_0", "deg_3"], "35": ["cc_0", "deg_4"], "43": ["cc_3", "deg_5"], "47": ["cc_0", "deg_4"], "56": ["cc_33", "deg_2"], "23": ["cc_1", "deg_8"], "9": ["cc_0", "deg_4"], "94": ["cc_0", "deg_5"], "0": ["cc_0", "deg_4"], "6": ["cc_0", "deg_3"], "18": ["cc_2", "deg_6"], "14": ["cc_11", "deg_3"], "38": ["cc_5", "deg_4"], "82": ["cc_0", "deg_3"], "68": ["cc_0", "deg_4"], "51": ["cc_0", "deg_4"], "77": ["cc_0", "deg_5"], "19": ["cc_0", "deg_3"], "34": ["cc_0", "deg_2"], "75": ["cc_0", "deg_4"], "11": ["cc_0", "deg_4"], "88": ["cc_0", "deg_4"], "17": ["cc_3", "deg_5"], "25": ["cc_0", "deg_4"], "24": ["cc_0", "deg_5"], "70": ["cc_0", "deg_2"], "15": ["cc_0", "deg_4"], "62": ["cc_2", "deg_6"], "40": ["cc_0", "deg_5"], "30": ["cc_0", "deg_3"], "31": ["cc_11", "deg_3"], "66": ["cc_0", "deg_3"], "36": ["cc_0", "deg_5"], "57": ["cc_0", "deg_5"], "10": ["cc_0", "deg_5"], "49": ["cc_0", "deg_3"], "1": ["cc_0", "deg_2"], "46": ["cc_11", "deg_3"], "60": ["cc_0", "deg_3"], "41": ["cc_0", "deg_3"], "29": ["cc_0", "deg_5"], "74": ["cc_11", "deg_3"], "13": ["cc_0", "deg_3"], "2": ["cc_1", "deg_7"], "7": ["cc_0", "deg_3"], "84": ["cc_0", "deg_4"], "79": ["cc_0", "deg_3"], "90": ["cc_0", "deg_4"], "32": ["cc_0", "deg_3"], "33": ["cc_0", "deg_4"], "55": ["cc_0", "deg_4"], "48": ["cc_0", "deg_5"], "85": ["cc_0", "deg_2"], "5": ["cc_0", "deg_4"], "80": ["cc_0", "deg_3"], "81": ["cc_0", "deg_4"], "86": ["cc_0", "deg_4"], "87": ["cc_0", "deg_3"], "44": ["cc_0", "deg_2"], "39": ["cc_0", "deg_3"], "3": ["cc_1", "deg_7"], "92": ["cc_0", "deg_6"], "28": ["cc_0", "deg_5"], "83": ["cc_0", "deg_3"], "76": ["cc_0", "deg_3"], "72": ["cc_1", "deg_7"], "89": ["cc_0", "deg_4"], "12": ["cc_0", "deg_5"], "59": ["cc_0", "deg_6"], "69": ["cc_0", "deg_3"], "22": ["cc_0", "deg_5"], "50": ["cc_5", "deg_4"], "71": ["cc_0", "deg_4"], "4": ["cc_0", "deg_3"], "78": ["cc_0", "deg_3"], "91": ["cc_1", "deg_8"], "45": ["cc_0", "deg_4"], "42": ["cc_0", "deg_4"], "21": ["cc_0", "deg_4"], "8": ["cc_0", "deg_2"], "53": ["cc_0", "deg_5"], "67": ["cc_3", "deg_5"], "37": ["cc_0", "deg_4"], "20": ["cc_2", "deg_6"], "26": ["cc_0", "deg_3"], "93": ["cc_0", "deg_2"], "52": ["cc_0", "deg_6"], "58": ["cc_0", "deg_5"], "63": ["cc_0", "deg_5"], "64": ["cc_0", "deg_4"], "54": ["cc_0", "deg_3"], "65": ["cc_0", "deg_2"], "61": ["cc_0", "deg_4"], "16": ["cc_0", "deg_4"], "73": ["cc_0", "deg_2"]}}