{"label": 1, "edges": [[0, 80], [0, 81], [0, 57], [0, 44], [0, 61], [1, 2], [1, 75], [2, 85], [2, 39], [2, 31], [3, 24], [3, 34], [4, 71], [4, 6], [4, 79], [5, 35], [5, 6], [5, 7], [6, 40], [6, 32], [6, 17], [7, 56], [7, 9], [8, 52], [8, 10], [8, 78], [9, 87], [9, 88], [9, 10], [9, 11], [10, 37], [10, 11], [10, 69], [11, 81], [11, 67], [11, 86], [11, 88], [11, 13], [12, 32], [12, 33], [12, 52], [12, 23], [12, 76], [12, 29], [13, 38], [13, 14], [13, 31], [14, 17], [14, 26], [14, 77], [15, 16], [15, 47], [16, 18], [16, 50], [17, 37], [18, 19], [18, 20], [19, 84], [19, 20], [19, 21], [20, 83], [20, 21], [20, 22], [21, 52], [21, 41], [22, 56], [22, 49], [22, 79], [23, 24], [23, 46], [24, 68], [24, 44], [25, 26], [25, 54], [26, 64], [26, 27], [27, 28], [27, 63], [28, 48], [28, 32], [28, 29], [29, 54], [29, 31], [30, 48], [30, 31], [31, 32], [31, 82], [32, 51], [32, 39], [32, 40], [32, 50], [33, 58], [33, 43], [34, 48], [34, 35], [35, 48], [35, 37], [36, 43], [36, 38], [37, 64], [38, 80], [38, 39], [39, 40], [39, 54], [40, 41], [40, 61], [40, 63], [41, 42], [41, 43], [42, 84], [42, 85], [42, 44], [42, 53], [43, 44], [43, 45], [44, 64], [44, 45], [44, 46], [45, 50], [45, 46], [45, 47], [46, 80], [47, 49], [47, 87], [49, 51], [49, 57], [50, 77], [51, 52], [51, 53], [53, 55], [54, 55], [55, 67], [55, 84], [55, 56], [56, 64], [56, 83], [56, 57], [56, 58], [57, 58], [58, 60], [59, 61], [59, 63], [60, 67], [60, 62], [61, 70], [62, 64], [62, 63], [63, 64], [65, 66], [65, 67], [66, 67], [66, 68], [66, 85], [66, 71], [67, 87], [68, 69], [68, 70], [69, 70], [69, 71], [70, 72], [70, 71], [71, 79], [72, 73], [72, 74], [73, 74], [73, 75], [74, 75], [74, 76], [75, 76], [75, 82], [76, 77], [78, 80], [78, 79], [79, 81], [82, 83], [85, 87], [86, 87], [87, 88]], "features": {"27": ["cc_0", "deg_3"], "35": ["cc_5", "deg_4"], "43": ["cc_3", "deg_5"], "47": ["cc_0", "deg_4"], "56": ["cc_1", "deg_7"], "23": ["cc_0", "deg_3"], "9": ["cc_10", "deg_5"], "0": ["cc_0", "deg_5"], "6": ["cc_3", "deg_5"], "18": ["cc_11", "deg_3"], "14": ["cc_0", "deg_4"], "38": ["cc_0", "deg_4"], "82": ["cc_0", "deg_3"], "68": ["cc_5", "deg_4"], "51": ["cc_0", "deg_4"], "77": ["cc_0", "deg_3"], "19": ["cc_11", "deg_4"], "34": ["cc_11", "deg_3"], "75": ["cc_6", "deg_5"], "11": ["cc_3", "deg_7"], "88": ["cc_22", "deg_3"], "17": ["cc_0", "deg_3"], "25": ["cc_0", "deg_2"], "24": ["cc_0", "deg_4"], "70": ["cc_6", "deg_5"], "15": ["cc_0", "deg_2"], "62": ["cc_11", "deg_3"], "40": ["cc_4", "deg_6"], "30": ["cc_0", "deg_2"], "31": ["cc_0", "deg_6"], "66": ["cc_3", "deg_5"], "36": ["cc_0", "deg_2"], "57": ["cc_5", "deg_4"], "10": ["cc_3", "deg_5"], "49": ["cc_0", "deg_4"], "1": ["cc_0", "deg_2"], "46": ["cc_5", "deg_4"], "60": ["cc_0", "deg_3"], "41": ["cc_0", "deg_4"], "29": ["cc_0", "deg_4"], "74": ["cc_16", "deg_4"], "13": ["cc_0", "deg_4"], "2": ["cc_0", "deg_4"], "7": ["cc_0", "deg_3"], "84": ["cc_0", "deg_3"], "79": ["cc_3", "deg_5"], "32": ["cc_2", "deg_8"], "33": ["cc_0", "deg_3"], "55": ["cc_0", "deg_5"], "48": ["cc_5", "deg_4"], "85": ["cc_0", "deg_4"], "5": ["cc_0", "deg_3"], "80": ["cc_0", "deg_4"], "81": ["cc_0", "deg_3"], "86": ["cc_0", "deg_2"], "87": ["cc_2", "deg_6"], "44": ["cc_3", "deg_7"], "39": ["cc_3", "deg_5"], "3": ["cc_0", "deg_2"], "28": ["cc_0", "deg_4"], "83": ["cc_0", "deg_3"], "76": ["cc_5", "deg_4"], "72": ["cc_11", "deg_3"], "12": ["cc_0", "deg_6"], "59": ["cc_0", "deg_2"], "69": ["cc_11", "deg_4"], "22": ["cc_0", "deg_4"], "50": ["cc_0", "deg_4"], "71": ["cc_6", "deg_5"], "4": ["cc_11", "deg_3"], "78": ["cc_0", "deg_3"], "45": ["cc_6", "deg_5"], "42": ["cc_0", "deg_5"], "21": ["cc_5", "deg_4"], "8": ["cc_0", "deg_3"], "53": ["cc_0", "deg_3"], "67": ["cc_2", "deg_6"], "37": ["cc_0", "deg_4"], "20": ["cc_6", "deg_5"], "26": ["cc_0", "deg_4"], "52": ["cc_0", "deg_4"], "58": ["cc_5", "deg_4"], "63": ["cc_3", "deg_5"], "64": ["cc_2", "deg_6"], "54": ["cc_0", "deg_4"], "65": ["cc_33", "deg_2"], "61": ["cc_0", "deg_4"], "16": ["cc_0", "deg_3"], "73": ["cc_22", "deg_3"]}}