{"label": 2, "edges": [[0, 25], [0, 58], [0, 55], [1, 64], [1, 51], [1, 34], [1, 3], [1, 2], [2, 34], [2, 44], [3, 6], [3, 43], [3, 46], [4, 16], [4, 10], [4, 6], [5, 36], [5, 6], [5, 40], [5, 26], [6, 8], [6, 12], [7, 8], [7, 58], [8, 11], [8, 23], [8, 13], [9, 27], [9, 10], [9, 11], [10, 35], [10, 27], [10, 52], [11, 53], [11, 12], [11, 28], [12, 43], [12, 29], [12, 14], [13, 49], [13, 14], [14, 17], [14, 18], [14, 44], [15, 17], [15, 26], [15, 44], [16, 17], [16, 18], [16, 39], [17, 64], [17, 39], [18, 49], [18, 25], [19, 20], [19, 24], [19, 36], [19, 28], [19, 62], [20, 32], [20, 23], [20, 43], [20, 63], [21, 49], [21, 33], [22, 59], [22, 23], [22, 27], [23, 24], [24, 49], [24, 62], [25, 35], [25, 57], [26, 32], [26, 33], [26, 50], [26, 27], [27, 54], [28, 61], [28, 63], [29, 30], [30, 55], [30, 59], [30, 31], [31, 33], [31, 39], [32, 46], [32, 47], [33, 52], [34, 37], [36, 38], [36, 60], [37, 38], [37, 39], [38, 48], [38, 40], [38, 58], [38, 45], [39, 56], [40, 64], [40, 57], [40, 45], [41, 43], [41, 61], [42, 58], [42, 43], [43, 53], [44, 45], [45, 57], [45, 61], [45, 47], [46, 48], [47, 48], [48, 50], [48, 52], [49, 50], [49, 51], [49, 63], [50, 61], [51, 53], [54, 62], [55, 56], [55, 57], [56, 57], [56, 58], [57, 58], [58, 60], [59, 61], [60, 62], [61, 64]], "features": {"27": ["cc_3", "deg_5"], "35": ["cc_0", "deg_2"], "43": ["cc_0", "deg_6"], "47": ["cc_0", "deg_3"], "32": ["cc_0", "deg_4"], "56": ["cc_11", "deg_4"], "9": ["cc_11", "deg_3"], "33": ["cc_0", "deg_4"], "48": ["cc_0", "deg_5"], "55": ["cc_5", "deg_4"], "0": ["cc_0", "deg_3"], "2": ["cc_11", "deg_3"], "18": ["cc_0", "deg_4"], "5": ["cc_0", "deg_4"], "14": ["cc_0", "deg_5"], "38": ["cc_2", "deg_6"], "44": ["cc_0", "deg_4"], "39": ["cc_3", "deg_5"], "3": ["cc_0", "deg_4"], "28": ["cc_0", "deg_4"], "51": ["cc_0", "deg_3"], "23": ["cc_0", "deg_4"], "19": ["cc_3", "deg_5"], "61": ["cc_0", "deg_6"], "34": ["cc_11", "deg_3"], "11": ["cc_0", "deg_5"], "17": ["cc_3", "deg_5"], "12": ["cc_0", "deg_5"], "25": ["cc_0", "deg_4"], "24": ["cc_5", "deg_4"], "62": ["cc_5", "deg_4"], "59": ["cc_0", "deg_3"], "22": ["cc_0", "deg_3"], "60": ["cc_0", "deg_3"], "15": ["cc_0", "deg_3"], "4": ["cc_0", "deg_3"], "37": ["cc_0", "deg_3"], "45": ["cc_4", "deg_6"], "42": ["cc_0", "deg_2"], "30": ["cc_0", "deg_4"], "31": ["cc_0", "deg_3"], "36": ["cc_0", "deg_4"], "57": ["cc_6", "deg_6"], "53": ["cc_0", "deg_3"], "10": ["cc_3", "deg_5"], "49": ["cc_0", "deg_7"], "1": ["cc_3", "deg_5"], "46": ["cc_0", "deg_3"], "26": ["cc_0", "deg_6"], "40": ["cc_6", "deg_5"], "41": ["cc_0", "deg_2"], "20": ["cc_0", "deg_5"], "29": ["cc_0", "deg_2"], "52": ["cc_0", "deg_3"], "58": ["cc_1", "deg_7"], "63": ["cc_0", "deg_3"], "64": ["cc_0", "deg_4"], "13": ["cc_0", "deg_3"], "6": ["cc_0", "deg_5"], "7": ["cc_0", "deg_2"], "50": ["cc_0", "deg_4"], "8": ["cc_0", "deg_5"], "16": ["cc_5", "deg_4"], "54": ["cc_0", "deg_2"], "21": ["cc_0", "deg_2"]}}