{"label": 0, "features": {"68": ["cc_16", "deg_4"], "21": ["cc_10", "deg_5"], "34": ["cc_10", "deg_5"], "58": ["cc_11", "deg_3"], "69": ["cc_6", "deg_5"], "42": ["cc_0", "deg_3"], "12": ["cc_6", "deg_5"], "66": ["cc_11", "deg_3"], "5": ["cc_16", "deg_4"], "61": ["cc_11", "deg_4"], "51": ["cc_11", "deg_4"], "24": ["cc_0", "deg_3"], "56": ["cc_0", "deg_2"], "55": ["cc_0", "deg_4"], "17": ["cc_6", "deg_5"], "22": ["cc_11", "deg_4"], "74": ["cc_33", "deg_2"], "59": ["cc_11", "deg_4"], "46": ["cc_11", "deg_4"], "37": ["cc_5", "deg_4"], "38": ["cc_11", "deg_4"], "81": ["cc_11", "deg_4"], "35": ["cc_5", "deg_4"], "47": ["cc_3", "deg_5"], "16": ["cc_10", "deg_5"], "65": ["cc_0", "deg_3"], "23": ["cc_5", "deg_4"], "7": ["cc_6", "deg_5"], "82": ["cc_5", "deg_4"], "29": ["cc_16", "deg_4"], "13": ["cc_6", "deg_5"], "6": ["cc_16", "deg_4"], "30": ["cc_11", "deg_4"], "14": ["cc_22", "deg_3"], "40": ["cc_11", "deg_4"], "33": ["cc_6", "deg_5"], "73": ["cc_2", "deg_6"], "76": ["cc_5", "deg_4"], "8": ["cc_5", "deg_4"], "44": ["cc_11", "deg_4"], "26": ["cc_5", "deg_4"], "43": ["cc_5", "deg_4"], "57": ["cc_3", "deg_5"], "20": ["cc_11", "deg_4"], "80": ["cc_16", "deg_4"], "70": ["cc_6", "deg_5"], "84": ["cc_11", "deg_4"], "53": ["cc_0", "deg_3"], "1": ["cc_11", "deg_4"], "54": ["cc_3", "deg_5"], "41": ["cc_3", "deg_5"], "4": ["cc_11", "deg_4"], "39": ["cc_16", "deg_4"], "28": ["cc_16", "deg_4"], "25": ["cc_0", "deg_4"], "78": ["cc_22", "deg_3"], "3": ["cc_11", "deg_3"], "64": ["cc_5", "deg_4"], "72": ["cc_11", "deg_4"], "19": ["cc_11", "deg_3"], "62": ["cc_11", "deg_3"], "11": ["cc_6", "deg_5"], "18": ["cc_5", "deg_4"], "67": ["cc_22", "deg_3"], "2": ["cc_5", "deg_4"], "9": ["cc_0", "deg_4"], "27": ["cc_22", "deg_3"], "15": ["cc_10", "deg_5"], "71": ["cc_22", "deg_3"], "0": ["cc_16", "deg_4"], "63": ["cc_11", "deg_3"], "32": ["cc_10", "deg_5"], "45": ["cc_16", "deg_4"], "36": ["cc_11", "deg_4"], "83": ["cc_11", "deg_3"], "48": ["cc_5", "deg_4"], "79": ["cc_10", "deg_5"], "77": ["cc_11", "deg_3"], "10": ["cc_11", "deg_3"], "85": ["cc_10", "deg_5"], "31": ["cc_11", "deg_4"], "75": ["cc_5", "deg_4"], "50": ["cc_16", "deg_4"], "60": ["cc_11", "deg_4"], "52": ["cc_5", "deg_4"], "49": ["cc_6", "deg_5"]}, "edges": [[0, 1], [0, 2], [0, 84], [0, 85], [1, 2], [1, 3], [1, 85], [2, 16], [2, 73], [3, 4], [3, 5], [4, 42], [4, 5], [4, 6], [5, 6], [5, 7], [6, 8], [6, 7], [7, 8], [7, 33], [7, 20], [8, 9], [8, 10], [9, 65], [9, 85], [9, 11], [10, 11], [10, 12], [11, 35], [11, 12], [11, 13], [12, 23], [12, 57], [12, 13], [13, 52], [13, 14], [13, 15], [14, 16], [14, 15], [15, 16], [15, 17], [15, 73], [16, 17], [16, 18], [17, 72], [17, 18], [17, 79], [18, 34], [18, 19], [19, 20], [19, 21], [20, 21], [20, 22], [21, 65], [21, 22], [21, 23], [22, 24], [22, 23], [23, 25], [24, 26], [24, 75], [25, 33], [25, 69], [25, 26], [26, 27], [26, 28], [27, 28], [27, 29], [28, 29], [28, 30], [29, 30], [29, 31], [30, 48], [30, 31], [31, 32], [31, 33], [32, 33], [32, 34], [32, 36], [32, 82], [33, 34], [34, 35], [34, 36], [35, 75], [35, 36], [36, 37], [37, 61], [37, 38], [37, 39], [38, 40], [38, 55], [38, 39], [39, 40], [39, 41], [40, 41], [40, 49], [41, 42], [41, 43], [41, 58], [42, 44], [43, 44], [43, 45], [43, 53], [44, 45], [44, 46], [45, 46], [45, 47], [46, 48], [46, 47], [47, 49], [47, 70], [47, 63], [48, 49], [48, 50], [49, 50], [49, 51], [50, 51], [50, 52], [51, 52], [51, 53], [52, 54], [53, 55], [54, 55], [54, 73], [54, 60], [54, 61], [55, 57], [56, 57], [56, 69], [57, 58], [57, 59], [58, 59], [59, 60], [59, 61], [60, 61], [60, 62], [62, 64], [62, 63], [63, 64], [64, 65], [64, 66], [66, 67], [66, 68], [67, 68], [67, 69], [68, 69], [68, 70], [69, 70], [70, 72], [70, 71], [71, 72], [71, 73], [72, 73], [73, 76], [74, 75], [74, 76], [75, 76], [76, 77], [77, 78], [77, 79], [78, 80], [78, 79], [79, 80], [79, 81], [80, 81], [80, 82], [81, 82], [81, 83], [82, 84], [83, 84], [83, 85], [84, 85]]}