{"label": 2, "edges": [[0, 49], [0, 21], [0, 22], [0, 23], [0, 10], [0, 13], [0, 30], [1, 3], [1, 8], [1, 42], [1, 15], [1, 51], [1, 20], [1, 56], [1, 58], [1, 29], [2, 38], [2, 6], [2, 39], [2, 7], [2, 18], [2, 21], [2, 30], [3, 43], [3, 16], [4, 32], [4, 40], [4, 43], [4, 12], [4, 46], [5, 48], [5, 33], [5, 22], [5, 40], [5, 26], [5, 11], [5, 50], [6, 16], [6, 33], [6, 53], [6, 55], [6, 45], [6, 31], [7, 32], [7, 44], [7, 12], [7, 47], [7, 51], [7, 55], [8, 22], [8, 24], [8, 40], [8, 30], [8, 47], [9, 48], [9, 22], [9, 28], [9, 10], [9, 14], [10, 17], [10, 41], [10, 58], [10, 20], [11, 56], [11, 27], [11, 43], [11, 28], [12, 19], [12, 24], [12, 23], [12, 27], [12, 46], [13, 36], [13, 37], [13, 38], [13, 14], [14, 25], [14, 56], [14, 26], [14, 31], [15, 51], [15, 52], [15, 55], [15, 24], [15, 20], [16, 32], [16, 39], [16, 17], [16, 21], [16, 23], [16, 26], [17, 32], [17, 50], [18, 55], [18, 56], [18, 28], [18, 44], [19, 34], [19, 20], [19, 55], [19, 57], [19, 49], [19, 54], [20, 40], [20, 46], [21, 48], [21, 54], [22, 51], [22, 35], [22, 36], [22, 57], [22, 29], [23, 53], [23, 40], [23, 45], [24, 54], [24, 55], [25, 33], [25, 37], [25, 49], [25, 47], [26, 31], [27, 52], [27, 37], [27, 42], [28, 38], [28, 48], [28, 49], [29, 36], [29, 53], [30, 41], [31, 46], [31, 37], [32, 41], [33, 48], [33, 53], [33, 57], [34, 50], [34, 55], [34, 40], [34, 57], [34, 43], [35, 57], [35, 49], [35, 41], [35, 44], [36, 56], [37, 38], [37, 44], [37, 46], [38, 56], [39, 50], [39, 45], [40, 54], [41, 42], [41, 46], [41, 55], [42, 49], [42, 56], [42, 51], [42, 43], [43, 48], [43, 44], [44, 51], [44, 46], [45, 52], [45, 56], [45, 46], [46, 47], [46, 57], [46, 58], [47, 49], [49, 54], [49, 55], [50, 53], [50, 58], [54, 58]], "features": {"27": ["cc_0", "deg_5"], "35": ["cc_3", "deg_5"], "43": ["cc_0", "deg_7"], "47": ["cc_3", "deg_5"], "32": ["cc_3", "deg_5"], "56": ["cc_1", "deg_8"], "9": ["cc_3", "deg_5"], "33": ["cc_4", "deg_6"], "48": ["cc_4", "deg_6"], "55": ["cc_2", "deg_9"], "0": ["cc_0", "deg_7"], "2": ["cc_0", "deg_7"], "18": ["cc_0", "deg_5"], "5": ["cc_1", "deg_7"], "14": ["cc_2", "deg_6"], "38": ["cc_3", "deg_5"], "44": ["cc_3", "deg_7"], "39": ["cc_0", "deg_4"], "3": ["cc_0", "deg_3"], "28": ["cc_2", "deg_6"], "51": ["cc_6", "deg_6"], "23": ["cc_0", "deg_6"], "19": ["cc_6", "deg_7"], "34": ["cc_4", "deg_6"], "11": ["cc_0", "deg_5"], "17": ["cc_5", "deg_4"], "12": ["cc_1", "deg_7"], "25": ["cc_3", "deg_5"], "24": ["cc_3", "deg_5"], "22": ["cc_1", "deg_9"], "15": ["cc_6", "deg_6"], "4": ["cc_3", "deg_5"], "37": ["cc_4", "deg_7"], "45": ["cc_0", "deg_6"], "42": ["cc_3", "deg_7"], "30": ["cc_0", "deg_4"], "31": ["cc_6", "deg_5"], "36": ["cc_5", "deg_4"], "57": ["cc_4", "deg_6"], "53": ["cc_3", "deg_5"], "10": ["cc_0", "deg_6"], "49": ["cc_2", "deg_9"], "1": ["cc_3", "deg_9"], "46": ["cc_1", "deg_11"], "26": ["cc_5", "deg_4"], "40": ["cc_0", "deg_7"], "41": ["cc_0", "deg_7"], "20": ["cc_2", "deg_6"], "29": ["cc_5", "deg_4"], "52": ["cc_0", "deg_3"], "58": ["cc_0", "deg_5"], "13": ["cc_3", "deg_5"], "6": ["cc_1", "deg_7"], "7": ["cc_1", "deg_7"], "50": ["cc_0", "deg_6"], "8": ["cc_0", "deg_6"], "16": ["cc_1", "deg_8"], "54": ["cc_2", "deg_6"], "21": ["cc_0", "deg_5"]}}