{"label": 0, "edges": [[0, 1], [0, 2], [0, 3], [0, 37], [0, 38], [0, 39], [1, 2], [1, 3], [1, 4], [1, 38], [1, 39], [1, 31], [2, 4], [2, 5], [2, 22], [2, 39], [3, 4], [3, 5], [3, 6], [4, 5], [4, 6], [4, 37], [5, 16], [5, 6], [5, 8], [5, 11], [6, 7], [6, 8], [6, 9], [7, 8], [7, 9], [7, 10], [8, 36], [8, 9], [8, 10], [8, 11], [9, 32], [9, 36], [9, 10], [9, 11], [10, 11], [10, 12], [10, 13], [11, 12], [11, 13], [11, 14], [12, 13], [12, 14], [12, 15], [13, 16], [13, 14], [13, 15], [14, 16], [14, 17], [14, 15], [15, 16], [15, 17], [15, 18], [16, 17], [16, 19], [16, 20], [17, 18], [17, 19], [17, 20], [18, 19], [18, 20], [18, 21], [19, 20], [19, 21], [19, 22], [19, 24], [20, 21], [20, 22], [21, 22], [21, 23], [21, 24], [22, 24], [22, 25], [22, 30], [23, 24], [23, 25], [23, 26], [24, 26], [24, 27], [25, 26], [25, 27], [25, 28], [26, 27], [26, 28], [26, 29], [27, 28], [27, 29], [27, 30], [28, 29], [28, 30], [28, 31], [29, 32], [29, 34], [29, 30], [29, 31], [30, 32], [30, 33], [30, 31], [31, 33], [31, 34], [32, 33], [32, 34], [33, 34], [33, 35], [33, 36], [34, 35], [34, 36], [35, 36], [35, 37], [35, 38], [36, 37], [36, 39], [37, 38], [37, 39], [38, 39]], "features": {"27": ["cc_17", "deg_6"], "22": ["cc_7", "deg_7"], "32": ["cc_13", "deg_5"], "15": ["cc_17", "deg_6"], "4": ["cc_13", "deg_6"], "33": ["cc_15", "deg_6"], "35": ["cc_16", "deg_5"], "30": ["cc_12", "deg_7"], "0": ["cc_17", "deg_6"], "2": ["cc_11", "deg_6"], "6": ["cc_15", "deg_6"], "18": ["cc_20", "deg_5"], "5": ["cc_9", "deg_7"], "10": ["cc_17", "deg_6"], "14": ["cc_20", "deg_6"], "1": ["cc_12", "deg_7"], "29": ["cc_15", "deg_7"], "37": ["cc_13", "deg_6"], "8": ["cc_15", "deg_7"], "20": ["cc_20", "deg_6"], "26": ["cc_17", "deg_6"], "3": ["cc_16", "deg_5"], "11": ["cc_14", "deg_7"], "28": ["cc_20", "deg_6"], "39": ["cc_17", "deg_6"], "23": ["cc_16", "deg_4"], "19": ["cc_17", "deg_7"], "36": ["cc_9", "deg_7"], "38": ["cc_20", "deg_5"], "34": ["cc_15", "deg_6"], "13": ["cc_20", "deg_6"], "16": ["cc_12", "deg_7"], "7": ["cc_27", "deg_4"], "17": ["cc_20", "deg_6"], "12": ["cc_23", "deg_5"], "31": ["cc_13", "deg_6"], "25": ["cc_13", "deg_5"], "24": ["cc_13", "deg_6"], "9": ["cc_12", "deg_7"], "21": ["cc_17", "deg_6"]}}