{"label": 1, "edges": [[0, 1], [0, 3], [0, 6], [0, 35], [0, 15], [0, 21], [1, 2], [1, 35], [1, 37], [1, 7], [1, 36], [1, 28], [1, 5], [2, 3], [2, 4], [2, 17], [2, 37], [3, 19], [3, 4], [3, 5], [3, 22], [3, 25], [3, 28], [4, 32], [4, 5], [4, 6], [4, 23], [4, 9], [4, 28], [4, 13], [5, 8], [5, 12], [5, 34], [6, 7], [6, 12], [7, 16], [7, 10], [8, 9], [8, 10], [8, 11], [8, 29], [9, 24], [9, 36], [9, 10], [9, 11], [10, 16], [10, 18], [10, 11], [10, 12], [10, 13], [11, 17], [11, 23], [11, 12], [11, 14], [12, 37], [12, 28], [12, 13], [12, 14], [12, 15], [13, 16], [13, 25], [13, 36], [14, 16], [14, 17], [14, 37], [14, 30], [15, 16], [15, 17], [15, 18], [15, 34], [16, 19], [16, 24], [16, 27], [17, 19], [17, 31], [18, 19], [18, 20], [19, 37], [19, 25], [19, 34], [20, 21], [20, 22], [20, 23], [20, 27], [21, 23], [21, 30], [22, 35], [22, 24], [22, 36], [23, 35], [23, 24], [23, 25], [23, 26], [24, 27], [24, 28], [25, 26], [25, 28], [26, 28], [26, 29], [27, 29], [28, 32], [28, 34], [29, 32], [29, 31], [30, 33], [30, 31], [31, 33], [31, 34], [31, 37], [32, 33], [33, 34], [33, 35], [33, 36], [34, 35]], "features": {"27": ["cc_5", "deg_4"], "22": ["cc_0", "deg_5"], "32": ["cc_5", "deg_4"], "15": ["cc_0", "deg_6"], "4": ["cc_3", "deg_9"], "33": ["cc_6", "deg_6"], "35": ["cc_4", "deg_6"], "30": ["cc_5", "deg_4"], "0": ["cc_2", "deg_6"], "2": ["cc_6", "deg_5"], "6": ["cc_0", "deg_4"], "18": ["cc_0", "deg_4"], "5": ["cc_2", "deg_6"], "10": ["cc_8", "deg_8"], "14": ["cc_6", "deg_6"], "1": ["cc_2", "deg_8"], "29": ["cc_0", "deg_5"], "37": ["cc_4", "deg_6"], "8": ["cc_10", "deg_5"], "20": ["cc_3", "deg_5"], "26": ["cc_11", "deg_4"], "3": ["cc_5", "deg_8"], "11": ["cc_9", "deg_7"], "28": ["cc_3", "deg_9"], "23": ["cc_2", "deg_8"], "19": ["cc_1", "deg_7"], "36": ["cc_0", "deg_5"], "34": ["cc_3", "deg_7"], "13": ["cc_4", "deg_6"], "16": ["cc_3", "deg_8"], "7": ["cc_5", "deg_4"], "17": ["cc_2", "deg_6"], "12": ["cc_3", "deg_9"], "31": ["cc_4", "deg_6"], "25": ["cc_8", "deg_6"], "24": ["cc_2", "deg_6"], "9": ["cc_6", "deg_6"], "21": ["cc_5", "deg_4"]}}