{"label": 2, "edges": [[0, 17], [0, 18], [0, 3], [0, 9], [0, 1], [0, 8], [0, 23], [0, 24], [0, 20], [0, 7], [1, 8], [1, 19], [1, 23], [1, 10], [1, 11], [1, 14], [2, 22], [2, 8], [2, 10], [2, 21], [3, 4], [3, 22], [3, 13], [3, 5], [4, 19], [4, 21], [4, 8], [4, 10], [4, 5], [5, 19], [5, 6], [5, 7], [5, 25], [5, 12], [6, 8], [6, 11], [6, 14], [6, 15], [7, 8], [7, 9], [7, 14], [7, 21], [8, 10], [8, 15], [8, 19], [9, 21], [9, 25], [9, 10], [9, 11], [9, 12], [10, 24], [10, 11], [11, 13], [11, 15], [11, 16], [11, 20], [11, 25], [12, 18], [12, 13], [13, 17], [13, 20], [14, 15], [15, 17], [15, 24], [16, 19], [16, 23], [16, 25], [17, 18], [17, 19], [17, 20], [17, 22], [19, 22], [19, 21], [20, 21], [20, 22], [20, 25], [21, 23], [23, 24]], "features": {"22": ["cc_6", "deg_5"], "15": ["cc_6", "deg_6"], "4": ["cc_11", "deg_6"], "0": ["cc_5", "deg_10"], "2": ["cc_5", "deg_4"], "6": ["cc_10", "deg_5"], "18": ["cc_11", "deg_3"], "5": ["cc_3", "deg_7"], "10": ["cc_7", "deg_7"], "14": ["cc_5", "deg_4"], "1": ["cc_7", "deg_7"], "8": ["cc_7", "deg_9"], "20": ["cc_7", "deg_7"], "3": ["cc_3", "deg_5"], "11": ["cc_6", "deg_9"], "23": ["cc_6", "deg_5"], "19": ["cc_5", "deg_8"], "13": ["cc_6", "deg_5"], "16": ["cc_5", "deg_4"], "7": ["cc_6", "deg_6"], "17": ["cc_7", "deg_7"], "12": ["cc_0", "deg_4"], "25": ["cc_10", "deg_5"], "24": ["cc_5", "deg_4"], "9": ["cc_6", "deg_7"], "21": ["cc_3", "deg_7"]}}