{"label": 0, "edges": [[0, 1], [0, 2], [0, 77], [1, 2], [1, 3], [1, 77], [2, 3], [2, 4], [3, 4], [3, 5], [4, 32], [4, 5], [4, 27], [4, 47], [5, 66], [5, 6], [6, 8], [6, 7], [7, 9], [7, 12], [8, 9], [8, 10], [9, 10], [9, 11], [10, 11], [10, 12], [11, 12], [11, 13], [12, 13], [12, 77], [13, 14], [13, 15], [14, 16], [14, 15], [15, 17], [15, 77], [16, 18], [16, 22], [16, 56], [17, 18], [17, 19], [18, 19], [18, 20], [19, 20], [19, 21], [20, 21], [20, 22], [21, 32], [21, 23], [22, 36], [23, 25], [23, 59], [24, 25], [24, 26], [24, 66], [25, 26], [25, 45], [26, 27], [26, 28], [27, 28], [27, 29], [28, 48], [28, 30], [29, 30], [29, 31], [30, 32], [30, 31], [31, 32], [31, 33], [32, 38], [33, 34], [33, 35], [34, 35], [34, 54], [35, 67], [35, 36], [36, 37], [36, 38], [37, 38], [37, 39], [38, 40], [38, 39], [39, 40], [39, 41], [39, 53], [40, 41], [40, 50], [41, 42], [41, 43], [41, 61], [42, 43], [42, 44], [43, 44], [43, 45], [44, 45], [44, 46], [45, 46], [45, 47], [46, 48], [46, 47], [47, 48], [48, 49], [48, 50], [48, 54], [49, 50], [49, 51], [50, 66], [50, 51], [51, 52], [51, 53], [51, 63], [52, 53], [52, 54], [53, 54], [54, 56], [55, 56], [55, 57], [56, 57], [56, 58], [57, 58], [57, 59], [58, 59], [58, 60], [59, 60], [59, 61], [60, 61], [60, 62], [61, 76], [61, 63], [62, 76], [62, 63], [63, 64], [64, 65], [64, 66], [65, 66], [65, 67], [66, 67], [67, 68], [67, 69], [68, 69], [68, 70], [69, 70], [69, 71], [70, 72], [70, 71], [71, 72], [71, 73], [72, 73], [72, 74], [73, 74], [73, 75], [74, 75], [74, 76], [75, 76], [75, 77], [76, 77]], "features": {"27": ["cc_5", "deg_4"], "35": ["cc_5", "deg_4"], "43": ["cc_16", "deg_4"], "47": ["cc_11", "deg_4"], "32": ["cc_3", "deg_5"], "56": ["cc_6", "deg_5"], "77": ["cc_4", "deg_6"], "9": ["cc_11", "deg_4"], "33": ["cc_11", "deg_3"], "48": ["cc_4", "deg_6"], "55": ["cc_33", "deg_2"], "0": ["cc_22", "deg_3"], "2": ["cc_16", "deg_4"], "18": ["cc_11", "deg_4"], "5": ["cc_5", "deg_4"], "76": ["cc_6", "deg_5"], "14": ["cc_11", "deg_3"], "38": ["cc_10", "deg_5"], "73": ["cc_16", "deg_4"], "44": ["cc_16", "deg_4"], "39": ["cc_10", "deg_5"], "3": ["cc_16", "deg_4"], "68": ["cc_22", "deg_3"], "28": ["cc_5", "deg_4"], "51": ["cc_6", "deg_5"], "23": ["cc_0", "deg_3"], "19": ["cc_16", "deg_4"], "61": ["cc_3", "deg_5"], "34": ["cc_11", "deg_3"], "75": ["cc_16", "deg_4"], "11": ["cc_16", "deg_4"], "72": ["cc_16", "deg_4"], "17": ["cc_11", "deg_3"], "12": ["cc_6", "deg_5"], "25": ["cc_5", "deg_4"], "24": ["cc_11", "deg_3"], "62": ["cc_0", "deg_3"], "59": ["cc_10", "deg_5"], "69": ["cc_16", "deg_4"], "22": ["cc_0", "deg_3"], "60": ["cc_11", "deg_4"], "70": ["cc_16", "deg_4"], "65": ["cc_22", "deg_3"], "71": ["cc_16", "deg_4"], "15": ["cc_5", "deg_4"], "4": ["cc_4", "deg_6"], "37": ["cc_22", "deg_3"], "45": ["cc_10", "deg_5"], "42": ["cc_22", "deg_3"], "30": ["cc_11", "deg_4"], "31": ["cc_11", "deg_4"], "66": ["cc_4", "deg_6"], "36": ["cc_5", "deg_4"], "67": ["cc_6", "deg_5"], "57": ["cc_16", "deg_4"], "53": ["cc_11", "deg_4"], "10": ["cc_16", "deg_4"], "49": ["cc_22", "deg_3"], "1": ["cc_16", "deg_4"], "46": ["cc_16", "deg_4"], "26": ["cc_11", "deg_4"], "40": ["cc_11", "deg_4"], "41": ["cc_6", "deg_5"], "20": ["cc_11", "deg_4"], "29": ["cc_11", "deg_3"], "52": ["cc_22", "deg_3"], "58": ["cc_16", "deg_4"], "63": ["cc_0", "deg_4"], "64": ["cc_11", "deg_3"], "74": ["cc_16", "deg_4"], "13": ["cc_11", "deg_4"], "6": ["cc_0", "deg_3"], "7": ["cc_0", "deg_3"], "50": ["cc_6", "deg_5"], "8": ["cc_11", "deg_3"], "16": ["cc_0", "deg_4"], "54": ["cc_3", "deg_5"], "21": ["cc_5", "deg_4"]}}