{"label": 2, "features": {"53": ["cc_0", "deg_4"], "47": ["cc_0", "deg_6"], "68": ["cc_0", "deg_3"], "84": ["cc_0", "deg_3"], "21": ["cc_3", "deg_7"], "34": ["cc_0", "deg_4"], "67": ["cc_1", "deg_7"], "41": ["cc_0", "deg_4"], "4": ["cc_0", "deg_3"], "42": ["cc_5", "deg_4"], "12": ["cc_0", "deg_2"], "28": ["cc_0", "deg_5"], "66": ["cc_2", "deg_6"], "5": ["cc_0", "deg_3"], "65": ["cc_0", "deg_4"], "61": ["cc_0", "deg_5"], "3": ["cc_0", "deg_4"], "64": ["cc_0", "deg_5"], "51": ["cc_0", "deg_5"], "24": ["cc_0", "deg_5"], "56": ["cc_3", "deg_7"], "55": ["cc_0", "deg_3"], "19": ["cc_0", "deg_3"], "54": ["cc_0", "deg_5"], "36": ["cc_0", "deg_3"], "17": ["cc_0", "deg_4"], "11": ["cc_0", "deg_2"], "22": ["cc_0", "deg_3"], "71": ["cc_0", "deg_2"], "18": ["cc_0", "deg_7"], "59": ["cc_0", "deg_5"], "2": ["cc_0", "deg_5"], "46": ["cc_0", "deg_4"], "37": ["cc_0", "deg_4"], "38": ["cc_0", "deg_2"], "73": ["cc_0", "deg_4"], "78": ["cc_0", "deg_5"], "9": ["cc_0", "deg_5"], "27": ["cc_0", "deg_2"], "58": ["cc_0", "deg_3"], "35": ["cc_2", "deg_6"], "1": ["cc_0", "deg_5"], "16": ["cc_1", "deg_7"], "80": ["cc_5", "deg_4"], "25": ["cc_11", "deg_3"], "7": ["cc_5", "deg_4"], "39": ["cc_0", "deg_4"], "0": ["cc_11", "deg_3"], "82": ["cc_0", "deg_2"], "83": ["cc_0", "deg_4"], "29": ["cc_2", "deg_6"], "63": ["cc_0", "deg_2"], "13": ["cc_11", "deg_3"], "6": ["cc_0", "deg_4"], "30": ["cc_11", "deg_3"], "14": ["cc_3", "deg_5"], "32": ["cc_0", "deg_5"], "45": ["cc_0", "deg_3"], "10": ["cc_0", "deg_2"], "33": ["cc_0", "deg_2"], "23": ["cc_0", "deg_5"], "69": ["cc_0", "deg_4"], "76": ["cc_0", "deg_6"], "48": ["cc_0", "deg_2"], "79": ["cc_11", "deg_3"], "77": ["cc_0", "deg_5"], "40": ["cc_11", "deg_3"], "81": ["cc_0", "deg_5"], "72": ["cc_0", "deg_5"], "8": ["cc_0", "deg_2"], "44": ["cc_0", "deg_3"], "31": ["cc_2", "deg_6"], "75": ["cc_0", "deg_4"], "26": ["cc_0", "deg_2"], "43": ["cc_5", "deg_4"], "57": ["cc_5", "deg_4"], "20": ["cc_0", "deg_3"], "50": ["cc_3", "deg_5"], "62": ["cc_0", "deg_3"], "60": ["cc_0", "deg_2"], "52": ["cc_0", "deg_3"], "15": ["cc_5", "deg_4"], "74": ["cc_0", "deg_3"], "70": ["cc_0", "deg_6"], "49": ["cc_0", "deg_4"]}, "edges": [[0, 32], [0, 56], [0, 57], [1, 83], [1, 3], [1, 54], [1, 36], [1, 31], [2, 81], [2, 3], [2, 5], [2, 26], [2, 45], [3, 22], [3, 29], [4, 5], [4, 9], [4, 31], [5, 39], [6, 24], [6, 18], [6, 75], [6, 12], [7, 32], [7, 50], [7, 35], [7, 59], [8, 54], [8, 31], [9, 50], [9, 37], [9, 24], [9, 77], [10, 18], [10, 14], [11, 56], [11, 50], [12, 67], [13, 65], [13, 14], [13, 15], [14, 16], [14, 71], [14, 15], [15, 18], [15, 78], [16, 80], [16, 18], [16, 53], [16, 23], [16, 28], [16, 79], [17, 26], [17, 18], [17, 19], [17, 61], [18, 43], [18, 77], [19, 51], [19, 21], [20, 83], [20, 59], [20, 69], [21, 67], [21, 70], [21, 23], [21, 56], [21, 25], [21, 43], [22, 66], [22, 24], [23, 66], [23, 71], [23, 62], [24, 61], [24, 78], [25, 43], [25, 76], [27, 29], [27, 55], [28, 39], [28, 60], [28, 29], [28, 47], [29, 57], [29, 30], [29, 31], [30, 32], [30, 31], [31, 65], [32, 41], [32, 34], [33, 34], [33, 35], [34, 40], [34, 76], [35, 50], [35, 36], [35, 37], [35, 68], [36, 49], [37, 70], [37, 39], [38, 73], [38, 62], [39, 75], [40, 66], [40, 42], [41, 64], [41, 73], [41, 44], [42, 66], [42, 43], [42, 63], [44, 45], [44, 46], [45, 47], [46, 49], [46, 77], [46, 60], [47, 53], [47, 81], [47, 58], [47, 75], [48, 81], [48, 50], [49, 51], [49, 69], [51, 58], [51, 74], [51, 53], [52, 78], [52, 53], [52, 54], [54, 56], [54, 73], [55, 56], [55, 64], [56, 67], [56, 57], [57, 59], [58, 59], [59, 61], [61, 75], [61, 70], [62, 70], [63, 64], [64, 67], [64, 77], [65, 80], [65, 67], [66, 67], [66, 68], [67, 69], [68, 70], [69, 70], [72, 81], [72, 83], [72, 84], [72, 73], [72, 76], [74, 84], [74, 76], [76, 77], [76, 78], [78, 79], [79, 80], [80, 81], [82, 83], [82, 84]]}