{"label": 2, "edges": [[0, 1], [0, 17], [0, 9], [0, 59], [1, 3], [1, 56], [1, 13], [2, 66], [2, 39], [2, 57], [2, 45], [2, 46], [3, 43], [3, 4], [3, 23], [3, 38], [4, 38], [4, 7], [4, 67], [4, 28], [5, 16], [5, 18], [5, 36], [5, 21], [5, 31], [5, 27], [5, 15], [6, 17], [6, 18], [6, 66], [6, 60], [6, 61], [7, 32], [7, 67], [7, 20], [7, 27], [8, 32], [8, 66], [8, 22], [8, 13], [9, 49], [9, 22], [9, 10], [9, 61], [10, 16], [10, 33], [10, 27], [11, 47], [11, 28], [11, 43], [11, 14], [11, 15], [11, 56], [11, 59], [11, 60], [11, 29], [11, 30], [12, 32], [12, 54], [12, 60], [12, 13], [12, 14], [12, 15], [13, 48], [13, 19], [13, 64], [14, 17], [14, 50], [14, 54], [14, 23], [14, 45], [14, 15], [15, 35], [15, 41], [15, 42], [15, 55], [15, 56], [15, 25], [15, 29], [15, 31], [16, 17], [16, 18], [16, 54], [16, 23], [16, 44], [16, 61], [16, 31], [17, 58], [17, 63], [18, 32], [18, 35], [18, 56], [18, 52], [18, 42], [18, 59], [19, 21], [19, 22], [19, 23], [20, 48], [20, 43], [20, 21], [20, 38], [20, 23], [21, 28], [21, 29], [21, 30], [22, 49], [22, 57], [22, 38], [22, 24], [23, 30], [23, 40], [23, 29], [23, 62], [24, 64], [24, 38], [24, 26], [24, 53], [25, 32], [25, 35], [25, 50], [25, 67], [25, 28], [26, 66], [26, 39], [27, 64], [27, 54], [28, 33], [28, 38], [28, 52], [29, 39], [29, 44], [29, 63], [30, 38], [30, 45], [30, 37], [32, 41], [32, 62], [33, 53], [33, 54], [33, 56], [34, 65], [34, 35], [34, 36], [34, 49], [34, 62], [34, 63], [35, 36], [35, 61], [36, 52], [36, 37], [36, 51], [37, 39], [37, 56], [37, 63], [38, 40], [38, 43], [38, 53], [39, 41], [39, 52], [39, 59], [39, 62], [40, 50], [40, 51], [40, 52], [40, 61], [40, 46], [41, 42], [41, 58], [42, 66], [42, 62], [43, 44], [44, 65], [44, 45], [45, 64], [45, 55], [45, 46], [46, 50], [46, 59], [47, 49], [47, 65], [47, 63], [48, 49], [48, 53], [49, 67], [49, 57], [50, 67], [50, 63], [51, 67], [51, 52], [53, 56], [53, 62], [54, 67], [54, 58], [54, 63], [55, 57], [57, 58], [58, 61], [62, 65], [63, 65], [63, 67], [64, 67], [65, 66], [66, 67]], "features": {"27": ["cc_0", "deg_5"], "35": ["cc_4", "deg_6"], "43": ["cc_6", "deg_5"], "47": ["cc_5", "deg_4"], "32": ["cc_0", "deg_7"], "56": ["cc_3", "deg_7"], "9": ["cc_3", "deg_5"], "33": ["cc_3", "deg_5"], "48": ["cc_0", "deg_4"], "55": ["cc_0", "deg_3"], "0": ["cc_0", "deg_4"], "2": ["cc_3", "deg_5"], "18": ["cc_0", "deg_9"], "5": ["cc_4", "deg_7"], "14": ["cc_3", "deg_8"], "38": ["cc_4", "deg_10"], "44": ["cc_0", "deg_5"], "39": ["cc_0", "deg_8"], "3": ["cc_6", "deg_5"], "28": ["cc_1", "deg_7"], "51": ["cc_11", "deg_4"], "23": ["cc_0", "deg_9"], "19": ["cc_0", "deg_4"], "61": ["cc_0", "deg_6"], "34": ["cc_6", "deg_6"], "11": ["cc_2", "deg_10"], "17": ["cc_0", "deg_6"], "12": ["cc_4", "deg_6"], "25": ["cc_4", "deg_6"], "24": ["cc_6", "deg_5"], "62": ["cc_1", "deg_7"], "59": ["cc_0", "deg_5"], "22": ["cc_4", "deg_7"], "60": ["cc_0", "deg_3"], "65": ["cc_6", "deg_6"], "15": ["cc_3", "deg_12"], "4": ["cc_10", "deg_5"], "37": ["cc_0", "deg_5"], "45": ["cc_1", "deg_7"], "42": ["cc_3", "deg_5"], "30": ["cc_0", "deg_6"], "31": ["cc_22", "deg_3"], "66": ["cc_0", "deg_7"], "36": ["cc_4", "deg_6"], "67": ["cc_2", "deg_10"], "57": ["cc_3", "deg_5"], "53": ["cc_4", "deg_6"], "10": ["cc_0", "deg_4"], "49": ["cc_3", "deg_7"], "1": ["cc_0", "deg_4"], "46": ["cc_6", "deg_5"], "26": ["cc_0", "deg_3"], "40": ["cc_3", "deg_7"], "41": ["cc_3", "deg_5"], "20": ["cc_2", "deg_6"], "29": ["cc_1", "deg_7"], "52": ["cc_4", "deg_6"], "58": ["cc_0", "deg_5"], "63": ["cc_3", "deg_9"], "64": ["cc_0", "deg_5"], "13": ["cc_0", "deg_6"], "6": ["cc_0", "deg_5"], "7": ["cc_3", "deg_5"], "50": ["cc_6", "deg_6"], "8": ["cc_0", "deg_4"], "16": ["cc_1", "deg_9"], "54": ["cc_2", "deg_8"], "21": ["cc_0", "deg_6"]}}