{"label": 1, "edges": [[0, 1], [0, 34], [0, 3], [0, 28], [1, 2], [1, 19], [1, 4], [1, 37], [1, 22], [1, 23], [1, 11], [1, 15], [2, 18], [2, 19], [2, 5], [2, 22], [3, 34], [3, 4], [3, 5], [3, 23], [3, 31], [4, 5], [4, 6], [4, 23], [4, 21], [5, 32], [5, 6], [5, 8], [5, 25], [5, 27], [5, 28], [5, 30], [6, 16], [6, 19], [6, 7], [6, 24], [6, 29], [7, 32], [7, 19], [7, 37], [7, 8], [7, 11], [7, 30], [8, 18], [8, 9], [8, 10], [8, 15], [8, 31], [9, 33], [9, 18], [9, 10], [9, 29], [10, 24], [10, 19], [10, 13], [10, 30], [11, 35], [11, 22], [11, 29], [12, 33], [12, 22], [12, 13], [12, 14], [13, 33], [13, 14], [13, 15], [14, 16], [14, 17], [14, 23], [14, 24], [15, 36], [15, 31], [16, 19], [16, 37], [17, 19], [17, 20], [17, 21], [17, 25], [17, 27], [18, 28], [18, 37], [19, 37], [19, 20], [19, 33], [19, 27], [19, 31], [20, 37], [20, 23], [21, 22], [23, 33], [23, 24], [23, 25], [24, 26], [25, 26], [25, 27], [26, 33], [26, 27], [26, 28], [26, 30], [28, 29], [28, 30], [29, 35], [29, 36], [29, 30], [29, 31], [31, 36], [32, 33], [32, 35], [33, 35], [33, 36], [34, 35], [34, 36], [34, 37], [35, 36]], "features": {"27": ["cc_13", "deg_5"], "22": ["cc_6", "deg_5"], "32": ["cc_5", "deg_4"], "15": ["cc_6", "deg_5"], "4": ["cc_8", "deg_6"], "33": ["cc_2", "deg_9"], "35": ["cc_11", "deg_6"], "30": ["cc_6", "deg_6"], "0": ["cc_5", "deg_4"], "2": ["cc_6", "deg_5"], "6": ["cc_4", "deg_7"], "18": ["cc_3", "deg_5"], "5": ["cc_2", "deg_10"], "10": ["cc_2", "deg_6"], "14": ["cc_4", "deg_6"], "1": ["cc_4", "deg_9"], "29": ["cc_4", "deg_8"], "37": ["cc_6", "deg_7"], "8": ["cc_4", "deg_7"], "20": ["cc_11", "deg_4"], "26": ["cc_4", "deg_6"], "3": ["cc_6", "deg_6"], "11": ["cc_6", "deg_5"], "28": ["cc_6", "deg_6"], "23": ["cc_3", "deg_8"], "19": ["cc_4", "deg_12"], "36": ["cc_11", "deg_6"], "34": ["cc_6", "deg_5"], "13": ["cc_6", "deg_5"], "16": ["cc_11", "deg_4"], "7": ["cc_3", "deg_7"], "17": ["cc_6", "deg_6"], "12": ["cc_11", "deg_4"], "31": ["cc_6", "deg_6"], "25": ["cc_10", "deg_5"], "24": ["cc_3", "deg_5"], "9": ["cc_6", "deg_5"], "21": ["cc_0", "deg_3"]}}