{"label": 1, "edges": [[0, 64], [0, 2], [0, 86], [1, 7], [1, 34], [1, 3], [1, 2], [2, 70], [2, 7], [2, 25], [3, 5], [3, 86], [4, 24], [4, 51], [4, 5], [5, 6], [5, 7], [6, 8], [6, 56], [7, 38], [7, 61], [7, 37], [8, 10], [8, 53], [9, 48], [9, 10], [9, 11], [9, 34], [9, 87], [10, 52], [10, 54], [10, 11], [10, 12], [11, 12], [11, 41], [12, 17], [12, 83], [12, 13], [13, 62], [13, 15], [13, 14], [13, 31], [14, 22], [14, 25], [14, 26], [15, 16], [15, 17], [15, 51], [16, 17], [16, 18], [16, 35], [17, 18], [17, 19], [17, 87], [18, 19], [18, 20], [19, 43], [19, 20], [19, 21], [20, 73], [20, 50], [20, 30], [21, 80], [21, 50], [21, 70], [22, 23], [22, 47], [23, 24], [23, 25], [23, 68], [24, 25], [25, 65], [25, 43], [25, 63], [26, 82], [26, 51], [26, 28], [27, 28], [27, 29], [28, 29], [28, 30], [28, 45], [29, 30], [29, 31], [30, 68], [30, 74], [31, 63], [32, 33], [32, 35], [32, 54], [33, 34], [33, 35], [34, 36], [35, 64], [35, 45], [36, 59], [36, 53], [37, 83], [38, 39], [39, 40], [39, 41], [40, 41], [40, 50], [40, 84], [41, 42], [41, 43], [41, 44], [42, 43], [42, 44], [43, 44], [43, 77], [44, 46], [46, 48], [46, 79], [47, 49], [48, 50], [49, 81], [49, 50], [49, 51], [50, 52], [52, 54], [53, 55], [53, 63], [54, 74], [55, 56], [55, 57], [56, 57], [56, 58], [57, 58], [57, 79], [58, 59], [58, 60], [59, 64], [59, 60], [60, 73], [60, 61], [60, 62], [61, 62], [62, 70], [62, 63], [63, 65], [63, 75], [64, 65], [64, 66], [65, 66], [66, 67], [66, 86], [67, 68], [67, 69], [68, 70], [69, 72], [69, 70], [70, 71], [71, 72], [71, 73], [72, 73], [72, 74], [73, 81], [73, 75], [74, 75], [75, 79], [75, 76], [76, 77], [76, 78], [77, 78], [78, 82], [78, 83], [78, 79], [79, 80], [80, 81], [80, 82], [82, 84], [83, 85], [84, 85], [85, 86], [85, 87]], "features": {"27": ["cc_33", "deg_2"], "35": ["cc_3", "deg_5"], "43": ["cc_6", "deg_6"], "47": ["cc_0", "deg_2"], "56": ["cc_11", "deg_4"], "23": ["cc_5", "deg_4"], "9": ["cc_3", "deg_5"], "0": ["cc_0", "deg_3"], "6": ["cc_0", "deg_3"], "18": ["cc_16", "deg_4"], "14": ["cc_0", "deg_4"], "38": ["cc_0", "deg_2"], "82": ["cc_0", "deg_4"], "68": ["cc_0", "deg_4"], "51": ["cc_0", "deg_4"], "77": ["cc_11", "deg_3"], "19": ["cc_6", "deg_5"], "34": ["cc_0", "deg_4"], "75": ["cc_0", "deg_5"], "11": ["cc_11", "deg_4"], "17": ["cc_6", "deg_6"], "25": ["cc_3", "deg_7"], "24": ["cc_11", "deg_3"], "70": ["cc_0", "deg_6"], "15": ["cc_5", "deg_4"], "62": ["cc_3", "deg_5"], "40": ["cc_5", "deg_4"], "30": ["cc_3", "deg_5"], "31": ["cc_0", "deg_3"], "66": ["cc_5", "deg_4"], "36": ["cc_0", "deg_3"], "57": ["cc_11", "deg_4"], "10": ["cc_6", "deg_6"], "49": ["cc_0", "deg_4"], "1": ["cc_5", "deg_4"], "46": ["cc_0", "deg_3"], "60": ["cc_6", "deg_5"], "41": ["cc_8", "deg_6"], "29": ["cc_11", "deg_4"], "74": ["cc_0", "deg_4"], "13": ["cc_0", "deg_5"], "2": ["cc_3", "deg_5"], "7": ["cc_2", "deg_6"], "84": ["cc_0", "deg_3"], "79": ["cc_0", "deg_5"], "32": ["cc_11", "deg_3"], "33": ["cc_11", "deg_3"], "55": ["cc_11", "deg_3"], "48": ["cc_0", "deg_3"], "85": ["cc_0", "deg_4"], "5": ["cc_0", "deg_4"], "80": ["cc_0", "deg_4"], "81": ["cc_0", "deg_3"], "86": ["cc_0", "deg_4"], "87": ["cc_0", "deg_3"], "44": ["cc_16", "deg_4"], "39": ["cc_11", "deg_3"], "3": ["cc_0", "deg_3"], "28": ["cc_6", "deg_5"], "83": ["cc_0", "deg_4"], "76": ["cc_11", "deg_3"], "72": ["cc_5", "deg_4"], "12": ["cc_3", "deg_5"], "59": ["cc_5", "deg_4"], "69": ["cc_0", "deg_3"], "22": ["cc_0", "deg_3"], "50": ["cc_0", "deg_6"], "71": ["cc_11", "deg_3"], "4": ["cc_0", "deg_3"], "78": ["cc_3", "deg_5"], "45": ["cc_0", "deg_2"], "42": ["cc_33", "deg_3"], "21": ["cc_0", "deg_4"], "8": ["cc_0", "deg_3"], "53": ["cc_0", "deg_4"], "67": ["cc_0", "deg_3"], "37": ["cc_0", "deg_2"], "20": ["cc_3", "deg_5"], "26": ["cc_0", "deg_4"], "52": ["cc_11", "deg_3"], "58": ["cc_11", "deg_4"], "63": ["cc_2", "deg_6"], "64": ["cc_3", "deg_5"], "54": ["cc_5", "deg_4"], "65": ["cc_11", "deg_4"], "61": ["cc_11", "deg_3"], "16": ["cc_11", "deg_4"], "73": ["cc_2", "deg_6"]}}