{"label": 0, "edges": [[0, 1], [0, 2], [0, 3], [0, 6], [0, 87], [0, 91], [0, 93], [1, 81], [1, 2], [1, 3], [1, 50], [1, 92], [1, 93], [2, 3], [2, 4], [2, 5], [3, 33], [3, 6], [3, 65], [3, 45], [4, 5], [4, 6], [4, 7], [5, 6], [5, 7], [5, 8], [6, 7], [6, 9], [7, 8], [7, 9], [7, 10], [8, 19], [8, 9], [8, 10], [9, 10], [9, 11], [9, 93], [10, 11], [10, 12], [10, 13], [11, 48], [11, 19], [11, 12], [11, 13], [11, 14], [12, 82], [12, 84], [12, 73], [13, 16], [13, 14], [13, 15], [14, 16], [14, 17], [14, 69], [15, 16], [15, 17], [15, 18], [15, 23], [15, 60], [16, 18], [16, 19], [16, 38], [17, 18], [17, 19], [17, 72], [18, 19], [18, 20], [18, 21], [18, 30], [19, 20], [19, 22], [19, 31], [20, 21], [20, 22], [20, 62], [20, 79], [21, 23], [21, 24], [21, 79], [22, 23], [22, 24], [22, 25], [23, 24], [23, 25], [24, 25], [24, 26], [24, 27], [25, 26], [25, 27], [25, 28], [26, 37], [26, 71], [26, 27], [26, 28], [26, 29], [27, 28], [27, 29], [27, 30], [28, 55], [28, 29], [28, 30], [29, 32], [29, 38], [29, 30], [30, 33], [30, 31], [31, 32], [31, 33], [32, 33], [32, 34], [32, 35], [33, 35], [33, 53], [33, 51], [34, 35], [34, 36], [34, 37], [35, 36], [35, 37], [35, 38], [36, 48], [36, 38], [36, 39], [37, 38], [37, 40], [37, 43], [38, 56], [38, 39], [38, 40], [38, 41], [39, 40], [39, 41], [39, 42], [40, 41], [40, 42], [40, 43], [41, 42], [41, 43], [41, 44], [42, 43], [42, 44], [42, 45], [43, 44], [43, 46], [44, 45], [44, 46], [44, 47], [45, 48], [45, 46], [46, 48], [46, 83], [46, 47], [47, 48], [47, 49], [47, 66], [48, 49], [48, 51], [49, 50], [49, 51], [49, 52], [50, 51], [50, 52], [50, 53], [50, 92], [51, 52], [51, 86], [51, 58], [51, 71], [52, 53], [52, 54], [52, 55], [53, 54], [53, 55], [53, 56], [54, 55], [54, 56], [54, 57], [55, 56], [55, 57], [55, 58], [56, 65], [56, 57], [56, 59], [56, 69], [57, 58], [57, 59], [57, 60], [58, 59], [58, 60], [58, 61], [59, 60], [59, 61], [59, 62], [59, 93], [60, 84], [60, 74], [60, 62], [61, 64], [61, 82], [61, 62], [61, 63], [62, 64], [62, 63], [63, 64], [63, 65], [63, 66], [63, 90], [64, 65], [64, 66], [64, 67], [65, 82], [65, 68], [66, 67], [66, 68], [66, 69], [67, 68], [67, 70], [67, 88], [68, 69], [68, 70], [68, 71], [68, 92], [69, 71], [69, 72], [70, 71], [70, 72], [70, 73], [71, 72], [71, 74], [72, 73], [72, 74], [72, 75], [73, 74], [73, 75], [73, 76], [74, 85], [74, 75], [74, 76], [74, 77], [75, 76], [75, 77], [75, 78], [76, 77], [76, 78], [76, 93], [77, 80], [77, 78], [77, 79], [78, 80], [78, 81], [78, 79], [79, 80], [79, 81], [79, 82], [80, 81], [80, 82], [80, 83], [81, 83], [81, 84], [82, 84], [82, 85], [83, 84], [83, 85], [83, 86], [84, 86], [84, 87], [85, 86], [85, 87], [86, 87], [86, 89], [87, 89], [87, 90], [88, 89], [88, 90], [88, 91], [89, 90], [89, 91], [89, 92], [90, 91], [90, 93], [91, 92], [91, 93]], "features": {"27": ["cc_20", "deg_6"], "35": ["cc_13", "deg_6"], "43": ["cc_15", "deg_6"], "47": ["cc_10", "deg_5"], "56": ["cc_7", "deg_8"], "23": ["cc_13", "deg_5"], "9": ["cc_11", "deg_6"], "0": ["cc_9", "deg_7"], "6": ["cc_11", "deg_6"], "18": ["cc_9", "deg_7"], "14": ["cc_6", "deg_5"], "38": ["cc_6", "deg_9"], "82": ["cc_3", "deg_7"], "68": ["cc_7", "deg_7"], "51": ["cc_4", "deg_8"], "77": ["cc_17", "deg_6"], "19": ["cc_4", "deg_8"], "34": ["cc_16", "deg_4"], "75": ["cc_20", "deg_6"], "11": ["cc_6", "deg_7"], "88": ["cc_16", "deg_4"], "17": ["cc_6", "deg_5"], "25": ["cc_17", "deg_6"], "24": ["cc_15", "deg_6"], "70": ["cc_13", "deg_5"], "15": ["cc_6", "deg_6"], "62": ["cc_11", "deg_6"], "40": ["cc_20", "deg_6"], "30": ["cc_8", "deg_6"], "31": ["cc_11", "deg_4"], "66": ["cc_8", "deg_6"], "36": ["cc_10", "deg_5"], "57": ["cc_17", "deg_6"], "10": ["cc_13", "deg_6"], "49": ["cc_16", "deg_5"], "1": ["cc_7", "deg_7"], "46": ["cc_11", "deg_6"], "60": ["cc_6", "deg_7"], "41": ["cc_20", "deg_6"], "29": ["cc_11", "deg_6"], "74": ["cc_9", "deg_8"], "13": ["cc_13", "deg_5"], "2": ["cc_13", "deg_5"], "7": ["cc_17", "deg_6"], "84": ["cc_6", "deg_7"], "79": ["cc_11", "deg_7"], "90": ["cc_11", "deg_6"], "32": ["cc_10", "deg_5"], "33": ["cc_4", "deg_7"], "55": ["cc_12", "deg_7"], "48": ["cc_6", "deg_7"], "85": ["cc_6", "deg_5"], "5": ["cc_16", "deg_5"], "80": ["cc_15", "deg_6"], "81": ["cc_11", "deg_6"], "86": ["cc_11", "deg_6"], "87": ["cc_8", "deg_6"], "44": ["cc_15", "deg_6"], "39": ["cc_20", "deg_5"], "3": ["cc_6", "deg_7"], "92": ["cc_6", "deg_5"], "28": ["cc_15", "deg_6"], "83": ["cc_8", "deg_6"], "76": ["cc_15", "deg_6"], "72": ["cc_11", "deg_7"], "89": ["cc_13", "deg_6"], "12": ["cc_6", "deg_5"], "59": ["cc_11", "deg_7"], "69": ["cc_6", "deg_6"], "22": ["cc_13", "deg_5"], "50": ["cc_11", "deg_6"], "71": ["cc_7", "deg_7"], "4": ["cc_22", "deg_4"], "78": ["cc_17", "deg_6"], "91": ["cc_13", "deg_6"], "45": ["cc_10", "deg_5"], "42": ["cc_17", "deg_6"], "21": ["cc_10", "deg_5"], "8": ["cc_13", "deg_5"], "53": ["cc_13", "deg_6"], "67": ["cc_10", "deg_5"], "37": ["cc_8", "deg_6"], "20": ["cc_8", "deg_6"], "26": ["cc_11", "deg_7"], "93": ["cc_4", "deg_7"], "52": ["cc_15", "deg_6"], "58": ["cc_11", "deg_6"], "63": ["cc_11", "deg_6"], "64": ["cc_13", "deg_6"], "54": ["cc_23", "deg_5"], "65": ["cc_2", "deg_6"], "61": ["cc_11", "deg_6"], "16": ["cc_8", "deg_6"], "73": ["cc_13", "deg_6"]}}