{"label": 1, "edges": [[0, 17], [0, 15], [0, 25], [1, 3], [1, 21], [2, 8], [3, 10], [4, 24], [4, 22], [5, 8], [5, 20], [6, 9], [6, 22], [7, 8], [10, 17], [11, 16], [12, 18], [12, 14], [13, 14], [14, 15], [16, 17], [16, 22], [19, 20], [20, 21], [21, 22], [23, 24]], "features": {"22": ["cc_0", "deg_4"], "15": ["cc_0", "deg_2"], "4": ["cc_0", "deg_2"], "0": ["cc_0", "deg_3"], "2": ["cc_0", "deg_1"], "6": ["cc_0", "deg_2"], "18": ["cc_0", "deg_1"], "5": ["cc_0", "deg_2"], "10": ["cc_0", "deg_2"], "14": ["cc_0", "deg_3"], "1": ["cc_0", "deg_2"], "8": ["cc_0", "deg_3"], "20": ["cc_0", "deg_3"], "3": ["cc_0", "deg_2"], "11": ["cc_0", "deg_1"], "23": ["cc_0", "deg_1"], "19": ["cc_0", "deg_1"], "13": ["cc_0", "deg_1"], "16": ["cc_0", "deg_3"], "7": ["cc_0", "deg_1"], "17": ["cc_0", "deg_3"], "12": ["cc_0", "deg_2"], "25": ["cc_0", "deg_1"], "24": ["cc_0", "deg_2"], "9": ["cc_0", "deg_1"], "21": ["cc_0", "deg_3"]}}