{"label": 1, "features": {"53": ["cc_5", "deg_4"], "47": ["cc_10", "deg_5"], "21": ["cc_5", "deg_4"], "34": ["cc_0", "deg_4"], "41": ["cc_11", "deg_4"], "4": ["cc_11", "deg_4"], "42": ["cc_11", "deg_4"], "12": ["cc_6", "deg_6"], "28": ["cc_4", "deg_6"], "5": ["cc_11", "deg_4"], "3": ["cc_11", "deg_4"], "51": ["cc_11", "deg_3"], "24": ["cc_0", "deg_2"], "55": ["cc_0", "deg_3"], "19": ["cc_5", "deg_4"], "54": ["cc_3", "deg_5"], "36": ["cc_0", "deg_3"], "17": ["cc_0", "deg_3"], "11": ["cc_11", "deg_4"], "22": ["cc_3", "deg_5"], "18": ["cc_5", "deg_4"], "2": ["cc_11", "deg_4"], "46": ["cc_16", "deg_4"], "37": ["cc_3", "deg_5"], "38": ["cc_3", "deg_5"], "9": ["cc_0", "deg_4"], "27": ["cc_6", "deg_5"], "35": ["cc_0", "deg_4"], "1": ["cc_3", "deg_5"], "16": ["cc_0", "deg_5"], "25": ["cc_5", "deg_4"], "7": ["cc_11", "deg_4"], "39": ["cc_3", "deg_5"], "0": ["cc_2", "deg_8"], "29": ["cc_11", "deg_4"], "13": ["cc_4", "deg_6"], "6": ["cc_22", "deg_3"], "30": ["cc_0", "deg_3"], "14": ["cc_5", "deg_4"], "32": ["cc_0", "deg_4"], "45": ["cc_22", "deg_3"], "10": ["cc_33", "deg_2"], "33": ["cc_0", "deg_2"], "23": ["cc_5", "deg_4"], "48": ["cc_16", "deg_4"], "40": ["cc_33", "deg_2"], "8": ["cc_5", "deg_4"], "44": ["cc_11", "deg_3"], "31": ["cc_0", "deg_2"], "26": ["cc_11", "deg_3"], "43": ["cc_5", "deg_4"], "20": ["cc_33", "deg_2"], "50": ["cc_11", "deg_4"], "52": ["cc_6", "deg_5"], "15": ["cc_0", "deg_4"], "49": ["cc_6", "deg_5"]}, "edges": [[0, 2], [0, 54], [0, 38], [0, 55], [0, 39], [0, 29], [0, 14], [0, 31], [1, 35], [1, 23], [1, 25], [1, 55], [1, 47], [2, 3], [2, 4], [2, 29], [3, 4], [3, 5], [3, 17], [4, 5], [4, 53], [5, 6], [5, 7], [6, 8], [6, 7], [7, 8], [7, 9], [8, 28], [8, 13], [9, 24], [9, 11], [9, 38], [10, 11], [10, 12], [11, 12], [11, 13], [12, 34], [12, 42], [12, 13], [12, 14], [13, 22], [13, 14], [13, 15], [14, 16], [15, 16], [15, 17], [15, 51], [16, 18], [16, 54], [16, 43], [17, 19], [18, 19], [18, 28], [18, 37], [19, 21], [19, 37], [20, 21], [20, 22], [21, 22], [21, 23], [22, 34], [22, 27], [23, 25], [23, 31], [24, 26], [25, 38], [25, 27], [26, 27], [26, 28], [27, 28], [27, 29], [28, 29], [28, 30], [30, 32], [30, 37], [32, 34], [32, 35], [32, 54], [33, 34], [33, 52], [35, 49], [35, 36], [36, 37], [36, 38], [37, 39], [38, 39], [39, 41], [39, 49], [40, 41], [40, 42], [41, 42], [41, 43], [42, 43], [43, 44], [44, 45], [44, 46], [45, 46], [45, 47], [46, 48], [46, 47], [47, 48], [47, 49], [48, 49], [48, 50], [49, 50], [50, 51], [50, 52], [51, 52], [52, 53], [52, 54], [53, 54], [53, 55]]}