{"label": 0, "edges": [[0, 96], [0, 1], [0, 98], [0, 3], [0, 81], [0, 97], [0, 26], [0, 2], [1, 97], [1, 2], [1, 3], [1, 4], [1, 98], [2, 3], [2, 4], [2, 5], [3, 4], [3, 5], [3, 6], [4, 6], [4, 7], [4, 26], [5, 6], [5, 7], [5, 8], [6, 7], [6, 8], [6, 9], [7, 8], [7, 9], [7, 10], [8, 64], [8, 9], [8, 11], [8, 45], [9, 49], [9, 10], [9, 11], [9, 12], [9, 42], [10, 49], [10, 11], [10, 13], [11, 39], [11, 12], [11, 13], [12, 32], [12, 46], [12, 13], [12, 14], [12, 15], [13, 16], [13, 66], [13, 72], [13, 14], [13, 15], [14, 16], [14, 17], [14, 15], [15, 16], [15, 17], [15, 81], [16, 80], [16, 17], [16, 19], [16, 86], [16, 24], [17, 18], [17, 19], [17, 20], [18, 82], [18, 19], [18, 21], [19, 35], [19, 20], [19, 22], [19, 46], [20, 21], [20, 22], [20, 23], [21, 56], [21, 22], [21, 23], [21, 24], [21, 82], [22, 24], [22, 52], [22, 59], [22, 37], [23, 39], [23, 24], [23, 69], [24, 26], [24, 27], [25, 26], [25, 27], [25, 28], [26, 39], [26, 28], [26, 46], [27, 29], [27, 93], [27, 47], [28, 29], [28, 30], [28, 31], [29, 32], [29, 30], [29, 31], [30, 32], [30, 33], [30, 31], [31, 32], [31, 33], [31, 34], [31, 44], [32, 33], [32, 34], [33, 34], [33, 35], [33, 36], [33, 60], [34, 35], [34, 36], [34, 37], [35, 36], [35, 72], [36, 37], [36, 38], [36, 39], [37, 38], [37, 39], [37, 40], [38, 51], [38, 39], [38, 40], [38, 41], [39, 43], [39, 67], [39, 40], [39, 41], [39, 71], [40, 41], [40, 42], [40, 43], [41, 73], [41, 43], [41, 44], [42, 80], [42, 43], [42, 44], [43, 44], [43, 45], [43, 46], [44, 73], [44, 45], [44, 46], [45, 48], [45, 95], [45, 47], [46, 47], [47, 48], [47, 80], [47, 50], [48, 49], [48, 50], [48, 51], [49, 50], [49, 51], [50, 51], [50, 52], [50, 53], [51, 54], [51, 89], [52, 53], [52, 54], [52, 75], [53, 54], [53, 55], [53, 56], [54, 55], [54, 56], [54, 57], [54, 60], [55, 56], [55, 57], [55, 58], [56, 58], [56, 59], [57, 58], [57, 59], [57, 60], [58, 59], [58, 60], [58, 61], [59, 60], [59, 61], [59, 62], [60, 71], [61, 64], [61, 62], [61, 63], [62, 64], [62, 65], [62, 94], [62, 63], [63, 64], [63, 65], [63, 66], [64, 65], [64, 67], [65, 66], [65, 67], [65, 68], [66, 67], [66, 68], [67, 69], [67, 70], [68, 69], [68, 70], [68, 71], [69, 70], [69, 71], [69, 72], [70, 71], [70, 72], [70, 73], [70, 79], [71, 73], [71, 95], [72, 73], [72, 74], [73, 74], [73, 75], [74, 76], [74, 77], [74, 93], [75, 77], [75, 78], [76, 77], [76, 78], [76, 79], [77, 80], [77, 81], [77, 79], [78, 80], [78, 81], [78, 79], [79, 80], [79, 82], [80, 83], [81, 82], [81, 84], [82, 83], [82, 85], [83, 84], [83, 85], [83, 86], [84, 85], [84, 86], [84, 87], [85, 86], [85, 87], [85, 88], [85, 98], [86, 87], [86, 88], [86, 89], [87, 88], [87, 89], [87, 90], [88, 98], [88, 89], [88, 90], [89, 90], [89, 91], [89, 92], [90, 91], [90, 92], [90, 93], [91, 92], [91, 93], [91, 94], [92, 93], [92, 94], [92, 95], [93, 96], [93, 94], [93, 95], [94, 97], [94, 95], [95, 96], [95, 97], [95, 98], [96, 97], [96, 98], [97, 98]], "features": {"27": ["cc_0", "deg_5"], "35": ["cc_10", "deg_5"], "43": ["cc_12", "deg_7"], "47": ["cc_4", "deg_6"], "56": ["cc_11", "deg_6"], "98": ["cc_12", "deg_7"], "23": ["cc_6", "deg_5"], "9": ["cc_9", "deg_8"], "94": ["cc_13", "deg_6"], "0": ["cc_9", "deg_8"], "6": ["cc_17", "deg_6"], "18": ["cc_11", "deg_4"], "14": ["cc_23", "deg_5"], "38": ["cc_15", "deg_6"], "82": ["cc_4", "deg_6"], "68": ["cc_13", "deg_5"], "51": ["cc_6", "deg_6"], "77": ["cc_6", "deg_6"], "19": ["cc_6", "deg_7"], "34": ["cc_15", "deg_6"], "75": ["cc_0", "deg_4"], "11": ["cc_11", "deg_6"], "88": ["cc_17", "deg_6"], "17": ["cc_13", "deg_6"], "25": ["cc_11", "deg_3"], "24": ["cc_4", "deg_6"], "70": ["cc_11", "deg_7"], "15": ["cc_15", "deg_6"], "62": ["cc_13", "deg_6"], "40": ["cc_17", "deg_6"], "30": ["cc_23", "deg_5"], "31": ["cc_14", "deg_7"], "66": ["cc_10", "deg_5"], "36": ["cc_15", "deg_6"], "57": ["cc_20", "deg_5"], "10": ["cc_13", "deg_5"], "49": ["cc_13", "deg_5"], "1": ["cc_17", "deg_6"], "46": ["cc_2", "deg_6"], "60": ["cc_8", "deg_6"], "41": ["cc_15", "deg_6"], "29": ["cc_16", "deg_5"], "97": ["cc_17", "deg_6"], "74": ["cc_6", "deg_5"], "13": ["cc_8", "deg_8"], "2": ["cc_20", "deg_5"], "7": ["cc_15", "deg_6"], "84": ["cc_16", "deg_5"], "79": ["cc_8", "deg_6"], "90": ["cc_17", "deg_6"], "32": ["cc_15", "deg_6"], "33": ["cc_12", "deg_7"], "55": ["cc_20", "deg_5"], "48": ["cc_16", "deg_5"], "85": ["cc_14", "deg_7"], "5": ["cc_16", "deg_5"], "80": ["cc_3", "deg_7"], "81": ["cc_0", "deg_6"], "86": ["cc_14", "deg_7"], "87": ["cc_20", "deg_6"], "44": ["cc_7", "deg_7"], "39": ["cc_5", "deg_11"], "3": ["cc_17", "deg_6"], "92": ["cc_20", "deg_6"], "28": ["cc_13", "deg_5"], "83": ["cc_13", "deg_5"], "76": ["cc_16", "deg_4"], "72": ["cc_6", "deg_6"], "96": ["cc_20", "deg_5"], "89": ["cc_12", "deg_7"], "12": ["cc_7", "deg_7"], "59": ["cc_9", "deg_7"], "69": ["cc_11", "deg_6"], "22": ["cc_4", "deg_7"], "50": ["cc_11", "deg_6"], "71": ["cc_6", "deg_7"], "4": ["cc_11", "deg_6"], "78": ["cc_6", "deg_5"], "91": ["cc_23", "deg_5"], "45": ["cc_4", "deg_6"], "42": ["cc_6", "deg_5"], "21": ["cc_7", "deg_7"], "8": ["cc_9", "deg_7"], "53": ["cc_16", "deg_5"], "67": ["cc_6", "deg_6"], "37": ["cc_13", "deg_6"], "95": ["cc_9", "deg_8"], "20": ["cc_13", "deg_5"], "26": ["cc_1", "deg_7"], "93": ["cc_9", "deg_8"], "52": ["cc_6", "deg_5"], "58": ["cc_15", "deg_6"], "63": ["cc_20", "deg_5"], "64": ["cc_13", "deg_6"], "54": ["cc_9", "deg_7"], "65": ["cc_15", "deg_6"], "61": ["cc_16", "deg_5"], "16": ["cc_7", "deg_8"], "73": ["cc_6", "deg_7"]}}