{"label": 0, "features": {"68": ["cc_0", "deg_4"], "21": ["cc_0", "deg_4"], "34": ["cc_0", "deg_3"], "94": ["cc_5", "deg_4"], "58": ["cc_0", "deg_3"], "69": ["cc_0", "deg_8"], "42": ["cc_0", "deg_3"], "12": ["cc_0", "deg_3"], "66": ["cc_5", "deg_4"], "5": ["cc_0", "deg_4"], "61": ["cc_33", "deg_2"], "91": ["cc_3", "deg_5"], "51": ["cc_11", "deg_4"], "24": ["cc_11", "deg_4"], "56": ["cc_11", "deg_3"], "55": ["cc_3", "deg_5"], "17": ["cc_3", "deg_5"], "22": ["cc_5", "deg_4"], "74": ["cc_5", "deg_4"], "59": ["cc_0", "deg_2"], "46": ["cc_0", "deg_4"], "37": ["cc_5", "deg_4"], "38": ["cc_11", "deg_4"], "81": ["cc_0", "deg_4"], "95": ["cc_3", "deg_5"], "90": ["cc_5", "deg_4"], "35": ["cc_0", "deg_3"], "47": ["cc_11", "deg_3"], "16": ["cc_5", "deg_4"], "65": ["cc_11", "deg_4"], "23": ["cc_4", "deg_6"], "7": ["cc_3", "deg_7"], "82": ["cc_11", "deg_3"], "29": ["cc_2", "deg_6"], "93": ["cc_11", "deg_3"], "13": ["cc_6", "deg_5"], "6": ["cc_0", "deg_4"], "30": ["cc_5", "deg_4"], "14": ["cc_11", "deg_4"], "40": ["cc_11", "deg_4"], "33": ["cc_3", "deg_5"], "73": ["cc_33", "deg_2"], "76": ["cc_11", "deg_3"], "8": ["cc_11", "deg_3"], "44": ["cc_0", "deg_2"], "26": ["cc_0", "deg_3"], "43": ["cc_0", "deg_4"], "57": ["cc_5", "deg_4"], "20": ["cc_0", "deg_4"], "89": ["cc_5", "deg_4"], "97": ["cc_0", "deg_3"], "80": ["cc_0", "deg_3"], "70": ["cc_0", "deg_4"], "84": ["cc_3", "deg_5"], "53": ["cc_0", "deg_3"], "1": ["cc_5", "deg_4"], "54": ["cc_0", "deg_3"], "41": ["cc_5", "deg_4"], "4": ["cc_0", "deg_4"], "39": ["cc_11", "deg_4"], "28": ["cc_0", "deg_3"], "25": ["cc_3", "deg_5"], "78": ["cc_4", "deg_6"], "3": ["cc_0", "deg_2"], "64": ["cc_16", "deg_4"], "72": ["cc_0", "deg_4"], "87": ["cc_3", "deg_5"], "19": ["cc_11", "deg_4"], "92": ["cc_0", "deg_3"], "86": ["cc_11", "deg_3"], "62": ["cc_2", "deg_8"], "11": ["cc_11", "deg_4"], "18": ["cc_3", "deg_5"], "67": ["cc_0", "deg_3"], "2": ["cc_5", "deg_4"], "9": ["cc_22", "deg_3"], "27": ["cc_0", "deg_6"], "15": ["cc_11", "deg_4"], "71": ["cc_0", "deg_3"], "88": ["cc_11", "deg_4"], "0": ["cc_3", "deg_5"], "63": ["cc_16", "deg_4"], "32": ["cc_6", "deg_5"], "45": ["cc_0", "deg_2"], "36": ["cc_33", "deg_2"], "83": ["cc_3", "deg_5"], "48": ["cc_6", "deg_5"], "79": ["cc_0", "deg_4"], "77": ["cc_11", "deg_4"], "10": ["cc_16", "deg_4"], "85": ["cc_0", "deg_3"], "31": ["cc_5", "deg_4"], "75": ["cc_5", "deg_4"], "50": ["cc_3", "deg_8"], "60": ["cc_0", "deg_5"], "52": ["cc_5", "deg_4"], "96": ["cc_0", "deg_2"], "49": ["cc_10", "deg_5"]}, "edges": [[0, 96], [0, 1], [0, 2], [0, 57], [0, 97], [1, 2], [1, 69], [1, 85], [2, 4], [2, 29], [3, 4], [3, 69], [4, 5], [4, 6], [5, 35], [5, 7], [5, 95], [6, 8], [6, 45], [6, 7], [7, 17], [7, 19], [7, 68], [7, 91], [7, 21], [8, 9], [8, 10], [9, 10], [9, 11], [10, 11], [10, 13], [11, 13], [11, 49], [12, 58], [12, 13], [12, 69], [13, 14], [13, 15], [14, 16], [14, 43], [14, 15], [15, 16], [15, 17], [16, 18], [16, 69], [17, 19], [17, 41], [17, 87], [18, 81], [18, 62], [18, 77], [18, 78], [19, 20], [19, 91], [20, 97], [20, 22], [20, 31], [21, 34], [21, 37], [21, 23], [22, 24], [22, 89], [22, 23], [23, 96], [23, 24], [23, 25], [23, 28], [24, 25], [24, 26], [25, 72], [25, 68], [25, 27], [26, 27], [26, 28], [27, 48], [27, 34], [27, 29], [27, 94], [28, 91], [29, 32], [29, 84], [29, 62], [29, 30], [30, 32], [30, 83], [30, 68], [31, 32], [31, 33], [31, 84], [32, 33], [32, 46], [33, 34], [33, 35], [33, 53], [35, 37], [36, 37], [36, 38], [37, 38], [38, 40], [38, 39], [39, 40], [39, 41], [39, 44], [40, 41], [40, 69], [41, 42], [42, 43], [42, 60], [43, 48], [43, 51], [44, 46], [45, 84], [46, 75], [46, 47], [47, 48], [47, 49], [48, 49], [48, 50], [49, 50], [49, 51], [50, 67], [50, 52], [50, 51], [50, 71], [50, 87], [50, 79], [51, 52], [52, 53], [52, 54], [53, 55], [54, 89], [54, 55], [55, 56], [55, 57], [55, 95], [56, 57], [56, 62], [57, 58], [58, 60], [59, 60], [59, 87], [60, 62], [60, 79], [61, 62], [61, 63], [62, 64], [62, 70], [62, 63], [63, 64], [63, 65], [64, 65], [64, 66], [65, 66], [65, 67], [66, 72], [66, 77], [67, 69], [68, 92], [69, 70], [69, 71], [70, 72], [70, 75], [71, 78], [72, 74], [73, 74], [73, 75], [74, 75], [74, 76], [76, 77], [76, 78], [77, 78], [78, 80], [78, 79], [79, 81], [80, 81], [80, 82], [81, 83], [82, 83], [82, 84], [83, 84], [83, 85], [85, 86], [86, 88], [86, 87], [87, 88], [88, 89], [88, 90], [89, 90], [90, 91], [90, 92], [91, 93], [92, 94], [93, 94], [93, 95], [94, 95], [95, 97]]}