{"label": 1, "edges": [[0, 49], [0, 46], [0, 54], [1, 48], [1, 47], [1, 50], [1, 3], [2, 54], [2, 9], [2, 46], [2, 47], [3, 4], [3, 49], [3, 28], [4, 49], [4, 19], [4, 6], [4, 39], [5, 51], [5, 6], [5, 7], [6, 38], [6, 7], [6, 22], [6, 46], [7, 8], [7, 10], [7, 13], [8, 10], [8, 28], [9, 40], [10, 55], [10, 35], [11, 26], [11, 13], [11, 39], [12, 34], [12, 13], [13, 50], [13, 41], [13, 27], [14, 47], [14, 15], [15, 16], [15, 28], [16, 17], [16, 18], [17, 27], [17, 54], [17, 47], [17, 31], [18, 24], [18, 43], [18, 55], [19, 20], [19, 21], [20, 36], [20, 25], [21, 53], [21, 24], [21, 30], [22, 52], [22, 28], [23, 24], [23, 25], [23, 42], [24, 36], [24, 25], [25, 51], [25, 54], [26, 44], [27, 34], [27, 55], [27, 47], [28, 29], [29, 50], [29, 30], [29, 44], [29, 46], [30, 46], [31, 32], [31, 33], [31, 51], [32, 40], [32, 33], [32, 42], [33, 34], [33, 35], [34, 35], [34, 36], [35, 41], [35, 45], [36, 43], [37, 38], [37, 39], [38, 40], [38, 41], [39, 40], [40, 48], [40, 41], [40, 42], [40, 46], [43, 44], [43, 45], [44, 45], [45, 46], [45, 47], [49, 51], [50, 51], [52, 53], [53, 54], [53, 55]], "features": {"27": ["cc_3", "deg_5"], "35": ["cc_3", "deg_5"], "43": ["cc_5", "deg_4"], "47": ["cc_2", "deg_6"], "32": ["cc_11", "deg_4"], "9": ["cc_0", "deg_2"], "33": ["cc_11", "deg_4"], "48": ["cc_0", "deg_2"], "55": ["cc_0", "deg_4"], "0": ["cc_0", "deg_3"], "2": ["cc_0", "deg_4"], "18": ["cc_0", "deg_4"], "5": ["cc_11", "deg_3"], "14": ["cc_0", "deg_2"], "38": ["cc_5", "deg_4"], "44": ["cc_5", "deg_4"], "39": ["cc_0", "deg_4"], "3": ["cc_5", "deg_4"], "28": ["cc_0", "deg_5"], "51": ["cc_0", "deg_5"], "23": ["cc_11", "deg_3"], "19": ["cc_0", "deg_3"], "34": ["cc_3", "deg_5"], "11": ["cc_0", "deg_3"], "17": ["cc_3", "deg_5"], "12": ["cc_0", "deg_2"], "25": ["cc_3", "deg_5"], "24": ["cc_3", "deg_5"], "22": ["cc_0", "deg_3"], "15": ["cc_0", "deg_3"], "4": ["cc_3", "deg_5"], "37": ["cc_0", "deg_2"], "45": ["cc_3", "deg_5"], "42": ["cc_11", "deg_3"], "30": ["cc_11", "deg_3"], "31": ["cc_5", "deg_4"], "36": ["cc_0", "deg_4"], "53": ["cc_0", "deg_4"], "10": ["cc_5", "deg_4"], "49": ["cc_5", "deg_4"], "1": ["cc_0", "deg_4"], "46": ["cc_1", "deg_7"], "26": ["cc_0", "deg_2"], "40": ["cc_2", "deg_8"], "41": ["cc_5", "deg_4"], "20": ["cc_0", "deg_3"], "29": ["cc_3", "deg_5"], "52": ["cc_0", "deg_2"], "13": ["cc_0", "deg_6"], "6": ["cc_2", "deg_6"], "7": ["cc_6", "deg_5"], "50": ["cc_0", "deg_4"], "8": ["cc_11", "deg_3"], "16": ["cc_0", "deg_3"], "54": ["cc_0", "deg_5"], "21": ["cc_0", "deg_4"]}}