{"label": 2, "edges": [[0, 2], [0, 68], [0, 41], [0, 43], [0, 36], [1, 67], [1, 38], [1, 57], [1, 11], [1, 70], [1, 85], [2, 81], [2, 35], [2, 4], [2, 5], [2, 87], [2, 7], [2, 15], [3, 4], [3, 70], [3, 6], [3, 71], [3, 10], [3, 23], [3, 79], [4, 44], [4, 78], [4, 79], [4, 19], [4, 20], [4, 55], [4, 28], [5, 48], [5, 49], [5, 84], [5, 7], [5, 80], [5, 75], [5, 82], [5, 46], [6, 19], [6, 70], [6, 31], [6, 78], [6, 79], [7, 40], [7, 20], [7, 49], [7, 72], [7, 34], [8, 16], [8, 25], [8, 11], [8, 13], [9, 69], [9, 70], [9, 41], [9, 75], [9, 44], [9, 48], [9, 85], [9, 63], [10, 40], [10, 36], [10, 65], [10, 68], [10, 60], [10, 78], [11, 49], [11, 51], [11, 33], [11, 55], [12, 65], [12, 52], [12, 36], [12, 13], [12, 30], [13, 64], [13, 83], [13, 57], [13, 44], [14, 56], [14, 51], [14, 70], [14, 64], [15, 50], [15, 65], [15, 40], [15, 44], [15, 58], [15, 62], [16, 65], [16, 83], [16, 35], [16, 69], [16, 80], [16, 51], [16, 59], [16, 63], [17, 43], [17, 69], [17, 71], [17, 72], [17, 75], [17, 19], [17, 52], [17, 56], [18, 83], [18, 76], [18, 29], [19, 28], [19, 77], [19, 47], [20, 37], [20, 73], [20, 76], [20, 46], [20, 21], [20, 22], [20, 61], [21, 48], [21, 56], [21, 73], [21, 34], [22, 83], [22, 34], [22, 57], [22, 26], [22, 76], [22, 61], [23, 35], [23, 53], [23, 87], [23, 57], [23, 58], [23, 61], [24, 67], [24, 87], [24, 56], [24, 28], [24, 26], [24, 60], [25, 66], [25, 56], [25, 62], [26, 43], [26, 27], [26, 29], [27, 48], [27, 80], [27, 50], [27, 60], [27, 43], [27, 28], [27, 29], [28, 41], [29, 64], [29, 51], [29, 86], [29, 59], [30, 49], [30, 39], [30, 40], [30, 73], [31, 34], [31, 37], [31, 55], [31, 71], [32, 80], [32, 86], [32, 70], [32, 45], [33, 43], [33, 36], [33, 58], [34, 48], [34, 79], [34, 78], [35, 51], [36, 38], [36, 57], [36, 61], [37, 81], [37, 77], [38, 80], [38, 49], [38, 82], [38, 41], [39, 67], [39, 59], [39, 60], [39, 61], [39, 62], [39, 53], [40, 56], [40, 46], [41, 54], [41, 74], [41, 63], [42, 68], [42, 84], [42, 87], [43, 86], [43, 56], [44, 68], [45, 50], [45, 49], [45, 74], [45, 78], [45, 47], [46, 57], [47, 48], [49, 65], [49, 82], [49, 62], [50, 82], [50, 72], [51, 72], [52, 83], [52, 54], [52, 72], [53, 54], [53, 76], [54, 86], [54, 55], [55, 69], [55, 56], [55, 57], [56, 79], [56, 84], [56, 63], [57, 58], [60, 70], [61, 62], [62, 76], [62, 63], [63, 84], [63, 82], [64, 65], [64, 70], [64, 74], [65, 82], [65, 79], [66, 80], [66, 81], [66, 67], [66, 68], [66, 84], [67, 83], [68, 69], [68, 79], [70, 81], [71, 72], [72, 74], [72, 78], [73, 86], [74, 78], [74, 81], [74, 83], [75, 84], [77, 83], [77, 78], [77, 79], [85, 87]], "features": {"27": ["cc_2", "deg_8"], "35": ["cc_5", "deg_4"], "43": ["cc_3", "deg_7"], "47": ["cc_0", "deg_3"], "56": ["cc_1", "deg_11"], "23": ["cc_1", "deg_7"], "9": ["cc_1", "deg_8"], "0": ["cc_0", "deg_5"], "6": ["cc_4", "deg_6"], "18": ["cc_0", "deg_3"], "14": ["cc_5", "deg_4"], "38": ["cc_2", "deg_6"], "82": ["cc_6", "deg_6"], "68": ["cc_0", "deg_7"], "51": ["cc_2", "deg_6"], "77": ["cc_0", "deg_5"], "19": ["cc_2", "deg_6"], "34": ["cc_1", "deg_7"], "75": ["cc_5", "deg_4"], "11": ["cc_0", "deg_6"], "17": ["cc_3", "deg_8"], "25": ["cc_0", "deg_4"], "24": ["cc_0", "deg_6"], "70": ["cc_1", "deg_9"], "15": ["cc_0", "deg_7"], "62": ["cc_1", "deg_7"], "40": ["cc_0", "deg_6"], "30": ["cc_0", "deg_5"], "31": ["cc_0", "deg_5"], "66": ["cc_0", "deg_6"], "36": ["cc_0", "deg_7"], "57": ["cc_1", "deg_8"], "10": ["cc_0", "deg_7"], "49": ["cc_3", "deg_9"], "1": ["cc_0", "deg_6"], "46": ["cc_0", "deg_4"], "60": ["cc_0", "deg_5"], "41": ["cc_1", "deg_7"], "29": ["cc_1", "deg_7"], "74": ["cc_3", "deg_7"], "13": ["cc_0", "deg_6"], "2": ["cc_1", "deg_8"], "7": ["cc_3", "deg_7"], "84": ["cc_4", "deg_6"], "79": ["cc_2", "deg_8"], "32": ["cc_0", "deg_4"], "33": ["cc_0", "deg_4"], "55": ["cc_0", "deg_7"], "48": ["cc_2", "deg_6"], "85": ["cc_0", "deg_3"], "5": ["cc_3", "deg_9"], "80": ["cc_0", "deg_6"], "81": ["cc_0", "deg_5"], "86": ["cc_0", "deg_5"], "87": ["cc_0", "deg_5"], "44": ["cc_0", "deg_5"], "39": ["cc_1", "deg_7"], "3": ["cc_4", "deg_7"], "28": ["cc_3", "deg_5"], "83": ["cc_0", "deg_8"], "76": ["cc_3", "deg_5"], "72": ["cc_3", "deg_8"], "12": ["cc_0", "deg_5"], "59": ["cc_0", "deg_3"], "69": ["cc_0", "deg_5"], "22": ["cc_3", "deg_7"], "50": ["cc_0", "deg_5"], "71": ["cc_5", "deg_4"], "4": ["cc_1", "deg_9"], "78": ["cc_2", "deg_8"], "45": ["cc_2", "deg_6"], "42": ["cc_0", "deg_3"], "21": ["cc_6", "deg_5"], "8": ["cc_0", "deg_4"], "53": ["cc_0", "deg_4"], "67": ["cc_0", "deg_5"], "37": ["cc_0", "deg_4"], "20": ["cc_2", "deg_9"], "26": ["cc_6", "deg_5"], "52": ["cc_3", "deg_5"], "58": ["cc_5", "deg_4"], "63": ["cc_3", "deg_7"], "64": ["cc_2", "deg_6"], "54": ["cc_0", "deg_5"], "65": ["cc_1", "deg_8"], "61": ["cc_4", "deg_6"], "16": ["cc_0", "deg_9"], "73": ["cc_5", "deg_4"]}}