{"label": 2, "edges": [[0, 29], [0, 14], [1, 3], [1, 4], [1, 15], [2, 5], [3, 26], [5, 7], [6, 27], [6, 23], [7, 25], [8, 9], [8, 18], [8, 27], [8, 12], [9, 30], [10, 28], [10, 12], [11, 24], [13, 24], [13, 22], [14, 21], [15, 28], [16, 27], [17, 24], [17, 18], [18, 21], [18, 23], [19, 24], [19, 25], [20, 32], [27, 32], [31, 32]], "features": {"27": ["cc_0", "deg_4"], "22": ["cc_0", "deg_1"], "32": ["cc_0", "deg_3"], "15": ["cc_0", "deg_2"], "4": ["cc_0", "deg_1"], "30": ["cc_0", "deg_1"], "0": ["cc_0", "deg_2"], "2": ["cc_0", "deg_1"], "6": ["cc_0", "deg_2"], "18": ["cc_0", "deg_4"], "5": ["cc_0", "deg_2"], "10": ["cc_0", "deg_2"], "14": ["cc_0", "deg_2"], "1": ["cc_0", "deg_3"], "29": ["cc_0", "deg_1"], "8": ["cc_0", "deg_4"], "20": ["cc_0", "deg_1"], "26": ["cc_0", "deg_1"], "3": ["cc_0", "deg_2"], "11": ["cc_0", "deg_1"], "28": ["cc_0", "deg_2"], "23": ["cc_0", "deg_2"], "19": ["cc_0", "deg_2"], "13": ["cc_0", "deg_2"], "16": ["cc_0", "deg_1"], "7": ["cc_0", "deg_2"], "17": ["cc_0", "deg_2"], "12": ["cc_0", "deg_2"], "31": ["cc_0", "deg_1"], "25": ["cc_0", "deg_2"], "24": ["cc_0", "deg_4"], "9": ["cc_0", "deg_2"], "21": ["cc_0", "deg_2"]}}