{"label": 2, "edges": [[0, 18], [0, 20], [0, 5], [0, 11], [1, 8], [1, 16], [2, 6], [2, 24], [2, 10], [2, 11], [2, 13], [3, 20], [3, 6], [3, 10], [3, 27], [3, 26], [4, 27], [4, 12], [4, 18], [5, 16], [5, 21], [5, 25], [5, 15], [6, 17], [6, 22], [6, 7], [7, 8], [7, 22], [8, 25], [8, 9], [8, 10], [8, 27], [9, 19], [9, 25], [10, 25], [10, 11], [11, 22], [12, 27], [12, 22], [13, 18], [13, 25], [14, 17], [14, 21], [15, 16], [15, 19], [16, 22], [16, 23], [17, 18], [17, 21], [17, 24], [19, 23], [19, 24], [20, 26], [21, 25], [21, 26], [23, 26]], "features": {"27": ["cc_5", "deg_4"], "22": ["cc_3", "deg_5"], "15": ["cc_11", "deg_3"], "4": ["cc_11", "deg_3"], "0": ["cc_0", "deg_4"], "2": ["cc_3", "deg_5"], "6": ["cc_3", "deg_5"], "18": ["cc_0", "deg_4"], "5": ["cc_6", "deg_5"], "10": ["cc_6", "deg_5"], "14": ["cc_33", "deg_2"], "1": ["cc_0", "deg_2"], "8": ["cc_4", "deg_6"], "20": ["cc_11", "deg_3"], "26": ["cc_5", "deg_4"], "3": ["cc_3", "deg_5"], "11": ["cc_5", "deg_4"], "23": ["cc_0", "deg_3"], "19": ["cc_0", "deg_4"], "13": ["cc_0", "deg_3"], "16": ["cc_3", "deg_5"], "7": ["cc_11", "deg_3"], "17": ["cc_3", "deg_5"], "12": ["cc_11", "deg_3"], "25": ["cc_6", "deg_6"], "24": ["cc_0", "deg_3"], "9": ["cc_11", "deg_3"], "21": ["cc_6", "deg_5"]}}