{"label": 0, "edges": [[0, 16], [0, 25], [1, 2], [2, 3], [3, 21], [4, 5], [5, 6], [6, 7], [7, 8], [8, 9], [9, 10], [10, 11], [11, 19], [11, 12], [12, 13], [13, 14], [14, 22], [15, 16], [16, 17], [17, 18], [18, 19], [20, 21], [21, 22], [22, 23], [23, 24], [24, 25]], "features": {"22": ["cc_0", "deg_3"], "15": ["cc_0", "deg_1"], "4": ["cc_0", "deg_1"], "0": ["cc_0", "deg_2"], "2": ["cc_0", "deg_2"], "6": ["cc_0", "deg_2"], "18": ["cc_0", "deg_2"], "5": ["cc_0", "deg_2"], "10": ["cc_0", "deg_2"], "14": ["cc_0", "deg_2"], "1": ["cc_0", "deg_1"], "8": ["cc_0", "deg_2"], "20": ["cc_0", "deg_1"], "3": ["cc_0", "deg_2"], "11": ["cc_0", "deg_3"], "23": ["cc_0", "deg_2"], "19": ["cc_0", "deg_2"], "13": ["cc_0", "deg_2"], "16": ["cc_0", "deg_3"], "7": ["cc_0", "deg_2"], "17": ["cc_0", "deg_2"], "12": ["cc_0", "deg_2"], "25": ["cc_0", "deg_2"], "24": ["cc_0", "deg_2"], "9": ["cc_0", "deg_2"], "21": ["cc_0", "deg_3"]}}