{"label": 1, "features": {"53": ["cc_0", "deg_4"], "47": ["cc_33", "deg_2"], "21": ["cc_16", "deg_4"], "34": ["cc_6", "deg_5"], "67": ["cc_8", "deg_6"], "41": ["cc_0", "deg_2"], "4": ["cc_11", "deg_3"], "42": ["cc_0", "deg_6"], "12": ["cc_11", "deg_3"], "28": ["cc_4", "deg_6"], "66": ["cc_16", "deg_4"], "5": ["cc_6", "deg_5"], "65": ["cc_10", "deg_5"], "61": ["cc_0", "deg_3"], "3": ["cc_6", "deg_6"], "64": ["cc_0", "deg_3"], "51": ["cc_0", "deg_3"], "24": ["cc_3", "deg_5"], "56": ["cc_0", "deg_2"], "55": ["cc_0", "deg_3"], "19": ["cc_3", "deg_5"], "54": ["cc_0", "deg_5"], "36": ["cc_0", "deg_5"], "17": ["cc_0", "deg_3"], "11": ["cc_0", "deg_4"], "22": ["cc_10", "deg_5"], "18": ["cc_0", "deg_5"], "59": ["cc_0", "deg_2"], "2": ["cc_6", "deg_5"], "46": ["cc_0", "deg_5"], "37": ["cc_0", "deg_5"], "38": ["cc_3", "deg_5"], "9": ["cc_0", "deg_2"], "27": ["cc_11", "deg_4"], "58": ["cc_0", "deg_3"], "35": ["cc_3", "deg_5"], "1": ["cc_11", "deg_4"], "16": ["cc_0", "deg_5"], "25": ["cc_0", "deg_3"], "7": ["cc_0", "deg_4"], "39": ["cc_5", "deg_4"], "0": ["cc_22", "deg_4"], "29": ["cc_6", "deg_5"], "63": ["cc_0", "deg_5"], "13": ["cc_5", "deg_4"], "6": ["cc_0", "deg_3"], "30": ["cc_11", "deg_3"], "14": ["cc_5", "deg_4"], "32": ["cc_22", "deg_3"], "45": ["cc_5", "deg_4"], "10": ["cc_0", "deg_3"], "33": ["cc_10", "deg_5"], "23": ["cc_11", "deg_4"], "48": ["cc_3", "deg_5"], "40": ["cc_5", "deg_4"], "8": ["cc_0", "deg_3"], "44": ["cc_5", "deg_4"], "31": ["cc_11", "deg_4"], "26": ["cc_5", "deg_4"], "43": ["cc_33", "deg_2"], "57": ["cc_0", "deg_4"], "20": ["cc_22", "deg_3"], "50": ["cc_0", "deg_5"], "62": ["cc_0", "deg_4"], "60": ["cc_0", "deg_5"], "52": ["cc_0", "deg_2"], "15": ["cc_0", "deg_3"], "49": ["cc_3", "deg_5"]}, "edges": [[0, 1], [0, 67], [0, 66], [0, 65], [1, 67], [1, 2], [1, 3], [2, 3], [2, 5], [2, 42], [2, 60], [3, 4], [3, 5], [3, 9], [3, 44], [4, 5], [4, 6], [5, 7], [5, 13], [6, 8], [6, 7], [7, 50], [7, 38], [8, 10], [8, 42], [9, 11], [10, 50], [10, 18], [11, 64], [11, 33], [11, 13], [12, 13], [12, 14], [12, 37], [13, 14], [14, 16], [14, 15], [15, 17], [15, 53], [16, 48], [16, 40], [16, 50], [16, 17], [17, 18], [18, 19], [18, 35], [18, 61], [19, 20], [19, 21], [19, 42], [19, 46], [20, 21], [20, 22], [21, 22], [21, 23], [22, 24], [22, 50], [22, 23], [23, 24], [23, 28], [24, 25], [24, 26], [24, 45], [25, 27], [25, 36], [26, 57], [26, 27], [26, 28], [27, 28], [27, 29], [28, 55], [28, 29], [28, 63], [29, 39], [29, 30], [29, 31], [30, 49], [30, 31], [31, 32], [31, 33], [32, 33], [32, 34], [33, 34], [33, 35], [34, 35], [34, 37], [34, 53], [35, 36], [35, 65], [36, 37], [36, 38], [36, 56], [37, 51], [37, 39], [38, 40], [38, 41], [38, 39], [39, 40], [40, 42], [41, 42], [42, 63], [43, 44], [43, 45], [44, 60], [44, 45], [45, 46], [46, 48], [46, 67], [46, 59], [47, 48], [47, 49], [48, 49], [48, 58], [49, 51], [49, 60], [50, 54], [51, 53], [52, 54], [52, 63], [53, 54], [54, 67], [54, 55], [55, 57], [56, 57], [57, 58], [58, 60], [59, 61], [60, 62], [61, 62], [62, 64], [62, 63], [63, 65], [64, 66], [65, 66], [65, 67], [66, 67]]}