{"label": 1, "edges": [[0, 33], [0, 3], [0, 40], [0, 38], [0, 23], [0, 7], [0, 43], [0, 45], [1, 9], [1, 12], [1, 29], [2, 3], [2, 4], [2, 5], [2, 41], [3, 4], [3, 37], [3, 26], [3, 11], [4, 32], [4, 17], [4, 6], [4, 7], [4, 41], [5, 21], [5, 9], [5, 12], [6, 39], [6, 26], [6, 12], [6, 20], [6, 44], [7, 14], [7, 9], [7, 30], [8, 20], [8, 9], [8, 10], [8, 11], [9, 32], [9, 16], [9, 18], [9, 25], [9, 27], [9, 37], [10, 16], [10, 17], [10, 26], [10, 11], [10, 31], [11, 35], [11, 36], [11, 14], [12, 26], [12, 29], [12, 15], [13, 42], [13, 14], [13, 15], [14, 24], [14, 31], [14, 15], [15, 16], [15, 17], [15, 18], [15, 30], [15, 28], [15, 27], [16, 17], [16, 18], [16, 35], [17, 20], [17, 24], [17, 42], [18, 35], [18, 43], [18, 21], [18, 39], [18, 27], [19, 22], [19, 39], [19, 40], [19, 27], [19, 45], [20, 43], [21, 23], [21, 24], [21, 43], [21, 44], [22, 37], [22, 23], [22, 39], [22, 43], [23, 39], [23, 30], [24, 25], [24, 26], [25, 33], [25, 41], [25, 43], [26, 27], [26, 30], [27, 37], [27, 30], [28, 36], [28, 29], [28, 30], [28, 31], [29, 45], [30, 32], [30, 35], [30, 40], [31, 32], [31, 38], [31, 40], [31, 42], [32, 43], [33, 35], [33, 36], [33, 37], [34, 35], [34, 36], [34, 37], [34, 39], [36, 37], [36, 41], [38, 39], [38, 40], [38, 41], [38, 44], [39, 41], [40, 45], [41, 43], [41, 44], [42, 43], [42, 45], [43, 45], [44, 45]], "features": {"27": ["cc_7", "deg_7"], "35": ["cc_2", "deg_6"], "43": ["cc_2", "deg_10"], "32": ["cc_0", "deg_5"], "9": ["cc_2", "deg_10"], "33": ["cc_3", "deg_5"], "0": ["cc_3", "deg_8"], "2": ["cc_11", "deg_4"], "18": ["cc_7", "deg_8"], "5": ["cc_0", "deg_4"], "14": ["cc_2", "deg_6"], "38": ["cc_8", "deg_6"], "44": ["cc_3", "deg_5"], "39": ["cc_3", "deg_8"], "3": ["cc_2", "deg_6"], "28": ["cc_3", "deg_5"], "23": ["cc_3", "deg_5"], "19": ["cc_6", "deg_5"], "34": ["cc_5", "deg_4"], "11": ["cc_2", "deg_6"], "17": ["cc_3", "deg_7"], "12": ["cc_4", "deg_6"], "25": ["cc_3", "deg_5"], "24": ["cc_0", "deg_5"], "22": ["cc_6", "deg_5"], "15": ["cc_5", "deg_9"], "4": ["cc_3", "deg_7"], "37": ["cc_4", "deg_7"], "45": ["cc_6", "deg_7"], "42": ["cc_3", "deg_5"], "30": ["cc_2", "deg_9"], "31": ["cc_1", "deg_7"], "36": ["cc_4", "deg_6"], "10": ["cc_4", "deg_6"], "1": ["cc_11", "deg_3"], "26": ["cc_3", "deg_7"], "40": ["cc_8", "deg_6"], "41": ["cc_4", "deg_8"], "20": ["cc_0", "deg_4"], "29": ["cc_5", "deg_4"], "13": ["cc_11", "deg_3"], "6": ["cc_2", "deg_6"], "7": ["cc_0", "deg_5"], "8": ["cc_5", "deg_4"], "16": ["cc_11", "deg_6"], "21": ["cc_2", "deg_6"]}}