{"label": 2, "edges": [[0, 11], [0, 46], [1, 37], [1, 15], [2, 59], [3, 9], [3, 37], [4, 27], [5, 27], [5, 13], [6, 7], [7, 40], [7, 49], [8, 21], [9, 48], [9, 10], [9, 61], [10, 32], [10, 50], [11, 64], [11, 43], [12, 35], [12, 38], [13, 57], [13, 60], [13, 38], [14, 52], [16, 41], [16, 44], [16, 17], [18, 31], [19, 44], [19, 45], [19, 47], [20, 21], [20, 54], [21, 42], [21, 62], [22, 23], [23, 24], [24, 25], [25, 48], [25, 31], [26, 32], [26, 33], [27, 34], [28, 29], [29, 37], [30, 40], [30, 34], [31, 60], [33, 34], [36, 43], [36, 55], [39, 40], [41, 62], [43, 59], [44, 51], [47, 56], [47, 59], [50, 62], [52, 53], [53, 54], [58, 63], [62, 63]], "features": {"27": ["cc_0", "deg_3"], "35": ["cc_0", "deg_1"], "43": ["cc_0", "deg_3"], "47": ["cc_0", "deg_3"], "32": ["cc_0", "deg_2"], "56": ["cc_0", "deg_1"], "9": ["cc_0", "deg_4"], "33": ["cc_0", "deg_2"], "48": ["cc_0", "deg_2"], "55": ["cc_0", "deg_1"], "0": ["cc_0", "deg_2"], "2": ["cc_0", "deg_1"], "18": ["cc_0", "deg_1"], "5": ["cc_0", "deg_2"], "14": ["cc_0", "deg_1"], "38": ["cc_0", "deg_2"], "44": ["cc_0", "deg_3"], "39": ["cc_0", "deg_1"], "3": ["cc_0", "deg_2"], "28": ["cc_0", "deg_1"], "51": ["cc_0", "deg_1"], "23": ["cc_0", "deg_2"], "19": ["cc_0", "deg_3"], "61": ["cc_0", "deg_1"], "34": ["cc_0", "deg_3"], "11": ["cc_0", "deg_3"], "17": ["cc_0", "deg_1"], "12": ["cc_0", "deg_2"], "25": ["cc_0", "deg_3"], "24": ["cc_0", "deg_2"], "62": ["cc_0", "deg_4"], "59": ["cc_0", "deg_3"], "22": ["cc_0", "deg_1"], "60": ["cc_0", "deg_2"], "15": ["cc_0", "deg_1"], "4": ["cc_0", "deg_1"], "37": ["cc_0", "deg_3"], "45": ["cc_0", "deg_1"], "42": ["cc_0", "deg_1"], "30": ["cc_0", "deg_2"], "31": ["cc_0", "deg_3"], "36": ["cc_0", "deg_2"], "57": ["cc_0", "deg_1"], "53": ["cc_0", "deg_2"], "10": ["cc_0", "deg_3"], "49": ["cc_0", "deg_1"], "1": ["cc_0", "deg_2"], "46": ["cc_0", "deg_1"], "26": ["cc_0", "deg_2"], "40": ["cc_0", "deg_3"], "41": ["cc_0", "deg_2"], "20": ["cc_0", "deg_2"], "29": ["cc_0", "deg_2"], "52": ["cc_0", "deg_2"], "58": ["cc_0", "deg_1"], "63": ["cc_0", "deg_2"], "64": ["cc_0", "deg_1"], "13": ["cc_0", "deg_4"], "6": ["cc_0", "deg_1"], "7": ["cc_0", "deg_3"], "50": ["cc_0", "deg_2"], "8": ["cc_0", "deg_1"], "16": ["cc_0", "deg_3"], "54": ["cc_0", "deg_2"], "21": ["cc_0", "deg_4"]}}