{"label": 1, "edges": [[0, 8], [0, 44], [0, 77], [0, 78], [1, 2], [1, 3], [2, 3], [2, 4], [2, 71], [3, 4], [3, 5], [4, 21], [4, 23], [5, 65], [5, 6], [5, 7], [5, 26], [6, 8], [6, 35], [7, 9], [7, 59], [8, 32], [8, 54], [8, 9], [9, 10], [9, 42], [10, 67], [10, 11], [11, 67], [11, 12], [12, 16], [12, 19], [12, 13], [12, 15], [13, 32], [13, 14], [14, 16], [14, 15], [15, 32], [15, 17], [15, 73], [16, 37], [16, 30], [17, 49], [17, 19], [18, 68], [18, 19], [18, 20], [18, 47], [19, 20], [20, 22], [20, 23], [21, 27], [21, 68], [22, 24], [22, 53], [23, 51], [23, 25], [24, 31], [24, 47], [24, 63], [25, 26], [25, 27], [25, 42], [26, 37], [26, 27], [27, 51], [27, 59], [27, 29], [28, 64], [28, 29], [28, 30], [29, 52], [29, 56], [29, 74], [30, 31], [31, 32], [31, 33], [31, 73], [32, 34], [32, 61], [33, 34], [33, 76], [33, 78], [34, 35], [34, 36], [35, 36], [35, 40], [36, 38], [36, 39], [37, 39], [38, 68], [38, 39], [39, 50], [39, 41], [39, 53], [40, 41], [40, 42], [41, 42], [41, 43], [42, 43], [43, 44], [43, 45], [44, 53], [44, 45], [45, 46], [45, 47], [46, 64], [46, 70], [46, 47], [47, 48], [48, 57], [48, 50], [49, 75], [49, 51], [50, 51], [50, 52], [51, 53], [51, 78], [52, 54], [53, 55], [54, 55], [54, 57], [54, 59], [55, 56], [55, 57], [56, 57], [56, 58], [57, 58], [57, 59], [58, 60], [58, 69], [59, 67], [60, 61], [60, 62], [61, 68], [61, 72], [62, 64], [62, 63], [63, 65], [65, 67], [66, 67], [66, 68], [67, 68], [67, 69], [68, 69], [69, 70], [69, 71], [70, 74], [70, 77], [71, 73], [72, 73], [74, 75], [74, 76], [75, 76], [75, 77], [76, 78], [77, 78]], "features": {"27": ["cc_2", "deg_6"], "35": ["cc_5", "deg_4"], "43": ["cc_11", "deg_4"], "47": ["cc_3", "deg_5"], "32": ["cc_0", "deg_6"], "56": ["cc_11", "deg_4"], "77": ["cc_5", "deg_4"], "9": ["cc_0", "deg_4"], "33": ["cc_5", "deg_4"], "48": ["cc_0", "deg_3"], "55": ["cc_11", "deg_4"], "0": ["cc_5", "deg_4"], "2": ["cc_11", "deg_4"], "18": ["cc_5", "deg_4"], "5": ["cc_0", "deg_5"], "76": ["cc_11", "deg_4"], "14": ["cc_0", "deg_3"], "38": ["cc_11", "deg_3"], "73": ["cc_0", "deg_4"], "44": ["cc_5", "deg_4"], "39": ["cc_2", "deg_6"], "3": ["cc_11", "deg_4"], "68": ["cc_3", "deg_7"], "28": ["cc_0", "deg_3"], "51": ["cc_0", "deg_6"], "23": ["cc_0", "deg_4"], "19": ["cc_5", "deg_4"], "61": ["cc_0", "deg_4"], "34": ["cc_5", "deg_4"], "75": ["cc_5", "deg_4"], "11": ["cc_11", "deg_3"], "72": ["cc_0", "deg_2"], "17": ["cc_0", "deg_3"], "12": ["cc_0", "deg_5"], "25": ["cc_5", "deg_4"], "24": ["cc_0", "deg_4"], "62": ["cc_0", "deg_3"], "59": ["cc_3", "deg_5"], "69": ["cc_3", "deg_5"], "22": ["cc_0", "deg_3"], "60": ["cc_0", "deg_3"], "70": ["cc_0", "deg_4"], "65": ["cc_0", "deg_3"], "71": ["cc_0", "deg_3"], "15": ["cc_0", "deg_5"], "4": ["cc_5", "deg_4"], "78": ["cc_6", "deg_5"], "37": ["cc_0", "deg_3"], "45": ["cc_11", "deg_4"], "42": ["cc_6", "deg_5"], "30": ["cc_0", "deg_3"], "31": ["cc_0", "deg_5"], "66": ["cc_33", "deg_2"], "36": ["cc_11", "deg_4"], "67": ["cc_4", "deg_7"], "57": ["cc_8", "deg_6"], "53": ["cc_0", "deg_5"], "10": ["cc_11", "deg_3"], "49": ["cc_0", "deg_3"], "1": ["cc_33", "deg_2"], "46": ["cc_5", "deg_4"], "26": ["cc_5", "deg_4"], "40": ["cc_11", "deg_3"], "41": ["cc_11", "deg_4"], "20": ["cc_5", "deg_4"], "29": ["cc_0", "deg_5"], "52": ["cc_0", "deg_3"], "58": ["cc_5", "deg_4"], "63": ["cc_0", "deg_3"], "64": ["cc_0", "deg_3"], "74": ["cc_5", "deg_4"], "13": ["cc_0", "deg_3"], "6": ["cc_0", "deg_3"], "7": ["cc_0", "deg_3"], "50": ["cc_0", "deg_4"], "8": ["cc_0", "deg_5"], "16": ["cc_0", "deg_4"], "54": ["cc_6", "deg_5"], "21": ["cc_0", "deg_3"]}}