{"label": 0, "features": {"47": ["cc_15", "deg_6"], "21": ["cc_6", "deg_6"], "34": ["cc_20", "deg_5"], "41": ["cc_7", "deg_9"], "4": ["cc_8", "deg_6"], "42": ["cc_16", "deg_5"], "12": ["cc_3", "deg_5"], "28": ["cc_11", "deg_6"], "5": ["cc_6", "deg_6"], "3": ["cc_5", "deg_8"], "24": ["cc_3", "deg_8"], "19": ["cc_5", "deg_8"], "36": ["cc_11", "deg_6"], "17": ["cc_13", "deg_6"], "11": ["cc_0", "deg_5"], "22": ["cc_13", "deg_5"], "18": ["cc_15", "deg_6"], "2": ["cc_5", "deg_4"], "46": ["cc_12", "deg_7"], "37": ["cc_6", "deg_6"], "38": ["cc_11", "deg_7"], "9": ["cc_0", "deg_4"], "27": ["cc_6", "deg_5"], "35": ["cc_9", "deg_8"], "1": ["cc_6", "deg_6"], "16": ["cc_16", "deg_5"], "25": ["cc_9", "deg_7"], "7": ["cc_6", "deg_5"], "39": ["cc_8", "deg_8"], "0": ["cc_4", "deg_6"], "29": ["cc_3", "deg_7"], "13": ["cc_4", "deg_6"], "6": ["cc_0", "deg_4"], "30": ["cc_16", "deg_4"], "14": ["cc_6", "deg_6"], "32": ["cc_16", "deg_5"], "45": ["cc_11", "deg_6"], "10": ["cc_0", "deg_5"], "33": ["cc_13", "deg_6"], "23": ["cc_16", "deg_5"], "48": ["cc_11", "deg_6"], "40": ["cc_12", "deg_7"], "8": ["cc_0", "deg_6"], "44": ["cc_16", "deg_5"], "31": ["cc_3", "deg_7"], "26": ["cc_6", "deg_7"], "43": ["cc_7", "deg_8"], "20": ["cc_4", "deg_7"], "15": ["cc_5", "deg_4"], "49": ["cc_6", "deg_5"]}, "edges": [[0, 1], [0, 3], [0, 49], [0, 24], [0, 41], [0, 47], [1, 3], [1, 4], [1, 48], [1, 20], [1, 29], [2, 3], [2, 4], [2, 49], [2, 14], [3, 4], [3, 5], [3, 6], [3, 48], [3, 11], [4, 5], [4, 7], [4, 43], [5, 40], [5, 7], [5, 8], [5, 27], [6, 37], [6, 8], [6, 13], [7, 40], [7, 9], [7, 26], [8, 36], [8, 41], [8, 10], [8, 45], [9, 41], [9, 10], [9, 12], [10, 11], [10, 13], [10, 39], [11, 35], [11, 12], [11, 31], [12, 24], [12, 13], [12, 14], [13, 16], [13, 14], [13, 15], [14, 16], [14, 17], [14, 29], [15, 17], [15, 18], [15, 45], [16, 17], [16, 18], [16, 19], [17, 18], [17, 19], [17, 20], [18, 19], [18, 20], [18, 21], [19, 21], [19, 22], [19, 25], [19, 42], [19, 29], [20, 21], [20, 22], [20, 25], [20, 31], [21, 35], [21, 23], [21, 24], [22, 23], [22, 24], [22, 25], [23, 24], [23, 25], [23, 26], [24, 39], [24, 26], [24, 27], [25, 26], [25, 27], [25, 28], [26, 46], [26, 28], [26, 29], [27, 28], [27, 29], [28, 29], [28, 30], [28, 31], [29, 38], [30, 32], [30, 33], [30, 31], [31, 32], [31, 49], [31, 37], [32, 33], [32, 34], [32, 35], [33, 34], [33, 35], [33, 36], [33, 43], [34, 35], [34, 36], [34, 37], [35, 36], [35, 37], [35, 38], [36, 38], [36, 39], [37, 38], [37, 39], [38, 39], [38, 40], [38, 41], [39, 40], [39, 41], [39, 42], [40, 41], [40, 42], [40, 43], [41, 42], [41, 43], [41, 44], [42, 43], [43, 48], [43, 44], [43, 46], [44, 45], [44, 46], [44, 47], [45, 48], [45, 46], [45, 47], [46, 48], [46, 49], [46, 47], [47, 48], [47, 49]]}