{"label": 2, "edges": [[0, 80], [0, 50], [0, 5], [0, 81], [0, 33], [0, 27], [0, 28], [0, 2], [1, 3], [1, 4], [1, 69], [1, 70], [1, 59], [1, 30], [1, 15], [2, 82], [2, 4], [2, 9], [2, 63], [3, 19], [3, 52], [3, 38], [3, 57], [3, 27], [3, 45], [3, 20], [4, 51], [4, 21], [4, 49], [4, 66], [5, 24], [5, 8], [5, 58], [5, 61], [6, 64], [6, 9], [6, 10], [7, 82], [7, 8], [7, 77], [7, 79], [8, 33], [8, 36], [8, 81], [8, 26], [9, 48], [9, 33], [9, 22], [9, 65], [9, 54], [9, 58], [9, 15], [10, 67], [10, 69], [10, 56], [10, 13], [11, 80], [11, 67], [11, 20], [11, 30], [11, 61], [12, 27], [12, 36], [12, 54], [12, 55], [12, 31], [12, 74], [12, 14], [12, 15], [13, 64], [13, 17], [13, 42], [14, 35], [14, 59], [14, 68], [14, 23], [15, 16], [15, 36], [15, 37], [15, 38], [16, 50], [16, 55], [16, 41], [16, 60], [17, 64], [17, 18], [17, 26], [17, 59], [17, 79], [18, 20], [18, 42], [18, 53], [18, 77], [19, 80], [19, 26], [19, 60], [20, 32], [20, 21], [20, 23], [20, 26], [21, 72], [21, 75], [21, 29], [21, 47], [21, 61], [22, 24], [22, 25], [23, 51], [23, 66], [23, 35], [23, 26], [23, 75], [23, 30], [24, 36], [24, 44], [24, 63], [25, 34], [25, 38], [25, 41], [25, 27], [25, 78], [25, 79], [26, 27], [26, 61], [27, 57], [27, 40], [27, 28], [28, 34], [28, 71], [28, 29], [29, 32], [29, 50], [29, 59], [29, 31], [30, 44], [30, 77], [31, 35], [31, 53], [31, 44], [31, 69], [32, 58], [32, 44], [33, 72], [33, 35], [33, 52], [33, 70], [33, 73], [34, 70], [34, 76], [34, 44], [35, 44], [36, 48], [36, 66], [36, 73], [36, 41], [37, 68], [37, 69], [37, 74], [37, 76], [37, 52], [37, 63], [38, 65], [38, 66], [38, 42], [38, 43], [38, 81], [38, 74], [39, 49], [39, 50], [39, 56], [39, 73], [39, 75], [39, 58], [39, 79], [40, 42], [40, 62], [41, 50], [41, 69], [41, 43], [42, 75], [42, 44], [43, 81], [43, 68], [43, 73], [43, 63], [44, 67], [45, 50], [45, 60], [45, 47], [46, 49], [46, 53], [46, 62], [46, 47], [47, 49], [47, 53], [47, 57], [48, 50], [48, 60], [48, 79], [49, 52], [49, 63], [50, 51], [50, 53], [51, 54], [51, 71], [51, 77], [51, 73], [52, 79], [53, 76], [53, 63], [54, 65], [54, 57], [55, 70], [55, 56], [56, 65], [56, 58], [56, 78], [57, 64], [58, 64], [58, 75], [58, 60], [59, 62], [60, 68], [60, 72], [60, 74], [60, 63], [61, 64], [61, 63], [62, 64], [62, 63], [64, 70], [64, 71], [66, 82], [66, 67], [66, 70], [67, 68], [68, 81], [68, 78], [70, 75], [71, 72], [71, 73], [72, 81], [73, 78], [74, 82], [74, 76], [76, 79], [77, 79], [78, 81], [80, 81]], "features": {"27": ["cc_2", "deg_8"], "35": ["cc_6", "deg_5"], "43": ["cc_4", "deg_6"], "47": ["cc_4", "deg_6"], "32": ["cc_0", "deg_4"], "56": ["cc_2", "deg_6"], "77": ["cc_3", "deg_5"], "9": ["cc_0", "deg_9"], "33": ["cc_0", "deg_8"], "48": ["cc_0", "deg_5"], "55": ["cc_0", "deg_4"], "0": ["cc_2", "deg_8"], "2": ["cc_0", "deg_5"], "18": ["cc_0", "deg_5"], "5": ["cc_0", "deg_5"], "76": ["cc_3", "deg_5"], "14": ["cc_3", "deg_5"], "81": ["cc_4", "deg_8"], "38": ["cc_0", "deg_9"], "73": ["cc_1", "deg_7"], "44": ["cc_1", "deg_8"], "39": ["cc_3", "deg_7"], "82": ["cc_0", "deg_4"], "3": ["cc_1", "deg_8"], "68": ["cc_3", "deg_7"], "28": ["cc_3", "deg_5"], "51": ["cc_1", "deg_7"], "23": ["cc_2", "deg_8"], "19": ["cc_0", "deg_4"], "61": ["cc_0", "deg_6"], "34": ["cc_0", "deg_5"], "75": ["cc_2", "deg_6"], "11": ["cc_0", "deg_5"], "72": ["cc_0", "deg_5"], "17": ["cc_2", "deg_6"], "12": ["cc_1", "deg_8"], "25": ["cc_0", "deg_7"], "24": ["cc_0", "deg_5"], "62": ["cc_0", "deg_5"], "59": ["cc_0", "deg_5"], "69": ["cc_0", "deg_5"], "22": ["cc_0", "deg_3"], "60": ["cc_0", "deg_9"], "70": ["cc_0", "deg_7"], "65": ["cc_5", "deg_4"], "71": ["cc_3", "deg_5"], "15": ["cc_1", "deg_7"], "4": ["cc_0", "deg_6"], "78": ["cc_3", "deg_5"], "80": ["cc_5", "deg_4"], "37": ["cc_1", "deg_7"], "45": ["cc_0", "deg_4"], "42": ["cc_0", "deg_6"], "30": ["cc_0", "deg_5"], "31": ["cc_2", "deg_6"], "66": ["cc_0", "deg_7"], "36": ["cc_1", "deg_8"], "67": ["cc_0", "deg_5"], "57": ["cc_3", "deg_5"], "53": ["cc_1", "deg_7"], "10": ["cc_0", "deg_5"], "49": ["cc_2", "deg_6"], "1": ["cc_0", "deg_7"], "46": ["cc_11", "deg_4"], "79": ["cc_1", "deg_8"], "26": ["cc_1", "deg_7"], "40": ["cc_0", "deg_3"], "41": ["cc_2", "deg_6"], "20": ["cc_1", "deg_7"], "29": ["cc_0", "deg_6"], "52": ["cc_0", "deg_5"], "58": ["cc_2", "deg_8"], "63": ["cc_0", "deg_9"], "64": ["cc_0", "deg_9"], "74": ["cc_2", "deg_6"], "13": ["cc_5", "deg_4"], "6": ["cc_0", "deg_3"], "7": ["cc_5", "deg_4"], "50": ["cc_0", "deg_9"], "8": ["cc_0", "deg_6"], "16": ["cc_3", "deg_5"], "54": ["cc_3", "deg_5"], "21": ["cc_0", "deg_7"]}}