{"label": 2, "edges": [[0, 2], [0, 70], [0, 86], [0, 91], [1, 2], [1, 19], [1, 53], [1, 92], [1, 45], [2, 3], [2, 20], [2, 21], [2, 72], [2, 26], [3, 32], [3, 22], [3, 81], [3, 21], [3, 63], [4, 32], [4, 66], [4, 5], [4, 15], [5, 40], [5, 57], [5, 71], [6, 18], [6, 8], [6, 9], [6, 11], [7, 66], [7, 8], [7, 57], [8, 19], [8, 27], [8, 30], [9, 33], [9, 35], [9, 28], [9, 12], [9, 49], [9, 82], [9, 22], [9, 60], [10, 89], [10, 11], [10, 60], [10, 29], [11, 70], [11, 87], [11, 63], [11, 39], [11, 12], [11, 37], [11, 77], [12, 17], [12, 19], [12, 54], [12, 22], [12, 77], [12, 14], [13, 16], [13, 46], [13, 61], [13, 62], [14, 17], [14, 50], [14, 57], [14, 42], [15, 17], [15, 38], [15, 23], [15, 29], [16, 32], [16, 86], [16, 71], [16, 25], [16, 78], [17, 18], [17, 19], [17, 20], [17, 39], [17, 89], [17, 79], [18, 50], [18, 68], [18, 21], [18, 76], [19, 20], [19, 57], [20, 80], [20, 75], [20, 21], [20, 22], [20, 43], [21, 52], [21, 62], [22, 50], [22, 89], [23, 33], [23, 24], [23, 25], [23, 76], [24, 70], [24, 26], [24, 27], [24, 77], [24, 47], [25, 68], [25, 56], [25, 39], [25, 28], [26, 40], [26, 38], [26, 74], [26, 59], [26, 77], [27, 56], [27, 34], [27, 28], [27, 82], [28, 81], [28, 50], [28, 36], [28, 30], [28, 31], [29, 65], [29, 39], [29, 83], [29, 56], [29, 58], [29, 60], [29, 31], [30, 32], [30, 33], [30, 67], [30, 31], [31, 32], [31, 64], [31, 34], [31, 49], [31, 91], [32, 70], [32, 40], [32, 44], [32, 77], [32, 53], [32, 57], [33, 65], [33, 36], [33, 85], [34, 50], [34, 36], [34, 55], [34, 58], [34, 92], [35, 36], [35, 37], [36, 55], [36, 42], [36, 46], [37, 38], [37, 60], [37, 45], [38, 39], [38, 41], [39, 73], [39, 48], [39, 90], [39, 91], [40, 49], [40, 48], [40, 60], [41, 43], [41, 92], [41, 61], [42, 89], [42, 55], [42, 44], [43, 44], [43, 46], [44, 45], [44, 47], [45, 62], [46, 48], [46, 55], [46, 57], [46, 58], [46, 77], [47, 74], [47, 79], [47, 50], [47, 87], [47, 61], [47, 63], [48, 68], [48, 62], [49, 51], [50, 53], [50, 90], [51, 52], [51, 53], [51, 85], [52, 53], [52, 72], [53, 86], [53, 55], [53, 56], [53, 92], [54, 85], [54, 55], [55, 74], [55, 85], [56, 82], [56, 59], [57, 87], [58, 80], [58, 84], [59, 60], [59, 61], [59, 77], [60, 75], [60, 62], [61, 70], [61, 63], [62, 64], [62, 65], [62, 78], [63, 85], [63, 86], [64, 65], [64, 66], [64, 86], [64, 71], [65, 67], [66, 67], [66, 75], [67, 68], [67, 70], [67, 82], [68, 71], [69, 80], [69, 70], [69, 71], [69, 72], [70, 72], [70, 79], [71, 72], [71, 88], [72, 73], [72, 75], [73, 84], [73, 75], [73, 76], [74, 87], [74, 79], [74, 75], [75, 83], [75, 76], [75, 79], [76, 84], [76, 92], [77, 80], [77, 79], [78, 80], [78, 79], [79, 84], [80, 83], [81, 83], [81, 85], [83, 84], [84, 88], [85, 86], [86, 89], [88, 90], [88, 91], [88, 92], [90, 91], [90, 92]], "features": {"27": ["cc_2", "deg_6"], "35": ["cc_0", "deg_3"], "43": ["cc_0", "deg_4"], "47": ["cc_3", "deg_8"], "56": ["cc_2", "deg_6"], "23": ["cc_0", "deg_5"], "9": ["cc_0", "deg_9"], "0": ["cc_0", "deg_4"], "6": ["cc_0", "deg_4"], "18": ["cc_0", "deg_6"], "14": ["cc_3", "deg_5"], "38": ["cc_0", "deg_5"], "82": ["cc_5", "deg_4"], "68": ["cc_0", "deg_5"], "51": ["cc_5", "deg_4"], "77": ["cc_2", "deg_9"], "19": ["cc_4", "deg_6"], "34": ["cc_1", "deg_7"], "75": ["cc_2", "deg_9"], "11": ["cc_0", "deg_9"], "88": ["cc_6", "deg_5"], "17": ["cc_2", "deg_9"], "25": ["cc_0", "deg_6"], "24": ["cc_2", "deg_6"], "70": ["cc_0", "deg_9"], "15": ["cc_0", "deg_5"], "62": ["cc_1", "deg_8"], "40": ["cc_0", "deg_6"], "30": ["cc_4", "deg_6"], "31": ["cc_2", "deg_8"], "66": ["cc_0", "deg_5"], "36": ["cc_4", "deg_7"], "57": ["cc_0", "deg_7"], "10": ["cc_5", "deg_4"], "49": ["cc_0", "deg_4"], "1": ["cc_3", "deg_5"], "46": ["cc_1", "deg_8"], "60": ["cc_1", "deg_8"], "41": ["cc_0", "deg_4"], "29": ["cc_0", "deg_9"], "74": ["cc_6", "deg_6"], "13": ["cc_0", "deg_4"], "2": ["cc_3", "deg_7"], "7": ["cc_0", "deg_3"], "84": ["cc_2", "deg_6"], "79": ["cc_2", "deg_8"], "90": ["cc_10", "deg_5"], "32": ["cc_0", "deg_11"], "33": ["cc_0", "deg_6"], "55": ["cc_4", "deg_8"], "48": ["cc_0", "deg_5"], "85": ["cc_3", "deg_7"], "5": ["cc_0", "deg_4"], "80": ["cc_0", "deg_6"], "81": ["cc_0", "deg_4"], "86": ["cc_1", "deg_7"], "87": ["cc_5", "deg_4"], "44": ["cc_0", "deg_5"], "39": ["cc_0", "deg_9"], "3": ["cc_2", "deg_6"], "92": ["cc_3", "deg_7"], "28": ["cc_1", "deg_8"], "83": ["cc_0", "deg_5"], "76": ["cc_4", "deg_6"], "72": ["cc_4", "deg_7"], "89": ["cc_0", "deg_5"], "12": ["cc_4", "deg_8"], "59": ["cc_3", "deg_5"], "69": ["cc_11", "deg_4"], "22": ["cc_2", "deg_6"], "50": ["cc_0", "deg_8"], "71": ["cc_1", "deg_7"], "4": ["cc_0", "deg_4"], "78": ["cc_0", "deg_4"], "91": ["cc_6", "deg_5"], "45": ["cc_0", "deg_4"], "42": ["cc_3", "deg_5"], "21": ["cc_4", "deg_6"], "8": ["cc_0", "deg_5"], "53": ["cc_1", "deg_9"], "67": ["cc_0", "deg_6"], "37": ["cc_0", "deg_5"], "20": ["cc_2", "deg_8"], "26": ["cc_3", "deg_7"], "52": ["cc_5", "deg_4"], "58": ["cc_0", "deg_5"], "63": ["cc_4", "deg_6"], "64": ["cc_2", "deg_6"], "54": ["cc_11", "deg_3"], "65": ["cc_3", "deg_5"], "61": ["cc_2", "deg_6"], "16": ["cc_0", "deg_6"], "73": ["cc_10", "deg_5"]}}