{"label": 1, "features": {"53": ["cc_33", "deg_3"], "47": ["cc_0", "deg_4"], "21": ["cc_0", "deg_3"], "34": ["cc_0", "deg_4"], "41": ["cc_2", "deg_6"], "4": ["cc_0", "deg_4"], "42": ["cc_11", "deg_3"], "12": ["cc_6", "deg_5"], "28": ["cc_5", "deg_4"], "5": ["cc_0", "deg_3"], "61": ["cc_0", "deg_5"], "3": ["cc_0", "deg_2"], "64": ["cc_0", "deg_3"], "51": ["cc_0", "deg_3"], "24": ["cc_0", "deg_3"], "56": ["cc_0", "deg_4"], "55": ["cc_0", "deg_3"], "19": ["cc_0", "deg_3"], "54": ["cc_10", "deg_5"], "36": ["cc_0", "deg_5"], "17": ["cc_0", "deg_4"], "11": ["cc_11", "deg_3"], "22": ["cc_0", "deg_3"], "18": ["cc_0", "deg_4"], "59": ["cc_0", "deg_4"], "2": ["cc_0", "deg_4"], "46": ["cc_5", "deg_4"], "37": ["cc_0", "deg_3"], "38": ["cc_0", "deg_5"], "9": ["cc_10", "deg_5"], "27": ["cc_1", "deg_9"], "58": ["cc_0", "deg_4"], "35": ["cc_0", "deg_3"], "1": ["cc_0", "deg_4"], "16": ["cc_0", "deg_3"], "25": ["cc_3", "deg_7"], "7": ["cc_0", "deg_4"], "39": ["cc_0", "deg_5"], "0": ["cc_0", "deg_4"], "29": ["cc_5", "deg_4"], "63": ["cc_3", "deg_5"], "13": ["cc_0", "deg_3"], "6": ["cc_0", "deg_4"], "30": ["cc_3", "deg_5"], "14": ["cc_11", "deg_3"], "32": ["cc_0", "deg_4"], "45": ["cc_0", "deg_4"], "10": ["cc_4", "deg_6"], "33": ["cc_0", "deg_8"], "23": ["cc_5", "deg_4"], "48": ["cc_11", "deg_3"], "40": ["cc_11", "deg_4"], "8": ["cc_0", "deg_3"], "44": ["cc_0", "deg_3"], "31": ["cc_0", "deg_2"], "26": ["cc_5", "deg_4"], "43": ["cc_0", "deg_5"], "57": ["cc_0", "deg_3"], "20": ["cc_0", "deg_4"], "50": ["cc_1", "deg_7"], "62": ["cc_0", "deg_3"], "60": ["cc_0", "deg_2"], "52": ["cc_16", "deg_4"], "15": ["cc_0", "deg_2"], "49": ["cc_5", "deg_4"]}, "edges": [[0, 64], [0, 39], [0, 31], [0, 27], [1, 16], [1, 64], [1, 2], [1, 28], [2, 43], [2, 4], [2, 25], [3, 59], [3, 5], [4, 33], [4, 39], [4, 23], [5, 33], [5, 6], [6, 7], [6, 60], [6, 63], [7, 8], [7, 62], [7, 47], [8, 9], [8, 10], [9, 52], [9, 53], [9, 54], [9, 57], [10, 50], [10, 14], [10, 11], [10, 12], [10, 30], [11, 57], [11, 12], [12, 41], [12, 13], [12, 14], [13, 43], [13, 61], [14, 45], [15, 16], [15, 50], [16, 17], [17, 56], [17, 18], [17, 27], [18, 24], [18, 20], [18, 49], [19, 36], [19, 21], [19, 62], [20, 64], [20, 27], [20, 22], [21, 43], [21, 23], [22, 24], [22, 52], [23, 25], [23, 27], [24, 25], [25, 33], [25, 26], [25, 27], [25, 60], [26, 34], [26, 37], [26, 27], [27, 50], [27, 35], [27, 28], [28, 29], [28, 30], [29, 51], [29, 37], [29, 30], [30, 32], [30, 61], [31, 32], [32, 41], [32, 50], [33, 34], [33, 51], [33, 54], [33, 38], [33, 59], [34, 36], [34, 47], [35, 59], [35, 36], [36, 61], [36, 38], [37, 38], [38, 39], [38, 47], [39, 41], [39, 44], [40, 41], [40, 42], [40, 46], [40, 63], [41, 58], [41, 42], [42, 43], [43, 45], [44, 55], [44, 46], [45, 46], [45, 55], [46, 63], [47, 48], [48, 49], [48, 50], [49, 50], [49, 51], [50, 63], [52, 53], [52, 54], [53, 54], [54, 56], [55, 56], [56, 61], [57, 58], [58, 59], [58, 61], [62, 63]]}