{"label": 1, "edges": [[0, 37], [0, 23], [0, 27], [1, 12], [1, 14], [2, 3], [2, 4], [3, 4], [3, 5], [3, 14], [4, 5], [4, 6], [5, 25], [5, 7], [6, 8], [6, 11], [7, 8], [7, 17], [7, 37], [8, 10], [8, 27], [9, 15], [9, 24], [10, 20], [10, 38], [10, 25], [11, 33], [11, 12], [12, 16], [12, 19], [12, 24], [12, 28], [12, 26], [13, 29], [13, 15], [14, 32], [14, 22], [14, 23], [14, 31], [15, 16], [15, 17], [16, 17], [16, 28], [17, 22], [17, 31], [17, 28], [18, 36], [18, 20], [19, 21], [20, 22], [21, 22], [21, 23], [22, 33], [23, 25], [24, 36], [24, 25], [24, 29], [25, 27], [25, 28], [26, 27], [26, 28], [27, 28], [27, 29], [28, 38], [28, 30], [29, 32], [29, 34], [29, 30], [30, 32], [30, 31], [31, 36], [31, 37], [33, 34], [33, 35], [34, 36], [35, 36], [35, 37], [37, 38]], "features": {"27": ["cc_4", "deg_6"], "22": ["cc_0", "deg_5"], "32": ["cc_11", "deg_3"], "15": ["cc_5", "deg_4"], "4": ["cc_11", "deg_4"], "33": ["cc_0", "deg_4"], "35": ["cc_0", "deg_3"], "30": ["cc_5", "deg_4"], "0": ["cc_0", "deg_3"], "2": ["cc_33", "deg_2"], "6": ["cc_0", "deg_3"], "18": ["cc_0", "deg_2"], "5": ["cc_5", "deg_4"], "10": ["cc_0", "deg_4"], "14": ["cc_0", "deg_6"], "1": ["cc_0", "deg_2"], "29": ["cc_2", "deg_6"], "37": ["cc_0", "deg_5"], "8": ["cc_0", "deg_4"], "20": ["cc_0", "deg_3"], "26": ["cc_22", "deg_3"], "3": ["cc_11", "deg_4"], "11": ["cc_0", "deg_3"], "28": ["cc_5", "deg_8"], "23": ["cc_0", "deg_4"], "19": ["cc_0", "deg_2"], "36": ["cc_0", "deg_5"], "38": ["cc_0", "deg_3"], "34": ["cc_0", "deg_3"], "13": ["cc_0", "deg_2"], "16": ["cc_16", "deg_4"], "7": ["cc_0", "deg_4"], "17": ["cc_4", "deg_6"], "12": ["cc_3", "deg_7"], "31": ["cc_0", "deg_5"], "25": ["cc_2", "deg_6"], "24": ["cc_0", "deg_5"], "9": ["cc_0", "deg_2"], "21": ["cc_0", "deg_3"]}}