{"label": 1, "edges": [[0, 1], [0, 11], [0, 89], [1, 89], [1, 3], [1, 84], [2, 3], [2, 14], [2, 47], [3, 4], [3, 5], [4, 48], [4, 26], [4, 69], [5, 6], [5, 7], [6, 8], [6, 20], [6, 7], [7, 8], [7, 48], [8, 72], [8, 55], [8, 77], [9, 10], [9, 11], [10, 74], [10, 11], [11, 12], [11, 13], [12, 13], [12, 63], [13, 76], [13, 14], [14, 42], [14, 77], [15, 16], [15, 17], [15, 51], [16, 34], [16, 29], [17, 18], [17, 19], [18, 19], [18, 20], [19, 61], [19, 63], [20, 21], [21, 22], [21, 55], [21, 46], [21, 31], [22, 24], [22, 80], [23, 24], [23, 25], [24, 33], [24, 25], [24, 26], [24, 45], [25, 26], [25, 27], [25, 37], [26, 27], [26, 63], [27, 28], [27, 53], [28, 73], [28, 30], [29, 30], [29, 31], [30, 60], [30, 31], [31, 32], [31, 33], [32, 33], [32, 34], [33, 35], [34, 35], [34, 36], [35, 36], [35, 37], [36, 37], [36, 38], [37, 39], [38, 40], [38, 39], [39, 71], [39, 62], [39, 47], [40, 41], [40, 47], [41, 49], [41, 42], [41, 43], [42, 66], [42, 44], [43, 44], [43, 45], [44, 45], [44, 46], [45, 80], [46, 83], [47, 49], [47, 55], [48, 49], [48, 50], [49, 51], [49, 86], [49, 71], [49, 74], [50, 51], [50, 62], [51, 53], [52, 53], [52, 54], [53, 54], [53, 55], [54, 56], [54, 85], [54, 55], [55, 57], [56, 57], [56, 58], [57, 58], [57, 59], [58, 67], [58, 59], [58, 60], [59, 60], [59, 61], [60, 62], [60, 78], [60, 61], [61, 64], [61, 63], [62, 87], [62, 63], [63, 64], [64, 65], [64, 66], [65, 66], [65, 67], [66, 68], [66, 88], [67, 68], [68, 69], [68, 70], [69, 70], [69, 75], [69, 77], [70, 72], [70, 71], [72, 86], [72, 74], [72, 76], [73, 74], [73, 75], [74, 75], [74, 79], [75, 76], [76, 77], [76, 78], [77, 79], [78, 79], [79, 80], [80, 81], [80, 82], [81, 82], [81, 83], [82, 83], [82, 84], [83, 84], [83, 85], [84, 85], [84, 86], [85, 87], [87, 88], [87, 89], [88, 89]], "features": {"27": ["cc_5", "deg_4"], "35": ["cc_11", "deg_4"], "43": ["cc_11", "deg_3"], "47": ["cc_0", "deg_5"], "56": ["cc_11", "deg_3"], "23": ["cc_33", "deg_2"], "9": ["cc_33", "deg_2"], "0": ["cc_11", "deg_3"], "6": ["cc_11", "deg_4"], "18": ["cc_11", "deg_3"], "14": ["cc_0", "deg_4"], "38": ["cc_0", "deg_3"], "82": ["cc_16", "deg_4"], "68": ["cc_5", "deg_4"], "51": ["cc_0", "deg_4"], "77": ["cc_0", "deg_5"], "19": ["cc_11", "deg_4"], "34": ["cc_5", "deg_4"], "75": ["cc_5", "deg_4"], "11": ["cc_6", "deg_5"], "88": ["cc_11", "deg_3"], "17": ["cc_11", "deg_3"], "25": ["cc_10", "deg_5"], "24": ["cc_4", "deg_6"], "70": ["cc_5", "deg_4"], "15": ["cc_0", "deg_3"], "62": ["cc_0", "deg_5"], "40": ["cc_0", "deg_3"], "30": ["cc_5", "deg_4"], "31": ["cc_6", "deg_5"], "66": ["cc_3", "deg_5"], "36": ["cc_11", "deg_4"], "57": ["cc_11", "deg_4"], "10": ["cc_11", "deg_3"], "49": ["cc_0", "deg_7"], "1": ["cc_5", "deg_4"], "46": ["cc_0", "deg_3"], "60": ["cc_4", "deg_6"], "41": ["cc_0", "deg_4"], "29": ["cc_11", "deg_3"], "74": ["cc_2", "deg_6"], "13": ["cc_5", "deg_4"], "2": ["cc_0", "deg_3"], "7": ["cc_11", "deg_4"], "84": ["cc_6", "deg_5"], "79": ["cc_0", "deg_4"], "32": ["cc_11", "deg_3"], "33": ["cc_5", "deg_4"], "55": ["cc_2", "deg_6"], "48": ["cc_0", "deg_4"], "85": ["cc_5", "deg_4"], "5": ["cc_11", "deg_3"], "80": ["cc_3", "deg_5"], "81": ["cc_22", "deg_3"], "86": ["cc_0", "deg_3"], "87": ["cc_5", "deg_4"], "44": ["cc_5", "deg_4"], "39": ["cc_0", "deg_5"], "3": ["cc_0", "deg_4"], "28": ["cc_0", "deg_3"], "83": ["cc_10", "deg_5"], "76": ["cc_0", "deg_5"], "72": ["cc_0", "deg_5"], "89": ["cc_11", "deg_4"], "12": ["cc_11", "deg_3"], "59": ["cc_16", "deg_4"], "69": ["cc_3", "deg_5"], "22": ["cc_0", "deg_3"], "50": ["cc_0", "deg_3"], "71": ["cc_0", "deg_3"], "4": ["cc_0", "deg_4"], "78": ["cc_0", "deg_3"], "45": ["cc_5", "deg_4"], "42": ["cc_0", "deg_4"], "21": ["cc_0", "deg_5"], "8": ["cc_3", "deg_5"], "53": ["cc_6", "deg_5"], "67": ["cc_0", "deg_3"], "37": ["cc_5", "deg_4"], "20": ["cc_0", "deg_3"], "26": ["cc_6", "deg_5"], "52": ["cc_33", "deg_2"], "58": ["cc_10", "deg_5"], "63": ["cc_4", "deg_6"], "64": ["cc_11", "deg_4"], "54": ["cc_6", "deg_5"], "65": ["cc_11", "deg_3"], "61": ["cc_10", "deg_5"], "16": ["cc_0", "deg_3"], "73": ["cc_11", "deg_3"]}}