{"label": 1, "edges": [[0, 32], [0, 33], [0, 2], [0, 11], [0, 12], [0, 13], [1, 33], [1, 21], [1, 24], [1, 14], [1, 15], [2, 33], [2, 20], [3, 5], [3, 29], [3, 14], [3, 21], [4, 5], [4, 8], [4, 29], [5, 33], [5, 7], [5, 26], [5, 27], [5, 28], [6, 25], [6, 7], [7, 8], [7, 16], [8, 25], [8, 26], [9, 11], [9, 21], [10, 25], [10, 12], [10, 16], [11, 12], [12, 19], [12, 24], [12, 13], [13, 23], [13, 29], [13, 14], [14, 16], [14, 27], [14, 29], [14, 15], [15, 16], [15, 17], [17, 18], [17, 31], [18, 19], [18, 20], [19, 21], [20, 30], [20, 22], [22, 30], [22, 23], [23, 29], [24, 26], [24, 30], [25, 26], [26, 27], [26, 28], [28, 29], [31, 32], [31, 33], [32, 33]], "features": {"27": ["cc_11", "deg_3"], "22": ["cc_11", "deg_3"], "32": ["cc_22", "deg_3"], "15": ["cc_11", "deg_4"], "4": ["cc_0", "deg_3"], "33": ["cc_6", "deg_6"], "30": ["cc_11", "deg_3"], "0": ["cc_8", "deg_6"], "2": ["cc_11", "deg_3"], "6": ["cc_0", "deg_2"], "18": ["cc_0", "deg_3"], "5": ["cc_3", "deg_7"], "10": ["cc_0", "deg_3"], "14": ["cc_6", "deg_7"], "1": ["cc_3", "deg_5"], "29": ["cc_6", "deg_6"], "8": ["cc_5", "deg_4"], "20": ["cc_5", "deg_4"], "26": ["cc_6", "deg_6"], "3": ["cc_5", "deg_4"], "11": ["cc_11", "deg_3"], "28": ["cc_11", "deg_3"], "23": ["cc_11", "deg_3"], "19": ["cc_0", "deg_3"], "13": ["cc_10", "deg_5"], "16": ["cc_5", "deg_4"], "7": ["cc_0", "deg_4"], "17": ["cc_0", "deg_3"], "12": ["cc_4", "deg_6"], "31": ["cc_11", "deg_3"], "25": ["cc_5", "deg_4"], "24": ["cc_0", "deg_4"], "9": ["cc_0", "deg_2"], "21": ["cc_0", "deg_4"]}}