{"label": 2, "edges": [[0, 80], [0, 64], [0, 79], [1, 17], [1, 3], [1, 41], [2, 19], [2, 14], [3, 19], [3, 79], [3, 72], [3, 58], [3, 59], [3, 69], [4, 16], [4, 68], [4, 5], [4, 42], [5, 6], [5, 71], [5, 72], [5, 14], [6, 7], [7, 72], [7, 43], [8, 56], [8, 13], [9, 57], [9, 67], [9, 63], [10, 64], [10, 57], [10, 11], [10, 12], [10, 23], [11, 73], [11, 12], [11, 46], [11, 22], [12, 78], [12, 13], [12, 14], [12, 15], [13, 28], [13, 45], [13, 14], [14, 48], [14, 16], [14, 54], [15, 18], [15, 62], [16, 17], [17, 18], [18, 49], [18, 71], [18, 74], [18, 61], [19, 50], [19, 20], [19, 39], [20, 33], [20, 53], [21, 58], [21, 22], [22, 32], [22, 23], [23, 66], [23, 78], [24, 36], [24, 53], [24, 26], [25, 26], [25, 74], [25, 53], [26, 80], [26, 67], [26, 54], [26, 41], [26, 45], [27, 43], [27, 47], [28, 67], [28, 50], [28, 30], [29, 66], [29, 56], [29, 43], [29, 30], [30, 68], [30, 60], [30, 31], [31, 49], [31, 77], [32, 74], [32, 71], [33, 34], [34, 69], [34, 59], [34, 62], [35, 37], [35, 79], [36, 37], [36, 39], [37, 40], [37, 77], [38, 40], [38, 59], [38, 47], [39, 50], [40, 80], [40, 41], [41, 53], [42, 44], [42, 80], [43, 45], [44, 67], [44, 45], [45, 46], [46, 70], [46, 54], [47, 50], [48, 51], [48, 74], [49, 80], [49, 50], [50, 77], [51, 52], [51, 53], [52, 53], [52, 72], [52, 57], [53, 54], [53, 74], [54, 59], [54, 56], [55, 56], [55, 57], [55, 72], [56, 57], [56, 63], [56, 73], [58, 72], [58, 60], [60, 79], [61, 62], [62, 76], [63, 71], [64, 65], [65, 80], [65, 67], [66, 69], [67, 68], [68, 69], [69, 79], [70, 71], [71, 76], [73, 75], [74, 76], [75, 76], [76, 78], [76, 77], [77, 78]], "features": {"27": ["cc_0", "deg_2"], "35": ["cc_0", "deg_2"], "43": ["cc_0", "deg_4"], "47": ["cc_0", "deg_3"], "32": ["cc_0", "deg_3"], "56": ["cc_1", "deg_7"], "77": ["cc_3", "deg_5"], "9": ["cc_0", "deg_3"], "33": ["cc_0", "deg_2"], "48": ["cc_0", "deg_3"], "55": ["cc_11", "deg_3"], "0": ["cc_0", "deg_3"], "2": ["cc_0", "deg_2"], "18": ["cc_0", "deg_6"], "5": ["cc_0", "deg_5"], "76": ["cc_2", "deg_6"], "14": ["cc_1", "deg_7"], "38": ["cc_0", "deg_3"], "73": ["cc_0", "deg_3"], "44": ["cc_0", "deg_3"], "39": ["cc_11", "deg_3"], "3": ["cc_3", "deg_7"], "68": ["cc_0", "deg_4"], "28": ["cc_0", "deg_4"], "51": ["cc_11", "deg_3"], "23": ["cc_0", "deg_4"], "19": ["cc_3", "deg_5"], "61": ["cc_0", "deg_2"], "34": ["cc_0", "deg_4"], "75": ["cc_0", "deg_2"], "11": ["cc_3", "deg_5"], "72": ["cc_2", "deg_6"], "17": ["cc_0", "deg_3"], "12": ["cc_4", "deg_6"], "25": ["cc_11", "deg_3"], "24": ["cc_0", "deg_3"], "62": ["cc_0", "deg_4"], "59": ["cc_0", "deg_4"], "69": ["cc_3", "deg_5"], "22": ["cc_0", "deg_4"], "60": ["cc_0", "deg_3"], "70": ["cc_0", "deg_2"], "65": ["cc_0", "deg_3"], "71": ["cc_0", "deg_6"], "15": ["cc_0", "deg_3"], "4": ["cc_0", "deg_4"], "78": ["cc_5", "deg_4"], "80": ["cc_0", "deg_6"], "37": ["cc_0", "deg_4"], "45": ["cc_0", "deg_5"], "42": ["cc_0", "deg_3"], "30": ["cc_0", "deg_5"], "31": ["cc_0", "deg_3"], "66": ["cc_0", "deg_3"], "36": ["cc_0", "deg_3"], "67": ["cc_0", "deg_6"], "57": ["cc_3", "deg_5"], "53": ["cc_2", "deg_8"], "10": ["cc_3", "deg_5"], "49": ["cc_0", "deg_4"], "1": ["cc_0", "deg_3"], "46": ["cc_0", "deg_4"], "79": ["cc_3", "deg_5"], "26": ["cc_0", "deg_7"], "40": ["cc_0", "deg_4"], "41": ["cc_0", "deg_4"], "20": ["cc_0", "deg_3"], "29": ["cc_0", "deg_4"], "52": ["cc_5", "deg_4"], "58": ["cc_5", "deg_4"], "63": ["cc_0", "deg_3"], "64": ["cc_0", "deg_3"], "74": ["cc_2", "deg_6"], "13": ["cc_3", "deg_5"], "6": ["cc_0", "deg_2"], "7": ["cc_0", "deg_3"], "50": ["cc_2", "deg_6"], "8": ["cc_0", "deg_2"], "16": ["cc_0", "deg_3"], "54": ["cc_0", "deg_6"], "21": ["cc_0", "deg_2"]}}