{"label": 1, "features": {"53": ["cc_0", "deg_2"], "47": ["cc_5", "deg_4"], "68": ["cc_0", "deg_4"], "21": ["cc_5", "deg_4"], "34": ["cc_11", "deg_3"], "67": ["cc_11", "deg_3"], "41": ["cc_22", "deg_3"], "4": ["cc_4", "deg_7"], "42": ["cc_11", "deg_4"], "12": ["cc_0", "deg_4"], "28": ["cc_11", "deg_3"], "66": ["cc_0", "deg_4"], "5": ["cc_3", "deg_5"], "65": ["cc_11", "deg_4"], "61": ["cc_0", "deg_3"], "3": ["cc_10", "deg_5"], "64": ["cc_4", "deg_6"], "51": ["cc_0", "deg_5"], "24": ["cc_2", "deg_6"], "56": ["cc_0", "deg_2"], "55": ["cc_0", "deg_3"], "19": ["cc_0", "deg_4"], "54": ["cc_0", "deg_3"], "36": ["cc_0", "deg_3"], "17": ["cc_0", "deg_2"], "11": ["cc_0", "deg_4"], "22": ["cc_0", "deg_5"], "18": ["cc_0", "deg_2"], "59": ["cc_5", "deg_4"], "2": ["cc_10", "deg_5"], "46": ["cc_0", "deg_5"], "37": ["cc_0", "deg_4"], "38": ["cc_0", "deg_2"], "9": ["cc_0", "deg_2"], "27": ["cc_0", "deg_3"], "58": ["cc_3", "deg_5"], "35": ["cc_0", "deg_4"], "1": ["cc_2", "deg_6"], "16": ["cc_0", "deg_5"], "25": ["cc_5", "deg_4"], "7": ["cc_0", "deg_4"], "39": ["cc_0", "deg_3"], "0": ["cc_0", "deg_5"], "29": ["cc_3", "deg_7"], "63": ["cc_33", "deg_2"], "13": ["cc_3", "deg_5"], "6": ["cc_0", "deg_4"], "30": ["cc_6", "deg_5"], "14": ["cc_0", "deg_3"], "32": ["cc_0", "deg_4"], "45": ["cc_0", "deg_4"], "10": ["cc_0", "deg_3"], "33": ["cc_0", "deg_5"], "23": ["cc_5", "deg_4"], "69": ["cc_0", "deg_4"], "48": ["cc_5", "deg_4"], "40": ["cc_11", "deg_3"], "8": ["cc_0", "deg_3"], "44": ["cc_0", "deg_2"], "31": ["cc_3", "deg_5"], "26": ["cc_1", "deg_7"], "43": ["cc_3", "deg_5"], "57": ["cc_0", "deg_5"], "20": ["cc_0", "deg_3"], "50": ["cc_0", "deg_4"], "62": ["cc_0", "deg_5"], "60": ["cc_3", "deg_5"], "52": ["cc_0", "deg_3"], "15": ["cc_0", "deg_5"], "70": ["cc_0", "deg_3"], "49": ["cc_5", "deg_4"]}, "edges": [[0, 4], [0, 70], [0, 7], [0, 31], [0, 21], [1, 3], [1, 2], [1, 19], [1, 70], [1, 6], [1, 27], [2, 34], [2, 3], [2, 4], [2, 20], [3, 4], [3, 5], [3, 54], [4, 33], [4, 34], [4, 5], [4, 56], [5, 38], [5, 6], [5, 7], [6, 64], [6, 57], [7, 10], [7, 46], [8, 36], [8, 57], [8, 29], [9, 13], [9, 55], [10, 11], [10, 12], [11, 50], [11, 20], [11, 39], [12, 22], [12, 14], [12, 55], [13, 52], [13, 21], [13, 23], [13, 15], [14, 16], [14, 29], [15, 16], [15, 36], [15, 57], [15, 59], [16, 48], [16, 33], [16, 18], [17, 24], [17, 62], [18, 19], [19, 58], [19, 46], [20, 22], [21, 64], [21, 23], [22, 68], [22, 61], [22, 23], [23, 24], [24, 50], [24, 37], [24, 25], [24, 26], [25, 69], [25, 26], [25, 62], [26, 43], [26, 68], [26, 53], [26, 27], [26, 29], [27, 28], [28, 29], [28, 30], [29, 30], [29, 61], [29, 31], [30, 32], [30, 33], [30, 31], [31, 51], [31, 60], [32, 34], [32, 54], [32, 46], [33, 35], [33, 39], [35, 66], [35, 37], [35, 57], [36, 46], [37, 59], [37, 44], [38, 39], [40, 41], [40, 42], [40, 53], [41, 42], [41, 43], [42, 43], [42, 51], [43, 62], [43, 45], [44, 45], [45, 46], [45, 47], [47, 48], [47, 49], [47, 66], [48, 49], [48, 50], [49, 58], [49, 51], [50, 51], [51, 52], [52, 54], [55, 57], [56, 58], [58, 59], [58, 60], [59, 60], [60, 61], [60, 62], [62, 64], [63, 64], [63, 65], [64, 65], [64, 67], [65, 66], [65, 67], [66, 68], [67, 69], [68, 69], [69, 70]]}