{"label": 1, "features": {"47": ["cc_0", "deg_5"], "21": ["cc_22", "deg_4"], "34": ["cc_5", "deg_4"], "41": ["cc_0", "deg_4"], "4": ["cc_0", "deg_3"], "42": ["cc_5", "deg_4"], "12": ["cc_0", "deg_3"], "28": ["cc_11", "deg_3"], "5": ["cc_5", "deg_4"], "3": ["cc_0", "deg_2"], "24": ["cc_0", "deg_3"], "19": ["cc_5", "deg_4"], "36": ["cc_11", "deg_3"], "17": ["cc_0", "deg_4"], "11": ["cc_3", "deg_5"], "22": ["cc_6", "deg_6"], "18": ["cc_0", "deg_4"], "2": ["cc_0", "deg_5"], "46": ["cc_0", "deg_3"], "37": ["cc_5", "deg_4"], "38": ["cc_3", "deg_5"], "9": ["cc_5", "deg_4"], "27": ["cc_5", "deg_4"], "35": ["cc_5", "deg_4"], "1": ["cc_0", "deg_3"], "16": ["cc_11", "deg_3"], "25": ["cc_0", "deg_5"], "7": ["cc_6", "deg_6"], "39": ["cc_0", "deg_4"], "0": ["cc_0", "deg_4"], "29": ["cc_11", "deg_3"], "13": ["cc_1", "deg_8"], "6": ["cc_22", "deg_3"], "30": ["cc_3", "deg_5"], "14": ["cc_0", "deg_3"], "32": ["cc_6", "deg_6"], "45": ["cc_0", "deg_4"], "10": ["cc_5", "deg_4"], "33": ["cc_10", "deg_5"], "23": ["cc_16", "deg_4"], "48": ["cc_0", "deg_2"], "40": ["cc_11", "deg_3"], "8": ["cc_11", "deg_4"], "44": ["cc_0", "deg_2"], "31": ["cc_33", "deg_2"], "26": ["cc_3", "deg_5"], "43": ["cc_0", "deg_3"], "20": ["cc_7", "deg_7"], "50": ["cc_0", "deg_5"], "15": ["cc_0", "deg_3"], "49": ["cc_0", "deg_4"]}, "edges": [[0, 50], [0, 13], [0, 2], [0, 49], [1, 17], [1, 2], [1, 46], [2, 37], [2, 26], [2, 47], [3, 4], [3, 5], [4, 40], [4, 46], [5, 41], [5, 6], [5, 7], [6, 8], [6, 7], [7, 34], [7, 35], [7, 8], [7, 47], [8, 9], [8, 35], [9, 10], [9, 11], [9, 47], [10, 11], [10, 12], [10, 35], [11, 50], [11, 41], [11, 25], [12, 25], [12, 13], [13, 32], [13, 38], [13, 22], [13, 40], [13, 42], [13, 15], [14, 49], [14, 50], [14, 34], [15, 16], [15, 17], [16, 32], [16, 33], [17, 18], [17, 19], [18, 50], [18, 22], [18, 44], [19, 50], [19, 20], [19, 21], [20, 48], [20, 21], [20, 22], [20, 23], [20, 26], [20, 27], [21, 22], [21, 23], [22, 23], [22, 30], [23, 25], [24, 25], [24, 26], [24, 39], [25, 27], [26, 43], [26, 27], [27, 28], [28, 29], [28, 30], [29, 36], [29, 30], [30, 32], [30, 38], [31, 32], [31, 33], [32, 33], [32, 34], [33, 34], [33, 35], [36, 37], [36, 38], [37, 38], [37, 39], [38, 45], [39, 41], [39, 49], [40, 42], [41, 42], [42, 43], [43, 45], [44, 45], [45, 47], [46, 47], [48, 49]]}