{"label": 1, "edges": [[0, 64], [0, 1], [0, 82], [0, 40], [0, 44], [0, 2], [1, 2], [1, 44], [1, 28], [2, 4], [2, 81], [2, 42], [2, 12], [3, 40], [3, 75], [3, 37], [4, 40], [4, 5], [5, 52], [5, 67], [5, 6], [5, 7], [6, 26], [6, 78], [7, 16], [7, 9], [8, 10], [8, 28], [9, 10], [9, 11], [9, 21], [10, 33], [10, 41], [10, 39], [10, 14], [11, 28], [11, 61], [11, 14], [12, 70], [12, 29], [13, 67], [13, 78], [13, 14], [14, 26], [14, 69], [15, 16], [15, 17], [16, 17], [16, 18], [16, 36], [17, 57], [17, 18], [18, 66], [18, 20], [19, 24], [19, 20], [20, 68], [20, 22], [20, 72], [21, 53], [22, 63], [22, 31], [23, 34], [23, 25], [23, 60], [23, 31], [24, 25], [24, 26], [25, 41], [25, 46], [26, 27], [26, 28], [27, 29], [27, 69], [28, 40], [28, 39], [29, 30], [30, 33], [30, 72], [30, 43], [30, 44], [30, 31], [31, 32], [31, 54], [31, 76], [32, 33], [32, 34], [32, 81], [34, 59], [34, 35], [35, 36], [35, 37], [36, 37], [37, 39], [37, 63], [38, 40], [38, 72], [38, 48], [38, 41], [39, 41], [40, 81], [40, 42], [40, 79], [41, 47], [42, 58], [42, 76], [43, 45], [45, 82], [45, 73], [45, 46], [45, 47], [46, 66], [46, 68], [46, 53], [47, 75], [48, 72], [49, 64], [49, 50], [49, 51], [50, 52], [50, 53], [50, 58], [51, 75], [51, 76], [52, 54], [53, 54], [53, 55], [54, 55], [55, 56], [55, 57], [55, 80], [56, 57], [56, 58], [56, 67], [57, 58], [57, 59], [59, 60], [60, 61], [60, 62], [61, 62], [62, 76], [62, 63], [63, 65], [64, 70], [65, 66], [65, 67], [66, 67], [67, 71], [68, 69], [69, 70], [69, 71], [70, 72], [70, 75], [71, 73], [72, 73], [72, 74], [72, 77], [73, 75], [74, 75], [74, 79], [75, 76], [76, 77], [77, 79], [78, 79], [79, 81], [80, 81]], "features": {"27": ["cc_0", "deg_3"], "35": ["cc_11", "deg_3"], "43": ["cc_0", "deg_2"], "47": ["cc_0", "deg_3"], "32": ["cc_0", "deg_4"], "56": ["cc_11", "deg_4"], "77": ["cc_0", "deg_3"], "9": ["cc_0", "deg_4"], "33": ["cc_0", "deg_3"], "48": ["cc_33", "deg_2"], "55": ["cc_6", "deg_5"], "0": ["cc_4", "deg_6"], "2": ["cc_2", "deg_6"], "18": ["cc_5", "deg_4"], "5": ["cc_0", "deg_5"], "76": ["cc_2", "deg_6"], "14": ["cc_0", "deg_5"], "81": ["cc_3", "deg_5"], "38": ["cc_5", "deg_4"], "73": ["cc_0", "deg_4"], "44": ["cc_11", "deg_3"], "39": ["cc_5", "deg_4"], "82": ["cc_0", "deg_2"], "3": ["cc_0", "deg_3"], "68": ["cc_0", "deg_3"], "28": ["cc_0", "deg_6"], "51": ["cc_11", "deg_3"], "23": ["cc_0", "deg_4"], "19": ["cc_0", "deg_2"], "61": ["cc_11", "deg_3"], "34": ["cc_0", "deg_4"], "75": ["cc_1", "deg_7"], "11": ["cc_0", "deg_4"], "72": ["cc_1", "deg_8"], "17": ["cc_11", "deg_4"], "12": ["cc_0", "deg_3"], "25": ["cc_0", "deg_4"], "24": ["cc_0", "deg_3"], "62": ["cc_5", "deg_4"], "59": ["cc_0", "deg_3"], "69": ["cc_0", "deg_5"], "22": ["cc_0", "deg_3"], "60": ["cc_5", "deg_4"], "70": ["cc_0", "deg_5"], "65": ["cc_11", "deg_3"], "71": ["cc_0", "deg_3"], "15": ["cc_33", "deg_2"], "4": ["cc_0", "deg_3"], "78": ["cc_0", "deg_3"], "80": ["cc_0", "deg_2"], "37": ["cc_3", "deg_5"], "45": ["cc_0", "deg_5"], "42": ["cc_0", "deg_4"], "30": ["cc_0", "deg_6"], "31": ["cc_0", "deg_6"], "66": ["cc_5", "deg_4"], "36": ["cc_11", "deg_3"], "67": ["cc_2", "deg_6"], "57": ["cc_6", "deg_5"], "53": ["cc_3", "deg_5"], "10": ["cc_2", "deg_6"], "49": ["cc_0", "deg_3"], "1": ["cc_11", "deg_4"], "46": ["cc_0", "deg_5"], "79": ["cc_3", "deg_5"], "26": ["cc_0", "deg_5"], "40": ["cc_1", "deg_8"], "41": ["cc_3", "deg_5"], "20": ["cc_0", "deg_5"], "29": ["cc_0", "deg_3"], "52": ["cc_0", "deg_3"], "58": ["cc_5", "deg_4"], "63": ["cc_0", "deg_4"], "64": ["cc_0", "deg_3"], "74": ["cc_0", "deg_3"], "13": ["cc_0", "deg_3"], "6": ["cc_0", "deg_3"], "7": ["cc_0", "deg_3"], "50": ["cc_0", "deg_4"], "8": ["cc_0", "deg_2"], "16": ["cc_6", "deg_5"], "54": ["cc_5", "deg_4"], "21": ["cc_0", "deg_2"]}}