{"label": 2, "edges": [[0, 17], [0, 2], [0, 13], [1, 24], [1, 21], [1, 8], [1, 28], [1, 29], [2, 18], [2, 20], [2, 22], [2, 34], [3, 32], [3, 35], [3, 42], [4, 32], [4, 19], [4, 36], [4, 43], [5, 33], [5, 21], [5, 26], [5, 37], [6, 40], [6, 25], [6, 13], [6, 7], [7, 32], [7, 26], [8, 19], [8, 38], [8, 15], [9, 27], [9, 10], [9, 11], [9, 36], [10, 33], [10, 20], [10, 12], [11, 41], [11, 43], [12, 16], [12, 32], [12, 40], [12, 24], [12, 27], [13, 17], [13, 38], [13, 22], [14, 25], [14, 42], [14, 19], [14, 22], [15, 18], [15, 35], [15, 26], [15, 30], [16, 23], [16, 29], [17, 42], [17, 31], [18, 35], [18, 36], [20, 36], [20, 37], [20, 24], [21, 39], [21, 41], [21, 27], [22, 30], [23, 34], [23, 35], [23, 40], [23, 25], [23, 43], [23, 29], [24, 38], [24, 28], [25, 37], [26, 36], [26, 37], [26, 30], [29, 43], [31, 43], [33, 35], [33, 39], [37, 41], [40, 42]], "features": {"27": ["cc_0", "deg_3"], "35": ["cc_3", "deg_5"], "43": ["cc_3", "deg_5"], "32": ["cc_0", "deg_4"], "9": ["cc_0", "deg_4"], "33": ["cc_0", "deg_4"], "0": ["cc_11", "deg_3"], "2": ["cc_0", "deg_5"], "18": ["cc_5", "deg_4"], "5": ["cc_5", "deg_4"], "14": ["cc_0", "deg_4"], "38": ["cc_0", "deg_3"], "39": ["cc_0", "deg_2"], "3": ["cc_0", "deg_3"], "28": ["cc_33", "deg_2"], "23": ["cc_3", "deg_7"], "19": ["cc_0", "deg_3"], "34": ["cc_0", "deg_2"], "11": ["cc_0", "deg_3"], "17": ["cc_5", "deg_4"], "12": ["cc_0", "deg_6"], "25": ["cc_0", "deg_4"], "24": ["cc_3", "deg_5"], "22": ["cc_0", "deg_4"], "15": ["cc_6", "deg_5"], "4": ["cc_0", "deg_4"], "37": ["cc_3", "deg_5"], "42": ["cc_0", "deg_4"], "30": ["cc_11", "deg_3"], "31": ["cc_0", "deg_2"], "36": ["cc_0", "deg_5"], "10": ["cc_0", "deg_4"], "1": ["cc_3", "deg_5"], "26": ["cc_4", "deg_6"], "40": ["cc_0", "deg_4"], "41": ["cc_0", "deg_3"], "20": ["cc_0", "deg_5"], "29": ["cc_11", "deg_4"], "13": ["cc_3", "deg_5"], "6": ["cc_0", "deg_4"], "7": ["cc_0", "deg_3"], "8": ["cc_0", "deg_4"], "16": ["cc_11", "deg_3"], "21": ["cc_0", "deg_5"]}}