{"label": 1, "edges": [[0, 32], [0, 1], [0, 19], [0, 33], [0, 13], [1, 33], [1, 2], [1, 3], [1, 17], [1, 9], [2, 11], [2, 21], [3, 32], [3, 6], [3, 30], [4, 28], [4, 6], [5, 30], [5, 7], [6, 22], [6, 7], [6, 9], [6, 11], [6, 30], [7, 32], [7, 9], [7, 10], [8, 9], [8, 10], [9, 10], [9, 12], [9, 13], [10, 19], [10, 13], [10, 15], [11, 13], [12, 18], [13, 18], [14, 16], [14, 22], [15, 16], [16, 25], [16, 26], [16, 31], [17, 23], [17, 30], [18, 20], [19, 20], [20, 26], [20, 22], [21, 22], [21, 23], [22, 24], [23, 25], [23, 28], [24, 25], [24, 26], [25, 26], [25, 27], [26, 28], [27, 28], [27, 29], [28, 29], [29, 30], [29, 31], [30, 32], [31, 32], [31, 33]], "features": {"27": ["cc_11", "deg_3"], "22": ["cc_0", "deg_5"], "32": ["cc_3", "deg_5"], "15": ["cc_0", "deg_2"], "4": ["cc_0", "deg_2"], "33": ["cc_11", "deg_3"], "30": ["cc_4", "deg_6"], "0": ["cc_3", "deg_5"], "2": ["cc_0", "deg_3"], "6": ["cc_3", "deg_7"], "18": ["cc_0", "deg_3"], "5": ["cc_0", "deg_2"], "10": ["cc_6", "deg_6"], "14": ["cc_0", "deg_2"], "1": ["cc_2", "deg_6"], "29": ["cc_5", "deg_4"], "8": ["cc_33", "deg_2"], "20": ["cc_0", "deg_4"], "26": ["cc_6", "deg_5"], "3": ["cc_11", "deg_4"], "11": ["cc_0", "deg_3"], "28": ["cc_3", "deg_5"], "23": ["cc_0", "deg_4"], "19": ["cc_0", "deg_3"], "13": ["cc_3", "deg_5"], "16": ["cc_3", "deg_5"], "7": ["cc_6", "deg_5"], "17": ["cc_0", "deg_3"], "12": ["cc_0", "deg_2"], "31": ["cc_0", "deg_4"], "25": ["cc_6", "deg_5"], "24": ["cc_11", "deg_3"], "9": ["cc_6", "deg_7"], "21": ["cc_0", "deg_3"]}}