{"label": 1, "edges": [[0, 34], [0, 5], [0, 56], [0, 42], [0, 67], [0, 66], [0, 63], [1, 2], [1, 46], [1, 57], [1, 68], [1, 67], [1, 30], [1, 52], [2, 64], [2, 3], [2, 4], [2, 9], [2, 23], [2, 68], [3, 5], [3, 6], [3, 49], [3, 33], [3, 7], [3, 50], [4, 40], [4, 18], [4, 47], [5, 6], [5, 8], [6, 32], [6, 65], [6, 7], [6, 40], [6, 45], [6, 14], [7, 40], [7, 10], [7, 44], [7, 31], [8, 9], [8, 10], [8, 11], [8, 42], [9, 33], [9, 36], [9, 10], [9, 11], [9, 18], [10, 25], [10, 37], [10, 13], [11, 12], [11, 13], [11, 14], [12, 64], [12, 66], [12, 35], [12, 40], [12, 13], [13, 16], [13, 35], [13, 46], [13, 38], [13, 14], [14, 16], [14, 17], [14, 59], [14, 55], [14, 61], [15, 19], [15, 21], [15, 26], [15, 61], [15, 29], [16, 64], [16, 65], [16, 19], [16, 20], [16, 29], [17, 34], [17, 19], [17, 29], [18, 19], [18, 20], [18, 27], [19, 20], [19, 21], [19, 22], [20, 23], [20, 43], [20, 45], [21, 48], [21, 37], [21, 23], [21, 24], [21, 55], [22, 56], [22, 57], [22, 58], [22, 30], [23, 25], [23, 26], [23, 34], [24, 25], [24, 26], [24, 27], [25, 60], [25, 26], [25, 28], [26, 67], [26, 27], [27, 48], [27, 41], [27, 28], [27, 30], [28, 33], [28, 40], [28, 29], [28, 31], [29, 50], [29, 55], [30, 32], [30, 33], [30, 45], [31, 32], [31, 34], [32, 33], [32, 35], [33, 40], [33, 47], [34, 35], [34, 37], [35, 65], [35, 37], [35, 40], [36, 38], [36, 41], [36, 61], [36, 46], [37, 38], [37, 39], [38, 40], [38, 41], [38, 45], [39, 68], [39, 67], [39, 40], [39, 61], [41, 42], [42, 51], [42, 54], [43, 44], [43, 45], [43, 46], [44, 46], [44, 47], [46, 49], [46, 68], [46, 61], [47, 48], [47, 50], [48, 49], [48, 50], [48, 60], [49, 50], [49, 51], [49, 52], [50, 51], [50, 52], [51, 53], [51, 54], [51, 64], [51, 62], [52, 53], [52, 55], [52, 58], [53, 65], [53, 55], [53, 63], [54, 55], [54, 56], [54, 61], [55, 56], [55, 57], [56, 57], [56, 59], [57, 58], [57, 60], [58, 60], [58, 61], [59, 65], [59, 62], [60, 61], [60, 62], [61, 64], [62, 64], [62, 65], [62, 63], [63, 64], [63, 65], [63, 66], [65, 66], [65, 67], [66, 68], [67, 68]], "features": {"27": ["cc_1", "deg_7"], "35": ["cc_4", "deg_7"], "43": ["cc_11", "deg_4"], "47": ["cc_3", "deg_5"], "32": ["cc_3", "deg_5"], "56": ["cc_6", "deg_6"], "9": ["cc_3", "deg_7"], "33": ["cc_3", "deg_7"], "48": ["cc_4", "deg_6"], "55": ["cc_3", "deg_8"], "0": ["cc_1", "deg_7"], "2": ["cc_1", "deg_7"], "18": ["cc_3", "deg_5"], "5": ["cc_5", "deg_4"], "14": ["cc_2", "deg_8"], "38": ["cc_2", "deg_6"], "44": ["cc_5", "deg_4"], "39": ["cc_3", "deg_5"], "3": ["cc_4", "deg_7"], "68": ["cc_8", "deg_6"], "28": ["cc_2", "deg_6"], "51": ["cc_4", "deg_7"], "23": ["cc_2", "deg_6"], "19": ["cc_4", "deg_7"], "61": ["cc_1", "deg_9"], "34": ["cc_2", "deg_6"], "11": ["cc_10", "deg_5"], "17": ["cc_0", "deg_4"], "12": ["cc_6", "deg_6"], "25": ["cc_4", "deg_6"], "24": ["cc_11", "deg_4"], "62": ["cc_8", "deg_6"], "59": ["cc_5", "deg_4"], "22": ["cc_6", "deg_5"], "60": ["cc_4", "deg_6"], "65": ["cc_3", "deg_9"], "15": ["cc_3", "deg_5"], "4": ["cc_0", "deg_4"], "37": ["cc_2", "deg_6"], "45": ["cc_3", "deg_5"], "42": ["cc_3", "deg_5"], "30": ["cc_2", "deg_6"], "31": ["cc_0", "deg_4"], "66": ["cc_6", "deg_5"], "36": ["cc_6", "deg_5"], "67": ["cc_4", "deg_6"], "57": ["cc_8", "deg_6"], "53": ["cc_6", "deg_5"], "10": ["cc_2", "deg_6"], "49": ["cc_8", "deg_6"], "1": ["cc_4", "deg_7"], "46": ["cc_3", "deg_8"], "26": ["cc_6", "deg_6"], "40": ["cc_2", "deg_9"], "41": ["cc_5", "deg_4"], "20": ["cc_6", "deg_6"], "29": ["cc_0", "deg_6"], "52": ["cc_4", "deg_6"], "58": ["cc_10", "deg_5"], "63": ["cc_11", "deg_6"], "64": ["cc_3", "deg_7"], "13": ["cc_4", "deg_8"], "6": ["cc_3", "deg_8"], "7": ["cc_4", "deg_6"], "50": ["cc_7", "deg_7"], "8": ["cc_6", "deg_5"], "16": ["cc_3", "deg_7"], "54": ["cc_6", "deg_5"], "21": ["cc_1", "deg_7"]}}