{"label": 1, "edges": [[0, 1], [0, 2], [0, 3], [0, 6], [1, 2], [1, 3], [1, 21], [1, 7], [1, 8], [2, 3], [2, 25], [2, 9], [2, 26], [2, 15], [3, 5], [3, 7], [3, 9], [3, 15], [4, 5], [4, 6], [4, 25], [4, 10], [4, 13], [5, 16], [5, 18], [5, 6], [5, 7], [5, 9], [5, 11], [5, 12], [6, 17], [6, 7], [7, 19], [7, 9], [7, 16], [8, 20], [8, 22], [8, 23], [8, 9], [8, 14], [9, 21], [9, 14], [10, 11], [10, 12], [10, 13], [11, 19], [11, 12], [11, 14], [12, 23], [12, 15], [13, 16], [13, 18], [13, 15], [14, 22], [14, 23], [14, 15], [15, 17], [15, 19], [16, 17], [16, 18], [16, 19], [17, 18], [17, 19], [18, 19], [18, 20], [19, 21], [19, 22], [19, 23], [19, 26], [20, 21], [20, 23], [21, 22], [21, 24], [21, 26], [22, 24], [22, 23], [23, 24], [23, 25], [24, 25], [24, 26], [25, 26]], "features": {"22": ["cc_15", "deg_6"], "15": ["cc_3", "deg_7"], "4": ["cc_6", "deg_5"], "0": ["cc_16", "deg_4"], "2": ["cc_9", "deg_7"], "6": ["cc_6", "deg_5"], "18": ["cc_11", "deg_6"], "5": ["cc_7", "deg_9"], "10": ["cc_11", "deg_4"], "14": ["cc_8", "deg_6"], "1": ["cc_8", "deg_6"], "8": ["cc_11", "deg_6"], "20": ["cc_5", "deg_4"], "26": ["cc_13", "deg_5"], "3": ["cc_14", "deg_7"], "11": ["cc_6", "deg_5"], "23": ["cc_8", "deg_8"], "19": ["cc_5", "deg_10"], "13": ["cc_6", "deg_5"], "16": ["cc_15", "deg_6"], "7": ["cc_11", "deg_7"], "17": ["cc_13", "deg_5"], "12": ["cc_6", "deg_5"], "25": ["cc_10", "deg_5"], "24": ["cc_16", "deg_5"], "9": ["cc_7", "deg_7"], "21": ["cc_6", "deg_7"]}}