{"label": 0, "features": {"68": ["cc_5", "deg_4"], "21": ["cc_3", "deg_5"], "34": ["cc_16", "deg_4"], "94": ["cc_11", "deg_3"], "58": ["cc_0", "deg_4"], "69": ["cc_0", "deg_4"], "42": ["cc_22", "deg_3"], "12": ["cc_10", "deg_5"], "66": ["cc_10", "deg_5"], "5": ["cc_11", "deg_3"], "61": ["cc_16", "deg_4"], "91": ["cc_5", "deg_4"], "51": ["cc_10", "deg_5"], "24": ["cc_16", "deg_4"], "56": ["cc_5", "deg_4"], "55": ["cc_11", "deg_3"], "17": ["cc_33", "deg_2"], "22": ["cc_11", "deg_3"], "74": ["cc_5", "deg_4"], "59": ["cc_11", "deg_3"], "46": ["cc_5", "deg_4"], "37": ["cc_5", "deg_4"], "38": ["cc_0", "deg_5"], "81": ["cc_6", "deg_5"], "95": ["cc_5", "deg_4"], "90": ["cc_11", "deg_4"], "35": ["cc_10", "deg_5"], "47": ["cc_0", "deg_3"], "16": ["cc_5", "deg_4"], "65": ["cc_16", "deg_4"], "23": ["cc_22", "deg_3"], "7": ["cc_11", "deg_4"], "82": ["cc_16", "deg_4"], "29": ["cc_11", "deg_4"], "93": ["cc_11", "deg_3"], "13": ["cc_16", "deg_4"], "6": ["cc_11", "deg_3"], "30": ["cc_0", "deg_3"], "14": ["cc_11", "deg_3"], "40": ["cc_0", "deg_5"], "33": ["cc_6", "deg_6"], "73": ["cc_2", "deg_6"], "76": ["cc_5", "deg_4"], "8": ["cc_11", "deg_4"], "44": ["cc_16", "deg_4"], "26": ["cc_10", "deg_5"], "43": ["cc_16", "deg_4"], "57": ["cc_5", "deg_4"], "20": ["cc_22", "deg_3"], "89": ["cc_16", "deg_4"], "80": ["cc_5", "deg_4"], "70": ["cc_0", "deg_3"], "84": ["cc_5", "deg_4"], "53": ["cc_11", "deg_4"], "1": ["cc_0", "deg_3"], "54": ["cc_2", "deg_6"], "41": ["cc_11", "deg_3"], "4": ["cc_11", "deg_3"], "39": ["cc_0", "deg_3"], "28": ["cc_11", "deg_4"], "25": ["cc_10", "deg_5"], "78": ["cc_0", "deg_3"], "3": ["cc_0", "deg_2"], "64": ["cc_16", "deg_4"], "72": ["cc_11", "deg_3"], "87": ["cc_11", "deg_4"], "19": ["cc_10", "deg_5"], "92": ["cc_0", "deg_4"], "86": ["cc_11", "deg_3"], "62": ["cc_16", "deg_4"], "11": ["cc_22", "deg_4"], "18": ["cc_11", "deg_4"], "67": ["cc_11", "deg_4"], "2": ["cc_5", "deg_4"], "9": ["cc_10", "deg_5"], "27": ["cc_16", "deg_4"], "15": ["cc_5", "deg_4"], "71": ["cc_0", "deg_3"], "88": ["cc_10", "deg_5"], "0": ["cc_3", "deg_5"], "63": ["cc_16", "deg_4"], "32": ["cc_6", "deg_5"], "45": ["cc_6", "deg_5"], "36": ["cc_6", "deg_5"], "83": ["cc_6", "deg_5"], "48": ["cc_0", "deg_4"], "79": ["cc_0", "deg_3"], "77": ["cc_2", "deg_6"], "10": ["cc_16", "deg_5"], "85": ["cc_0", "deg_4"], "31": ["cc_11", "deg_3"], "75": ["cc_11", "deg_3"], "50": ["cc_5", "deg_4"], "60": ["cc_6", "deg_5"], "52": ["cc_16", "deg_4"], "96": ["cc_0", "deg_3"], "49": ["cc_2", "deg_6"]}, "edges": [[0, 49], [0, 2], [0, 90], [0, 29], [0, 95], [1, 96], [1, 2], [1, 21], [2, 51], [2, 4], [3, 5], [3, 49], [4, 9], [4, 51], [5, 6], [5, 7], [6, 73], [6, 7], [7, 8], [7, 9], [8, 9], [8, 10], [8, 71], [9, 10], [9, 11], [10, 11], [10, 12], [10, 13], [11, 12], [11, 13], [12, 96], [12, 13], [12, 14], [13, 15], [14, 16], [14, 15], [15, 16], [15, 60], [16, 18], [16, 83], [17, 18], [17, 19], [18, 19], [18, 20], [19, 20], [19, 21], [19, 77], [20, 21], [21, 22], [21, 40], [22, 24], [22, 23], [23, 24], [23, 25], [24, 25], [24, 26], [25, 67], [25, 26], [25, 27], [26, 27], [26, 28], [26, 70], [27, 28], [27, 29], [28, 29], [28, 30], [29, 49], [30, 32], [30, 58], [31, 32], [31, 33], [31, 77], [32, 33], [32, 34], [32, 49], [33, 34], [33, 35], [33, 39], [33, 92], [34, 35], [34, 36], [35, 48], [35, 36], [35, 37], [36, 37], [36, 38], [36, 85], [37, 81], [37, 39], [38, 84], [38, 69], [38, 40], [38, 91], [39, 40], [40, 41], [40, 92], [41, 42], [41, 43], [42, 43], [42, 44], [43, 44], [43, 45], [44, 45], [44, 46], [45, 69], [45, 46], [45, 47], [46, 48], [46, 54], [47, 48], [47, 49], [48, 50], [49, 50], [50, 51], [50, 52], [51, 52], [51, 53], [52, 53], [52, 54], [53, 54], [53, 55], [54, 56], [54, 74], [54, 77], [55, 56], [55, 57], [56, 57], [56, 58], [57, 73], [57, 59], [58, 71], [58, 60], [59, 60], [59, 61], [60, 61], [60, 62], [61, 62], [61, 63], [62, 64], [62, 63], [63, 64], [63, 65], [64, 65], [64, 66], [65, 66], [65, 67], [66, 67], [66, 68], [66, 79], [67, 68], [68, 69], [68, 70], [69, 88], [70, 72], [71, 73], [72, 73], [72, 74], [73, 74], [73, 75], [74, 76], [75, 76], [75, 77], [76, 77], [76, 78], [77, 80], [78, 80], [78, 79], [79, 81], [80, 81], [80, 82], [81, 82], [81, 83], [82, 83], [82, 84], [83, 84], [83, 85], [84, 86], [85, 95], [85, 87], [86, 88], [86, 87], [87, 88], [87, 89], [88, 89], [88, 90], [89, 90], [89, 91], [90, 91], [91, 92], [92, 93], [93, 94], [93, 95], [94, 96], [94, 95]]}