{"label": 2, "features": {"53": ["cc_2", "deg_6"], "47": ["cc_10", "deg_5"], "68": ["cc_1", "deg_7"], "21": ["cc_1", "deg_9"], "34": ["cc_11", "deg_4"], "67": ["cc_0", "deg_4"], "41": ["cc_1", "deg_9"], "4": ["cc_11", "deg_3"], "42": ["cc_6", "deg_6"], "12": ["cc_4", "deg_7"], "28": ["cc_5", "deg_4"], "66": ["cc_0", "deg_5"], "5": ["cc_0", "deg_4"], "65": ["cc_3", "deg_7"], "61": ["cc_6", "deg_6"], "3": ["cc_4", "deg_6"], "64": ["cc_0", "deg_5"], "51": ["cc_1", "deg_8"], "24": ["cc_0", "deg_5"], "56": ["cc_4", "deg_6"], "55": ["cc_4", "deg_6"], "19": ["cc_5", "deg_4"], "54": ["cc_0", "deg_5"], "36": ["cc_4", "deg_7"], "17": ["cc_0", "deg_6"], "11": ["cc_11", "deg_3"], "22": ["cc_2", "deg_8"], "71": ["cc_0", "deg_5"], "18": ["cc_4", "deg_6"], "59": ["cc_1", "deg_7"], "2": ["cc_4", "deg_6"], "46": ["cc_3", "deg_5"], "37": ["cc_4", "deg_7"], "38": ["cc_4", "deg_9"], "9": ["cc_4", "deg_6"], "27": ["cc_3", "deg_5"], "58": ["cc_3", "deg_5"], "35": ["cc_2", "deg_6"], "1": ["cc_0", "deg_4"], "16": ["cc_4", "deg_6"], "25": ["cc_1", "deg_7"], "7": ["cc_2", "deg_8"], "39": ["cc_0", "deg_6"], "0": ["cc_0", "deg_3"], "29": ["cc_2", "deg_6"], "63": ["cc_1", "deg_7"], "13": ["cc_1", "deg_9"], "6": ["cc_3", "deg_11"], "30": ["cc_1", "deg_7"], "14": ["cc_5", "deg_8"], "32": ["cc_0", "deg_6"], "45": ["cc_2", "deg_8"], "10": ["cc_16", "deg_4"], "33": ["cc_0", "deg_3"], "23": ["cc_3", "deg_5"], "69": ["cc_0", "deg_4"], "48": ["cc_0", "deg_6"], "40": ["cc_6", "deg_5"], "72": ["cc_0", "deg_5"], "8": ["cc_3", "deg_7"], "44": ["cc_0", "deg_4"], "31": ["cc_0", "deg_4"], "26": ["cc_3", "deg_9"], "43": ["cc_4", "deg_6"], "57": ["cc_4", "deg_6"], "20": ["cc_3", "deg_8"], "50": ["cc_3", "deg_8"], "62": ["cc_3", "deg_5"], "60": ["cc_3", "deg_5"], "52": ["cc_5", "deg_4"], "15": ["cc_2", "deg_8"], "70": ["cc_2", "deg_6"], "49": ["cc_3", "deg_8"]}, "edges": [[0, 1], [0, 25], [0, 44], [1, 49], [1, 32], [1, 13], [2, 35], [2, 52], [2, 55], [2, 25], [2, 12], [2, 63], [3, 36], [3, 48], [3, 40], [3, 9], [3, 58], [3, 27], [4, 20], [4, 61], [4, 29], [5, 6], [5, 54], [5, 41], [5, 25], [6, 65], [6, 40], [6, 10], [6, 43], [6, 13], [6, 14], [6, 17], [6, 19], [6, 21], [6, 42], [7, 35], [7, 45], [7, 46], [7, 13], [7, 51], [7, 26], [7, 29], [7, 62], [8, 64], [8, 22], [8, 39], [8, 41], [8, 58], [8, 30], [8, 15], [9, 16], [9, 54], [9, 40], [9, 43], [9, 45], [10, 38], [10, 42], [10, 14], [11, 68], [11, 60], [11, 29], [12, 16], [12, 33], [12, 59], [12, 57], [12, 42], [12, 55], [13, 37], [13, 28], [13, 15], [13, 19], [13, 20], [13, 60], [14, 22], [14, 63], [14, 38], [14, 44], [14, 61], [14, 21], [15, 65], [15, 66], [15, 43], [15, 47], [15, 58], [15, 29], [16, 64], [16, 32], [16, 55], [16, 45], [17, 51], [17, 50], [17, 23], [17, 25], [17, 59], [18, 65], [18, 35], [18, 36], [18, 41], [18, 43], [18, 37], [19, 22], [19, 59], [20, 49], [20, 37], [20, 22], [20, 57], [20, 26], [20, 31], [21, 32], [21, 66], [21, 67], [21, 43], [21, 56], [21, 26], [21, 58], [22, 66], [22, 38], [22, 34], [22, 47], [23, 32], [23, 38], [23, 56], [23, 63], [24, 48], [24, 68], [24, 31], [24, 45], [24, 69], [25, 32], [25, 26], [25, 70], [26, 51], [26, 70], [26, 72], [26, 45], [26, 37], [27, 68], [27, 53], [27, 70], [27, 40], [28, 49], [28, 50], [28, 41], [29, 69], [29, 61], [30, 70], [30, 41], [30, 48], [30, 50], [30, 57], [30, 62], [31, 56], [31, 52], [32, 40], [33, 48], [33, 41], [34, 65], [34, 47], [34, 53], [35, 64], [35, 36], [35, 72], [36, 49], [36, 50], [36, 41], [36, 62], [37, 48], [37, 57], [37, 59], [38, 64], [38, 67], [38, 56], [38, 61], [38, 62], [39, 72], [39, 68], [39, 42], [39, 45], [39, 46], [41, 68], [41, 51], [42, 57], [42, 43], [44, 51], [44, 71], [45, 71], [45, 60], [46, 49], [46, 50], [46, 52], [47, 65], [47, 67], [48, 66], [49, 50], [49, 71], [49, 59], [50, 53], [50, 72], [51, 66], [51, 67], [51, 69], [52, 63], [53, 71], [53, 59], [53, 61], [54, 70], [54, 56], [54, 58], [55, 65], [55, 69], [55, 72], [56, 62], [57, 63], [59, 61], [60, 65], [60, 68], [63, 68], [63, 71], [64, 70]]}