{"label": 1, "edges": [[0, 1], [1, 26], [2, 8], [3, 16], [3, 25], [3, 23], [4, 12], [5, 27], [5, 6], [6, 29], [7, 8], [8, 9], [8, 20], [9, 10], [10, 11], [11, 12], [12, 13], [13, 14], [14, 24], [14, 15], [15, 17], [16, 17], [17, 18], [18, 19], [18, 29], [19, 24], [21, 22], [22, 26], [23, 26], [23, 28]], "features": {"27": ["cc_0", "deg_1"], "22": ["cc_0", "deg_2"], "15": ["cc_0", "deg_2"], "4": ["cc_0", "deg_1"], "0": ["cc_0", "deg_1"], "2": ["cc_0", "deg_1"], "6": ["cc_0", "deg_2"], "18": ["cc_0", "deg_3"], "5": ["cc_0", "deg_2"], "10": ["cc_0", "deg_2"], "14": ["cc_0", "deg_3"], "1": ["cc_0", "deg_2"], "29": ["cc_0", "deg_2"], "8": ["cc_0", "deg_4"], "20": ["cc_0", "deg_1"], "26": ["cc_0", "deg_3"], "3": ["cc_0", "deg_3"], "11": ["cc_0", "deg_2"], "28": ["cc_0", "deg_1"], "23": ["cc_0", "deg_3"], "19": ["cc_0", "deg_2"], "13": ["cc_0", "deg_2"], "16": ["cc_0", "deg_2"], "7": ["cc_0", "deg_1"], "17": ["cc_0", "deg_3"], "12": ["cc_0", "deg_3"], "25": ["cc_0", "deg_1"], "24": ["cc_0", "deg_2"], "9": ["cc_0", "deg_2"], "21": ["cc_0", "deg_1"]}}