{"label": 2, "edges": [[0, 1], [0, 35], [0, 17], [0, 19], [0, 20], [0, 22], [0, 23], [0, 29], [0, 30], [1, 14], [1, 25], [1, 20], [1, 10], [1, 39], [2, 32], [2, 8], [2, 9], [2, 42], [2, 14], [2, 22], [2, 23], [2, 24], [2, 25], [2, 27], [3, 34], [3, 20], [3, 11], [3, 30], [3, 31], [4, 34], [4, 11], [4, 46], [5, 16], [5, 19], [5, 6], [5, 10], [5, 13], [5, 29], [6, 18], [6, 7], [6, 24], [6, 29], [7, 17], [7, 45], [7, 46], [8, 40], [8, 30], [8, 15], [9, 21], [9, 28], [9, 13], [9, 30], [9, 45], [10, 42], [10, 11], [10, 28], [10, 46], [11, 21], [11, 37], [11, 14], [11, 15], [12, 17], [12, 34], [12, 35], [12, 21], [12, 39], [12, 31], [12, 45], [13, 38], [13, 29], [13, 46], [13, 31], [14, 17], [14, 19], [14, 36], [14, 45], [14, 15], [15, 35], [15, 36], [15, 37], [15, 42], [16, 32], [16, 18], [16, 46], [16, 29], [17, 38], [17, 42], [17, 43], [18, 19], [18, 38], [19, 39], [19, 24], [20, 34], [20, 25], [20, 29], [21, 36], [21, 41], [21, 42], [21, 46], [21, 44], [22, 37], [22, 39], [22, 41], [22, 28], [23, 33], [23, 40], [23, 44], [24, 36], [24, 46], [25, 37], [25, 42], [26, 34], [26, 29], [26, 30], [27, 33], [27, 41], [27, 45], [28, 40], [29, 36], [29, 45], [30, 34], [30, 39], [30, 46], [30, 40], [31, 32], [31, 46], [32, 43], [32, 45], [33, 36], [33, 41], [34, 38], [34, 41], [37, 39], [37, 42], [37, 43], [38, 42], [38, 45], [40, 41], [41, 43], [42, 43], [44, 46]], "features": {"27": ["cc_5", "deg_4"], "35": ["cc_0", "deg_3"], "43": ["cc_6", "deg_5"], "32": ["cc_0", "deg_5"], "9": ["cc_0", "deg_6"], "33": ["cc_5", "deg_4"], "0": ["cc_1", "deg_9"], "2": ["cc_0", "deg_10"], "18": ["cc_0", "deg_4"], "5": ["cc_6", "deg_6"], "14": ["cc_2", "deg_8"], "38": ["cc_2", "deg_6"], "44": ["cc_11", "deg_3"], "39": ["cc_2", "deg_6"], "3": ["cc_6", "deg_5"], "28": ["cc_0", "deg_4"], "23": ["cc_0", "deg_5"], "19": ["cc_0", "deg_6"], "34": ["cc_3", "deg_8"], "11": ["cc_3", "deg_7"], "17": ["cc_3", "deg_7"], "12": ["cc_0", "deg_7"], "25": ["cc_10", "deg_5"], "24": ["cc_0", "deg_5"], "22": ["cc_2", "deg_6"], "15": ["cc_6", "deg_7"], "4": ["cc_0", "deg_3"], "37": ["cc_7", "deg_7"], "45": ["cc_0", "deg_8"], "42": ["cc_5", "deg_9"], "30": ["cc_2", "deg_9"], "31": ["cc_3", "deg_5"], "36": ["cc_2", "deg_6"], "10": ["cc_0", "deg_6"], "1": ["cc_4", "deg_6"], "46": ["cc_1", "deg_10"], "26": ["cc_11", "deg_3"], "40": ["cc_3", "deg_5"], "41": ["cc_1", "deg_7"], "20": ["cc_8", "deg_6"], "29": ["cc_3", "deg_9"], "13": ["cc_4", "deg_6"], "6": ["cc_3", "deg_5"], "7": ["cc_0", "deg_4"], "8": ["cc_5", "deg_4"], "16": ["cc_3", "deg_5"], "21": ["cc_1", "deg_8"]}}