{"label": 0, "edges": [[0, 80], [0, 1], [0, 2], [0, 48], [0, 81], [1, 2], [1, 3], [2, 3], [2, 4], [3, 76], [3, 5], [4, 10], [4, 5], [4, 6], [5, 6], [5, 7], [6, 8], [6, 64], [6, 7], [7, 8], [7, 9], [8, 9], [8, 10], [9, 10], [9, 11], [10, 12], [11, 12], [11, 13], [12, 13], [12, 14], [12, 63], [13, 50], [13, 14], [13, 15], [14, 28], [14, 15], [15, 16], [15, 77], [15, 61], [16, 17], [16, 18], [17, 19], [17, 52], [18, 19], [18, 20], [19, 68], [19, 20], [19, 21], [20, 21], [20, 22], [21, 24], [21, 22], [21, 23], [22, 24], [22, 23], [23, 24], [23, 25], [24, 25], [25, 26], [25, 27], [26, 27], [26, 28], [27, 28], [27, 29], [28, 36], [28, 29], [28, 30], [29, 76], [29, 30], [29, 31], [30, 32], [30, 31], [31, 32], [31, 33], [32, 33], [32, 34], [33, 56], [33, 47], [34, 35], [34, 36], [35, 36], [35, 37], [36, 38], [37, 56], [37, 38], [37, 39], [38, 54], [38, 71], [38, 73], [39, 40], [39, 41], [40, 41], [40, 42], [40, 81], [41, 42], [41, 43], [42, 43], [42, 77], [43, 44], [43, 63], [44, 45], [44, 61], [45, 46], [45, 47], [46, 48], [46, 47], [47, 48], [47, 49], [48, 49], [49, 50], [49, 51], [50, 51], [51, 52], [51, 53], [52, 53], [52, 73], [53, 69], [53, 54], [53, 55], [54, 56], [54, 55], [55, 56], [55, 76], [56, 58], [57, 58], [57, 59], [58, 59], [58, 60], [59, 60], [59, 61], [60, 61], [60, 62], [61, 63], [62, 64], [62, 63], [63, 64], [64, 80], [64, 66], [65, 66], [65, 67], [66, 67], [66, 68], [67, 68], [67, 69], [68, 70], [69, 70], [70, 72], [70, 71], [71, 73], [72, 73], [72, 74], [73, 74], [73, 75], [74, 75], [74, 76], [75, 76], [75, 77], [76, 77], [77, 79], [77, 78], [78, 80], [78, 79], [79, 80], [79, 81]], "features": {"27": ["cc_16", "deg_4"], "35": ["cc_11", "deg_3"], "43": ["cc_5", "deg_4"], "47": ["cc_10", "deg_5"], "32": ["cc_11", "deg_4"], "56": ["cc_3", "deg_5"], "77": ["cc_4", "deg_6"], "9": ["cc_11", "deg_4"], "33": ["cc_5", "deg_4"], "48": ["cc_11", "deg_4"], "55": ["cc_11", "deg_4"], "0": ["cc_3", "deg_5"], "2": ["cc_11", "deg_4"], "18": ["cc_11", "deg_3"], "5": ["cc_11", "deg_4"], "76": ["cc_4", "deg_6"], "14": ["cc_11", "deg_4"], "81": ["cc_0", "deg_3"], "38": ["cc_3", "deg_5"], "73": ["cc_6", "deg_6"], "44": ["cc_0", "deg_3"], "39": ["cc_11", "deg_3"], "3": ["cc_5", "deg_4"], "68": ["cc_5", "deg_4"], "28": ["cc_6", "deg_6"], "51": ["cc_11", "deg_4"], "23": ["cc_22", "deg_4"], "19": ["cc_6", "deg_5"], "61": ["cc_3", "deg_5"], "34": ["cc_11", "deg_3"], "75": ["cc_16", "deg_4"], "11": ["cc_11", "deg_3"], "72": ["cc_11", "deg_3"], "17": ["cc_0", "deg_3"], "12": ["cc_6", "deg_5"], "25": ["cc_11", "deg_4"], "24": ["cc_22", "deg_4"], "62": ["cc_11", "deg_3"], "59": ["cc_16", "deg_4"], "69": ["cc_0", "deg_3"], "22": ["cc_22", "deg_4"], "60": ["cc_11", "deg_4"], "70": ["cc_0", "deg_4"], "65": ["cc_33", "deg_2"], "71": ["cc_11", "deg_3"], "15": ["cc_3", "deg_5"], "4": ["cc_5", "deg_4"], "78": ["cc_22", "deg_3"], "80": ["cc_5", "deg_4"], "37": ["cc_0", "deg_4"], "45": ["cc_11", "deg_3"], "42": ["cc_11", "deg_4"], "30": ["cc_16", "deg_4"], "31": ["cc_16", "deg_4"], "66": ["cc_11", "deg_4"], "36": ["cc_5", "deg_4"], "67": ["cc_11", "deg_4"], "57": ["cc_33", "deg_2"], "53": ["cc_6", "deg_5"], "10": ["cc_5", "deg_4"], "49": ["cc_11", "deg_4"], "1": ["cc_22", "deg_3"], "46": ["cc_22", "deg_3"], "79": ["cc_11", "deg_4"], "26": ["cc_22", "deg_3"], "40": ["cc_11", "deg_4"], "41": ["cc_16", "deg_4"], "20": ["cc_16", "deg_4"], "29": ["cc_10", "deg_5"], "52": ["cc_5", "deg_4"], "58": ["cc_11", "deg_4"], "63": ["cc_3", "deg_5"], "64": ["cc_3", "deg_5"], "74": ["cc_16", "deg_4"], "13": ["cc_10", "deg_5"], "6": ["cc_10", "deg_5"], "7": ["cc_16", "deg_4"], "50": ["cc_11", "deg_3"], "8": ["cc_16", "deg_4"], "16": ["cc_0", "deg_3"], "54": ["cc_11", "deg_4"], "21": ["cc_16", "deg_5"]}}