{"label": 1, "edges": [[0, 32], [0, 53], [0, 38], [0, 9], [0, 50], [0, 5], [1, 16], [1, 18], [1, 53], [1, 7], [1, 31], [2, 40], [2, 3], [2, 4], [3, 36], [3, 31], [3, 15], [4, 14], [4, 5], [4, 6], [5, 6], [5, 25], [6, 7], [6, 26], [6, 27], [7, 48], [7, 33], [7, 9], [8, 10], [8, 18], [9, 11], [10, 12], [10, 21], [11, 43], [11, 36], [11, 13], [12, 50], [12, 20], [12, 14], [12, 13], [12, 30], [13, 14], [13, 31], [14, 15], [15, 16], [15, 17], [16, 17], [17, 27], [17, 18], [17, 19], [17, 31], [17, 43], [18, 20], [18, 37], [19, 35], [19, 21], [19, 23], [20, 21], [21, 22], [21, 23], [22, 24], [22, 29], [23, 26], [24, 25], [24, 47], [25, 26], [25, 27], [26, 27], [26, 28], [27, 28], [28, 29], [29, 36], [29, 47], [30, 32], [32, 34], [32, 42], [32, 45], [33, 42], [33, 46], [34, 52], [34, 42], [34, 36], [35, 36], [35, 37], [35, 41], [37, 38], [37, 39], [38, 39], [39, 41], [39, 45], [40, 42], [41, 43], [42, 49], [43, 52], [43, 45], [44, 45], [44, 46], [45, 46], [45, 47], [46, 48], [46, 49], [47, 48], [47, 49], [48, 49], [48, 50], [49, 51], [51, 52], [51, 53]], "features": {"27": ["cc_10", "deg_5"], "35": ["cc_0", "deg_4"], "43": ["cc_0", "deg_5"], "47": ["cc_3", "deg_5"], "32": ["cc_3", "deg_5"], "9": ["cc_0", "deg_3"], "33": ["cc_0", "deg_3"], "48": ["cc_6", "deg_5"], "0": ["cc_0", "deg_6"], "2": ["cc_0", "deg_3"], "18": ["cc_0", "deg_5"], "5": ["cc_5", "deg_4"], "14": ["cc_5", "deg_4"], "38": ["cc_11", "deg_3"], "44": ["cc_33", "deg_2"], "39": ["cc_5", "deg_4"], "3": ["cc_0", "deg_4"], "28": ["cc_11", "deg_3"], "51": ["cc_0", "deg_3"], "23": ["cc_11", "deg_3"], "19": ["cc_5", "deg_4"], "34": ["cc_5", "deg_4"], "11": ["cc_0", "deg_4"], "17": ["cc_1", "deg_7"], "12": ["cc_2", "deg_6"], "25": ["cc_5", "deg_4"], "24": ["cc_0", "deg_3"], "22": ["cc_0", "deg_3"], "15": ["cc_5", "deg_4"], "4": ["cc_5", "deg_4"], "37": ["cc_5", "deg_4"], "45": ["cc_2", "deg_6"], "42": ["cc_3", "deg_5"], "30": ["cc_0", "deg_2"], "31": ["cc_0", "deg_4"], "36": ["cc_0", "deg_5"], "53": ["cc_0", "deg_3"], "10": ["cc_0", "deg_3"], "49": ["cc_6", "deg_5"], "1": ["cc_0", "deg_5"], "46": ["cc_6", "deg_5"], "26": ["cc_10", "deg_5"], "40": ["cc_0", "deg_2"], "41": ["cc_0", "deg_3"], "20": ["cc_0", "deg_3"], "29": ["cc_0", "deg_4"], "52": ["cc_0", "deg_3"], "13": ["cc_5", "deg_4"], "6": ["cc_6", "deg_5"], "7": ["cc_0", "deg_5"], "50": ["cc_0", "deg_3"], "8": ["cc_0", "deg_2"], "16": ["cc_11", "deg_3"], "21": ["cc_3", "deg_5"]}}