{"label": 1, "edges": [[0, 38], [0, 23], [1, 24], [1, 28], [1, 13], [2, 3], [2, 21], [3, 4], [4, 34], [4, 26], [4, 10], [5, 12], [5, 28], [6, 32], [6, 15], [7, 25], [7, 34], [8, 19], [8, 31], [9, 10], [11, 33], [11, 30], [13, 14], [14, 35], [14, 15], [15, 20], [15, 22], [15, 36], [16, 17], [16, 30], [17, 24], [17, 27], [18, 19], [19, 35], [22, 27], [23, 24], [26, 27], [29, 34], [37, 38]], "features": {"27": ["cc_0", "deg_3"], "22": ["cc_0", "deg_2"], "32": ["cc_0", "deg_1"], "15": ["cc_0", "deg_5"], "4": ["cc_0", "deg_4"], "33": ["cc_0", "deg_1"], "35": ["cc_0", "deg_2"], "30": ["cc_0", "deg_2"], "0": ["cc_0", "deg_2"], "2": ["cc_0", "deg_2"], "6": ["cc_0", "deg_2"], "18": ["cc_0", "deg_1"], "5": ["cc_0", "deg_2"], "10": ["cc_0", "deg_2"], "14": ["cc_0", "deg_3"], "1": ["cc_0", "deg_3"], "29": ["cc_0", "deg_1"], "37": ["cc_0", "deg_1"], "8": ["cc_0", "deg_2"], "20": ["cc_0", "deg_1"], "26": ["cc_0", "deg_2"], "3": ["cc_0", "deg_2"], "11": ["cc_0", "deg_2"], "28": ["cc_0", "deg_2"], "23": ["cc_0", "deg_2"], "19": ["cc_0", "deg_3"], "36": ["cc_0", "deg_1"], "38": ["cc_0", "deg_2"], "34": ["cc_0", "deg_3"], "13": ["cc_0", "deg_2"], "16": ["cc_0", "deg_2"], "7": ["cc_0", "deg_2"], "17": ["cc_0", "deg_3"], "12": ["cc_0", "deg_1"], "31": ["cc_0", "deg_1"], "25": ["cc_0", "deg_1"], "24": ["cc_0", "deg_3"], "9": ["cc_0", "deg_1"], "21": ["cc_0", "deg_1"]}}