{"label": 2, "edges": [[0, 8], [0, 28], [0, 14], [0, 15], [1, 20], [1, 26], [2, 18], [2, 19], [2, 26], [2, 12], [3, 12], [3, 21], [3, 17], [4, 18], [4, 13], [5, 10], [5, 28], [6, 17], [6, 22], [6, 9], [6, 11], [6, 13], [7, 16], [7, 19], [7, 27], [7, 21], [8, 23], [8, 15], [9, 24], [9, 25], [9, 27], [9, 28], [10, 17], [10, 24], [10, 28], [11, 24], [11, 13], [12, 24], [12, 26], [13, 16], [13, 18], [13, 20], [13, 26], [14, 25], [14, 22], [15, 16], [15, 19], [16, 20], [16, 24], [17, 19], [17, 28], [19, 27], [21, 23], [22, 28], [23, 28], [26, 27], [26, 28], [27, 28]], "features": {"27": ["cc_10", "deg_5"], "22": ["cc_0", "deg_3"], "15": ["cc_5", "deg_4"], "4": ["cc_33", "deg_2"], "0": ["cc_5", "deg_4"], "2": ["cc_5", "deg_4"], "6": ["cc_3", "deg_5"], "18": ["cc_11", "deg_3"], "5": ["cc_33", "deg_2"], "10": ["cc_11", "deg_4"], "14": ["cc_0", "deg_3"], "1": ["cc_0", "deg_2"], "8": ["cc_11", "deg_3"], "20": ["cc_11", "deg_3"], "26": ["cc_4", "deg_6"], "3": ["cc_0", "deg_3"], "11": ["cc_11", "deg_3"], "28": ["cc_3", "deg_9"], "23": ["cc_0", "deg_3"], "19": ["cc_3", "deg_5"], "13": ["cc_4", "deg_7"], "16": ["cc_3", "deg_5"], "7": ["cc_5", "deg_4"], "17": ["cc_3", "deg_5"], "12": ["cc_5", "deg_4"], "25": ["cc_0", "deg_2"], "24": ["cc_0", "deg_5"], "9": ["cc_3", "deg_5"], "21": ["cc_0", "deg_3"]}}