{"label": 1, "edges": [[0, 50], [0, 71], [0, 27], [1, 72], [1, 3], [1, 49], [2, 65], [2, 3], [2, 4], [3, 32], [3, 51], [4, 67], [4, 6], [5, 60], [5, 6], [6, 8], [6, 9], [6, 39], [7, 8], [7, 9], [8, 67], [8, 9], [8, 46], [9, 55], [10, 11], [10, 36], [10, 29], [11, 12], [11, 13], [12, 48], [12, 23], [12, 24], [12, 13], [12, 14], [13, 24], [13, 14], [14, 39], [14, 72], [14, 42], [15, 16], [15, 17], [15, 41], [16, 17], [16, 18], [16, 50], [17, 18], [17, 50], [17, 38], [17, 34], [18, 50], [18, 20], [18, 44], [19, 27], [19, 21], [20, 36], [20, 28], [20, 66], [21, 32], [21, 29], [22, 67], [22, 61], [23, 56], [23, 60], [23, 71], [24, 25], [25, 26], [25, 27], [25, 29], [26, 27], [26, 28], [27, 72], [27, 29], [28, 53], [28, 30], [29, 61], [29, 30], [30, 32], [30, 31], [31, 33], [31, 62], [32, 33], [32, 34], [33, 34], [33, 35], [33, 44], [34, 35], [34, 64], [34, 45], [35, 67], [35, 37], [36, 37], [37, 51], [37, 38], [37, 62], [37, 47], [38, 39], [39, 53], [39, 40], [40, 41], [40, 42], [41, 42], [41, 58], [42, 43], [43, 44], [43, 45], [45, 59], [45, 47], [46, 48], [46, 67], [47, 48], [47, 55], [47, 59], [48, 50], [49, 50], [49, 51], [50, 51], [51, 52], [52, 53], [52, 54], [53, 55], [54, 56], [54, 55], [55, 57], [56, 57], [57, 59], [57, 68], [58, 60], [59, 60], [60, 61], [61, 63], [62, 64], [62, 66], [63, 64], [63, 65], [64, 66], [65, 67], [66, 67], [67, 68], [68, 69], [68, 70], [68, 72], [69, 70], [69, 71], [70, 72], [70, 71], [71, 72]], "features": {"27": ["cc_4", "deg_6"], "35": ["cc_5", "deg_4"], "43": ["cc_0", "deg_3"], "47": ["cc_3", "deg_5"], "32": ["cc_3", "deg_5"], "56": ["cc_0", "deg_3"], "9": ["cc_11", "deg_4"], "33": ["cc_6", "deg_5"], "48": ["cc_0", "deg_4"], "55": ["cc_0", "deg_5"], "0": ["cc_0", "deg_3"], "2": ["cc_0", "deg_3"], "18": ["cc_10", "deg_5"], "5": ["cc_0", "deg_2"], "14": ["cc_3", "deg_5"], "38": ["cc_0", "deg_3"], "44": ["cc_0", "deg_3"], "39": ["cc_0", "deg_5"], "3": ["cc_0", "deg_4"], "68": ["cc_6", "deg_5"], "28": ["cc_0", "deg_4"], "51": ["cc_3", "deg_5"], "23": ["cc_0", "deg_4"], "19": ["cc_0", "deg_2"], "61": ["cc_0", "deg_4"], "34": ["cc_4", "deg_6"], "11": ["cc_11", "deg_3"], "72": ["cc_4", "deg_6"], "17": ["cc_8", "deg_6"], "12": ["cc_6", "deg_6"], "25": ["cc_11", "deg_4"], "24": ["cc_11", "deg_3"], "62": ["cc_5", "deg_4"], "59": ["cc_5", "deg_4"], "69": ["cc_22", "deg_3"], "22": ["cc_0", "deg_2"], "60": ["cc_0", "deg_5"], "70": ["cc_22", "deg_4"], "65": ["cc_0", "deg_3"], "71": ["cc_6", "deg_5"], "15": ["cc_11", "deg_3"], "4": ["cc_0", "deg_3"], "37": ["cc_0", "deg_6"], "45": ["cc_5", "deg_4"], "42": ["cc_5", "deg_4"], "30": ["cc_0", "deg_4"], "31": ["cc_0", "deg_3"], "66": ["cc_5", "deg_4"], "36": ["cc_0", "deg_3"], "67": ["cc_1", "deg_8"], "57": ["cc_0", "deg_4"], "53": ["cc_0", "deg_4"], "10": ["cc_0", "deg_3"], "49": ["cc_11", "deg_3"], "1": ["cc_0", "deg_3"], "46": ["cc_11", "deg_3"], "26": ["cc_11", "deg_3"], "40": ["cc_11", "deg_3"], "41": ["cc_5", "deg_4"], "20": ["cc_0", "deg_4"], "29": ["cc_2", "deg_6"], "52": ["cc_0", "deg_3"], "58": ["cc_0", "deg_2"], "63": ["cc_0", "deg_3"], "64": ["cc_5", "deg_4"], "13": ["cc_16", "deg_4"], "6": ["cc_3", "deg_5"], "7": ["cc_33", "deg_2"], "50": ["cc_6", "deg_7"], "8": ["cc_10", "deg_5"], "16": ["cc_22", "deg_4"], "54": ["cc_0", "deg_3"], "21": ["cc_0", "deg_3"]}}