{"label": 2, "features": {"68": ["cc_0", "deg_4"], "21": ["cc_0", "deg_3"], "34": ["cc_0", "deg_7"], "94": ["cc_0", "deg_6"], "58": ["cc_0", "deg_4"], "69": ["cc_0", "deg_4"], "42": ["cc_0", "deg_4"], "12": ["cc_0", "deg_3"], "66": ["cc_0", "deg_3"], "5": ["cc_0", "deg_5"], "61": ["cc_0", "deg_6"], "91": ["cc_0", "deg_5"], "51": ["cc_0", "deg_4"], "24": ["cc_0", "deg_4"], "56": ["cc_0", "deg_2"], "55": ["cc_0", "deg_4"], "17": ["cc_5", "deg_4"], "22": ["cc_0", "deg_6"], "74": ["cc_3", "deg_5"], "59": ["cc_0", "deg_5"], "46": ["cc_11", "deg_3"], "37": ["cc_0", "deg_4"], "38": ["cc_0", "deg_3"], "81": ["cc_0", "deg_3"], "95": ["cc_0", "deg_5"], "90": ["cc_0", "deg_3"], "35": ["cc_0", "deg_3"], "47": ["cc_0", "deg_3"], "16": ["cc_0", "deg_5"], "65": ["cc_2", "deg_6"], "23": ["cc_0", "deg_3"], "7": ["cc_0", "deg_5"], "82": ["cc_0", "deg_4"], "29": ["cc_2", "deg_6"], "93": ["cc_0", "deg_4"], "13": ["cc_0", "deg_3"], "6": ["cc_0", "deg_2"], "30": ["cc_0", "deg_4"], "14": ["cc_6", "deg_5"], "40": ["cc_0", "deg_3"], "33": ["cc_1", "deg_7"], "73": ["cc_1", "deg_7"], "76": ["cc_0", "deg_5"], "8": ["cc_0", "deg_3"], "44": ["cc_0", "deg_4"], "26": ["cc_0", "deg_3"], "43": ["cc_5", "deg_4"], "57": ["cc_0", "deg_3"], "20": ["cc_0", "deg_4"], "89": ["cc_0", "deg_3"], "97": ["cc_11", "deg_3"], "80": ["cc_0", "deg_2"], "70": ["cc_0", "deg_3"], "84": ["cc_2", "deg_6"], "53": ["cc_0", "deg_3"], "1": ["cc_3", "deg_5"], "54": ["cc_0", "deg_4"], "41": ["cc_0", "deg_3"], "4": ["cc_0", "deg_2"], "39": ["cc_0", "deg_6"], "28": ["cc_0", "deg_5"], "25": ["cc_0", "deg_5"], "78": ["cc_0", "deg_6"], "3": ["cc_0", "deg_2"], "64": ["cc_0", "deg_4"], "72": ["cc_3", "deg_5"], "87": ["cc_0", "deg_5"], "19": ["cc_0", "deg_4"], "92": ["cc_0", "deg_2"], "86": ["cc_0", "deg_6"], "62": ["cc_0", "deg_2"], "11": ["cc_0", "deg_2"], "18": ["cc_33", "deg_2"], "67": ["cc_0", "deg_4"], "2": ["cc_0", "deg_6"], "9": ["cc_3", "deg_5"], "27": ["cc_0", "deg_4"], "15": ["cc_3", "deg_5"], "71": ["cc_0", "deg_4"], "88": ["cc_0", "deg_4"], "0": ["cc_11", "deg_3"], "63": ["cc_0", "deg_5"], "32": ["cc_3", "deg_5"], "45": ["cc_0", "deg_4"], "36": ["cc_0", "deg_2"], "83": ["cc_0", "deg_3"], "48": ["cc_0", "deg_2"], "79": ["cc_0", "deg_2"], "77": ["cc_0", "deg_5"], "10": ["cc_11", "deg_3"], "85": ["cc_0", "deg_4"], "31": ["cc_1", "deg_7"], "75": ["cc_0", "deg_2"], "50": ["cc_0", "deg_3"], "60": ["cc_0", "deg_4"], "52": ["cc_0", "deg_7"], "96": ["cc_0", "deg_2"], "49": ["cc_0", "deg_2"]}, "edges": [[0, 1], [0, 84], [0, 23], [1, 2], [1, 84], [1, 56], [1, 34], [2, 48], [2, 28], [2, 77], [2, 94], [2, 31], [3, 5], [3, 21], [4, 73], [4, 83], [5, 86], [5, 26], [5, 11], [5, 60], [6, 73], [6, 86], [7, 70], [7, 76], [7, 90], [7, 12], [7, 95], [8, 28], [8, 77], [8, 85], [9, 17], [9, 68], [9, 41], [9, 42], [9, 14], [10, 65], [10, 18], [10, 31], [11, 82], [12, 67], [12, 82], [13, 48], [13, 16], [13, 72], [14, 17], [14, 37], [14, 73], [14, 15], [15, 73], [15, 27], [15, 30], [15, 45], [16, 54], [16, 22], [16, 87], [16, 30], [17, 83], [17, 91], [18, 65], [19, 39], [19, 76], [19, 29], [19, 63], [20, 75], [20, 47], [20, 22], [20, 63], [21, 45], [21, 94], [22, 25], [22, 58], [22, 78], [22, 79], [23, 67], [23, 38], [24, 25], [24, 26], [24, 36], [24, 71], [25, 40], [25, 68], [25, 55], [26, 41], [27, 34], [27, 66], [27, 78], [28, 33], [28, 39], [28, 90], [29, 33], [29, 36], [29, 81], [29, 57], [29, 31], [30, 55], [30, 91], [31, 33], [31, 92], [31, 93], [31, 61], [32, 33], [32, 34], [32, 42], [32, 74], [32, 46], [33, 35], [33, 70], [33, 88], [34, 83], [34, 51], [34, 54], [34, 41], [35, 54], [35, 91], [37, 88], [37, 71], [37, 39], [38, 61], [38, 94], [39, 56], [39, 92], [39, 59], [40, 64], [40, 42], [42, 95], [43, 97], [43, 72], [43, 60], [43, 77], [44, 64], [44, 47], [44, 45], [44, 63], [45, 76], [46, 74], [46, 77], [47, 62], [49, 59], [49, 52], [50, 88], [50, 51], [50, 61], [51, 52], [51, 63], [52, 53], [52, 58], [52, 91], [52, 90], [52, 95], [53, 64], [53, 81], [54, 76], [55, 86], [55, 74], [57, 58], [57, 76], [58, 65], [59, 67], [59, 60], [59, 62], [60, 74], [61, 96], [61, 69], [61, 87], [63, 68], [64, 86], [65, 69], [65, 87], [65, 93], [66, 89], [66, 95], [67, 68], [69, 97], [69, 71], [70, 78], [71, 94], [72, 80], [72, 97], [72, 73], [73, 85], [73, 93], [74, 96], [75, 89], [77, 78], [78, 82], [78, 95], [79, 87], [80, 86], [81, 84], [82, 87], [84, 85], [84, 93], [84, 94], [85, 91], [86, 88], [89, 94]]}