{"label": 1, "edges": [[0, 1], [0, 2], [0, 53], [0, 54], [1, 32], [1, 3], [1, 19], [2, 49], [2, 3], [2, 4], [2, 14], [3, 4], [3, 5], [3, 22], [3, 20], [4, 5], [4, 9], [4, 26], [4, 45], [5, 6], [5, 7], [5, 23], [5, 29], [6, 8], [6, 7], [7, 24], [7, 9], [8, 51], [8, 35], [8, 10], [8, 29], [9, 10], [9, 11], [10, 11], [10, 12], [10, 32], [11, 50], [11, 12], [11, 13], [12, 16], [12, 13], [13, 14], [13, 15], [14, 52], [15, 16], [15, 17], [15, 45], [16, 18], [16, 34], [16, 47], [17, 18], [17, 19], [18, 20], [18, 41], [19, 26], [19, 30], [20, 31], [21, 44], [21, 22], [21, 23], [22, 24], [23, 24], [23, 47], [24, 48], [24, 26], [25, 39], [25, 27], [26, 47], [27, 51], [27, 43], [27, 28], [28, 29], [28, 37], [29, 32], [29, 34], [29, 31], [30, 32], [30, 49], [31, 32], [31, 33], [32, 41], [33, 34], [33, 35], [34, 35], [34, 39], [36, 51], [36, 47], [37, 38], [37, 39], [38, 49], [38, 54], [38, 40], [38, 41], [39, 41], [39, 43], [40, 41], [40, 42], [41, 42], [42, 44], [42, 47], [44, 48], [46, 48], [46, 47], [48, 49], [48, 50], [50, 52], [51, 53], [52, 53], [52, 54], [53, 54]], "features": {"27": ["cc_0", "deg_4"], "35": ["cc_11", "deg_3"], "43": ["cc_0", "deg_2"], "47": ["cc_0", "deg_6"], "32": ["cc_2", "deg_6"], "9": ["cc_5", "deg_4"], "33": ["cc_11", "deg_3"], "48": ["cc_0", "deg_5"], "0": ["cc_5", "deg_4"], "2": ["cc_3", "deg_5"], "18": ["cc_0", "deg_4"], "5": ["cc_4", "deg_6"], "14": ["cc_0", "deg_3"], "38": ["cc_3", "deg_5"], "44": ["cc_0", "deg_3"], "39": ["cc_0", "deg_5"], "3": ["cc_4", "deg_6"], "28": ["cc_0", "deg_3"], "51": ["cc_0", "deg_4"], "23": ["cc_0", "deg_4"], "19": ["cc_0", "deg_4"], "34": ["cc_3", "deg_5"], "11": ["cc_10", "deg_5"], "17": ["cc_0", "deg_3"], "12": ["cc_11", "deg_4"], "25": ["cc_0", "deg_2"], "24": ["cc_0", "deg_5"], "22": ["cc_0", "deg_3"], "15": ["cc_0", "deg_4"], "4": ["cc_4", "deg_6"], "37": ["cc_0", "deg_3"], "45": ["cc_0", "deg_2"], "42": ["cc_5", "deg_4"], "30": ["cc_0", "deg_3"], "31": ["cc_5", "deg_4"], "36": ["cc_0", "deg_2"], "53": ["cc_11", "deg_4"], "10": ["cc_6", "deg_5"], "49": ["cc_0", "deg_4"], "1": ["cc_0", "deg_4"], "46": ["cc_0", "deg_2"], "26": ["cc_0", "deg_4"], "40": ["cc_22", "deg_3"], "41": ["cc_4", "deg_6"], "20": ["cc_0", "deg_3"], "29": ["cc_2", "deg_6"], "52": ["cc_5", "deg_4"], "13": ["cc_5", "deg_4"], "6": ["cc_11", "deg_3"], "7": ["cc_5", "deg_4"], "50": ["cc_0", "deg_3"], "8": ["cc_0", "deg_5"], "16": ["cc_0", "deg_5"], "54": ["cc_11", "deg_4"], "21": ["cc_0", "deg_3"]}}