{"label": 2, "edges": [[0, 48], [0, 19], [0, 2], [0, 42], [1, 2], [1, 33], [1, 8], [1, 10], [1, 39], [2, 3], [2, 20], [2, 29], [2, 31], [3, 43], [3, 19], [3, 7], [3, 11], [3, 45], [3, 46], [4, 48], [4, 17], [4, 21], [4, 6], [4, 43], [4, 13], [4, 29], [5, 32], [5, 38], [5, 26], [5, 11], [5, 29], [6, 32], [6, 49], [6, 18], [6, 35], [6, 9], [6, 46], [7, 32], [7, 33], [7, 36], [7, 8], [7, 42], [7, 46], [7, 15], [8, 27], [8, 9], [8, 10], [8, 11], [8, 47], [9, 32], [9, 33], [9, 37], [9, 40], [9, 12], [9, 30], [9, 24], [10, 18], [10, 41], [10, 25], [10, 15], [11, 19], [11, 23], [11, 43], [12, 16], [12, 17], [12, 35], [12, 20], [12, 40], [12, 14], [13, 18], [13, 38], [13, 44], [13, 34], [13, 15], [14, 17], [14, 27], [14, 20], [14, 44], [15, 41], [15, 42], [15, 23], [15, 27], [16, 20], [16, 46], [16, 41], [16, 27], [17, 33], [17, 38], [17, 47], [17, 31], [18, 28], [18, 29], [19, 39], [19, 26], [19, 38], [20, 48], [21, 48], [21, 37], [21, 47], [22, 49], [22, 40], [22, 43], [22, 44], [22, 28], [23, 34], [23, 40], [23, 43], [23, 49], [23, 35], [23, 47], [23, 29], [24, 35], [24, 36], [24, 39], [24, 28], [24, 31], [25, 34], [25, 37], [25, 49], [25, 29], [25, 30], [26, 40], [26, 29], [28, 32], [28, 40], [30, 48], [30, 35], [30, 37], [30, 42], [31, 32], [31, 40], [32, 36], [32, 40], [32, 42], [32, 39], [32, 41], [33, 34], [35, 42], [36, 49], [36, 44], [37, 38], [38, 42], [38, 44], [39, 41], [41, 48], [42, 43], [44, 45], [45, 46], [45, 47], [47, 49]], "features": {"27": ["cc_0", "deg_4"], "35": ["cc_2", "deg_6"], "43": ["cc_4", "deg_6"], "47": ["cc_2", "deg_6"], "32": ["cc_4", "deg_11"], "9": ["cc_3", "deg_9"], "33": ["cc_0", "deg_5"], "48": ["cc_2", "deg_6"], "0": ["cc_0", "deg_4"], "2": ["cc_0", "deg_6"], "18": ["cc_0", "deg_5"], "5": ["cc_3", "deg_5"], "14": ["cc_6", "deg_5"], "38": ["cc_1", "deg_7"], "44": ["cc_2", "deg_6"], "39": ["cc_3", "deg_5"], "3": ["cc_6", "deg_7"], "28": ["cc_6", "deg_5"], "23": ["cc_1", "deg_9"], "19": ["cc_2", "deg_6"], "34": ["cc_0", "deg_4"], "11": ["cc_6", "deg_6"], "17": ["cc_1", "deg_7"], "12": ["cc_6", "deg_7"], "25": ["cc_2", "deg_6"], "24": ["cc_0", "deg_6"], "22": ["cc_3", "deg_5"], "15": ["cc_3", "deg_7"], "4": ["cc_1", "deg_7"], "37": ["cc_6", "deg_5"], "45": ["cc_5", "deg_4"], "42": ["cc_3", "deg_8"], "30": ["cc_6", "deg_6"], "31": ["cc_3", "deg_5"], "36": ["cc_3", "deg_5"], "10": ["cc_4", "deg_6"], "49": ["cc_2", "deg_6"], "1": ["cc_3", "deg_5"], "46": ["cc_6", "deg_5"], "26": ["cc_5", "deg_4"], "40": ["cc_5", "deg_8"], "41": ["cc_4", "deg_6"], "20": ["cc_6", "deg_5"], "29": ["cc_1", "deg_7"], "13": ["cc_2", "deg_6"], "6": ["cc_1", "deg_7"], "7": ["cc_4", "deg_8"], "8": ["cc_1", "deg_7"], "16": ["cc_3", "deg_5"], "21": ["cc_5", "deg_4"]}}