{"label": 1, "edges": [[0, 1], [0, 30], [0, 95], [1, 72], [1, 2], [1, 43], [2, 37], [2, 63], [3, 60], [3, 4], [4, 16], [4, 5], [4, 55], [5, 70], [5, 25], [5, 59], [5, 29], [6, 64], [6, 21], [6, 7], [6, 8], [6, 77], [7, 8], [7, 75], [8, 9], [8, 34], [8, 23], [9, 19], [9, 84], [9, 87], [9, 11], [9, 13], [10, 64], [10, 56], [10, 65], [10, 24], [11, 74], [11, 12], [11, 38], [12, 32], [12, 48], [12, 95], [12, 79], [13, 54], [13, 15], [14, 64], [14, 93], [15, 16], [15, 60], [16, 18], [16, 50], [16, 86], [16, 82], [17, 49], [17, 74], [17, 71], [18, 64], [18, 20], [19, 86], [19, 56], [19, 59], [20, 32], [20, 21], [20, 22], [21, 23], [22, 24], [22, 80], [22, 45], [23, 74], [23, 85], [24, 81], [24, 25], [24, 62], [25, 70], [25, 90], [26, 27], [26, 28], [27, 89], [27, 28], [28, 44], [28, 29], [29, 72], [29, 30], [30, 32], [30, 74], [31, 32], [31, 88], [31, 42], [31, 78], [31, 54], [32, 92], [33, 73], [33, 43], [33, 47], [34, 53], [34, 93], [35, 44], [35, 37], [36, 62], [36, 38], [37, 82], [37, 66], [38, 39], [38, 40], [38, 78], [39, 56], [39, 41], [40, 42], [40, 86], [41, 83], [41, 42], [41, 43], [42, 53], [42, 43], [43, 51], [43, 75], [43, 45], [44, 49], [44, 92], [44, 45], [44, 46], [45, 46], [46, 70], [46, 71], [46, 47], [47, 68], [47, 75], [48, 77], [49, 66], [49, 51], [49, 52], [49, 88], [49, 62], [50, 51], [51, 53], [51, 78], [52, 53], [52, 88], [53, 54], [53, 79], [55, 56], [56, 80], [56, 58], [57, 58], [57, 61], [57, 85], [58, 59], [58, 60], [59, 61], [60, 71], [60, 91], [60, 74], [61, 62], [61, 63], [62, 64], [62, 85], [63, 64], [63, 65], [65, 88], [65, 66], [66, 67], [66, 87], [67, 68], [67, 69], [68, 69], [68, 70], [69, 70], [69, 71], [70, 80], [70, 83], [70, 72], [71, 72], [73, 78], [75, 77], [76, 77], [76, 78], [77, 79], [81, 83], [82, 83], [82, 84], [82, 93], [83, 94], [84, 86], [84, 89], [87, 89], [89, 95], [89, 91], [90, 92], [91, 92], [92, 94], [93, 94], [94, 95]], "features": {"27": ["cc_11", "deg_3"], "35": ["cc_0", "deg_2"], "43": ["cc_1", "deg_7"], "47": ["cc_0", "deg_4"], "56": ["cc_0", "deg_6"], "23": ["cc_0", "deg_4"], "9": ["cc_0", "deg_6"], "94": ["cc_0", "deg_4"], "0": ["cc_0", "deg_3"], "6": ["cc_3", "deg_5"], "18": ["cc_0", "deg_3"], "14": ["cc_0", "deg_2"], "38": ["cc_0", "deg_5"], "82": ["cc_0", "deg_5"], "68": ["cc_11", "deg_4"], "51": ["cc_0", "deg_5"], "77": ["cc_0", "deg_5"], "19": ["cc_0", "deg_4"], "34": ["cc_0", "deg_3"], "75": ["cc_0", "deg_4"], "11": ["cc_0", "deg_4"], "88": ["cc_5", "deg_4"], "17": ["cc_0", "deg_3"], "25": ["cc_5", "deg_4"], "24": ["cc_0", "deg_5"], "70": ["cc_2", "deg_8"], "15": ["cc_0", "deg_3"], "62": ["cc_0", "deg_6"], "40": ["cc_0", "deg_3"], "30": ["cc_0", "deg_4"], "31": ["cc_0", "deg_5"], "66": ["cc_0", "deg_5"], "36": ["cc_0", "deg_2"], "57": ["cc_0", "deg_3"], "10": ["cc_0", "deg_4"], "49": ["cc_1", "deg_7"], "1": ["cc_0", "deg_4"], "46": ["cc_3", "deg_5"], "60": ["cc_0", "deg_6"], "41": ["cc_5", "deg_4"], "29": ["cc_0", "deg_4"], "74": ["cc_0", "deg_5"], "13": ["cc_0", "deg_3"], "2": ["cc_0", "deg_3"], "7": ["cc_11", "deg_3"], "84": ["cc_0", "deg_4"], "79": ["cc_0", "deg_3"], "90": ["cc_0", "deg_2"], "32": ["cc_0", "deg_5"], "33": ["cc_0", "deg_3"], "55": ["cc_0", "deg_2"], "48": ["cc_0", "deg_2"], "85": ["cc_0", "deg_3"], "5": ["cc_3", "deg_5"], "80": ["cc_0", "deg_3"], "81": ["cc_0", "deg_2"], "86": ["cc_0", "deg_4"], "87": ["cc_0", "deg_3"], "44": ["cc_2", "deg_6"], "39": ["cc_0", "deg_3"], "3": ["cc_0", "deg_2"], "92": ["cc_0", "deg_5"], "28": ["cc_5", "deg_4"], "83": ["cc_0", "deg_5"], "76": ["cc_0", "deg_2"], "72": ["cc_0", "deg_4"], "89": ["cc_0", "deg_5"], "12": ["cc_0", "deg_5"], "59": ["cc_0", "deg_4"], "69": ["cc_11", "deg_4"], "22": ["cc_0", "deg_4"], "50": ["cc_0", "deg_2"], "71": ["cc_0", "deg_5"], "4": ["cc_0", "deg_4"], "78": ["cc_0", "deg_5"], "91": ["cc_0", "deg_3"], "45": ["cc_5", "deg_4"], "42": ["cc_3", "deg_5"], "21": ["cc_0", "deg_3"], "8": ["cc_3", "deg_5"], "53": ["cc_0", "deg_6"], "67": ["cc_11", "deg_3"], "37": ["cc_0", "deg_4"], "95": ["cc_0", "deg_4"], "20": ["cc_0", "deg_4"], "26": ["cc_33", "deg_2"], "93": ["cc_0", "deg_4"], "52": ["cc_11", "deg_3"], "58": ["cc_0", "deg_4"], "63": ["cc_0", "deg_4"], "64": ["cc_0", "deg_6"], "54": ["cc_0", "deg_3"], "65": ["cc_0", "deg_4"], "61": ["cc_0", "deg_4"], "16": ["cc_0", "deg_6"], "73": ["cc_0", "deg_2"]}}