{"label": 2, "edges": [[0, 56], [0, 24], [0, 9], [0, 42], [0, 14], [0, 47], [1, 2], [1, 26], [1, 42], [1, 11], [1, 60], [1, 62], [1, 15], [2, 6], [2, 43], [2, 60], [2, 45], [3, 40], [3, 46], [3, 14], [3, 49], [3, 30], [3, 60], [3, 62], [3, 31], [4, 36], [4, 17], [4, 23], [4, 52], [4, 55], [5, 33], [5, 34], [5, 54], [5, 39], [5, 57], [6, 35], [6, 46], [6, 16], [6, 52], [6, 60], [7, 16], [7, 20], [7, 46], [7, 62], [8, 51], [8, 37], [8, 56], [8, 58], [9, 48], [9, 34], [9, 37], [9, 38], [9, 40], [9, 58], [10, 59], [10, 19], [10, 49], [10, 28], [10, 42], [10, 39], [10, 55], [11, 62], [11, 60], [11, 15], [12, 32], [12, 33], [12, 37], [12, 47], [12, 48], [12, 17], [12, 51], [12, 56], [13, 21], [13, 41], [13, 60], [13, 62], [14, 22], [14, 54], [14, 49], [14, 41], [14, 37], [15, 38], [15, 51], [15, 54], [15, 23], [15, 59], [15, 31], [16, 30], [16, 54], [17, 37], [17, 41], [17, 24], [17, 27], [18, 56], [18, 25], [18, 26], [18, 53], [18, 46], [19, 59], [19, 43], [19, 52], [19, 38], [19, 48], [19, 27], [20, 33], [20, 35], [20, 38], [20, 40], [20, 41], [20, 50], [20, 25], [20, 27], [21, 33], [21, 43], [21, 27], [21, 29], [22, 56], [22, 62], [23, 33], [23, 39], [23, 42], [24, 30], [24, 53], [25, 53], [25, 26], [25, 62], [25, 31], [26, 32], [26, 55], [27, 32], [27, 38], [27, 40], [27, 52], [28, 43], [28, 36], [28, 38], [28, 55], [28, 58], [28, 59], [28, 34], [29, 47], [29, 30], [30, 47], [30, 51], [31, 36], [31, 42], [32, 50], [32, 44], [33, 42], [33, 51], [33, 57], [33, 59], [33, 60], [34, 42], [35, 40], [35, 58], [36, 57], [36, 47], [37, 45], [37, 48], [37, 51], [37, 55], [37, 56], [38, 57], [39, 50], [39, 57], [39, 54], [39, 56], [40, 44], [40, 47], [40, 54], [41, 54], [41, 62], [42, 47], [44, 48], [44, 54], [44, 58], [44, 61], [45, 46], [45, 58], [45, 62], [46, 51], [49, 61], [50, 57], [53, 62], [55, 61], [57, 58], [57, 61], [57, 62]], "features": {"27": ["cc_4", "deg_8"], "35": ["cc_5", "deg_4"], "43": ["cc_0", "deg_4"], "47": ["cc_3", "deg_7"], "32": ["cc_0", "deg_5"], "56": ["cc_3", "deg_7"], "9": ["cc_1", "deg_7"], "33": ["cc_2", "deg_10"], "48": ["cc_6", "deg_5"], "55": ["cc_2", "deg_6"], "0": ["cc_2", "deg_6"], "2": ["cc_6", "deg_5"], "18": ["cc_6", "deg_5"], "5": ["cc_10", "deg_5"], "14": ["cc_3", "deg_7"], "38": ["cc_3", "deg_7"], "44": ["cc_2", "deg_6"], "39": ["cc_4", "deg_7"], "3": ["cc_1", "deg_8"], "28": ["cc_2", "deg_8"], "51": ["cc_4", "deg_7"], "23": ["cc_3", "deg_5"], "19": ["cc_4", "deg_7"], "61": ["cc_0", "deg_4"], "34": ["cc_0", "deg_4"], "11": ["cc_16", "deg_4"], "17": ["cc_2", "deg_6"], "12": ["cc_5", "deg_8"], "25": ["cc_6", "deg_6"], "24": ["cc_0", "deg_4"], "62": ["cc_1", "deg_11"], "59": ["cc_6", "deg_5"], "22": ["cc_0", "deg_3"], "60": ["cc_4", "deg_7"], "15": ["cc_1", "deg_8"], "4": ["cc_0", "deg_5"], "37": ["cc_5", "deg_10"], "45": ["cc_0", "deg_5"], "42": ["cc_2", "deg_8"], "30": ["cc_2", "deg_6"], "31": ["cc_0", "deg_5"], "36": ["cc_0", "deg_5"], "57": ["cc_2", "deg_9"], "53": ["cc_11", "deg_4"], "10": ["cc_4", "deg_7"], "49": ["cc_5", "deg_4"], "1": ["cc_6", "deg_7"], "46": ["cc_0", "deg_6"], "26": ["cc_3", "deg_5"], "40": ["cc_3", "deg_8"], "41": ["cc_4", "deg_6"], "20": ["cc_2", "deg_9"], "29": ["cc_11", "deg_3"], "52": ["cc_5", "deg_4"], "58": ["cc_0", "deg_7"], "13": ["cc_5", "deg_4"], "6": ["cc_2", "deg_6"], "7": ["cc_0", "deg_4"], "50": ["cc_5", "deg_4"], "8": ["cc_11", "deg_4"], "16": ["cc_0", "deg_4"], "54": ["cc_3", "deg_8"], "21": ["cc_0", "deg_5"]}}