{"label": 0, "edges": [[0, 1], [0, 45], [0, 2], [0, 57], [1, 50], [1, 3], [2, 3], [2, 23], [3, 5], [3, 6], [4, 5], [4, 6], [5, 17], [5, 6], [5, 7], [5, 58], [6, 54], [6, 7], [6, 41], [7, 55], [7, 57], [7, 43], [8, 9], [8, 10], [8, 53], [9, 25], [9, 10], [10, 11], [10, 12], [11, 17], [11, 41], [11, 13], [12, 35], [12, 58], [13, 37], [13, 14], [14, 16], [14, 15], [15, 17], [15, 34], [15, 41], [16, 17], [16, 18], [16, 54], [17, 27], [17, 19], [17, 23], [18, 33], [18, 19], [18, 20], [19, 20], [19, 21], [19, 49], [19, 29], [20, 28], [20, 21], [20, 22], [21, 22], [21, 23], [22, 24], [22, 23], [23, 25], [24, 25], [24, 26], [24, 44], [25, 26], [25, 28], [25, 30], [26, 27], [26, 28], [27, 43], [29, 30], [30, 32], [30, 31], [31, 32], [31, 33], [32, 33], [32, 34], [33, 36], [33, 58], [34, 49], [34, 36], [35, 42], [35, 36], [35, 37], [36, 37], [36, 38], [37, 38], [37, 39], [38, 40], [38, 44], [38, 39], [39, 41], [39, 49], [40, 41], [40, 42], [42, 51], [43, 44], [43, 45], [44, 52], [45, 47], [46, 48], [46, 47], [47, 48], [47, 49], [48, 49], [48, 50], [49, 50], [50, 51], [50, 52], [51, 52], [51, 53], [52, 53], [53, 54], [55, 56], [56, 57], [56, 58], [57, 58]], "features": {"27": ["cc_0", "deg_3"], "35": ["cc_5", "deg_4"], "43": ["cc_0", "deg_4"], "47": ["cc_11", "deg_4"], "32": ["cc_11", "deg_4"], "56": ["cc_11", "deg_3"], "9": ["cc_11", "deg_3"], "33": ["cc_3", "deg_5"], "48": ["cc_16", "deg_4"], "55": ["cc_0", "deg_2"], "0": ["cc_0", "deg_4"], "2": ["cc_0", "deg_3"], "18": ["cc_5", "deg_4"], "5": ["cc_6", "deg_6"], "14": ["cc_0", "deg_3"], "38": ["cc_6", "deg_5"], "44": ["cc_0", "deg_4"], "39": ["cc_5", "deg_4"], "3": ["cc_5", "deg_4"], "28": ["cc_11", "deg_3"], "51": ["cc_11", "deg_4"], "23": ["cc_3", "deg_5"], "19": ["cc_4", "deg_6"], "34": ["cc_0", "deg_4"], "11": ["cc_0", "deg_4"], "17": ["cc_0", "deg_7"], "12": ["cc_0", "deg_3"], "25": ["cc_4", "deg_6"], "24": ["cc_5", "deg_4"], "22": ["cc_11", "deg_4"], "15": ["cc_0", "deg_4"], "4": ["cc_33", "deg_2"], "37": ["cc_10", "deg_5"], "45": ["cc_0", "deg_3"], "42": ["cc_0", "deg_3"], "30": ["cc_5", "deg_4"], "31": ["cc_22", "deg_3"], "36": ["cc_6", "deg_5"], "57": ["cc_5", "deg_4"], "53": ["cc_5", "deg_4"], "10": ["cc_5", "deg_4"], "49": ["cc_4", "deg_6"], "1": ["cc_0", "deg_3"], "46": ["cc_33", "deg_2"], "26": ["cc_11", "deg_4"], "40": ["cc_0", "deg_3"], "41": ["cc_0", "deg_5"], "20": ["cc_10", "deg_5"], "29": ["cc_0", "deg_2"], "52": ["cc_11", "deg_4"], "58": ["cc_3", "deg_5"], "13": ["cc_0", "deg_3"], "6": ["cc_6", "deg_6"], "7": ["cc_3", "deg_5"], "50": ["cc_6", "deg_5"], "8": ["cc_11", "deg_3"], "16": ["cc_0", "deg_4"], "54": ["cc_0", "deg_3"], "21": ["cc_16", "deg_4"]}}