{"label": 0, "features": {"1": ["cc_20", "deg_5"], "16": ["cc_8", "deg_6"], "4": ["cc_17", "deg_6"], "21": ["cc_15", "deg_6"], "32": ["cc_11", "deg_7"], "34": ["cc_12", "deg_7"], "7": ["cc_13", "deg_6"], "25": ["cc_13", "deg_5"], "0": ["cc_17", "deg_6"], "12": ["cc_10", "deg_5"], "29": ["cc_6", "deg_6"], "28": ["cc_6", "deg_5"], "13": ["cc_6", "deg_6"], "6": ["cc_15", "deg_6"], "30": ["cc_10", "deg_5"], "5": ["cc_9", "deg_7"], "3": ["cc_17", "deg_6"], "24": ["cc_5", "deg_4"], "33": ["cc_11", "deg_8"], "23": ["cc_7", "deg_8"], "27": ["cc_11", "deg_6"], "19": ["cc_17", "deg_6"], "10": ["cc_17", "deg_6"], "17": ["cc_10", "deg_5"], "11": ["cc_8", "deg_6"], "22": ["cc_13", "deg_6"], "18": ["cc_9", "deg_8"], "31": ["cc_16", "deg_5"], "2": ["cc_17", "deg_6"], "26": ["cc_8", "deg_6"], "20": ["cc_23", "deg_5"], "14": ["cc_3", "deg_7"], "35": ["cc_15", "deg_6"], "9": ["cc_20", "deg_5"], "8": ["cc_12", "deg_7"], "15": ["cc_4", "deg_6"]}, "edges": [[0, 1], [0, 2], [0, 3], [0, 35], [0, 33], [0, 34], [1, 3], [1, 2], [1, 4], [1, 34], [2, 3], [2, 4], [2, 5], [2, 35], [3, 4], [3, 5], [3, 6], [4, 5], [4, 6], [4, 7], [5, 7], [5, 8], [5, 12], [5, 13], [6, 7], [6, 8], [6, 9], [6, 10], [7, 8], [7, 10], [7, 30], [8, 9], [8, 10], [8, 11], [8, 29], [9, 10], [9, 11], [9, 12], [10, 11], [10, 12], [11, 18], [11, 13], [11, 14], [12, 13], [12, 14], [13, 16], [13, 23], [13, 14], [14, 17], [14, 33], [14, 28], [14, 15], [15, 16], [15, 32], [15, 18], [15, 24], [15, 29], [16, 17], [16, 18], [16, 19], [16, 26], [17, 32], [17, 18], [17, 19], [18, 19], [18, 20], [18, 21], [18, 29], [19, 20], [19, 21], [19, 22], [20, 21], [20, 22], [20, 23], [21, 22], [21, 23], [21, 24], [22, 34], [22, 23], [22, 25], [23, 33], [23, 35], [23, 25], [23, 26], [24, 26], [24, 27], [25, 26], [25, 27], [25, 28], [26, 27], [26, 29], [27, 28], [27, 29], [27, 30], [28, 29], [28, 31], [30, 32], [30, 33], [30, 31], [31, 32], [31, 33], [31, 34], [32, 33], [32, 34], [32, 35], [33, 34], [33, 35], [34, 35]]}