{"label": 2, "edges": [[0, 32], [0, 51], [0, 26], [0, 43], [0, 46], [1, 51], [1, 3], [1, 7], [2, 3], [2, 37], [2, 7], [2, 23], [2, 39], [2, 14], [3, 28], [3, 5], [3, 23], [4, 50], [4, 28], [4, 5], [4, 6], [5, 22], [5, 12], [5, 44], [6, 7], [6, 26], [6, 43], [7, 9], [7, 42], [8, 9], [8, 10], [8, 44], [9, 16], [9, 22], [9, 29], [10, 17], [10, 40], [10, 41], [10, 28], [11, 17], [11, 38], [11, 12], [12, 51], [12, 39], [12, 25], [12, 13], [13, 50], [14, 39], [15, 50], [15, 28], [16, 41], [16, 31], [17, 38], [17, 28], [18, 19], [18, 20], [19, 24], [19, 26], [19, 43], [20, 21], [20, 22], [21, 33], [21, 22], [22, 24], [22, 26], [22, 27], [22, 36], [23, 25], [23, 34], [24, 50], [25, 47], [26, 28], [27, 28], [28, 47], [29, 47], [29, 31], [30, 33], [30, 42], [30, 50], [31, 43], [31, 45], [32, 35], [32, 45], [33, 34], [33, 35], [34, 35], [35, 37], [35, 42], [36, 49], [36, 46], [37, 38], [38, 39], [40, 48], [40, 42], [40, 44], [41, 42], [42, 43], [43, 45], [45, 49], [45, 47], [45, 46], [47, 49], [48, 51], [49, 50]], "features": {"27": ["cc_0", "deg_2"], "35": ["cc_3", "deg_5"], "43": ["cc_2", "deg_6"], "47": ["cc_3", "deg_5"], "32": ["cc_0", "deg_3"], "9": ["cc_0", "deg_5"], "33": ["cc_5", "deg_4"], "48": ["cc_0", "deg_2"], "0": ["cc_0", "deg_5"], "2": ["cc_4", "deg_6"], "18": ["cc_0", "deg_2"], "5": ["cc_0", "deg_5"], "14": ["cc_33", "deg_2"], "38": ["cc_5", "deg_4"], "44": ["cc_0", "deg_3"], "39": ["cc_5", "deg_4"], "3": ["cc_3", "deg_5"], "28": ["cc_1", "deg_8"], "51": ["cc_0", "deg_4"], "23": ["cc_5", "deg_4"], "19": ["cc_0", "deg_4"], "34": ["cc_11", "deg_3"], "11": ["cc_11", "deg_3"], "17": ["cc_11", "deg_4"], "12": ["cc_0", "deg_6"], "25": ["cc_0", "deg_3"], "24": ["cc_0", "deg_3"], "22": ["cc_1", "deg_8"], "15": ["cc_0", "deg_2"], "4": ["cc_0", "deg_4"], "37": ["cc_0", "deg_3"], "45": ["cc_4", "deg_6"], "42": ["cc_0", "deg_6"], "30": ["cc_0", "deg_3"], "31": ["cc_5", "deg_4"], "36": ["cc_0", "deg_3"], "10": ["cc_3", "deg_5"], "49": ["cc_5", "deg_4"], "1": ["cc_0", "deg_3"], "46": ["cc_0", "deg_3"], "26": ["cc_0", "deg_5"], "40": ["cc_0", "deg_4"], "41": ["cc_0", "deg_3"], "20": ["cc_11", "deg_3"], "29": ["cc_0", "deg_3"], "13": ["cc_0", "deg_2"], "6": ["cc_0", "deg_4"], "7": ["cc_0", "deg_5"], "50": ["cc_0", "deg_6"], "8": ["cc_0", "deg_3"], "16": ["cc_0", "deg_3"], "21": ["cc_11", "deg_3"]}}