{"label": 2, "edges": [[0, 3], [0, 7], [0, 12], [0, 10], [0, 13], [1, 16], [1, 4], [1, 21], [1, 6], [1, 25], [1, 27], [2, 19], [2, 17], [2, 3], [2, 22], [2, 25], [2, 26], [2, 21], [3, 19], [3, 20], [3, 10], [3, 13], [4, 16], [4, 5], [4, 9], [4, 11], [4, 15], [5, 19], [5, 25], [5, 11], [6, 18], [6, 7], [6, 8], [6, 28], [7, 21], [7, 25], [7, 10], [7, 14], [8, 16], [8, 21], [8, 12], [8, 14], [8, 15], [9, 17], [9, 22], [9, 24], [10, 14], [10, 17], [10, 19], [10, 22], [10, 28], [11, 14], [11, 16], [11, 17], [11, 19], [11, 27], [12, 13], [12, 15], [12, 18], [12, 20], [12, 25], [12, 28], [13, 18], [13, 20], [13, 24], [13, 28], [14, 17], [15, 21], [15, 23], [15, 28], [16, 23], [17, 18], [17, 22], [17, 28], [18, 19], [19, 22], [19, 26], [20, 23], [21, 24], [22, 28], [23, 25], [23, 26], [24, 26], [25, 27], [26, 27], [26, 28], [27, 28]], "features": {"27": ["cc_6", "deg_5"], "22": ["cc_15", "deg_6"], "15": ["cc_6", "deg_6"], "4": ["cc_6", "deg_6"], "0": ["cc_13", "deg_5"], "2": ["cc_6", "deg_7"], "6": ["cc_0", "deg_5"], "18": ["cc_3", "deg_5"], "5": ["cc_11", "deg_4"], "10": ["cc_10", "deg_8"], "14": ["cc_10", "deg_5"], "1": ["cc_4", "deg_6"], "8": ["cc_4", "deg_6"], "20": ["cc_11", "deg_4"], "26": ["cc_4", "deg_6"], "3": ["cc_11", "deg_6"], "11": ["cc_6", "deg_7"], "28": ["cc_5", "deg_9"], "23": ["cc_0", "deg_5"], "19": ["cc_7", "deg_8"], "13": ["cc_9", "deg_7"], "16": ["cc_6", "deg_5"], "7": ["cc_4", "deg_6"], "17": ["cc_8", "deg_8"], "12": ["cc_7", "deg_8"], "25": ["cc_1", "deg_7"], "24": ["cc_0", "deg_4"], "9": ["cc_5", "deg_4"], "21": ["cc_2", "deg_6"]}}