{"label": 0, "edges": [[0, 1], [0, 2], [0, 77], [0, 78], [0, 31], [1, 2], [1, 3], [1, 78], [2, 3], [2, 4], [3, 66], [3, 5], [4, 16], [4, 6], [5, 74], [5, 6], [6, 8], [6, 7], [7, 8], [7, 9], [8, 9], [8, 31], [9, 40], [9, 10], [9, 60], [10, 11], [10, 12], [11, 50], [11, 13], [12, 34], [12, 14], [13, 64], [13, 14], [14, 16], [14, 15], [15, 16], [15, 17], [16, 17], [16, 18], [16, 63], [17, 56], [17, 19], [18, 19], [18, 20], [19, 20], [19, 21], [19, 71], [20, 21], [20, 22], [21, 60], [21, 23], [22, 24], [22, 31], [22, 23], [23, 24], [23, 25], [24, 41], [24, 26], [25, 26], [25, 27], [26, 27], [26, 28], [26, 35], [27, 28], [27, 29], [28, 29], [28, 30], [29, 41], [29, 30], [30, 63], [30, 31], [32, 33], [32, 34], [33, 34], [33, 35], [34, 35], [34, 36], [35, 36], [36, 37], [36, 38], [37, 38], [37, 39], [38, 40], [38, 39], [39, 40], [39, 41], [40, 49], [40, 42], [41, 42], [41, 43], [42, 43], [42, 44], [43, 44], [43, 45], [44, 45], [44, 46], [45, 46], [45, 47], [46, 48], [46, 47], [47, 48], [47, 49], [48, 50], [48, 76], [49, 50], [49, 51], [50, 51], [50, 52], [50, 64], [51, 52], [51, 53], [52, 53], [52, 54], [53, 54], [53, 55], [54, 56], [54, 55], [55, 56], [55, 57], [56, 57], [56, 58], [57, 58], [57, 59], [58, 59], [58, 60], [59, 61], [59, 77], [60, 61], [61, 62], [61, 63], [62, 64], [62, 63], [63, 64], [64, 65], [65, 66], [65, 67], [66, 67], [66, 68], [67, 74], [67, 69], [68, 69], [68, 70], [69, 70], [69, 71], [70, 72], [70, 71], [71, 73], [72, 74], [72, 75], [73, 74], [73, 78], [74, 75], [74, 76], [75, 76], [75, 77], [76, 77], [76, 78], [77, 78]], "features": {"27": ["cc_16", "deg_4"], "35": ["cc_11", "deg_4"], "43": ["cc_16", "deg_4"], "47": ["cc_11", "deg_4"], "32": ["cc_33", "deg_2"], "56": ["cc_10", "deg_5"], "77": ["cc_10", "deg_5"], "9": ["cc_3", "deg_5"], "33": ["cc_22", "deg_3"], "48": ["cc_5", "deg_4"], "55": ["cc_16", "deg_4"], "0": ["cc_10", "deg_5"], "2": ["cc_11", "deg_4"], "18": ["cc_11", "deg_3"], "5": ["cc_0", "deg_3"], "76": ["cc_10", "deg_5"], "14": ["cc_5", "deg_4"], "38": ["cc_16", "deg_4"], "73": ["cc_0", "deg_3"], "44": ["cc_16", "deg_4"], "39": ["cc_11", "deg_4"], "3": ["cc_5", "deg_4"], "68": ["cc_11", "deg_3"], "28": ["cc_16", "deg_4"], "51": ["cc_16", "deg_4"], "23": ["cc_5", "deg_4"], "19": ["cc_6", "deg_5"], "61": ["cc_5", "deg_4"], "34": ["cc_10", "deg_5"], "75": ["cc_16", "deg_4"], "11": ["cc_0", "deg_3"], "72": ["cc_11", "deg_3"], "17": ["cc_5", "deg_4"], "12": ["cc_0", "deg_3"], "25": ["cc_11", "deg_3"], "24": ["cc_5", "deg_4"], "62": ["cc_22", "deg_3"], "59": ["cc_5", "deg_4"], "69": ["cc_11", "deg_4"], "22": ["cc_5", "deg_4"], "60": ["cc_0", "deg_4"], "70": ["cc_11", "deg_4"], "65": ["cc_11", "deg_3"], "71": ["cc_5", "deg_4"], "15": ["cc_22", "deg_3"], "4": ["cc_0", "deg_3"], "78": ["cc_10", "deg_5"], "37": ["cc_22", "deg_3"], "45": ["cc_16", "deg_4"], "42": ["cc_11", "deg_4"], "30": ["cc_5", "deg_4"], "31": ["cc_0", "deg_4"], "66": ["cc_5", "deg_4"], "36": ["cc_11", "deg_4"], "67": ["cc_5", "deg_4"], "57": ["cc_16", "deg_4"], "53": ["cc_16", "deg_4"], "10": ["cc_0", "deg_3"], "49": ["cc_5", "deg_4"], "1": ["cc_16", "deg_4"], "46": ["cc_16", "deg_4"], "26": ["cc_6", "deg_5"], "40": ["cc_3", "deg_5"], "41": ["cc_3", "deg_5"], "20": ["cc_11", "deg_4"], "29": ["cc_11", "deg_4"], "52": ["cc_16", "deg_4"], "58": ["cc_11", "deg_4"], "63": ["cc_6", "deg_5"], "64": ["cc_3", "deg_5"], "74": ["cc_4", "deg_6"], "13": ["cc_0", "deg_3"], "6": ["cc_5", "deg_4"], "7": ["cc_22", "deg_3"], "50": ["cc_4", "deg_6"], "8": ["cc_11", "deg_4"], "16": ["cc_4", "deg_6"], "54": ["cc_16", "deg_4"], "21": ["cc_5", "deg_4"]}}