{"label": 1, "edges": [[0, 3], [0, 37], [0, 24], [0, 29], [0, 31], [1, 2], [1, 4], [1, 5], [1, 38], [1, 39], [1, 8], [2, 18], [2, 19], [2, 4], [3, 19], [3, 4], [3, 5], [4, 5], [4, 6], [4, 7], [5, 18], [5, 21], [5, 6], [5, 12], [6, 32], [6, 7], [6, 9], [7, 17], [7, 38], [7, 8], [7, 10], [7, 20], [8, 18], [8, 24], [8, 13], [8, 30], [9, 23], [9, 10], [9, 11], [10, 37], [10, 12], [10, 29], [11, 16], [11, 33], [11, 39], [11, 14], [12, 24], [12, 14], [12, 15], [13, 19], [13, 27], [13, 15], [14, 16], [14, 17], [14, 33], [14, 25], [15, 16], [15, 17], [15, 18], [16, 33], [16, 20], [16, 31], [16, 28], [17, 19], [17, 22], [17, 36], [18, 35], [18, 19], [18, 31], [19, 34], [19, 35], [19, 22], [20, 34], [20, 38], [20, 23], [21, 22], [21, 24], [22, 23], [22, 24], [22, 25], [22, 29], [23, 34], [23, 26], [23, 27], [24, 33], [24, 25], [24, 27], [24, 28], [24, 30], [25, 26], [25, 27], [26, 27], [26, 28], [26, 29], [27, 39], [27, 28], [27, 29], [27, 30], [28, 30], [29, 32], [29, 30], [30, 32], [30, 33], [31, 32], [31, 33], [32, 33], [32, 34], [32, 35], [33, 36], [34, 35], [34, 36], [34, 39], [35, 36], [35, 37], [35, 38], [36, 38], [36, 39], [37, 38], [37, 39], [38, 39]], "features": {"27": ["cc_8", "deg_9"], "22": ["cc_4", "deg_7"], "32": ["cc_6", "deg_7"], "15": ["cc_0", "deg_5"], "4": ["cc_11", "deg_6"], "33": ["cc_8", "deg_8"], "35": ["cc_9", "deg_7"], "30": ["cc_12", "deg_7"], "0": ["cc_0", "deg_5"], "2": ["cc_11", "deg_4"], "6": ["cc_6", "deg_5"], "18": ["cc_3", "deg_7"], "5": ["cc_4", "deg_7"], "10": ["cc_0", "deg_5"], "14": ["cc_6", "deg_6"], "1": ["cc_6", "deg_6"], "29": ["cc_4", "deg_7"], "37": ["cc_6", "deg_5"], "8": ["cc_2", "deg_6"], "20": ["cc_6", "deg_5"], "26": ["cc_13", "deg_5"], "3": ["cc_5", "deg_4"], "11": ["cc_10", "deg_5"], "28": ["cc_13", "deg_5"], "39": ["cc_6", "deg_7"], "23": ["cc_4", "deg_6"], "19": ["cc_4", "deg_8"], "36": ["cc_8", "deg_6"], "38": ["cc_9", "deg_7"], "34": ["cc_7", "deg_7"], "13": ["cc_0", "deg_4"], "16": ["cc_6", "deg_7"], "7": ["cc_3", "deg_7"], "17": ["cc_2", "deg_6"], "12": ["cc_0", "deg_5"], "31": ["cc_6", "deg_5"], "25": ["cc_10", "deg_5"], "24": ["cc_5", "deg_10"], "9": ["cc_0", "deg_4"], "21": ["cc_11", "deg_3"]}}