{"label": 1, "features": {"1": ["cc_0", "deg_5"], "16": ["cc_2", "deg_10"], "4": ["cc_3", "deg_5"], "21": ["cc_3", "deg_8"], "32": ["cc_6", "deg_6"], "34": ["cc_6", "deg_5"], "7": ["cc_2", "deg_6"], "25": ["cc_1", "deg_7"], "0": ["cc_4", "deg_9"], "12": ["cc_7", "deg_7"], "29": ["cc_3", "deg_5"], "28": ["cc_3", "deg_5"], "13": ["cc_6", "deg_5"], "6": ["cc_5", "deg_4"], "30": ["cc_5", "deg_4"], "5": ["cc_4", "deg_7"], "3": ["cc_4", "deg_6"], "24": ["cc_1", "deg_7"], "33": ["cc_3", "deg_5"], "23": ["cc_4", "deg_6"], "27": ["cc_2", "deg_10"], "19": ["cc_6", "deg_5"], "36": ["cc_4", "deg_7"], "10": ["cc_2", "deg_6"], "17": ["cc_0", "deg_4"], "11": ["cc_6", "deg_5"], "22": ["cc_0", "deg_3"], "18": ["cc_6", "deg_5"], "31": ["cc_7", "deg_7"], "2": ["cc_0", "deg_5"], "26": ["cc_3", "deg_5"], "20": ["cc_4", "deg_7"], "14": ["cc_8", "deg_6"], "35": ["cc_6", "deg_5"], "9": ["cc_3", "deg_8"], "8": ["cc_0", "deg_7"], "37": ["cc_3", "deg_5"], "15": ["cc_4", "deg_6"]}, "edges": [[0, 34], [0, 35], [0, 4], [0, 37], [0, 9], [0, 13], [0, 21], [0, 26], [0, 27], [1, 3], [1, 37], [1, 8], [1, 10], [1, 30], [2, 3], [2, 4], [2, 26], [2, 21], [2, 37], [3, 19], [3, 5], [3, 34], [3, 31], [4, 16], [4, 7], [4, 27], [5, 19], [5, 33], [5, 6], [5, 7], [5, 9], [5, 27], [6, 9], [6, 11], [6, 36], [7, 25], [7, 9], [7, 10], [7, 28], [8, 33], [8, 18], [8, 35], [8, 24], [8, 9], [8, 15], [9, 16], [9, 32], [9, 12], [10, 21], [10, 23], [10, 33], [10, 27], [11, 16], [11, 32], [11, 21], [11, 31], [12, 16], [12, 19], [12, 23], [12, 28], [12, 14], [12, 15], [13, 16], [13, 35], [13, 25], [13, 27], [14, 16], [14, 20], [14, 24], [14, 36], [14, 28], [15, 16], [15, 23], [15, 25], [15, 27], [16, 36], [16, 17], [16, 22], [17, 28], [17, 29], [17, 31], [18, 19], [18, 20], [18, 21], [18, 29], [19, 20], [20, 21], [20, 23], [20, 26], [20, 31], [21, 24], [21, 31], [22, 24], [22, 25], [23, 33], [23, 34], [24, 36], [24, 27], [24, 29], [25, 26], [25, 29], [25, 30], [26, 27], [27, 28], [27, 37], [29, 30], [30, 33], [31, 32], [31, 34], [32, 34], [32, 35], [32, 36], [35, 36], [36, 37]]}