{"label": 0, "edges": [[0, 1], [0, 3], [0, 40], [0, 59], [0, 60], [1, 2], [1, 3], [1, 4], [1, 59], [1, 60], [1, 13], [2, 3], [2, 5], [2, 59], [3, 4], [3, 5], [3, 6], [3, 21], [3, 37], [4, 5], [4, 6], [4, 7], [5, 6], [5, 7], [5, 8], [6, 7], [6, 9], [6, 13], [7, 8], [7, 9], [7, 10], [8, 9], [8, 10], [8, 11], [9, 10], [9, 11], [9, 12], [10, 32], [10, 58], [10, 11], [10, 12], [11, 12], [11, 13], [11, 14], [12, 13], [12, 14], [12, 15], [13, 16], [13, 15], [14, 16], [14, 17], [14, 27], [15, 16], [15, 17], [15, 18], [15, 60], [16, 17], [16, 18], [16, 19], [17, 18], [17, 19], [17, 20], [18, 19], [18, 21], [18, 31], [19, 51], [19, 20], [19, 21], [19, 22], [20, 21], [20, 22], [20, 23], [21, 22], [21, 23], [22, 23], [22, 24], [22, 25], [23, 24], [23, 25], [23, 26], [24, 26], [24, 27], [24, 46], [25, 26], [25, 27], [25, 28], [26, 27], [26, 28], [26, 29], [27, 54], [27, 29], [27, 30], [28, 29], [28, 30], [28, 31], [29, 32], [29, 30], [29, 31], [30, 32], [30, 33], [30, 31], [31, 32], [31, 33], [31, 34], [32, 34], [32, 35], [32, 44], [33, 34], [33, 35], [33, 36], [34, 35], [34, 36], [34, 37], [35, 36], [35, 37], [35, 38], [36, 37], [36, 38], [36, 39], [37, 39], [37, 40], [38, 40], [38, 41], [38, 59], [39, 40], [39, 41], [39, 42], [40, 41], [40, 42], [40, 43], [41, 48], [41, 42], [41, 43], [42, 43], [42, 44], [42, 45], [43, 44], [43, 45], [43, 46], [44, 45], [44, 46], [44, 47], [45, 48], [45, 55], [45, 46], [45, 47], [46, 48], [46, 49], [46, 47], [47, 48], [47, 49], [47, 50], [48, 49], [48, 50], [48, 51], [49, 50], [49, 51], [49, 52], [50, 51], [50, 52], [50, 53], [51, 53], [51, 54], [52, 53], [52, 54], [52, 55], [53, 54], [53, 55], [53, 56], [54, 55], [54, 56], [54, 57], [55, 56], [55, 57], [56, 57], [56, 58], [56, 59], [57, 58], [57, 59], [57, 60], [58, 59], [58, 60], [59, 60]], "features": {"27": ["cc_6", "deg_7"], "35": ["cc_15", "deg_6"], "43": ["cc_17", "deg_6"], "47": ["cc_20", "deg_6"], "32": ["cc_7", "deg_7"], "56": ["cc_17", "deg_6"], "9": ["cc_17", "deg_6"], "33": ["cc_16", "deg_5"], "48": ["cc_14", "deg_7"], "55": ["cc_15", "deg_6"], "0": ["cc_13", "deg_5"], "2": ["cc_16", "deg_4"], "18": ["cc_13", "deg_6"], "5": ["cc_15", "deg_6"], "14": ["cc_6", "deg_5"], "38": ["cc_6", "deg_5"], "44": ["cc_15", "deg_6"], "39": ["cc_16", "deg_5"], "3": ["cc_8", "deg_8"], "28": ["cc_16", "deg_5"], "51": ["cc_11", "deg_6"], "23": ["cc_15", "deg_6"], "19": ["cc_12", "deg_7"], "34": ["cc_17", "deg_6"], "11": ["cc_15", "deg_6"], "17": ["cc_15", "deg_6"], "12": ["cc_13", "deg_6"], "25": ["cc_13", "deg_5"], "24": ["cc_10", "deg_5"], "59": ["cc_10", "deg_8"], "22": ["cc_15", "deg_6"], "60": ["cc_13", "deg_6"], "15": ["cc_11", "deg_6"], "4": ["cc_20", "deg_5"], "37": ["cc_11", "deg_6"], "45": ["cc_14", "deg_7"], "42": ["cc_17", "deg_6"], "30": ["cc_15", "deg_6"], "31": ["cc_12", "deg_7"], "36": ["cc_15", "deg_6"], "57": ["cc_17", "deg_6"], "53": ["cc_17", "deg_6"], "10": ["cc_11", "deg_7"], "49": ["cc_17", "deg_6"], "1": ["cc_11", "deg_7"], "46": ["cc_14", "deg_7"], "26": ["cc_15", "deg_6"], "40": ["cc_11", "deg_7"], "41": ["cc_13", "deg_6"], "20": ["cc_20", "deg_5"], "29": ["cc_17", "deg_6"], "52": ["cc_16", "deg_5"], "58": ["cc_16", "deg_5"], "13": ["cc_6", "deg_6"], "6": ["cc_13", "deg_6"], "7": ["cc_17", "deg_6"], "50": ["cc_17", "deg_6"], "8": ["cc_20", "deg_5"], "16": ["cc_15", "deg_6"], "54": ["cc_12", "deg_7"], "21": ["cc_13", "deg_6"]}}