{"label": 2, "edges": [[0, 36], [0, 12], [1, 52], [1, 5], [1, 11], [1, 44], [1, 45], [2, 64], [2, 33], [2, 35], [2, 54], [2, 30], [3, 34], [3, 19], [3, 30], [3, 63], [4, 16], [4, 22], [4, 55], [4, 58], [5, 19], [5, 6], [5, 24], [5, 64], [6, 18], [6, 63], [6, 53], [6, 50], [6, 15], [7, 49], [7, 39], [7, 9], [7, 26], [7, 13], [8, 44], [8, 18], [8, 20], [8, 30], [9, 10], [9, 55], [10, 11], [10, 23], [11, 52], [11, 28], [11, 46], [12, 48], [12, 52], [12, 47], [13, 26], [14, 16], [14, 30], [14, 54], [15, 16], [16, 32], [16, 25], [17, 32], [17, 33], [17, 18], [17, 51], [17, 21], [18, 39], [18, 26], [18, 60], [18, 62], [18, 65], [19, 21], [19, 40], [20, 64], [20, 33], [20, 27], [21, 28], [22, 64], [22, 61], [23, 48], [23, 36], [24, 66], [24, 59], [25, 27], [25, 30], [26, 43], [26, 28], [26, 29], [27, 54], [28, 56], [28, 47], [29, 44], [30, 53], [31, 56], [31, 36], [32, 51], [32, 56], [33, 62], [34, 66], [34, 35], [34, 41], [35, 58], [35, 36], [36, 38], [36, 58], [36, 66], [37, 43], [37, 49], [38, 61], [38, 63], [39, 41], [40, 49], [41, 53], [41, 62], [42, 56], [42, 50], [43, 55], [44, 48], [44, 54], [45, 55], [45, 47], [46, 48], [46, 52], [46, 47], [47, 53], [49, 51], [49, 58], [50, 52], [50, 56], [50, 61], [53, 57], [54, 62], [57, 65], [58, 64], [59, 60], [60, 61], [60, 62], [61, 65], [63, 66], [65, 66]], "features": {"27": ["cc_0", "deg_3"], "35": ["cc_5", "deg_4"], "43": ["cc_0", "deg_3"], "47": ["cc_0", "deg_5"], "32": ["cc_5", "deg_4"], "56": ["cc_3", "deg_5"], "9": ["cc_0", "deg_3"], "33": ["cc_0", "deg_4"], "48": ["cc_0", "deg_4"], "55": ["cc_0", "deg_4"], "0": ["cc_0", "deg_2"], "2": ["cc_0", "deg_5"], "18": ["cc_1", "deg_8"], "5": ["cc_0", "deg_5"], "14": ["cc_0", "deg_3"], "38": ["cc_0", "deg_3"], "44": ["cc_0", "deg_5"], "39": ["cc_0", "deg_3"], "3": ["cc_0", "deg_4"], "28": ["cc_0", "deg_5"], "51": ["cc_11", "deg_3"], "23": ["cc_0", "deg_3"], "19": ["cc_0", "deg_4"], "61": ["cc_0", "deg_5"], "34": ["cc_0", "deg_4"], "11": ["cc_6", "deg_5"], "17": ["cc_3", "deg_5"], "12": ["cc_0", "deg_4"], "25": ["cc_0", "deg_3"], "24": ["cc_0", "deg_3"], "62": ["cc_3", "deg_5"], "59": ["cc_0", "deg_2"], "22": ["cc_0", "deg_3"], "60": ["cc_5", "deg_4"], "65": ["cc_0", "deg_4"], "15": ["cc_0", "deg_2"], "4": ["cc_0", "deg_4"], "37": ["cc_0", "deg_2"], "45": ["cc_0", "deg_3"], "42": ["cc_33", "deg_2"], "30": ["cc_0", "deg_6"], "31": ["cc_0", "deg_2"], "66": ["cc_0", "deg_5"], "36": ["cc_1", "deg_7"], "57": ["cc_0", "deg_2"], "53": ["cc_0", "deg_5"], "10": ["cc_0", "deg_3"], "49": ["cc_0", "deg_5"], "1": ["cc_3", "deg_5"], "46": ["cc_5", "deg_4"], "26": ["cc_2", "deg_6"], "40": ["cc_0", "deg_2"], "41": ["cc_0", "deg_4"], "20": ["cc_0", "deg_4"], "29": ["cc_0", "deg_2"], "52": ["cc_6", "deg_5"], "58": ["cc_3", "deg_5"], "63": ["cc_0", "deg_4"], "64": ["cc_0", "deg_5"], "13": ["cc_33", "deg_2"], "6": ["cc_0", "deg_6"], "7": ["cc_3", "deg_5"], "50": ["cc_3", "deg_5"], "8": ["cc_0", "deg_4"], "16": ["cc_0", "deg_5"], "54": ["cc_0", "deg_5"], "21": ["cc_0", "deg_3"]}}