{"label": 1, "edges": [[0, 64], [0, 65], [0, 38], [0, 55], [1, 52], [1, 44], [2, 3], [2, 4], [3, 32], [3, 37], [4, 6], [4, 8], [4, 42], [4, 60], [4, 46], [5, 35], [5, 54], [5, 6], [5, 39], [6, 8], [6, 27], [6, 7], [7, 41], [7, 55], [8, 9], [8, 59], [9, 20], [9, 23], [9, 10], [9, 26], [9, 46], [10, 11], [11, 32], [11, 12], [12, 13], [12, 14], [13, 23], [13, 19], [13, 15], [14, 32], [14, 18], [14, 24], [14, 15], [15, 17], [15, 50], [16, 55], [16, 40], [16, 57], [16, 44], [17, 18], [17, 51], [17, 38], [17, 44], [18, 50], [18, 19], [18, 20], [19, 32], [19, 39], [19, 23], [20, 36], [20, 22], [21, 65], [21, 51], [21, 22], [22, 24], [22, 63], [22, 23], [23, 49], [23, 25], [24, 25], [25, 56], [25, 50], [25, 55], [25, 60], [26, 27], [26, 37], [27, 28], [27, 31], [28, 29], [28, 47], [29, 33], [29, 34], [29, 43], [29, 30], [30, 49], [30, 57], [30, 62], [30, 31], [31, 52], [32, 49], [32, 47], [33, 54], [33, 63], [34, 35], [34, 37], [35, 51], [35, 37], [35, 58], [36, 37], [38, 39], [38, 58], [38, 59], [39, 41], [40, 47], [41, 43], [41, 55], [41, 47], [42, 44], [43, 61], [43, 45], [44, 48], [45, 59], [45, 52], [45, 47], [46, 47], [47, 48], [48, 49], [48, 50], [48, 61], [49, 50], [51, 52], [52, 53], [53, 54], [53, 55], [54, 60], [55, 56], [56, 64], [57, 58], [59, 60], [62, 63], [63, 64], [64, 65]], "features": {"27": ["cc_0", "deg_4"], "35": ["cc_3", "deg_5"], "43": ["cc_0", "deg_4"], "47": ["cc_0", "deg_7"], "32": ["cc_0", "deg_6"], "56": ["cc_11", "deg_3"], "9": ["cc_0", "deg_6"], "33": ["cc_0", "deg_3"], "48": ["cc_3", "deg_5"], "55": ["cc_3", "deg_7"], "0": ["cc_5", "deg_4"], "2": ["cc_0", "deg_2"], "18": ["cc_0", "deg_5"], "5": ["cc_0", "deg_4"], "14": ["cc_0", "deg_5"], "38": ["cc_0", "deg_5"], "44": ["cc_0", "deg_5"], "39": ["cc_0", "deg_4"], "3": ["cc_0", "deg_3"], "28": ["cc_0", "deg_3"], "51": ["cc_0", "deg_4"], "23": ["cc_2", "deg_6"], "19": ["cc_3", "deg_5"], "61": ["cc_0", "deg_2"], "34": ["cc_11", "deg_3"], "11": ["cc_0", "deg_3"], "17": ["cc_0", "deg_5"], "12": ["cc_0", "deg_3"], "25": ["cc_2", "deg_6"], "24": ["cc_0", "deg_3"], "62": ["cc_0", "deg_2"], "59": ["cc_0", "deg_4"], "22": ["cc_0", "deg_5"], "60": ["cc_0", "deg_4"], "65": ["cc_11", "deg_3"], "15": ["cc_0", "deg_4"], "4": ["cc_2", "deg_6"], "37": ["cc_3", "deg_5"], "45": ["cc_0", "deg_4"], "42": ["cc_0", "deg_2"], "30": ["cc_0", "deg_5"], "31": ["cc_0", "deg_3"], "36": ["cc_0", "deg_2"], "57": ["cc_0", "deg_3"], "53": ["cc_0", "deg_3"], "10": ["cc_0", "deg_2"], "49": ["cc_3", "deg_5"], "1": ["cc_0", "deg_2"], "46": ["cc_0", "deg_3"], "26": ["cc_0", "deg_3"], "40": ["cc_0", "deg_2"], "41": ["cc_3", "deg_5"], "20": ["cc_0", "deg_4"], "29": ["cc_0", "deg_5"], "52": ["cc_0", "deg_5"], "58": ["cc_0", "deg_3"], "63": ["cc_0", "deg_4"], "64": ["cc_5", "deg_4"], "13": ["cc_5", "deg_4"], "6": ["cc_3", "deg_5"], "7": ["cc_11", "deg_3"], "50": ["cc_3", "deg_5"], "8": ["cc_5", "deg_4"], "16": ["cc_0", "deg_4"], "54": ["cc_0", "deg_4"], "21": ["cc_0", "deg_3"]}}