{"label": 2, "edges": [[0, 49], [0, 40], [0, 14], [1, 22], [1, 8], [1, 14], [2, 48], [2, 34], [2, 23], [2, 8], [3, 26], [3, 50], [4, 17], [4, 50], [4, 25], [4, 23], [4, 9], [5, 34], [5, 14], [6, 16], [6, 38], [6, 40], [6, 29], [7, 33], [7, 28], [7, 13], [8, 35], [8, 39], [8, 11], [9, 16], [9, 21], [9, 40], [9, 10], [10, 11], [10, 36], [11, 48], [12, 26], [12, 19], [12, 31], [13, 49], [13, 33], [13, 26], [13, 44], [14, 46], [14, 50], [14, 20], [14, 23], [14, 24], [14, 26], [15, 51], [15, 37], [15, 24], [15, 45], [16, 35], [16, 46], [17, 44], [17, 30], [18, 50], [18, 36], [18, 37], [18, 25], [18, 42], [18, 43], [19, 28], [19, 51], [20, 46], [21, 40], [22, 28], [23, 39], [23, 43], [24, 25], [24, 34], [25, 36], [25, 29], [26, 39], [27, 32], [27, 38], [27, 31], [28, 41], [29, 36], [29, 38], [29, 41], [29, 31], [30, 32], [30, 33], [30, 48], [31, 32], [31, 33], [31, 50], [32, 33], [32, 47], [33, 38], [34, 51], [34, 41], [35, 37], [36, 51], [37, 48], [37, 47], [37, 45], [40, 43], [42, 43], [42, 44], [44, 46], [49, 50]], "features": {"27": ["cc_11", "deg_3"], "35": ["cc_0", "deg_3"], "43": ["cc_5", "deg_4"], "47": ["cc_0", "deg_2"], "32": ["cc_10", "deg_5"], "9": ["cc_3", "deg_5"], "33": ["cc_6", "deg_6"], "48": ["cc_0", "deg_4"], "0": ["cc_0", "deg_3"], "2": ["cc_0", "deg_4"], "18": ["cc_4", "deg_6"], "5": ["cc_0", "deg_2"], "14": ["cc_0", "deg_9"], "38": ["cc_5", "deg_4"], "44": ["cc_0", "deg_4"], "39": ["cc_0", "deg_3"], "3": ["cc_0", "deg_2"], "28": ["cc_0", "deg_4"], "51": ["cc_0", "deg_4"], "23": ["cc_0", "deg_5"], "19": ["cc_0", "deg_3"], "34": ["cc_0", "deg_5"], "11": ["cc_0", "deg_3"], "17": ["cc_0", "deg_3"], "12": ["cc_0", "deg_3"], "25": ["cc_6", "deg_5"], "24": ["cc_0", "deg_4"], "22": ["cc_0", "deg_2"], "15": ["cc_5", "deg_4"], "4": ["cc_0", "deg_5"], "37": ["cc_2", "deg_6"], "45": ["cc_33", "deg_2"], "42": ["cc_11", "deg_3"], "30": ["cc_5", "deg_4"], "31": ["cc_4", "deg_6"], "36": ["cc_6", "deg_5"], "10": ["cc_0", "deg_3"], "49": ["cc_0", "deg_3"], "1": ["cc_0", "deg_3"], "46": ["cc_5", "deg_4"], "26": ["cc_0", "deg_5"], "40": ["cc_3", "deg_5"], "41": ["cc_0", "deg_3"], "20": ["cc_33", "deg_2"], "29": ["cc_4", "deg_6"], "13": ["cc_3", "deg_5"], "6": ["cc_5", "deg_4"], "7": ["cc_11", "deg_3"], "50": ["cc_0", "deg_6"], "8": ["cc_0", "deg_5"], "16": ["cc_0", "deg_4"], "21": ["cc_33", "deg_2"]}}