{"label": 1, "edges": [[0, 48], [0, 1], [0, 2], [0, 3], [0, 20], [0, 49], [0, 36], [0, 7], [0, 14], [0, 47], [1, 49], [1, 2], [1, 3], [1, 4], [1, 6], [1, 48], [1, 31], [2, 4], [2, 6], [2, 49], [2, 33], [3, 4], [3, 5], [3, 6], [3, 28], [3, 45], [4, 5], [4, 6], [4, 7], [4, 11], [5, 6], [5, 7], [5, 8], [6, 8], [6, 30], [6, 37], [7, 8], [7, 15], [7, 20], [7, 21], [8, 9], [8, 10], [8, 11], [8, 28], [9, 43], [9, 10], [9, 11], [9, 12], [10, 49], [10, 40], [10, 25], [10, 27], [10, 13], [11, 13], [11, 14], [12, 13], [12, 14], [12, 15], [13, 46], [13, 14], [13, 15], [14, 16], [14, 15], [15, 16], [15, 18], [15, 45], [16, 17], [16, 18], [16, 19], [17, 18], [17, 19], [17, 20], [18, 19], [18, 20], [18, 21], [19, 20], [19, 21], [19, 22], [20, 38], [20, 22], [20, 33], [21, 40], [21, 49], [21, 22], [21, 28], [22, 24], [22, 44], [23, 24], [23, 25], [23, 26], [24, 32], [24, 25], [24, 26], [25, 38], [25, 26], [25, 28], [26, 34], [26, 27], [26, 28], [26, 46], [27, 28], [27, 29], [29, 32], [29, 30], [29, 31], [30, 33], [30, 39], [31, 33], [31, 34], [32, 48], [32, 34], [32, 35], [33, 34], [33, 36], [34, 35], [34, 36], [34, 37], [34, 45], [35, 36], [35, 37], [35, 38], [36, 37], [36, 38], [37, 38], [37, 39], [37, 40], [38, 48], [38, 40], [39, 40], [39, 41], [39, 42], [40, 41], [40, 42], [40, 43], [41, 42], [41, 43], [41, 44], [42, 43], [42, 44], [42, 45], [43, 46], [43, 47], [44, 45], [44, 46], [44, 47], [45, 48], [46, 48], [46, 49], [47, 48], [47, 49]], "features": {"27": ["cc_5", "deg_4"], "35": ["cc_20", "deg_5"], "43": ["cc_6", "deg_6"], "47": ["cc_6", "deg_5"], "32": ["cc_3", "deg_5"], "9": ["cc_6", "deg_5"], "33": ["cc_4", "deg_6"], "48": ["cc_3", "deg_7"], "0": ["cc_5", "deg_10"], "2": ["cc_13", "deg_6"], "18": ["cc_15", "deg_6"], "5": ["cc_20", "deg_5"], "14": ["cc_11", "deg_6"], "38": ["cc_6", "deg_7"], "44": ["cc_4", "deg_6"], "39": ["cc_13", "deg_5"], "3": ["cc_9", "deg_7"], "28": ["cc_4", "deg_6"], "23": ["cc_33", "deg_3"], "19": ["cc_17", "deg_6"], "34": ["cc_7", "deg_8"], "11": ["cc_6", "deg_5"], "17": ["cc_27", "deg_4"], "12": ["cc_16", "deg_4"], "25": ["cc_8", "deg_6"], "24": ["cc_10", "deg_5"], "22": ["cc_6", "deg_5"], "15": ["cc_7", "deg_7"], "4": ["cc_12", "deg_7"], "37": ["cc_11", "deg_7"], "45": ["cc_2", "deg_6"], "42": ["cc_15", "deg_6"], "30": ["cc_0", "deg_4"], "31": ["cc_5", "deg_4"], "36": ["cc_13", "deg_6"], "10": ["cc_1", "deg_7"], "49": ["cc_6", "deg_7"], "1": ["cc_11", "deg_8"], "46": ["cc_0", "deg_6"], "26": ["cc_7", "deg_7"], "40": ["cc_8", "deg_8"], "41": ["cc_20", "deg_5"], "20": ["cc_5", "deg_8"], "29": ["cc_0", "deg_4"], "13": ["cc_8", "deg_6"], "6": ["cc_9", "deg_8"], "7": ["cc_4", "deg_7"], "8": ["cc_6", "deg_7"], "16": ["cc_16", "deg_5"], "21": ["cc_3", "deg_7"]}}