{"label": 2, "edges": [[0, 2], [0, 24], [0, 6], [0, 28], [0, 30], [1, 32], [1, 18], [1, 8], [1, 11], [2, 30], [2, 22], [2, 7], [2, 29], [2, 14], [3, 37], [3, 24], [3, 28], [3, 21], [4, 16], [4, 18], [4, 20], [4, 37], [4, 11], [5, 32], [5, 19], [5, 38], [5, 33], [6, 20], [6, 21], [6, 27], [7, 35], [7, 28], [7, 21], [8, 24], [8, 9], [8, 31], [9, 15], [9, 26], [10, 18], [10, 22], [10, 23], [11, 32], [11, 25], [12, 30], [12, 22], [12, 31], [13, 33], [13, 14], [13, 15], [14, 16], [15, 35], [15, 38], [15, 23], [16, 37], [16, 25], [17, 28], [17, 22], [18, 36], [18, 26], [19, 33], [19, 24], [20, 27], [20, 22], [23, 33], [23, 34], [23, 35], [23, 27], [23, 30], [24, 33], [24, 31], [25, 33], [26, 27], [26, 29], [27, 32], [27, 33], [29, 34], [35, 36], [36, 38]], "features": {"27": ["cc_4", "deg_6"], "22": ["cc_0", "deg_5"], "32": ["cc_5", "deg_4"], "15": ["cc_3", "deg_5"], "4": ["cc_3", "deg_5"], "33": ["cc_4", "deg_7"], "35": ["cc_5", "deg_4"], "30": ["cc_5", "deg_4"], "0": ["cc_3", "deg_5"], "2": ["cc_2", "deg_6"], "6": ["cc_5", "deg_4"], "18": ["cc_0", "deg_5"], "5": ["cc_5", "deg_4"], "10": ["cc_0", "deg_3"], "14": ["cc_0", "deg_3"], "1": ["cc_5", "deg_4"], "29": ["cc_0", "deg_3"], "37": ["cc_11", "deg_3"], "8": ["cc_5", "deg_4"], "20": ["cc_5", "deg_4"], "26": ["cc_0", "deg_4"], "3": ["cc_0", "deg_4"], "11": ["cc_5", "deg_4"], "28": ["cc_0", "deg_4"], "23": ["cc_3", "deg_7"], "19": ["cc_22", "deg_3"], "36": ["cc_0", "deg_3"], "38": ["cc_0", "deg_3"], "34": ["cc_0", "deg_2"], "13": ["cc_0", "deg_3"], "16": ["cc_5", "deg_4"], "7": ["cc_0", "deg_4"], "17": ["cc_0", "deg_2"], "12": ["cc_0", "deg_3"], "31": ["cc_11", "deg_3"], "25": ["cc_0", "deg_3"], "24": ["cc_4", "deg_6"], "9": ["cc_0", "deg_3"], "21": ["cc_0", "deg_3"]}}