{"label": 2, "features": {"68": ["cc_2", "deg_6"], "21": ["cc_0", "deg_2"], "34": ["cc_2", "deg_6"], "58": ["cc_0", "deg_2"], "69": ["cc_0", "deg_5"], "42": ["cc_0", "deg_4"], "12": ["cc_5", "deg_4"], "66": ["cc_5", "deg_4"], "5": ["cc_0", "deg_4"], "61": ["cc_0", "deg_3"], "51": ["cc_0", "deg_3"], "24": ["cc_11", "deg_3"], "56": ["cc_1", "deg_7"], "55": ["cc_0", "deg_2"], "17": ["cc_0", "deg_3"], "22": ["cc_0", "deg_3"], "74": ["cc_0", "deg_4"], "59": ["cc_0", "deg_6"], "46": ["cc_0", "deg_3"], "37": ["cc_5", "deg_4"], "38": ["cc_0", "deg_2"], "81": ["cc_0", "deg_6"], "35": ["cc_11", "deg_3"], "47": ["cc_0", "deg_5"], "16": ["cc_0", "deg_7"], "65": ["cc_4", "deg_6"], "23": ["cc_0", "deg_3"], "7": ["cc_11", "deg_3"], "82": ["cc_0", "deg_4"], "29": ["cc_0", "deg_6"], "13": ["cc_0", "deg_2"], "6": ["cc_0", "deg_3"], "30": ["cc_0", "deg_3"], "14": ["cc_0", "deg_2"], "40": ["cc_3", "deg_5"], "33": ["cc_0", "deg_3"], "73": ["cc_0", "deg_6"], "76": ["cc_0", "deg_4"], "8": ["cc_0", "deg_4"], "44": ["cc_3", "deg_7"], "26": ["cc_0", "deg_4"], "43": ["cc_0", "deg_3"], "57": ["cc_0", "deg_4"], "20": ["cc_0", "deg_4"], "80": ["cc_0", "deg_5"], "70": ["cc_0", "deg_3"], "84": ["cc_0", "deg_7"], "53": ["cc_0", "deg_3"], "1": ["cc_11", "deg_3"], "54": ["cc_5", "deg_4"], "41": ["cc_0", "deg_3"], "4": ["cc_0", "deg_4"], "39": ["cc_0", "deg_2"], "28": ["cc_0", "deg_3"], "25": ["cc_0", "deg_2"], "78": ["cc_0", "deg_2"], "3": ["cc_0", "deg_2"], "64": ["cc_0", "deg_4"], "72": ["cc_0", "deg_4"], "19": ["cc_0", "deg_6"], "62": ["cc_0", "deg_4"], "11": ["cc_11", "deg_3"], "18": ["cc_5", "deg_4"], "67": ["cc_0", "deg_4"], "2": ["cc_5", "deg_4"], "9": ["cc_0", "deg_4"], "27": ["cc_0", "deg_5"], "15": ["cc_0", "deg_3"], "71": ["cc_1", "deg_7"], "0": ["cc_0", "deg_2"], "63": ["cc_0", "deg_6"], "32": ["cc_0", "deg_3"], "45": ["cc_0", "deg_3"], "36": ["cc_0", "deg_3"], "83": ["cc_0", "deg_7"], "48": ["cc_0", "deg_2"], "79": ["cc_0", "deg_5"], "77": ["cc_0", "deg_4"], "10": ["cc_0", "deg_5"], "85": ["cc_0", "deg_4"], "31": ["cc_0", "deg_6"], "75": ["cc_0", "deg_3"], "50": ["cc_0", "deg_8"], "60": ["cc_0", "deg_4"], "52": ["cc_0", "deg_4"], "49": ["cc_11", "deg_3"]}, "edges": [[0, 17], [0, 12], [1, 50], [1, 34], [1, 54], [2, 44], [2, 66], [2, 75], [2, 52], [3, 50], [3, 63], [4, 8], [4, 9], [4, 34], [4, 67], [5, 8], [5, 20], [5, 6], [5, 63], [6, 82], [6, 36], [7, 35], [7, 68], [7, 26], [8, 17], [8, 31], [9, 19], [9, 36], [9, 15], [10, 16], [10, 85], [10, 71], [10, 41], [10, 79], [11, 64], [11, 37], [11, 71], [12, 65], [12, 44], [12, 46], [13, 65], [13, 22], [14, 35], [14, 69], [15, 74], [15, 79], [16, 64], [16, 48], [16, 68], [16, 69], [16, 72], [16, 84], [17, 71], [18, 56], [18, 72], [18, 68], [18, 24], [19, 51], [19, 40], [19, 42], [19, 69], [19, 47], [20, 81], [20, 34], [20, 47], [21, 79], [21, 27], [22, 34], [22, 73], [23, 68], [23, 52], [23, 43], [24, 56], [24, 43], [25, 76], [25, 29], [26, 50], [26, 67], [26, 31], [27, 49], [27, 82], [27, 76], [27, 61], [28, 80], [28, 57], [28, 79], [29, 48], [29, 53], [29, 44], [29, 78], [29, 85], [30, 84], [30, 73], [30, 36], [31, 40], [31, 34], [31, 53], [31, 70], [32, 80], [32, 59], [32, 62], [33, 83], [33, 77], [33, 63], [34, 54], [35, 68], [37, 80], [37, 68], [37, 71], [38, 83], [38, 54], [39, 70], [39, 71], [40, 49], [40, 83], [40, 65], [41, 63], [41, 73], [42, 50], [42, 85], [42, 82], [43, 80], [44, 65], [44, 67], [44, 60], [44, 66], [45, 50], [45, 59], [45, 60], [46, 84], [46, 56], [47, 50], [47, 55], [47, 84], [49, 65], [50, 83], [50, 62], [51, 73], [51, 52], [52, 56], [53, 61], [54, 76], [55, 74], [56, 64], [56, 71], [56, 63], [57, 83], [57, 74], [57, 77], [58, 73], [58, 69], [59, 83], [59, 70], [59, 72], [59, 74], [60, 64], [60, 63], [61, 72], [62, 69], [62, 81], [65, 75], [66, 80], [66, 81], [67, 76], [71, 82], [73, 85], [75, 81], [77, 79], [77, 81], [78, 84], [81, 84], [83, 84]]}