{"label": 0, "edges": [[0, 1], [0, 2], [0, 3], [0, 97], [0, 95], [1, 97], [1, 2], [1, 3], [1, 4], [1, 96], [1, 13], [2, 3], [2, 4], [2, 5], [2, 97], [3, 5], [3, 6], [3, 24], [3, 53], [4, 70], [4, 6], [4, 24], [5, 6], [5, 7], [5, 8], [5, 25], [6, 7], [6, 8], [6, 9], [7, 8], [7, 9], [7, 10], [8, 9], [8, 10], [8, 11], [9, 10], [9, 11], [9, 12], [10, 11], [10, 12], [10, 13], [11, 12], [11, 13], [11, 14], [12, 59], [12, 74], [12, 13], [12, 14], [12, 15], [13, 53], [13, 15], [14, 16], [14, 17], [14, 46], [15, 16], [15, 18], [15, 85], [15, 23], [16, 17], [16, 18], [16, 19], [17, 18], [17, 19], [17, 20], [18, 19], [18, 20], [18, 21], [18, 36], [19, 20], [19, 21], [19, 22], [20, 21], [20, 22], [20, 23], [20, 79], [21, 22], [21, 23], [21, 24], [22, 66], [22, 23], [22, 24], [22, 25], [22, 30], [23, 24], [23, 25], [23, 75], [24, 25], [24, 27], [25, 26], [25, 28], [26, 36], [26, 28], [26, 29], [27, 28], [27, 29], [27, 30], [28, 29], [28, 30], [28, 31], [29, 32], [29, 83], [29, 30], [29, 31], [30, 32], [30, 33], [30, 41], [31, 33], [31, 34], [31, 36], [32, 33], [32, 34], [32, 35], [33, 34], [33, 35], [33, 36], [34, 35], [34, 36], [34, 37], [34, 46], [35, 36], [35, 37], [35, 38], [36, 39], [36, 79], [37, 38], [37, 39], [37, 40], [37, 47], [38, 39], [38, 40], [38, 41], [39, 40], [39, 41], [39, 42], [40, 41], [40, 42], [40, 43], [41, 43], [41, 44], [42, 43], [42, 44], [42, 45], [43, 49], [43, 44], [43, 45], [43, 46], [44, 45], [44, 46], [44, 47], [45, 48], [45, 46], [45, 47], [46, 48], [46, 49], [47, 48], [47, 49], [48, 49], [48, 50], [48, 51], [49, 80], [49, 50], [50, 51], [50, 52], [50, 53], [51, 52], [51, 53], [51, 54], [52, 53], [52, 54], [52, 55], [53, 54], [53, 55], [53, 56], [54, 55], [54, 56], [54, 57], [55, 56], [55, 57], [55, 58], [56, 57], [56, 58], [56, 59], [57, 58], [57, 59], [57, 60], [58, 59], [58, 60], [58, 61], [59, 60], [59, 62], [60, 81], [60, 61], [60, 62], [60, 63], [61, 64], [61, 86], [61, 62], [61, 63], [62, 64], [62, 65], [62, 63], [63, 65], [63, 66], [63, 71], [64, 65], [64, 66], [64, 67], [65, 66], [65, 67], [65, 68], [66, 67], [66, 69], [67, 69], [67, 70], [67, 73], [68, 69], [68, 70], [68, 71], [69, 96], [69, 70], [69, 71], [69, 72], [70, 71], [70, 72], [70, 73], [71, 72], [71, 73], [71, 74], [72, 73], [72, 74], [72, 75], [73, 74], [73, 75], [73, 76], [73, 90], [74, 75], [74, 76], [75, 92], [75, 76], [76, 77], [76, 78], [76, 79], [77, 80], [77, 78], [77, 79], [78, 80], [78, 81], [78, 79], [79, 81], [79, 82], [80, 81], [80, 82], [80, 83], [81, 82], [81, 83], [82, 83], [82, 84], [82, 85], [83, 85], [83, 86], [84, 85], [84, 86], [84, 87], [85, 86], [85, 87], [85, 88], [86, 87], [86, 89], [87, 88], [87, 89], [87, 90], [87, 95], [88, 89], [88, 90], [88, 91], [89, 90], [89, 91], [89, 92], [90, 92], [90, 93], [91, 92], [91, 93], [91, 94], [92, 93], [92, 94], [92, 95], [93, 96], [93, 94], [93, 95], [94, 96], [94, 97], [94, 95], [95, 96], [96, 97]], "features": {"27": ["cc_16", "deg_4"], "35": ["cc_15", "deg_6"], "43": ["cc_14", "deg_7"], "47": ["cc_10", "deg_5"], "56": ["cc_20", "deg_6"], "23": ["cc_11", "deg_7"], "9": ["cc_20", "deg_6"], "94": ["cc_17", "deg_6"], "0": ["cc_16", "deg_5"], "6": ["cc_13", "deg_6"], "18": ["cc_12", "deg_7"], "14": ["cc_6", "deg_5"], "38": ["cc_20", "deg_5"], "82": ["cc_13", "deg_6"], "68": ["cc_16", "deg_4"], "51": ["cc_20", "deg_5"], "77": ["cc_22", "deg_4"], "19": ["cc_20", "deg_6"], "34": ["cc_12", "deg_7"], "75": ["cc_11", "deg_6"], "11": ["cc_17", "deg_6"], "88": ["cc_16", "deg_5"], "17": ["cc_20", "deg_5"], "25": ["cc_8", "deg_6"], "24": ["cc_7", "deg_7"], "70": ["cc_14", "deg_7"], "15": ["cc_4", "deg_6"], "62": ["cc_15", "deg_6"], "40": ["cc_17", "deg_6"], "30": ["cc_7", "deg_7"], "31": ["cc_13", "deg_5"], "66": ["cc_11", "deg_6"], "36": ["cc_5", "deg_8"], "57": ["cc_20", "deg_6"], "10": ["cc_20", "deg_6"], "49": ["cc_8", "deg_6"], "1": ["cc_11", "deg_7"], "46": ["cc_9", "deg_7"], "60": ["cc_12", "deg_7"], "41": ["cc_11", "deg_6"], "29": ["cc_9", "deg_7"], "97": ["cc_16", "deg_5"], "74": ["cc_15", "deg_6"], "13": ["cc_8", "deg_6"], "2": ["cc_15", "deg_6"], "7": ["cc_23", "deg_5"], "84": ["cc_22", "deg_4"], "79": ["cc_7", "deg_7"], "90": ["cc_11", "deg_6"], "32": ["cc_16", "deg_5"], "33": ["cc_17", "deg_6"], "55": ["cc_20", "deg_6"], "48": ["cc_13", "deg_6"], "85": ["cc_11", "deg_7"], "5": ["cc_11", "deg_6"], "80": ["cc_11", "deg_6"], "81": ["cc_13", "deg_6"], "86": ["cc_11", "deg_6"], "87": ["cc_12", "deg_7"], "44": ["cc_15", "deg_6"], "39": ["cc_13", "deg_6"], "3": ["cc_7", "deg_7"], "92": ["cc_12", "deg_7"], "28": ["cc_13", "deg_6"], "83": ["cc_11", "deg_6"], "76": ["cc_13", "deg_6"], "72": ["cc_20", "deg_6"], "96": ["cc_11", "deg_6"], "89": ["cc_15", "deg_6"], "12": ["cc_8", "deg_8"], "59": ["cc_13", "deg_6"], "69": ["cc_11", "deg_7"], "22": ["cc_10", "deg_8"], "50": ["cc_16", "deg_5"], "71": ["cc_14", "deg_7"], "4": ["cc_3", "deg_5"], "78": ["cc_20", "deg_5"], "91": ["cc_16", "deg_5"], "45": ["cc_17", "deg_6"], "42": ["cc_16", "deg_5"], "21": ["cc_20", "deg_6"], "8": ["cc_20", "deg_6"], "53": ["cc_10", "deg_8"], "67": ["cc_13", "deg_6"], "37": ["cc_11", "deg_6"], "95": ["cc_11", "deg_6"], "20": ["cc_14", "deg_7"], "26": ["cc_11", "deg_4"], "93": ["cc_17", "deg_6"], "52": ["cc_23", "deg_5"], "58": ["cc_17", "deg_6"], "63": ["cc_11", "deg_6"], "64": ["cc_16", "deg_5"], "54": ["cc_20", "deg_6"], "65": ["cc_13", "deg_6"], "61": ["cc_11", "deg_6"], "16": ["cc_16", "deg_5"], "73": ["cc_11", "deg_8"]}}