{"label": 0, "edges": [[0, 1], [0, 2], [0, 3], [0, 40], [0, 76], [0, 77], [0, 78], [1, 2], [1, 3], [1, 4], [1, 21], [1, 55], [1, 46], [1, 77], [1, 78], [2, 3], [2, 4], [2, 5], [2, 78], [3, 4], [3, 16], [3, 75], [4, 16], [4, 36], [4, 6], [4, 7], [4, 15], [4, 18], [4, 61], [5, 6], [5, 7], [5, 8], [6, 8], [6, 9], [6, 37], [7, 34], [7, 57], [7, 8], [7, 9], [7, 10], [7, 50], [8, 9], [8, 10], [8, 11], [9, 56], [9, 23], [9, 10], [9, 11], [9, 12], [9, 60], [10, 11], [10, 12], [10, 13], [11, 17], [11, 13], [11, 14], [11, 29], [12, 13], [12, 14], [12, 15], [13, 16], [13, 32], [13, 50], [13, 53], [13, 15], [14, 16], [14, 17], [14, 18], [14, 15], [15, 16], [15, 42], [15, 59], [16, 17], [16, 19], [16, 58], [17, 18], [17, 67], [17, 47], [18, 19], [18, 21], [19, 20], [19, 21], [19, 69], [20, 21], [20, 22], [20, 23], [21, 54], [21, 22], [21, 23], [22, 70], [22, 24], [22, 25], [22, 60], [22, 63], [23, 68], [23, 25], [23, 27], [24, 25], [24, 26], [24, 27], [25, 69], [25, 26], [25, 27], [25, 70], [26, 75], [26, 27], [26, 28], [26, 29], [27, 43], [27, 28], [27, 29], [27, 30], [28, 29], [28, 30], [28, 31], [29, 32], [29, 56], [29, 31], [30, 32], [30, 68], [30, 60], [30, 74], [31, 32], [31, 33], [31, 34], [32, 33], [32, 42], [32, 75], [33, 34], [33, 35], [33, 36], [34, 35], [34, 53], [35, 36], [35, 37], [35, 38], [36, 37], [36, 38], [37, 38], [37, 39], [37, 40], [38, 39], [38, 40], [38, 41], [39, 40], [39, 41], [39, 42], [39, 43], [40, 41], [40, 42], [40, 71], [41, 42], [41, 43], [41, 44], [42, 75], [42, 71], [42, 43], [42, 45], [43, 46], [44, 45], [44, 46], [44, 47], [45, 48], [45, 66], [45, 46], [46, 48], [46, 47], [47, 48], [47, 49], [47, 50], [48, 50], [48, 51], [48, 67], [49, 50], [49, 51], [49, 52], [50, 52], [51, 52], [51, 53], [51, 54], [52, 53], [52, 54], [52, 55], [53, 54], [53, 55], [53, 56], [54, 55], [54, 56], [55, 56], [55, 57], [56, 59], [57, 58], [57, 59], [58, 60], [58, 61], [59, 60], [59, 61], [61, 64], [61, 63], [62, 64], [62, 65], [62, 63], [63, 64], [63, 65], [63, 66], [64, 65], [64, 66], [64, 67], [65, 66], [65, 67], [65, 68], [66, 67], [66, 68], [66, 69], [67, 68], [67, 69], [67, 70], [68, 70], [68, 71], [69, 70], [69, 71], [69, 72], [70, 72], [71, 72], [72, 73], [72, 74], [72, 75], [73, 74], [73, 75], [73, 76], [74, 75], [74, 76], [74, 77], [75, 77], [76, 77], [76, 78], [77, 78]], "features": {"27": ["cc_9", "deg_8"], "35": ["cc_16", "deg_5"], "43": ["cc_10", "deg_5"], "47": ["cc_8", "deg_6"], "32": ["cc_4", "deg_7"], "56": ["cc_6", "deg_6"], "77": ["cc_15", "deg_6"], "9": ["cc_6", "deg_9"], "33": ["cc_13", "deg_5"], "48": ["cc_6", "deg_6"], "55": ["cc_11", "deg_6"], "0": ["cc_14", "deg_7"], "2": ["cc_15", "deg_6"], "18": ["cc_6", "deg_5"], "5": ["cc_11", "deg_4"], "76": ["cc_16", "deg_5"], "14": ["cc_11", "deg_6"], "38": ["cc_17", "deg_6"], "73": ["cc_22", "deg_4"], "44": ["cc_11", "deg_4"], "39": ["cc_20", "deg_6"], "3": ["cc_13", "deg_6"], "68": ["cc_6", "deg_7"], "28": ["cc_16", "deg_5"], "51": ["cc_13", "deg_5"], "23": ["cc_4", "deg_6"], "19": ["cc_6", "deg_5"], "61": ["cc_3", "deg_5"], "34": ["cc_6", "deg_5"], "75": ["cc_5", "deg_8"], "11": ["cc_7", "deg_7"], "72": ["cc_11", "deg_6"], "17": ["cc_6", "deg_6"], "12": ["cc_13", "deg_5"], "25": ["cc_11", "deg_7"], "24": ["cc_22", "deg_4"], "62": ["cc_33", "deg_3"], "59": ["cc_0", "deg_5"], "69": ["cc_7", "deg_7"], "22": ["cc_4", "deg_7"], "60": ["cc_0", "deg_5"], "70": ["cc_11", "deg_6"], "65": ["cc_20", "deg_6"], "71": ["cc_6", "deg_5"], "15": ["cc_7", "deg_7"], "4": ["cc_3", "deg_10"], "78": ["cc_23", "deg_5"], "37": ["cc_13", "deg_6"], "45": ["cc_6", "deg_5"], "42": ["cc_6", "deg_9"], "30": ["cc_2", "deg_6"], "31": ["cc_13", "deg_5"], "66": ["cc_12", "deg_7"], "36": ["cc_13", "deg_5"], "67": ["cc_9", "deg_8"], "57": ["cc_0", "deg_4"], "53": ["cc_11", "deg_7"], "10": ["cc_17", "deg_6"], "49": ["cc_16", "deg_4"], "1": ["cc_8", "deg_9"], "46": ["cc_8", "deg_6"], "26": ["cc_13", "deg_6"], "40": ["cc_12", "deg_7"], "41": ["cc_15", "deg_6"], "20": ["cc_16", "deg_4"], "29": ["cc_7", "deg_7"], "52": ["cc_15", "deg_6"], "58": ["cc_0", "deg_4"], "63": ["cc_13", "deg_6"], "64": ["cc_17", "deg_6"], "74": ["cc_13", "deg_6"], "13": ["cc_4", "deg_8"], "6": ["cc_6", "deg_5"], "7": ["cc_4", "deg_8"], "50": ["cc_6", "deg_6"], "8": ["cc_17", "deg_6"], "16": ["cc_5", "deg_8"], "54": ["cc_15", "deg_6"], "21": ["cc_6", "deg_7"]}}