{"label": 2, "edges": [[0, 48], [0, 2], [0, 6], [0, 9], [1, 65], [1, 34], [1, 37], [1, 70], [1, 63], [1, 47], [1, 66], [2, 16], [2, 3], [2, 49], [2, 42], [3, 51], [3, 54], [3, 77], [3, 62], [4, 12], [4, 10], [5, 17], [5, 18], [5, 6], [5, 15], [5, 31], [6, 7], [6, 59], [7, 9], [7, 27], [7, 61], [8, 17], [8, 68], [8, 70], [8, 10], [8, 12], [9, 77], [10, 64], [10, 72], [10, 56], [10, 42], [10, 31], [11, 65], [11, 51], [11, 59], [12, 14], [13, 72], [13, 75], [14, 53], [14, 39], [14, 73], [14, 15], [15, 50], [16, 57], [16, 27], [16, 38], [17, 51], [18, 33], [18, 28], [19, 21], [19, 55], [19, 75], [20, 48], [20, 35], [20, 54], [20, 22], [21, 71], [21, 22], [21, 23], [22, 33], [22, 49], [22, 26], [23, 34], [23, 35], [23, 40], [23, 28], [24, 35], [24, 53], [24, 25], [24, 45], [25, 26], [25, 52], [26, 41], [27, 64], [27, 29], [28, 36], [29, 69], [29, 31], [30, 50], [30, 53], [30, 70], [30, 43], [32, 33], [32, 50], [33, 68], [33, 37], [34, 35], [36, 71], [36, 59], [37, 39], [37, 69], [38, 79], [38, 39], [39, 40], [39, 61], [40, 64], [40, 71], [40, 77], [41, 56], [41, 58], [41, 43], [42, 44], [43, 69], [43, 73], [43, 59], [44, 61], [44, 46], [45, 52], [45, 46], [46, 51], [46, 74], [46, 62], [46, 63], [47, 73], [48, 60], [49, 67], [49, 70], [50, 70], [50, 55], [51, 59], [51, 53], [51, 73], [52, 53], [53, 64], [54, 58], [55, 65], [55, 57], [55, 77], [56, 64], [57, 58], [57, 74], [57, 78], [58, 70], [60, 76], [60, 61], [61, 79], [61, 62], [62, 64], [62, 63], [63, 72], [64, 72], [65, 66], [65, 67], [66, 67], [66, 76], [67, 70], [68, 70], [73, 75], [75, 77], [78, 79]], "features": {"27": ["cc_0", "deg_4"], "35": ["cc_5", "deg_4"], "43": ["cc_0", "deg_5"], "47": ["cc_0", "deg_2"], "32": ["cc_0", "deg_2"], "56": ["cc_11", "deg_3"], "77": ["cc_0", "deg_5"], "9": ["cc_0", "deg_3"], "33": ["cc_0", "deg_5"], "48": ["cc_0", "deg_3"], "55": ["cc_0", "deg_5"], "0": ["cc_0", "deg_4"], "2": ["cc_0", "deg_5"], "18": ["cc_0", "deg_3"], "5": ["cc_0", "deg_5"], "76": ["cc_0", "deg_2"], "14": ["cc_0", "deg_5"], "38": ["cc_0", "deg_3"], "73": ["cc_0", "deg_5"], "44": ["cc_0", "deg_3"], "39": ["cc_0", "deg_5"], "3": ["cc_0", "deg_5"], "68": ["cc_11", "deg_3"], "28": ["cc_0", "deg_3"], "51": ["cc_1", "deg_7"], "23": ["cc_3", "deg_5"], "19": ["cc_0", "deg_3"], "61": ["cc_0", "deg_6"], "34": ["cc_11", "deg_3"], "75": ["cc_0", "deg_4"], "11": ["cc_11", "deg_3"], "72": ["cc_5", "deg_4"], "17": ["cc_0", "deg_3"], "12": ["cc_0", "deg_3"], "25": ["cc_0", "deg_3"], "24": ["cc_0", "deg_4"], "62": ["cc_3", "deg_5"], "59": ["cc_3", "deg_5"], "69": ["cc_0", "deg_3"], "22": ["cc_0", "deg_5"], "60": ["cc_0", "deg_3"], "70": ["cc_3", "deg_8"], "65": ["cc_6", "deg_5"], "71": ["cc_0", "deg_3"], "15": ["cc_0", "deg_3"], "4": ["cc_0", "deg_2"], "78": ["cc_0", "deg_2"], "37": ["cc_0", "deg_4"], "45": ["cc_0", "deg_3"], "42": ["cc_0", "deg_3"], "30": ["cc_5", "deg_4"], "31": ["cc_0", "deg_3"], "66": ["cc_11", "deg_4"], "36": ["cc_0", "deg_3"], "67": ["cc_11", "deg_4"], "57": ["cc_0", "deg_5"], "53": ["cc_0", "deg_6"], "10": ["cc_3", "deg_7"], "49": ["cc_5", "deg_4"], "1": ["cc_1", "deg_7"], "46": ["cc_2", "deg_6"], "79": ["cc_0", "deg_3"], "26": ["cc_0", "deg_3"], "40": ["cc_0", "deg_5"], "41": ["cc_0", "deg_4"], "20": ["cc_0", "deg_4"], "29": ["cc_0", "deg_3"], "52": ["cc_0", "deg_3"], "58": ["cc_0", "deg_4"], "63": ["cc_5", "deg_4"], "64": ["cc_3", "deg_7"], "74": ["cc_0", "deg_2"], "13": ["cc_0", "deg_2"], "6": ["cc_0", "deg_4"], "7": ["cc_0", "deg_4"], "50": ["cc_3", "deg_5"], "8": ["cc_3", "deg_5"], "16": ["cc_0", "deg_4"], "54": ["cc_0", "deg_3"], "21": ["cc_0", "deg_4"]}}