{"label": 1, "edges": [[0, 34], [0, 1], [0, 2], [0, 3], [0, 14], [0, 33], [0, 42], [0, 77], [0, 78], [1, 2], [1, 3], [1, 30], [1, 78], [2, 30], [2, 4], [2, 22], [2, 20], [2, 58], [3, 4], [3, 5], [3, 6], [3, 29], [4, 64], [4, 5], [4, 6], [4, 61], [5, 32], [5, 19], [5, 7], [5, 8], [6, 50], [6, 21], [6, 7], [6, 8], [6, 13], [6, 45], [6, 63], [7, 8], [7, 9], [8, 64], [8, 47], [8, 10], [8, 31], [9, 54], [9, 10], [9, 27], [9, 12], [9, 46], [10, 11], [10, 12], [10, 13], [11, 51], [11, 63], [11, 12], [11, 13], [11, 14], [11, 31], [12, 49], [12, 59], [12, 15], [13, 16], [13, 14], [13, 15], [14, 64], [14, 51], [14, 21], [14, 39], [14, 73], [14, 29], [15, 33], [15, 18], [15, 66], [15, 71], [15, 58], [16, 17], [16, 54], [16, 38], [16, 72], [16, 46], [17, 35], [17, 18], [17, 46], [17, 24], [17, 58], [17, 69], [18, 66], [18, 20], [18, 72], [18, 52], [18, 29], [19, 48], [19, 22], [19, 42], [20, 43], [20, 21], [20, 75], [21, 53], [21, 54], [21, 23], [22, 68], [22, 54], [22, 23], [22, 25], [22, 61], [22, 62], [23, 33], [23, 55], [23, 24], [24, 67], [24, 43], [24, 68], [24, 26], [24, 63], [25, 26], [25, 27], [25, 42], [26, 68], [26, 27], [26, 28], [26, 29], [26, 60], [27, 56], [27, 67], [27, 69], [27, 29], [28, 52], [28, 29], [28, 31], [29, 30], [30, 32], [30, 33], [31, 69], [31, 38], [31, 59], [32, 33], [32, 42], [32, 69], [33, 50], [33, 43], [33, 67], [34, 36], [34, 37], [34, 78], [35, 38], [35, 58], [35, 62], [36, 49], [36, 38], [36, 39], [36, 57], [36, 60], [36, 46], [37, 70], [37, 38], [37, 39], [37, 40], [37, 57], [37, 41], [38, 55], [38, 72], [38, 41], [39, 55], [39, 40], [39, 42], [39, 76], [40, 68], [40, 41], [40, 43], [40, 47], [41, 69], [41, 42], [41, 43], [42, 76], [42, 44], [43, 71], [44, 55], [44, 45], [44, 46], [45, 48], [45, 56], [45, 78], [46, 65], [46, 74], [46, 77], [47, 50], [47, 66], [48, 51], [48, 69], [48, 76], [49, 65], [49, 50], [49, 75], [50, 51], [50, 53], [51, 55], [51, 78], [52, 53], [52, 76], [53, 55], [53, 56], [54, 71], [55, 56], [55, 76], [56, 57], [56, 59], [57, 59], [57, 60], [58, 60], [59, 64], [59, 70], [59, 60], [59, 61], [60, 70], [60, 61], [60, 77], [61, 75], [61, 62], [62, 64], [62, 65], [63, 65], [64, 65], [64, 67], [65, 68], [66, 69], [67, 73], [71, 72], [71, 74], [72, 73], [72, 75], [73, 75], [74, 75], [74, 76], [74, 77], [75, 77], [75, 78], [76, 78], [77, 78]], "features": {"27": ["cc_3", "deg_7"], "35": ["cc_5", "deg_4"], "43": ["cc_2", "deg_6"], "47": ["cc_0", "deg_4"], "32": ["cc_3", "deg_5"], "56": ["cc_4", "deg_6"], "77": ["cc_8", "deg_6"], "9": ["cc_2", "deg_6"], "33": ["cc_1", "deg_8"], "48": ["cc_0", "deg_5"], "55": ["cc_2", "deg_8"], "0": ["cc_4", "deg_9"], "2": ["cc_3", "deg_7"], "18": ["cc_1", "deg_7"], "5": ["cc_4", "deg_6"], "76": ["cc_3", "deg_7"], "14": ["cc_1", "deg_9"], "38": ["cc_2", "deg_8"], "73": ["cc_5", "deg_4"], "44": ["cc_0", "deg_4"], "39": ["cc_4", "deg_7"], "3": ["cc_6", "deg_6"], "68": ["cc_3", "deg_5"], "28": ["cc_5", "deg_4"], "51": ["cc_2", "deg_6"], "23": ["cc_0", "deg_5"], "19": ["cc_0", "deg_4"], "61": ["cc_4", "deg_6"], "34": ["cc_5", "deg_4"], "75": ["cc_3", "deg_8"], "11": ["cc_6", "deg_7"], "72": ["cc_4", "deg_6"], "17": ["cc_3", "deg_7"], "12": ["cc_4", "deg_6"], "25": ["cc_5", "deg_4"], "24": ["cc_1", "deg_7"], "62": ["cc_6", "deg_5"], "59": ["cc_4", "deg_8"], "69": ["cc_0", "deg_7"], "22": ["cc_1", "deg_8"], "60": ["cc_4", "deg_8"], "70": ["cc_11", "deg_3"], "65": ["cc_2", "deg_6"], "71": ["cc_0", "deg_5"], "15": ["cc_1", "deg_7"], "4": ["cc_4", "deg_6"], "78": ["cc_4", "deg_8"], "37": ["cc_4", "deg_7"], "45": ["cc_0", "deg_5"], "42": ["cc_1", "deg_8"], "30": ["cc_6", "deg_5"], "31": ["cc_0", "deg_6"], "66": ["cc_5", "deg_4"], "36": ["cc_1", "deg_7"], "67": ["cc_0", "deg_5"], "57": ["cc_10", "deg_5"], "53": ["cc_3", "deg_5"], "10": ["cc_10", "deg_5"], "49": ["cc_0", "deg_5"], "1": ["cc_13", "deg_5"], "46": ["cc_2", "deg_8"], "26": ["cc_6", "deg_7"], "40": ["cc_6", "deg_6"], "41": ["cc_6", "deg_6"], "20": ["cc_0", "deg_5"], "29": ["cc_3", "deg_7"], "52": ["cc_0", "deg_4"], "58": ["cc_3", "deg_5"], "63": ["cc_0", "deg_4"], "64": ["cc_1", "deg_7"], "74": ["cc_6", "deg_5"], "13": ["cc_4", "deg_6"], "6": ["cc_1", "deg_9"], "7": ["cc_11", "deg_4"], "50": ["cc_0", "deg_6"], "8": ["cc_3", "deg_7"], "16": ["cc_4", "deg_6"], "54": ["cc_0", "deg_5"], "21": ["cc_0", "deg_6"]}}