{"label": 1, "edges": [[0, 1], [0, 2], [0, 37], [0, 53], [1, 3], [1, 4], [1, 11], [1, 79], [2, 5], [2, 57], [2, 26], [2, 85], [3, 4], [3, 25], [3, 73], [4, 5], [4, 6], [4, 71], [4, 18], [5, 6], [5, 8], [5, 15], [6, 32], [6, 7], [6, 8], [6, 9], [7, 17], [7, 52], [7, 9], [7, 45], [8, 51], [8, 10], [8, 11], [9, 40], [9, 10], [9, 12], [9, 26], [10, 65], [10, 62], [10, 12], [10, 14], [11, 54], [11, 24], [11, 12], [11, 14], [12, 73], [12, 14], [12, 15], [13, 16], [13, 38], [13, 14], [13, 15], [14, 34], [14, 68], [14, 28], [15, 48], [15, 35], [15, 19], [16, 17], [16, 18], [16, 56], [17, 32], [17, 18], [17, 20], [18, 21], [18, 23], [18, 44], [19, 21], [19, 22], [19, 26], [19, 54], [19, 77], [20, 67], [20, 85], [20, 22], [20, 23], [20, 56], [20, 57], [20, 79], [21, 80], [21, 36], [21, 22], [21, 23], [21, 83], [21, 25], [21, 27], [21, 45], [22, 23], [22, 25], [23, 68], [23, 34], [23, 24], [23, 25], [23, 26], [24, 25], [24, 26], [24, 27], [24, 60], [24, 42], [24, 63], [25, 49], [25, 73], [25, 65], [26, 64], [26, 41], [26, 28], [26, 29], [27, 48], [27, 28], [27, 29], [27, 31], [28, 43], [28, 40], [28, 29], [28, 31], [29, 62], [29, 30], [29, 31], [30, 80], [30, 33], [30, 55], [30, 31], [31, 32], [31, 33], [32, 57], [32, 79], [33, 34], [33, 35], [33, 36], [33, 70], [33, 50], [34, 37], [34, 40], [35, 36], [35, 37], [35, 38], [36, 38], [36, 54], [36, 77], [36, 62], [37, 59], [37, 38], [37, 39], [37, 58], [37, 71], [37, 61], [38, 64], [38, 67], [38, 39], [38, 73], [38, 81], [38, 52], [39, 40], [39, 42], [39, 69], [39, 85], [40, 42], [40, 46], [41, 55], [41, 42], [41, 44], [42, 43], [42, 44], [43, 44], [43, 46], [44, 45], [44, 46], [45, 74], [45, 46], [46, 49], [46, 79], [46, 47], [47, 48], [47, 50], [47, 51], [47, 57], [48, 50], [48, 82], [48, 53], [48, 52], [49, 52], [49, 72], [49, 60], [50, 51], [50, 57], [51, 52], [51, 53], [51, 54], [52, 55], [53, 54], [53, 55], [54, 55], [55, 71], [55, 56], [55, 58], [56, 58], [56, 59], [57, 58], [57, 60], [58, 59], [58, 61], [59, 84], [59, 60], [59, 61], [59, 62], [60, 72], [60, 63], [61, 64], [61, 84], [61, 78], [62, 64], [63, 64], [63, 66], [63, 74], [64, 66], [64, 67], [64, 78], [65, 66], [65, 67], [65, 78], [66, 67], [66, 68], [66, 72], [67, 69], [67, 70], [68, 70], [68, 71], [68, 72], [69, 75], [69, 70], [69, 71], [69, 74], [70, 71], [70, 72], [71, 74], [72, 73], [72, 75], [73, 74], [73, 76], [74, 81], [74, 76], [75, 76], [75, 77], [76, 77], [76, 78], [76, 79], [77, 78], [78, 81], [78, 79], [79, 82], [80, 83], [81, 82], [81, 84], [82, 84], [82, 85], [83, 84], [83, 85], [84, 85]], "features": {"27": ["cc_6", "deg_6"], "35": ["cc_10", "deg_5"], "43": ["cc_11", "deg_4"], "47": ["cc_10", "deg_5"], "56": ["cc_6", "deg_5"], "23": ["cc_6", "deg_9"], "9": ["cc_4", "deg_6"], "0": ["cc_0", "deg_4"], "6": ["cc_6", "deg_6"], "18": ["cc_4", "deg_6"], "14": ["cc_3", "deg_7"], "38": ["cc_2", "deg_10"], "82": ["cc_6", "deg_5"], "68": ["cc_6", "deg_6"], "51": ["cc_4", "deg_6"], "77": ["cc_6", "deg_5"], "19": ["cc_2", "deg_6"], "34": ["cc_0", "deg_5"], "75": ["cc_5", "deg_4"], "11": ["cc_2", "deg_6"], "17": ["cc_3", "deg_5"], "25": ["cc_5", "deg_8"], "24": ["cc_3", "deg_8"], "70": ["cc_8", "deg_6"], "15": ["cc_0", "deg_6"], "62": ["cc_0", "deg_5"], "40": ["cc_2", "deg_6"], "30": ["cc_6", "deg_5"], "31": ["cc_11", "deg_6"], "66": ["cc_8", "deg_6"], "36": ["cc_3", "deg_7"], "57": ["cc_1", "deg_7"], "10": ["cc_4", "deg_6"], "49": ["cc_3", "deg_5"], "1": ["cc_3", "deg_5"], "46": ["cc_3", "deg_7"], "60": ["cc_4", "deg_6"], "41": ["cc_5", "deg_4"], "29": ["cc_11", "deg_6"], "74": ["cc_3", "deg_7"], "13": ["cc_0", "deg_4"], "2": ["cc_0", "deg_5"], "7": ["cc_3", "deg_5"], "84": ["cc_8", "deg_6"], "79": ["cc_1", "deg_7"], "32": ["cc_0", "deg_5"], "33": ["cc_3", "deg_7"], "55": ["cc_2", "deg_8"], "48": ["cc_1", "deg_7"], "85": ["cc_4", "deg_6"], "5": ["cc_6", "deg_5"], "80": ["cc_11", "deg_3"], "81": ["cc_3", "deg_5"], "44": ["cc_8", "deg_6"], "39": ["cc_4", "deg_6"], "3": ["cc_11", "deg_4"], "28": ["cc_6", "deg_7"], "83": ["cc_11", "deg_4"], "76": ["cc_8", "deg_6"], "72": ["cc_4", "deg_7"], "12": ["cc_6", "deg_6"], "59": ["cc_7", "deg_7"], "69": ["cc_6", "deg_6"], "22": ["cc_16", "deg_5"], "50": ["cc_10", "deg_5"], "71": ["cc_4", "deg_7"], "4": ["cc_4", "deg_6"], "78": ["cc_4", "deg_7"], "45": ["cc_3", "deg_5"], "42": ["cc_6", "deg_6"], "21": ["cc_4", "deg_10"], "8": ["cc_3", "deg_5"], "53": ["cc_6", "deg_5"], "67": ["cc_6", "deg_7"], "37": ["cc_4", "deg_9"], "20": ["cc_1", "deg_8"], "26": ["cc_1", "deg_9"], "52": ["cc_0", "deg_6"], "58": ["cc_11", "deg_6"], "63": ["cc_6", "deg_5"], "64": ["cc_4", "deg_8"], "54": ["cc_4", "deg_6"], "65": ["cc_3", "deg_5"], "61": ["cc_11", "deg_6"], "16": ["cc_5", "deg_4"], "73": ["cc_3", "deg_7"]}}