{"label": 2, "features": {"68": ["cc_0", "deg_4"], "21": ["cc_0", "deg_4"], "34": ["cc_0", "deg_4"], "58": ["cc_6", "deg_5"], "69": ["cc_1", "deg_8"], "42": ["cc_5", "deg_8"], "12": ["cc_2", "deg_6"], "66": ["cc_0", "deg_5"], "5": ["cc_0", "deg_7"], "61": ["cc_0", "deg_4"], "51": ["cc_3", "deg_9"], "24": ["cc_0", "deg_6"], "56": ["cc_0", "deg_6"], "55": ["cc_0", "deg_3"], "17": ["cc_3", "deg_7"], "22": ["cc_0", "deg_4"], "74": ["cc_0", "deg_6"], "59": ["cc_5", "deg_4"], "46": ["cc_3", "deg_7"], "37": ["cc_0", "deg_4"], "38": ["cc_3", "deg_5"], "81": ["cc_0", "deg_5"], "35": ["cc_1", "deg_7"], "47": ["cc_0", "deg_3"], "16": ["cc_4", "deg_6"], "65": ["cc_4", "deg_7"], "23": ["cc_0", "deg_4"], "7": ["cc_0", "deg_4"], "82": ["cc_2", "deg_8"], "29": ["cc_6", "deg_5"], "13": ["cc_0", "deg_5"], "6": ["cc_1", "deg_7"], "30": ["cc_0", "deg_7"], "14": ["cc_4", "deg_6"], "40": ["cc_3", "deg_5"], "33": ["cc_0", "deg_5"], "73": ["cc_0", "deg_4"], "76": ["cc_3", "deg_9"], "8": ["cc_1", "deg_7"], "44": ["cc_0", "deg_6"], "26": ["cc_0", "deg_6"], "43": ["cc_1", "deg_7"], "57": ["cc_4", "deg_8"], "20": ["cc_0", "deg_4"], "80": ["cc_0", "deg_8"], "70": ["cc_11", "deg_4"], "84": ["cc_2", "deg_10"], "53": ["cc_0", "deg_4"], "1": ["cc_2", "deg_6"], "54": ["cc_4", "deg_9"], "41": ["cc_2", "deg_6"], "4": ["cc_0", "deg_5"], "39": ["cc_2", "deg_6"], "28": ["cc_0", "deg_5"], "25": ["cc_1", "deg_8"], "78": ["cc_3", "deg_5"], "3": ["cc_3", "deg_5"], "64": ["cc_2", "deg_6"], "72": ["cc_0", "deg_3"], "87": ["cc_0", "deg_5"], "19": ["cc_4", "deg_6"], "86": ["cc_4", "deg_7"], "62": ["cc_0", "deg_4"], "11": ["cc_1", "deg_7"], "18": ["cc_0", "deg_7"], "67": ["cc_2", "deg_6"], "2": ["cc_0", "deg_4"], "9": ["cc_3", "deg_5"], "27": ["cc_4", "deg_7"], "15": ["cc_2", "deg_6"], "71": ["cc_5", "deg_8"], "88": ["cc_0", "deg_7"], "0": ["cc_3", "deg_8"], "63": ["cc_2", "deg_6"], "32": ["cc_0", "deg_5"], "45": ["cc_4", "deg_6"], "36": ["cc_3", "deg_5"], "83": ["cc_0", "deg_6"], "48": ["cc_2", "deg_8"], "79": ["cc_1", "deg_7"], "77": ["cc_3", "deg_9"], "10": ["cc_0", "deg_6"], "85": ["cc_4", "deg_6"], "31": ["cc_0", "deg_6"], "75": ["cc_10", "deg_5"], "50": ["cc_2", "deg_10"], "60": ["cc_3", "deg_7"], "52": ["cc_0", "deg_4"], "49": ["cc_2", "deg_10"]}, "edges": [[0, 49], [0, 50], [0, 3], [0, 86], [0, 26], [0, 43], [0, 77], [0, 59], [1, 48], [1, 16], [1, 73], [1, 28], [1, 44], [1, 63], [2, 84], [2, 69], [2, 86], [2, 25], [3, 32], [3, 84], [3, 42], [3, 46], [4, 35], [4, 5], [4, 12], [4, 61], [4, 79], [5, 7], [5, 8], [5, 41], [5, 75], [5, 15], [5, 47], [6, 88], [6, 67], [6, 38], [6, 8], [6, 9], [6, 79], [6, 63], [7, 66], [7, 27], [7, 14], [8, 64], [8, 17], [8, 11], [8, 13], [8, 79], [9, 82], [9, 84], [9, 42], [9, 62], [10, 24], [10, 66], [10, 19], [10, 83], [10, 28], [10, 71], [11, 72], [11, 84], [11, 86], [11, 25], [11, 43], [11, 12], [12, 76], [12, 19], [12, 20], [12, 60], [13, 69], [13, 88], [13, 72], [13, 74], [14, 16], [14, 35], [14, 65], [14, 57], [14, 15], [15, 16], [15, 38], [15, 32], [15, 54], [16, 88], [16, 74], [16, 63], [17, 46], [17, 49], [17, 18], [17, 51], [17, 56], [17, 60], [18, 34], [18, 84], [18, 33], [18, 23], [18, 74], [18, 39], [19, 80], [19, 34], [19, 48], [19, 76], [20, 22], [20, 47], [20, 79], [21, 33], [21, 69], [21, 39], [21, 29], [22, 49], [22, 87], [22, 25], [23, 51], [23, 24], [23, 25], [24, 48], [24, 82], [24, 43], [24, 62], [25, 36], [25, 57], [25, 67], [25, 79], [26, 87], [26, 76], [26, 28], [26, 46], [26, 61], [27, 65], [27, 41], [27, 38], [27, 76], [27, 75], [27, 60], [28, 51], [28, 56], [29, 51], [29, 54], [29, 57], [29, 30], [30, 32], [30, 33], [30, 66], [30, 35], [30, 81], [30, 31], [31, 65], [31, 88], [31, 56], [31, 76], [31, 43], [32, 37], [32, 73], [33, 80], [33, 50], [34, 81], [34, 40], [35, 50], [35, 54], [35, 71], [35, 59], [36, 83], [36, 49], [36, 57], [36, 58], [37, 39], [37, 40], [37, 61], [38, 65], [38, 45], [39, 68], [39, 41], [39, 45], [40, 50], [40, 67], [40, 42], [41, 67], [41, 43], [41, 45], [42, 49], [42, 82], [42, 54], [42, 71], [42, 46], [43, 73], [43, 84], [44, 78], [44, 72], [44, 58], [44, 59], [44, 46], [45, 50], [45, 52], [45, 57], [46, 71], [46, 69], [47, 49], [48, 51], [48, 74], [48, 76], [48, 49], [48, 53], [49, 78], [49, 51], [49, 60], [50, 70], [50, 67], [50, 86], [50, 57], [50, 60], [51, 66], [51, 54], [51, 57], [52, 53], [52, 74], [52, 87], [53, 54], [53, 61], [54, 64], [54, 71], [54, 82], [55, 80], [55, 88], [55, 56], [56, 85], [56, 63], [57, 65], [58, 85], [58, 86], [58, 69], [59, 77], [60, 78], [60, 62], [62, 73], [63, 64], [63, 83], [64, 80], [64, 68], [64, 71], [65, 82], [65, 75], [66, 85], [67, 76], [68, 69], [68, 87], [69, 81], [69, 85], [70, 84], [70, 71], [70, 77], [71, 84], [74, 77], [75, 76], [75, 77], [76, 77], [77, 80], [77, 84], [77, 86], [78, 80], [78, 87], [79, 80], [79, 82], [80, 83], [81, 82], [81, 88], [82, 83], [83, 84], [85, 86], [85, 88]]}