{"label": 0, "edges": [[0, 80], [0, 1], [0, 3], [0, 81], [1, 81], [1, 59], [1, 44], [1, 46], [2, 8], [2, 10], [2, 3], [2, 4], [3, 4], [3, 5], [3, 15], [4, 5], [4, 79], [5, 26], [5, 29], [6, 8], [6, 7], [7, 8], [7, 29], [8, 56], [8, 10], [8, 63], [9, 11], [9, 46], [10, 39], [10, 61], [11, 75], [11, 12], [11, 13], [12, 13], [12, 14], [13, 30], [13, 14], [13, 63], [14, 16], [14, 39], [14, 15], [15, 17], [16, 18], [16, 68], [17, 72], [17, 18], [17, 19], [18, 19], [18, 20], [18, 39], [18, 41], [19, 20], [19, 21], [20, 28], [20, 21], [21, 22], [21, 23], [22, 24], [22, 27], [22, 23], [23, 24], [23, 25], [24, 36], [24, 52], [25, 26], [25, 27], [25, 42], [26, 80], [26, 27], [26, 62], [27, 43], [27, 29], [28, 81], [28, 29], [29, 79], [29, 30], [29, 31], [30, 32], [30, 31], [31, 33], [31, 41], [32, 33], [32, 34], [32, 57], [33, 81], [33, 35], [34, 35], [34, 36], [35, 36], [35, 37], [35, 73], [36, 37], [36, 38], [37, 74], [37, 38], [37, 39], [38, 40], [38, 39], [40, 41], [40, 42], [40, 47], [41, 42], [42, 43], [43, 44], [44, 45], [44, 46], [45, 58], [45, 47], [46, 48], [47, 49], [48, 49], [48, 50], [49, 50], [49, 51], [50, 75], [50, 52], [51, 52], [51, 53], [52, 53], [52, 54], [53, 54], [53, 55], [54, 56], [54, 73], [55, 56], [55, 57], [56, 74], [57, 58], [57, 69], [58, 66], [58, 60], [59, 60], [59, 61], [60, 61], [60, 62], [61, 63], [62, 69], [64, 65], [64, 66], [65, 79], [65, 67], [65, 76], [66, 67], [66, 68], [67, 68], [67, 69], [68, 69], [68, 70], [69, 79], [70, 72], [70, 71], [71, 72], [71, 73], [72, 74], [73, 74], [74, 76], [75, 77], [76, 78], [77, 78], [77, 79], [78, 80], [78, 79], [79, 80], [80, 81]], "features": {"27": ["cc_3", "deg_5"], "35": ["cc_6", "deg_5"], "43": ["cc_0", "deg_3"], "47": ["cc_0", "deg_3"], "32": ["cc_0", "deg_4"], "56": ["cc_0", "deg_4"], "77": ["cc_11", "deg_3"], "9": ["cc_0", "deg_2"], "33": ["cc_0", "deg_4"], "48": ["cc_11", "deg_3"], "55": ["cc_0", "deg_3"], "0": ["cc_11", "deg_4"], "2": ["cc_11", "deg_4"], "18": ["cc_4", "deg_6"], "5": ["cc_5", "deg_4"], "76": ["cc_0", "deg_3"], "14": ["cc_3", "deg_5"], "81": ["cc_6", "deg_5"], "38": ["cc_11", "deg_4"], "73": ["cc_0", "deg_4"], "44": ["cc_5", "deg_4"], "39": ["cc_3", "deg_5"], "3": ["cc_6", "deg_5"], "68": ["cc_6", "deg_5"], "28": ["cc_0", "deg_3"], "51": ["cc_11", "deg_3"], "23": ["cc_11", "deg_4"], "19": ["cc_16", "deg_4"], "61": ["cc_5", "deg_4"], "34": ["cc_11", "deg_3"], "75": ["cc_0", "deg_3"], "11": ["cc_5", "deg_4"], "72": ["cc_5", "deg_4"], "17": ["cc_5", "deg_4"], "12": ["cc_22", "deg_3"], "25": ["cc_5", "deg_4"], "24": ["cc_5", "deg_4"], "62": ["cc_0", "deg_3"], "59": ["cc_11", "deg_3"], "69": ["cc_3", "deg_5"], "22": ["cc_11", "deg_4"], "60": ["cc_5", "deg_4"], "70": ["cc_11", "deg_3"], "65": ["cc_0", "deg_4"], "71": ["cc_11", "deg_3"], "15": ["cc_0", "deg_3"], "4": ["cc_11", "deg_4"], "78": ["cc_11", "deg_4"], "80": ["cc_6", "deg_5"], "37": ["cc_10", "deg_5"], "45": ["cc_0", "deg_3"], "42": ["cc_5", "deg_4"], "30": ["cc_5", "deg_4"], "31": ["cc_5", "deg_4"], "66": ["cc_5", "deg_4"], "36": ["cc_10", "deg_5"], "67": ["cc_11", "deg_4"], "57": ["cc_0", "deg_4"], "53": ["cc_11", "deg_4"], "10": ["cc_5", "deg_4"], "49": ["cc_5", "deg_4"], "1": ["cc_6", "deg_5"], "46": ["cc_5", "deg_4"], "79": ["cc_3", "deg_7"], "26": ["cc_3", "deg_5"], "40": ["cc_5", "deg_4"], "41": ["cc_5", "deg_4"], "20": ["cc_11", "deg_4"], "29": ["cc_1", "deg_7"], "52": ["cc_6", "deg_5"], "58": ["cc_0", "deg_4"], "63": ["cc_0", "deg_3"], "64": ["cc_0", "deg_2"], "74": ["cc_0", "deg_5"], "13": ["cc_6", "deg_5"], "6": ["cc_33", "deg_2"], "7": ["cc_11", "deg_3"], "50": ["cc_5", "deg_4"], "8": ["cc_4", "deg_6"], "16": ["cc_0", "deg_3"], "54": ["cc_5", "deg_4"], "21": ["cc_11", "deg_4"]}}