{"label": 1, "edges": [[0, 16], [0, 1], [0, 23], [0, 24], [0, 28], [0, 30], [1, 19], [1, 20], [1, 7], [1, 30], [2, 11], [2, 3], [3, 25], [3, 5], [3, 21], [4, 27], [4, 19], [5, 18], [5, 19], [5, 9], [5, 26], [5, 13], [6, 8], [6, 7], [7, 23], [7, 24], [7, 15], [8, 9], [8, 20], [8, 25], [9, 11], [10, 17], [10, 19], [11, 12], [11, 29], [12, 25], [12, 14], [13, 26], [13, 27], [14, 29], [14, 22], [15, 16], [15, 17], [16, 30], [17, 23], [17, 28], [17, 26], [18, 28], [19, 20], [19, 21], [20, 21], [20, 25], [21, 22], [21, 28], [22, 24], [22, 23], [23, 28], [26, 28], [27, 28], [28, 29], [28, 30], [29, 30]], "features": {"27": ["cc_0", "deg_3"], "22": ["cc_0", "deg_4"], "15": ["cc_0", "deg_3"], "4": ["cc_0", "deg_2"], "30": ["cc_13", "deg_5"], "0": ["cc_8", "deg_6"], "2": ["cc_0", "deg_2"], "6": ["cc_0", "deg_2"], "18": ["cc_0", "deg_2"], "5": ["cc_2", "deg_6"], "10": ["cc_0", "deg_2"], "14": ["cc_0", "deg_3"], "1": ["cc_6", "deg_5"], "29": ["cc_5", "deg_4"], "8": ["cc_5", "deg_4"], "20": ["cc_10", "deg_5"], "26": ["cc_11", "deg_4"], "3": ["cc_0", "deg_4"], "11": ["cc_0", "deg_4"], "28": ["cc_4", "deg_9"], "23": ["cc_6", "deg_5"], "19": ["cc_4", "deg_6"], "13": ["cc_11", "deg_3"], "16": ["cc_11", "deg_3"], "7": ["cc_0", "deg_5"], "17": ["cc_6", "deg_5"], "12": ["cc_0", "deg_3"], "25": ["cc_5", "deg_4"], "24": ["cc_0", "deg_3"], "9": ["cc_0", "deg_3"], "21": ["cc_3", "deg_5"]}}