{"label": 1, "edges": [[0, 33], [0, 2], [0, 21], [0, 23], [0, 30], [0, 44], [0, 45], [0, 47], [1, 48], [1, 2], [1, 3], [1, 15], [2, 3], [2, 5], [2, 48], [2, 33], [2, 37], [3, 7], [3, 43], [3, 14], [4, 6], [4, 11], [4, 44], [5, 7], [5, 8], [5, 39], [5, 11], [6, 7], [6, 8], [6, 9], [6, 44], [7, 19], [7, 16], [7, 9], [8, 20], [8, 9], [8, 11], [8, 44], [8, 29], [9, 19], [9, 25], [9, 10], [9, 15], [10, 39], [10, 11], [10, 12], [11, 24], [11, 36], [11, 43], [11, 21], [11, 45], [12, 32], [12, 48], [12, 46], [12, 22], [12, 43], [12, 14], [13, 34], [13, 23], [13, 25], [13, 15], [14, 17], [14, 36], [14, 42], [14, 15], [15, 16], [15, 46], [15, 40], [16, 17], [16, 36], [16, 30], [16, 47], [17, 37], [17, 42], [17, 47], [18, 20], [18, 21], [18, 25], [18, 31], [18, 30], [19, 35], [19, 20], [19, 46], [20, 21], [20, 22], [20, 23], [20, 25], [21, 23], [22, 48], [22, 35], [22, 34], [22, 43], [23, 34], [23, 39], [23, 24], [24, 40], [24, 42], [24, 27], [25, 38], [25, 28], [26, 33], [26, 39], [26, 27], [26, 28], [27, 45], [27, 28], [27, 29], [27, 30], [27, 47], [28, 29], [28, 30], [28, 31], [29, 32], [29, 39], [29, 30], [30, 33], [31, 41], [31, 42], [31, 45], [32, 35], [32, 38], [33, 36], [33, 37], [34, 35], [34, 36], [34, 37], [34, 46], [35, 36], [35, 47], [37, 38], [37, 39], [37, 40], [38, 39], [38, 41], [39, 45], [40, 41], [40, 42], [41, 47], [41, 42], [41, 43], [41, 44], [42, 45], [42, 47], [43, 45], [43, 47], [46, 48], [46, 47]], "features": {"27": ["cc_6", "deg_7"], "35": ["cc_4", "deg_6"], "43": ["cc_4", "deg_7"], "47": ["cc_3", "deg_9"], "32": ["cc_0", "deg_4"], "9": ["cc_4", "deg_7"], "33": ["cc_6", "deg_6"], "48": ["cc_10", "deg_5"], "0": ["cc_3", "deg_8"], "2": ["cc_6", "deg_7"], "18": ["cc_6", "deg_5"], "5": ["cc_3", "deg_5"], "14": ["cc_2", "deg_6"], "38": ["cc_3", "deg_5"], "44": ["cc_6", "deg_5"], "39": ["cc_1", "deg_8"], "3": ["cc_3", "deg_5"], "28": ["cc_8", "deg_6"], "23": ["cc_4", "deg_7"], "19": ["cc_3", "deg_5"], "34": ["cc_4", "deg_7"], "11": ["cc_1", "deg_9"], "17": ["cc_10", "deg_5"], "12": ["cc_4", "deg_7"], "25": ["cc_2", "deg_6"], "24": ["cc_3", "deg_5"], "22": ["cc_6", "deg_6"], "15": ["cc_0", "deg_7"], "4": ["cc_11", "deg_3"], "37": ["cc_3", "deg_7"], "45": ["cc_3", "deg_7"], "42": ["cc_8", "deg_8"], "30": ["cc_6", "deg_7"], "31": ["cc_6", "deg_5"], "36": ["cc_2", "deg_6"], "10": ["cc_0", "deg_4"], "1": ["cc_11", "deg_4"], "46": ["cc_2", "deg_6"], "26": ["cc_5", "deg_4"], "40": ["cc_6", "deg_5"], "41": ["cc_6", "deg_7"], "20": ["cc_4", "deg_7"], "29": ["cc_6", "deg_6"], "13": ["cc_5", "deg_4"], "6": ["cc_13", "deg_5"], "7": ["cc_4", "deg_6"], "8": ["cc_4", "deg_7"], "16": ["cc_2", "deg_6"], "21": ["cc_10", "deg_5"]}}