{"label": 0, "edges": [[0, 1], [0, 90], [1, 2], [2, 3], [3, 4], [4, 5], [5, 6], [6, 7], [7, 8], [8, 9], [9, 10], [10, 11], [11, 12], [12, 13], [13, 14], [14, 15], [15, 16], [16, 17], [17, 18], [18, 19], [19, 20], [20, 21], [21, 22], [22, 23], [23, 24], [24, 25], [25, 26], [26, 27], [27, 41], [28, 29], [29, 30], [30, 31], [31, 32], [32, 33], [33, 34], [34, 35], [35, 36], [36, 37], [37, 38], [38, 39], [39, 40], [40, 41], [41, 42], [42, 43], [43, 44], [44, 45], [45, 46], [46, 47], [47, 48], [48, 49], [49, 50], [50, 51], [51, 52], [52, 53], [53, 54], [54, 55], [55, 56], [56, 57], [57, 58], [58, 59], [59, 60], [60, 61], [61, 62], [62, 63], [63, 64], [64, 65], [65, 66], [66, 67], [67, 68], [68, 69], [69, 70], [70, 71], [71, 72], [72, 73], [73, 74], [74, 75], [75, 76], [76, 77], [77, 78], [78, 79], [79, 80], [80, 81], [81, 82], [82, 88], [83, 84], [84, 85], [85, 86], [86, 87], [87, 88], [88, 89], [89, 90]], "features": {"27": ["cc_0", "deg_2"], "35": ["cc_0", "deg_2"], "43": ["cc_0", "deg_2"], "47": ["cc_0", "deg_2"], "56": ["cc_0", "deg_2"], "23": ["cc_0", "deg_2"], "9": ["cc_0", "deg_2"], "0": ["cc_0", "deg_2"], "6": ["cc_0", "deg_2"], "18": ["cc_0", "deg_2"], "14": ["cc_0", "deg_2"], "38": ["cc_0", "deg_2"], "82": ["cc_0", "deg_2"], "68": ["cc_0", "deg_2"], "51": ["cc_0", "deg_2"], "77": ["cc_0", "deg_2"], "19": ["cc_0", "deg_2"], "34": ["cc_0", "deg_2"], "75": ["cc_0", "deg_2"], "11": ["cc_0", "deg_2"], "88": ["cc_0", "deg_3"], "17": ["cc_0", "deg_2"], "25": ["cc_0", "deg_2"], "24": ["cc_0", "deg_2"], "70": ["cc_0", "deg_2"], "15": ["cc_0", "deg_2"], "62": ["cc_0", "deg_2"], "40": ["cc_0", "deg_2"], "30": ["cc_0", "deg_2"], "31": ["cc_0", "deg_2"], "66": ["cc_0", "deg_2"], "36": ["cc_0", "deg_2"], "57": ["cc_0", "deg_2"], "10": ["cc_0", "deg_2"], "49": ["cc_0", "deg_2"], "1": ["cc_0", "deg_2"], "46": ["cc_0", "deg_2"], "60": ["cc_0", "deg_2"], "41": ["cc_0", "deg_3"], "29": ["cc_0", "deg_2"], "74": ["cc_0", "deg_2"], "13": ["cc_0", "deg_2"], "2": ["cc_0", "deg_2"], "7": ["cc_0", "deg_2"], "84": ["cc_0", "deg_2"], "79": ["cc_0", "deg_2"], "90": ["cc_0", "deg_2"], "32": ["cc_0", "deg_2"], "33": ["cc_0", "deg_2"], "55": ["cc_0", "deg_2"], "48": ["cc_0", "deg_2"], "85": ["cc_0", "deg_2"], "5": ["cc_0", "deg_2"], "80": ["cc_0", "deg_2"], "81": ["cc_0", "deg_2"], "86": ["cc_0", "deg_2"], "87": ["cc_0", "deg_2"], "44": ["cc_0", "deg_2"], "39": ["cc_0", "deg_2"], "3": ["cc_0", "deg_2"], "28": ["cc_0", "deg_1"], "83": ["cc_0", "deg_1"], "76": ["cc_0", "deg_2"], "72": ["cc_0", "deg_2"], "89": ["cc_0", "deg_2"], "12": ["cc_0", "deg_2"], "59": ["cc_0", "deg_2"], "69": ["cc_0", "deg_2"], "22": ["cc_0", "deg_2"], "50": ["cc_0", "deg_2"], "71": ["cc_0", "deg_2"], "4": ["cc_0", "deg_2"], "78": ["cc_0", "deg_2"], "45": ["cc_0", "deg_2"], "42": ["cc_0", "deg_2"], "21": ["cc_0", "deg_2"], "8": ["cc_0", "deg_2"], "53": ["cc_0", "deg_2"], "67": ["cc_0", "deg_2"], "37": ["cc_0", "deg_2"], "20": ["cc_0", "deg_2"], "26": ["cc_0", "deg_2"], "52": ["cc_0", "deg_2"], "58": ["cc_0", "deg_2"], "63": ["cc_0", "deg_2"], "64": ["cc_0", "deg_2"], "54": ["cc_0", "deg_2"], "65": ["cc_0", "deg_2"], "61": ["cc_0", "deg_2"], "16": ["cc_0", "deg_2"], "73": ["cc_0", "deg_2"]}}