{"label": 1, "edges": [[0, 1], [0, 3], [0, 58], [0, 76], [0, 77], [1, 18], [1, 5], [1, 10], [1, 76], [1, 77], [1, 62], [1, 15], [2, 3], [2, 53], [2, 6], [2, 20], [2, 77], [2, 30], [3, 4], [3, 5], [3, 6], [3, 46], [4, 5], [4, 6], [4, 7], [5, 6], [5, 8], [5, 41], [5, 30], [6, 18], [6, 7], [6, 8], [6, 25], [7, 38], [7, 8], [7, 9], [7, 10], [7, 31], [8, 22], [8, 10], [8, 11], [9, 72], [9, 41], [9, 10], [10, 37], [10, 75], [10, 46], [11, 36], [11, 13], [11, 14], [12, 26], [12, 21], [12, 70], [12, 57], [12, 42], [12, 13], [12, 14], [12, 15], [13, 18], [13, 28], [13, 14], [13, 15], [14, 19], [14, 43], [14, 21], [14, 39], [14, 62], [15, 17], [15, 50], [15, 27], [16, 48], [16, 18], [16, 19], [16, 29], [17, 18], [17, 20], [17, 37], [17, 25], [17, 43], [18, 19], [18, 21], [19, 20], [19, 21], [20, 22], [20, 23], [21, 69], [21, 22], [21, 24], [22, 70], [22, 25], [22, 62], [23, 24], [23, 26], [23, 60], [24, 70], [24, 25], [24, 26], [24, 27], [25, 26], [25, 27], [26, 50], [26, 27], [27, 49], [27, 42], [27, 54], [27, 28], [28, 29], [28, 31], [29, 32], [29, 74], [29, 56], [29, 59], [29, 61], [29, 30], [30, 33], [30, 31], [31, 33], [31, 34], [31, 66], [32, 33], [32, 34], [32, 35], [33, 34], [33, 35], [33, 36], [33, 47], [34, 35], [34, 37], [34, 68], [34, 61], [35, 37], [35, 38], [35, 72], [36, 37], [36, 42], [36, 61], [36, 69], [36, 63], [37, 39], [37, 57], [38, 39], [38, 41], [39, 64], [39, 51], [39, 40], [39, 41], [39, 63], [40, 41], [40, 42], [40, 43], [41, 66], [41, 43], [41, 44], [42, 45], [43, 45], [44, 57], [44, 45], [44, 46], [44, 47], [45, 66], [45, 69], [45, 60], [45, 61], [46, 47], [47, 48], [47, 50], [48, 49], [48, 50], [49, 64], [49, 50], [49, 51], [49, 68], [49, 60], [50, 51], [50, 52], [50, 53], [50, 56], [50, 72], [51, 52], [51, 54], [51, 59], [52, 64], [52, 68], [52, 53], [52, 54], [53, 54], [53, 55], [53, 56], [53, 73], [54, 55], [54, 56], [54, 63], [55, 56], [55, 57], [55, 58], [56, 57], [57, 59], [58, 59], [58, 60], [58, 61], [58, 62], [59, 60], [59, 61], [60, 62], [60, 63], [61, 63], [62, 65], [62, 63], [63, 64], [63, 66], [64, 67], [64, 76], [65, 66], [65, 67], [65, 68], [66, 67], [66, 72], [67, 68], [67, 69], [67, 70], [67, 75], [68, 71], [70, 72], [71, 72], [71, 73], [71, 74], [72, 74], [72, 75], [73, 74], [73, 76], [74, 76], [74, 77], [75, 76], [75, 77]], "features": {"27": ["cc_3", "deg_8"], "35": ["cc_8", "deg_6"], "43": ["cc_3", "deg_5"], "47": ["cc_6", "deg_5"], "32": ["cc_16", "deg_4"], "56": ["cc_11", "deg_6"], "77": ["cc_3", "deg_5"], "9": ["cc_5", "deg_4"], "33": ["cc_7", "deg_7"], "48": ["cc_11", "deg_4"], "55": ["cc_13", "deg_5"], "0": ["cc_6", "deg_5"], "2": ["cc_2", "deg_6"], "18": ["cc_3", "deg_7"], "5": ["cc_6", "deg_7"], "76": ["cc_4", "deg_6"], "14": ["cc_4", "deg_8"], "38": ["cc_5", "deg_4"], "73": ["cc_11", "deg_4"], "44": ["cc_3", "deg_5"], "39": ["cc_3", "deg_8"], "3": ["cc_8", "deg_6"], "68": ["cc_2", "deg_6"], "28": ["cc_0", "deg_4"], "51": ["cc_6", "deg_6"], "23": ["cc_5", "deg_4"], "19": ["cc_10", "deg_5"], "61": ["cc_4", "deg_7"], "34": ["cc_7", "deg_7"], "75": ["cc_0", "deg_5"], "11": ["cc_5", "deg_4"], "72": ["cc_1", "deg_8"], "17": ["cc_0", "deg_6"], "12": ["cc_3", "deg_8"], "25": ["cc_6", "deg_6"], "24": ["cc_8", "deg_6"], "62": ["cc_3", "deg_7"], "59": ["cc_6", "deg_6"], "69": ["cc_0", "deg_4"], "22": ["cc_0", "deg_6"], "60": ["cc_4", "deg_7"], "70": ["cc_0", "deg_5"], "65": ["cc_11", "deg_4"], "71": ["cc_11", "deg_4"], "15": ["cc_2", "deg_6"], "4": ["cc_22", "deg_4"], "37": ["cc_1", "deg_7"], "45": ["cc_0", "deg_7"], "42": ["cc_0", "deg_5"], "30": ["cc_3", "deg_5"], "31": ["cc_4", "deg_6"], "66": ["cc_1", "deg_7"], "36": ["cc_1", "deg_7"], "67": ["cc_3", "deg_7"], "57": ["cc_2", "deg_6"], "53": ["cc_9", "deg_7"], "10": ["cc_3", "deg_7"], "49": ["cc_3", "deg_7"], "1": ["cc_2", "deg_8"], "46": ["cc_5", "deg_4"], "26": ["cc_8", "deg_6"], "40": ["cc_11", "deg_4"], "41": ["cc_3", "deg_8"], "20": ["cc_0", "deg_5"], "29": ["cc_1", "deg_8"], "52": ["cc_8", "deg_6"], "58": ["cc_6", "deg_6"], "63": ["cc_3", "deg_8"], "64": ["cc_2", "deg_6"], "74": ["cc_6", "deg_6"], "13": ["cc_6", "deg_6"], "6": ["cc_8", "deg_8"], "7": ["cc_6", "deg_7"], "50": ["cc_4", "deg_10"], "8": ["cc_6", "deg_6"], "16": ["cc_5", "deg_4"], "54": ["cc_7", "deg_7"], "21": ["cc_4", "deg_7"]}}