{"label": 1, "edges": [[0, 2], [0, 43], [0, 23], [1, 3], [1, 13], [2, 19], [2, 3], [2, 4], [2, 14], [3, 4], [3, 5], [3, 10], [3, 13], [4, 5], [4, 6], [5, 17], [5, 10], [6, 18], [6, 36], [6, 9], [6, 23], [7, 8], [7, 17], [7, 37], [8, 9], [8, 10], [9, 41], [10, 11], [10, 12], [11, 32], [11, 20], [11, 12], [12, 16], [12, 20], [13, 20], [13, 21], [13, 39], [13, 31], [14, 18], [14, 23], [15, 17], [15, 42], [16, 17], [16, 33], [17, 33], [17, 18], [18, 37], [18, 40], [18, 27], [19, 35], [19, 22], [19, 25], [19, 41], [19, 44], [20, 21], [21, 26], [21, 28], [21, 31], [22, 36], [22, 23], [23, 43], [24, 26], [24, 36], [24, 39], [25, 26], [26, 27], [27, 28], [28, 33], [28, 29], [29, 32], [29, 31], [30, 33], [30, 34], [30, 40], [31, 37], [32, 35], [32, 39], [32, 42], [33, 44], [33, 43], [34, 43], [34, 36], [35, 36], [35, 37], [36, 38], [38, 42], [38, 39], [40, 42], [41, 43], [42, 44]], "features": {"27": ["cc_0", "deg_3"], "35": ["cc_0", "deg_4"], "43": ["cc_3", "deg_5"], "32": ["cc_0", "deg_5"], "9": ["cc_0", "deg_3"], "33": ["cc_2", "deg_6"], "0": ["cc_11", "deg_3"], "2": ["cc_3", "deg_5"], "18": ["cc_0", "deg_6"], "5": ["cc_11", "deg_4"], "14": ["cc_0", "deg_3"], "38": ["cc_0", "deg_3"], "44": ["cc_0", "deg_3"], "39": ["cc_0", "deg_4"], "3": ["cc_8", "deg_6"], "28": ["cc_0", "deg_4"], "23": ["cc_3", "deg_5"], "19": ["cc_0", "deg_6"], "34": ["cc_0", "deg_3"], "11": ["cc_11", "deg_4"], "17": ["cc_2", "deg_6"], "12": ["cc_11", "deg_4"], "25": ["cc_0", "deg_2"], "24": ["cc_0", "deg_3"], "22": ["cc_0", "deg_3"], "15": ["cc_0", "deg_2"], "4": ["cc_11", "deg_4"], "37": ["cc_0", "deg_4"], "42": ["cc_0", "deg_5"], "30": ["cc_0", "deg_3"], "31": ["cc_5", "deg_4"], "36": ["cc_0", "deg_6"], "10": ["cc_6", "deg_5"], "1": ["cc_33", "deg_2"], "26": ["cc_0", "deg_4"], "40": ["cc_0", "deg_3"], "41": ["cc_0", "deg_3"], "20": ["cc_11", "deg_4"], "29": ["cc_0", "deg_3"], "13": ["cc_6", "deg_6"], "6": ["cc_0", "deg_5"], "7": ["cc_0", "deg_3"], "8": ["cc_0", "deg_3"], "16": ["cc_11", "deg_3"], "21": ["cc_6", "deg_5"]}}