{"label": 2, "features": {"1": ["cc_0", "deg_2"], "16": ["cc_0", "deg_3"], "4": ["cc_0", "deg_3"], "21": ["cc_6", "deg_5"], "32": ["cc_0", "deg_5"], "34": ["cc_2", "deg_6"], "7": ["cc_0", "deg_3"], "42": ["cc_0", "deg_6"], "25": ["cc_5", "deg_4"], "0": ["cc_5", "deg_4"], "39": ["cc_0", "deg_6"], "12": ["cc_3", "deg_5"], "29": ["cc_0", "deg_5"], "28": ["cc_0", "deg_2"], "13": ["cc_0", "deg_4"], "6": ["cc_1", "deg_8"], "30": ["cc_0", "deg_3"], "5": ["cc_0", "deg_3"], "38": ["cc_0", "deg_5"], "3": ["cc_0", "deg_4"], "40": ["cc_0", "deg_2"], "24": ["cc_0", "deg_2"], "33": ["cc_0", "deg_3"], "23": ["cc_0", "deg_3"], "27": ["cc_0", "deg_3"], "19": ["cc_0", "deg_3"], "36": ["cc_0", "deg_3"], "10": ["cc_0", "deg_4"], "17": ["cc_0", "deg_3"], "11": ["cc_0", "deg_3"], "22": ["cc_4", "deg_7"], "18": ["cc_5", "deg_4"], "31": ["cc_0", "deg_4"], "2": ["cc_0", "deg_2"], "26": ["cc_0", "deg_4"], "20": ["cc_0", "deg_4"], "14": ["cc_2", "deg_6"], "41": ["cc_3", "deg_5"], "35": ["cc_4", "deg_7"], "9": ["cc_5", "deg_4"], "8": ["cc_11", "deg_3"], "37": ["cc_0", "deg_4"], "15": ["cc_0", "deg_3"]}, "edges": [[0, 6], [0, 22], [0, 8], [0, 37], [1, 16], [1, 14], [2, 41], [2, 5], [3, 26], [3, 36], [3, 22], [3, 38], [4, 38], [4, 6], [4, 13], [5, 32], [5, 9], [6, 19], [6, 35], [6, 14], [6, 41], [6, 30], [6, 15], [7, 35], [7, 13], [7, 29], [8, 22], [8, 31], [9, 34], [9, 22], [9, 27], [10, 23], [10, 11], [10, 12], [10, 30], [11, 42], [11, 25], [12, 42], [12, 38], [12, 22], [12, 14], [13, 32], [13, 24], [14, 33], [14, 22], [14, 26], [15, 32], [15, 33], [16, 39], [16, 27], [17, 41], [17, 42], [17, 39], [18, 35], [18, 19], [18, 21], [18, 31], [19, 26], [20, 32], [20, 37], [20, 38], [20, 29], [21, 35], [21, 37], [21, 39], [21, 25], [22, 34], [23, 34], [23, 29], [24, 41], [25, 27], [25, 35], [26, 32], [28, 29], [28, 38], [29, 42], [30, 34], [31, 36], [31, 34], [33, 39], [34, 39], [35, 40], [35, 41], [36, 42], [37, 42], [39, 40]]}