{"label": 0, "edges": [[0, 1], [0, 63], [1, 2], [2, 3], [3, 4], [4, 5], [5, 12], [6, 24], [7, 8], [8, 9], [9, 10], [10, 11], [11, 12], [12, 13], [13, 43], [14, 15], [15, 16], [16, 17], [17, 18], [18, 19], [19, 20], [20, 21], [21, 22], [22, 23], [23, 24], [23, 49], [24, 25], [25, 26], [26, 27], [27, 28], [28, 29], [28, 45], [29, 30], [30, 31], [31, 32], [32, 33], [33, 34], [34, 35], [35, 36], [36, 56], [37, 38], [38, 39], [39, 40], [40, 41], [41, 42], [42, 43], [43, 44], [44, 45], [44, 55], [46, 47], [47, 48], [47, 61], [48, 49], [50, 51], [51, 52], [52, 53], [53, 54], [54, 55], [56, 57], [57, 58], [58, 59], [59, 60], [60, 61], [62, 63]], "features": {"27": ["cc_0", "deg_2"], "35": ["cc_0", "deg_2"], "43": ["cc_0", "deg_3"], "47": ["cc_0", "deg_3"], "32": ["cc_0", "deg_2"], "56": ["cc_0", "deg_2"], "9": ["cc_0", "deg_2"], "33": ["cc_0", "deg_2"], "48": ["cc_0", "deg_2"], "55": ["cc_0", "deg_2"], "0": ["cc_0", "deg_2"], "2": ["cc_0", "deg_2"], "18": ["cc_0", "deg_2"], "5": ["cc_0", "deg_2"], "14": ["cc_0", "deg_1"], "38": ["cc_0", "deg_2"], "44": ["cc_0", "deg_3"], "39": ["cc_0", "deg_2"], "3": ["cc_0", "deg_2"], "28": ["cc_0", "deg_3"], "51": ["cc_0", "deg_2"], "23": ["cc_0", "deg_3"], "19": ["cc_0", "deg_2"], "61": ["cc_0", "deg_2"], "34": ["cc_0", "deg_2"], "11": ["cc_0", "deg_2"], "17": ["cc_0", "deg_2"], "12": ["cc_0", "deg_3"], "25": ["cc_0", "deg_2"], "24": ["cc_0", "deg_3"], "62": ["cc_0", "deg_1"], "59": ["cc_0", "deg_2"], "22": ["cc_0", "deg_2"], "60": ["cc_0", "deg_2"], "15": ["cc_0", "deg_2"], "4": ["cc_0", "deg_2"], "37": ["cc_0", "deg_1"], "45": ["cc_0", "deg_2"], "42": ["cc_0", "deg_2"], "30": ["cc_0", "deg_2"], "31": ["cc_0", "deg_2"], "36": ["cc_0", "deg_2"], "57": ["cc_0", "deg_2"], "53": ["cc_0", "deg_2"], "10": ["cc_0", "deg_2"], "49": ["cc_0", "deg_2"], "1": ["cc_0", "deg_2"], "46": ["cc_0", "deg_1"], "26": ["cc_0", "deg_2"], "40": ["cc_0", "deg_2"], "41": ["cc_0", "deg_2"], "20": ["cc_0", "deg_2"], "29": ["cc_0", "deg_2"], "52": ["cc_0", "deg_2"], "58": ["cc_0", "deg_2"], "63": ["cc_0", "deg_2"], "13": ["cc_0", "deg_2"], "6": ["cc_0", "deg_1"], "7": ["cc_0", "deg_1"], "50": ["cc_0", "deg_1"], "8": ["cc_0", "deg_2"], "16": ["cc_0", "deg_2"], "54": ["cc_0", "deg_2"], "21": ["cc_0", "deg_2"]}}