{"label": 1, "edges": [[0, 2], [0, 36], [0, 14], [0, 90], [0, 29], [0, 94], [0, 95], [1, 96], [1, 3], [1, 4], [1, 92], [2, 65], [2, 3], [2, 8], [2, 96], [2, 90], [2, 29], [3, 5], [3, 39], [3, 74], [3, 55], [4, 35], [4, 6], [4, 7], [4, 24], [4, 44], [5, 59], [5, 21], [5, 87], [5, 66], [5, 63], [6, 68], [6, 83], [6, 58], [6, 90], [7, 50], [7, 76], [7, 10], [7, 28], [7, 13], [8, 11], [8, 60], [8, 45], [9, 92], [9, 86], [9, 89], [9, 11], [9, 12], [10, 25], [10, 11], [10, 13], [10, 61], [11, 33], [11, 73], [11, 13], [12, 81], [12, 20], [12, 86], [12, 39], [12, 43], [12, 13], [12, 61], [13, 16], [13, 48], [13, 19], [14, 16], [14, 33], [14, 15], [15, 17], [15, 51], [15, 22], [16, 17], [16, 18], [16, 19], [17, 18], [17, 26], [17, 61], [17, 82], [18, 19], [18, 36], [18, 21], [18, 58], [19, 20], [19, 22], [19, 42], [19, 27], [19, 79], [20, 21], [20, 86], [20, 31], [21, 80], [21, 35], [21, 50], [21, 48], [21, 67], [21, 30], [22, 81], [22, 23], [22, 24], [22, 47], [22, 60], [23, 80], [23, 83], [23, 25], [24, 26], [24, 90], [25, 67], [25, 26], [26, 52], [26, 27], [26, 28], [26, 29], [27, 55], [27, 28], [27, 30], [28, 30], [28, 31], [29, 53], [29, 54], [29, 31], [30, 32], [30, 59], [30, 38], [30, 49], [30, 57], [31, 32], [31, 33], [31, 34], [32, 64], [32, 35], [32, 36], [32, 46], [32, 90], [32, 91], [33, 81], [33, 34], [33, 40], [34, 35], [34, 36], [34, 55], [35, 83], [35, 37], [35, 38], [35, 39], [35, 41], [36, 84], [37, 38], [37, 39], [37, 40], [38, 51], [38, 67], [38, 56], [38, 41], [39, 41], [39, 42], [39, 75], [40, 67], [40, 42], [40, 43], [41, 53], [41, 42], [41, 43], [42, 43], [42, 44], [42, 45], [43, 57], [43, 58], [43, 46], [43, 47], [44, 58], [44, 46], [44, 47], [45, 61], [45, 46], [45, 47], [46, 49], [46, 83], [47, 48], [47, 74], [47, 57], [47, 58], [48, 55], [48, 93], [48, 69], [49, 50], [49, 90], [49, 75], [50, 51], [50, 53], [50, 81], [50, 69], [51, 54], [51, 56], [51, 77], [52, 55], [52, 56], [52, 73], [53, 55], [53, 56], [54, 56], [54, 75], [55, 82], [55, 61], [56, 66], [56, 58], [56, 59], [58, 73], [58, 60], [59, 61], [59, 62], [59, 93], [60, 62], [61, 96], [61, 67], [61, 87], [62, 65], [62, 66], [62, 63], [63, 64], [63, 65], [63, 66], [64, 65], [64, 66], [64, 81], [65, 66], [65, 67], [65, 68], [66, 67], [66, 68], [68, 69], [68, 71], [69, 70], [69, 71], [69, 92], [70, 88], [70, 71], [70, 72], [70, 73], [71, 72], [71, 73], [71, 74], [72, 73], [72, 74], [72, 75], [73, 75], [73, 74], [73, 83], [73, 89], [73, 95], [74, 75], [74, 76], [75, 76], [75, 78], [76, 77], [76, 95], [77, 80], [77, 86], [77, 79], [78, 81], [78, 84], [78, 93], [78, 79], [79, 81], [80, 81], [80, 83], [81, 83], [82, 84], [82, 85], [83, 84], [83, 94], [84, 86], [84, 95], [85, 86], [85, 87], [85, 88], [86, 88], [87, 89], [88, 89], [88, 91], [89, 91], [90, 92], [90, 93], [91, 92], [91, 93], [91, 94], [92, 93], [92, 94], [93, 95], [94, 96], [94, 95], [95, 96]], "features": {"27": ["cc_6", "deg_5"], "35": ["cc_3", "deg_9"], "43": ["cc_4", "deg_8"], "47": ["cc_3", "deg_8"], "56": ["cc_2", "deg_8"], "23": ["cc_5", "deg_4"], "9": ["cc_3", "deg_5"], "94": ["cc_6", "deg_6"], "0": ["cc_4", "deg_7"], "6": ["cc_0", "deg_5"], "18": ["cc_4", "deg_6"], "14": ["cc_0", "deg_4"], "38": ["cc_4", "deg_7"], "82": ["cc_0", "deg_4"], "68": ["cc_6", "deg_5"], "51": ["cc_4", "deg_6"], "77": ["cc_0", "deg_5"], "19": ["cc_2", "deg_8"], "34": ["cc_3", "deg_5"], "75": ["cc_4", "deg_8"], "11": ["cc_2", "deg_6"], "88": ["cc_6", "deg_5"], "17": ["cc_2", "deg_6"], "25": ["cc_0", "deg_4"], "24": ["cc_0", "deg_4"], "70": ["cc_13", "deg_5"], "15": ["cc_0", "deg_4"], "62": ["cc_10", "deg_5"], "40": ["cc_3", "deg_5"], "30": ["cc_1", "deg_8"], "31": ["cc_2", "deg_6"], "66": ["cc_9", "deg_8"], "36": ["cc_0", "deg_5"], "57": ["cc_11", "deg_3"], "10": ["cc_6", "deg_5"], "49": ["cc_0", "deg_5"], "1": ["cc_0", "deg_4"], "46": ["cc_0", "deg_6"], "60": ["cc_0", "deg_4"], "41": ["cc_8", "deg_6"], "29": ["cc_2", "deg_6"], "74": ["cc_9", "deg_7"], "13": ["cc_4", "deg_7"], "2": ["cc_3", "deg_7"], "7": ["cc_2", "deg_6"], "84": ["cc_0", "deg_6"], "79": ["cc_5", "deg_4"], "90": ["cc_2", "deg_8"], "32": ["cc_0", "deg_8"], "33": ["cc_2", "deg_6"], "55": ["cc_0", "deg_8"], "48": ["cc_0", "deg_6"], "85": ["cc_5", "deg_4"], "5": ["cc_2", "deg_6"], "80": ["cc_6", "deg_5"], "81": ["cc_1", "deg_9"], "86": ["cc_4", "deg_7"], "87": ["cc_0", "deg_4"], "44": ["cc_3", "deg_5"], "39": ["cc_4", "deg_7"], "3": ["cc_0", "deg_6"], "92": ["cc_4", "deg_7"], "28": ["cc_6", "deg_5"], "83": ["cc_1", "deg_9"], "76": ["cc_3", "deg_5"], "72": ["cc_23", "deg_5"], "96": ["cc_3", "deg_5"], "89": ["cc_3", "deg_5"], "12": ["cc_2", "deg_8"], "59": ["cc_0", "deg_6"], "69": ["cc_4", "deg_6"], "22": ["cc_0", "deg_7"], "50": ["cc_0", "deg_7"], "71": ["cc_15", "deg_6"], "4": ["cc_0", "deg_6"], "78": ["cc_3", "deg_5"], "91": ["cc_6", "deg_6"], "45": ["cc_0", "deg_5"], "42": ["cc_4", "deg_7"], "21": ["cc_0", "deg_9"], "8": ["cc_0", "deg_4"], "53": ["cc_0", "deg_5"], "67": ["cc_1", "deg_7"], "37": ["cc_11", "deg_4"], "95": ["cc_3", "deg_7"], "20": ["cc_3", "deg_5"], "26": ["cc_1", "deg_7"], "93": ["cc_3", "deg_7"], "52": ["cc_0", "deg_4"], "58": ["cc_2", "deg_8"], "63": ["cc_20", "deg_5"], "64": ["cc_10", "deg_5"], "54": ["cc_5", "deg_4"], "65": ["cc_11", "deg_7"], "61": ["cc_0", "deg_9"], "16": ["cc_10", "deg_5"], "73": ["cc_4", "deg_11"]}}