{"label": 0, "edges": [[0, 80], [0, 1], [0, 82], [0, 81], [0, 18], [0, 2], [1, 81], [1, 2], [1, 3], [1, 4], [1, 82], [2, 82], [2, 3], [2, 4], [2, 55], [2, 73], [3, 4], [3, 5], [3, 6], [4, 5], [4, 6], [4, 7], [5, 6], [5, 7], [5, 8], [6, 7], [6, 8], [6, 9], [7, 8], [7, 9], [7, 10], [7, 43], [8, 36], [8, 9], [8, 11], [9, 19], [9, 11], [9, 12], [10, 17], [10, 11], [10, 12], [10, 13], [11, 19], [11, 13], [11, 14], [12, 13], [12, 14], [12, 15], [13, 16], [13, 14], [13, 15], [14, 16], [14, 17], [14, 68], [15, 16], [15, 17], [15, 18], [16, 17], [16, 18], [16, 19], [17, 18], [17, 20], [18, 19], [18, 20], [18, 21], [19, 20], [19, 21], [19, 22], [20, 21], [20, 22], [20, 23], [21, 22], [21, 23], [21, 24], [22, 23], [22, 24], [22, 25], [23, 24], [23, 25], [23, 26], [24, 25], [24, 26], [24, 27], [25, 33], [25, 72], [25, 26], [25, 28], [26, 27], [26, 28], [26, 29], [27, 28], [27, 29], [27, 30], [28, 67], [28, 29], [28, 31], [29, 32], [29, 30], [29, 31], [30, 32], [30, 33], [30, 71], [30, 31], [31, 32], [31, 33], [31, 34], [32, 33], [32, 34], [32, 35], [33, 34], [33, 35], [33, 36], [33, 67], [34, 35], [34, 36], [34, 37], [34, 54], [35, 36], [35, 37], [35, 38], [35, 61], [36, 37], [36, 38], [36, 39], [37, 38], [37, 39], [37, 40], [38, 39], [38, 40], [38, 41], [39, 40], [39, 41], [39, 42], [40, 41], [40, 42], [40, 43], [41, 42], [41, 43], [41, 44], [42, 43], [42, 44], [42, 45], [43, 44], [43, 46], [44, 45], [44, 46], [44, 47], [45, 48], [45, 46], [45, 47], [46, 48], [46, 75], [46, 47], [47, 48], [47, 49], [47, 50], [48, 49], [48, 50], [48, 51], [49, 50], [49, 51], [49, 52], [50, 51], [50, 52], [50, 53], [51, 52], [51, 53], [51, 54], [52, 53], [52, 54], [52, 59], [53, 54], [53, 55], [53, 56], [54, 55], [54, 56], [55, 56], [55, 57], [55, 58], [56, 57], [56, 58], [56, 59], [57, 58], [57, 59], [57, 60], [58, 67], [58, 59], [58, 60], [58, 61], [59, 60], [59, 61], [59, 62], [60, 61], [60, 62], [60, 63], [61, 64], [61, 79], [61, 63], [62, 64], [62, 65], [62, 63], [63, 64], [63, 65], [63, 66], [64, 65], [64, 66], [64, 67], [65, 66], [65, 67], [65, 68], [66, 67], [66, 68], [66, 69], [66, 77], [67, 69], [68, 69], [68, 70], [68, 71], [69, 70], [69, 71], [69, 72], [70, 71], [70, 72], [70, 73], [71, 72], [71, 73], [72, 80], [72, 73], [72, 74], [73, 80], [73, 74], [74, 75], [74, 76], [74, 77], [75, 76], [75, 77], [75, 78], [76, 77], [76, 78], [76, 79], [77, 80], [77, 79], [78, 80], [78, 81], [78, 79], [79, 81], [79, 82], [80, 81], [81, 82]], "features": {"27": ["cc_16", "deg_5"], "35": ["cc_14", "deg_7"], "43": ["cc_13", "deg_6"], "47": ["cc_17", "deg_6"], "32": ["cc_20", "deg_6"], "56": ["cc_17", "deg_6"], "77": ["cc_8", "deg_6"], "9": ["cc_11", "deg_6"], "33": ["cc_10", "deg_8"], "48": ["cc_17", "deg_6"], "55": ["cc_13", "deg_6"], "0": ["cc_13", "deg_6"], "2": ["cc_9", "deg_7"], "18": ["cc_12", "deg_7"], "5": ["cc_23", "deg_5"], "76": ["cc_20", "deg_5"], "14": ["cc_8", "deg_6"], "81": ["cc_15", "deg_6"], "38": ["cc_20", "deg_6"], "73": ["cc_11", "deg_6"], "44": ["cc_17", "deg_6"], "39": ["cc_20", "deg_6"], "82": ["cc_20", "deg_5"], "3": ["cc_20", "deg_5"], "68": ["cc_11", "deg_6"], "28": ["cc_11", "deg_6"], "51": ["cc_20", "deg_6"], "23": ["cc_20", "deg_6"], "19": ["cc_11", "deg_7"], "61": ["cc_7", "deg_7"], "34": ["cc_14", "deg_7"], "75": ["cc_13", "deg_5"], "11": ["cc_8", "deg_6"], "72": ["cc_11", "deg_7"], "17": ["cc_11", "deg_6"], "12": ["cc_10", "deg_5"], "25": ["cc_9", "deg_7"], "24": ["cc_17", "deg_6"], "62": ["cc_16", "deg_5"], "59": ["cc_12", "deg_7"], "69": ["cc_15", "deg_6"], "22": ["cc_20", "deg_6"], "60": ["cc_17", "deg_6"], "70": ["cc_23", "deg_5"], "65": ["cc_17", "deg_6"], "71": ["cc_15", "deg_6"], "15": ["cc_16", "deg_5"], "4": ["cc_17", "deg_6"], "78": ["cc_13", "deg_5"], "80": ["cc_6", "deg_6"], "37": ["cc_20", "deg_6"], "45": ["cc_20", "deg_5"], "42": ["cc_17", "deg_6"], "30": ["cc_13", "deg_6"], "31": ["cc_17", "deg_6"], "66": ["cc_12", "deg_7"], "36": ["cc_14", "deg_7"], "67": ["cc_6", "deg_7"], "57": ["cc_23", "deg_5"], "53": ["cc_17", "deg_6"], "10": ["cc_6", "deg_5"], "49": ["cc_23", "deg_5"], "1": ["cc_17", "deg_6"], "46": ["cc_13", "deg_6"], "79": ["cc_8", "deg_6"], "26": ["cc_17", "deg_6"], "40": ["cc_20", "deg_6"], "41": ["cc_20", "deg_6"], "20": ["cc_17", "deg_6"], "29": ["cc_17", "deg_6"], "52": ["cc_15", "deg_6"], "58": ["cc_14", "deg_7"], "63": ["cc_17", "deg_6"], "64": ["cc_17", "deg_6"], "74": ["cc_13", "deg_5"], "13": ["cc_15", "deg_6"], "6": ["cc_20", "deg_6"], "7": ["cc_11", "deg_7"], "50": ["cc_20", "deg_6"], "8": ["cc_13", "deg_6"], "16": ["cc_15", "deg_6"], "54": ["cc_13", "deg_6"], "21": ["cc_20", "deg_6"]}}