{"label": 0, "edges": [[0, 1], [0, 2], [0, 43], [0, 44], [0, 25], [1, 27], [1, 44], [1, 29], [1, 31], [2, 19], [2, 3], [2, 38], [3, 4], [3, 23], [4, 5], [4, 6], [5, 35], [5, 7], [6, 8], [6, 40], [7, 9], [7, 10], [7, 27], [8, 9], [8, 10], [9, 10], [9, 30], [10, 12], [10, 13], [11, 17], [11, 20], [11, 38], [11, 12], [12, 41], [12, 13], [13, 14], [14, 16], [14, 21], [14, 15], [15, 17], [15, 18], [16, 17], [16, 18], [16, 22], [17, 19], [17, 40], [18, 19], [18, 20], [19, 20], [19, 21], [19, 24], [20, 22], [20, 41], [21, 23], [22, 37], [23, 24], [23, 25], [24, 25], [25, 27], [26, 27], [26, 28], [27, 28], [28, 29], [28, 30], [29, 37], [29, 31], [30, 39], [30, 31], [31, 32], [31, 33], [31, 35], [32, 33], [32, 34], [32, 38], [33, 34], [33, 35], [34, 35], [34, 36], [35, 37], [35, 40], [36, 43], [36, 37], [36, 38], [37, 38], [37, 39], [39, 40], [39, 41], [41, 42], [42, 43], [42, 44]], "features": {"27": ["cc_3", "deg_5"], "35": ["cc_4", "deg_6"], "43": ["cc_0", "deg_3"], "32": ["cc_11", "deg_4"], "9": ["cc_11", "deg_4"], "33": ["cc_22", "deg_4"], "0": ["cc_3", "deg_5"], "2": ["cc_0", "deg_4"], "18": ["cc_5", "deg_4"], "5": ["cc_0", "deg_3"], "14": ["cc_0", "deg_4"], "38": ["cc_3", "deg_5"], "44": ["cc_11", "deg_3"], "39": ["cc_0", "deg_4"], "3": ["cc_0", "deg_3"], "28": ["cc_5", "deg_4"], "23": ["cc_5", "deg_4"], "19": ["cc_2", "deg_6"], "34": ["cc_11", "deg_4"], "11": ["cc_0", "deg_4"], "17": ["cc_0", "deg_5"], "12": ["cc_5", "deg_4"], "25": ["cc_5", "deg_4"], "24": ["cc_11", "deg_3"], "22": ["cc_0", "deg_3"], "15": ["cc_0", "deg_3"], "4": ["cc_0", "deg_3"], "37": ["cc_2", "deg_6"], "42": ["cc_0", "deg_3"], "30": ["cc_0", "deg_4"], "31": ["cc_6", "deg_6"], "36": ["cc_5", "deg_4"], "10": ["cc_10", "deg_5"], "1": ["cc_6", "deg_5"], "26": ["cc_33", "deg_2"], "40": ["cc_0", "deg_4"], "41": ["cc_0", "deg_4"], "20": ["cc_3", "deg_5"], "29": ["cc_5", "deg_4"], "13": ["cc_11", "deg_3"], "6": ["cc_0", "deg_3"], "7": ["cc_5", "deg_4"], "8": ["cc_11", "deg_3"], "16": ["cc_0", "deg_4"], "21": ["cc_0", "deg_3"]}}