{"label": 1, "features": {"53": ["cc_0", "deg_4"], "47": ["cc_0", "deg_5"], "68": ["cc_5", "deg_4"], "21": ["cc_0", "deg_3"], "34": ["cc_5", "deg_4"], "67": ["cc_0", "deg_2"], "41": ["cc_3", "deg_5"], "4": ["cc_11", "deg_4"], "42": ["cc_3", "deg_5"], "12": ["cc_5", "deg_4"], "28": ["cc_0", "deg_4"], "66": ["cc_0", "deg_3"], "5": ["cc_4", "deg_6"], "65": ["cc_0", "deg_5"], "61": ["cc_0", "deg_2"], "3": ["cc_10", "deg_5"], "64": ["cc_0", "deg_3"], "51": ["cc_0", "deg_3"], "24": ["cc_0", "deg_4"], "56": ["cc_5", "deg_4"], "55": ["cc_5", "deg_4"], "19": ["cc_0", "deg_4"], "54": ["cc_0", "deg_3"], "36": ["cc_5", "deg_4"], "17": ["cc_0", "deg_3"], "11": ["cc_6", "deg_6"], "22": ["cc_0", "deg_3"], "71": ["cc_0", "deg_3"], "18": ["cc_5", "deg_4"], "59": ["cc_0", "deg_3"], "2": ["cc_22", "deg_3"], "46": ["cc_5", "deg_4"], "37": ["cc_0", "deg_3"], "38": ["cc_0", "deg_5"], "73": ["cc_0", "deg_4"], "78": ["cc_0", "deg_3"], "9": ["cc_11", "deg_3"], "27": ["cc_0", "deg_4"], "58": ["cc_0", "deg_4"], "35": ["cc_5", "deg_4"], "1": ["cc_5", "deg_4"], "16": ["cc_0", "deg_3"], "25": ["cc_0", "deg_3"], "7": ["cc_3", "deg_7"], "39": ["cc_0", "deg_3"], "0": ["cc_0", "deg_4"], "29": ["cc_0", "deg_5"], "63": ["cc_0", "deg_5"], "13": ["cc_0", "deg_6"], "6": ["cc_16", "deg_4"], "30": ["cc_6", "deg_5"], "14": ["cc_5", "deg_4"], "32": ["cc_5", "deg_4"], "45": ["cc_5", "deg_4"], "10": ["cc_6", "deg_5"], "33": ["cc_0", "deg_3"], "23": ["cc_0", "deg_3"], "69": ["cc_5", "deg_4"], "76": ["cc_5", "deg_4"], "48": ["cc_0", "deg_3"], "77": ["cc_2", "deg_8"], "40": ["cc_0", "deg_2"], "72": ["cc_0", "deg_4"], "8": ["cc_6", "deg_5"], "44": ["cc_5", "deg_4"], "31": ["cc_3", "deg_7"], "75": ["cc_11", "deg_3"], "26": ["cc_11", "deg_3"], "43": ["cc_6", "deg_5"], "57": ["cc_5", "deg_4"], "20": ["cc_11", "deg_3"], "50": ["cc_0", "deg_2"], "62": ["cc_0", "deg_5"], "60": ["cc_0", "deg_4"], "52": ["cc_0", "deg_2"], "15": ["cc_0", "deg_6"], "74": ["cc_0", "deg_3"], "70": ["cc_3", "deg_5"], "49": ["cc_3", "deg_5"]}, "edges": [[0, 1], [0, 34], [0, 77], [0, 37], [1, 2], [1, 3], [1, 78], [2, 3], [2, 4], [3, 4], [3, 5], [3, 36], [4, 5], [4, 62], [5, 6], [5, 23], [5, 39], [5, 7], [6, 8], [6, 26], [6, 7], [7, 24], [7, 66], [7, 8], [7, 9], [7, 61], [8, 32], [8, 10], [8, 26], [9, 10], [9, 11], [10, 36], [10, 11], [10, 31], [11, 48], [11, 12], [11, 14], [11, 31], [12, 13], [12, 14], [12, 23], [13, 21], [13, 57], [13, 29], [13, 62], [13, 15], [14, 16], [14, 72], [15, 53], [15, 70], [15, 28], [15, 46], [15, 47], [16, 18], [16, 63], [17, 33], [17, 19], [17, 38], [18, 19], [18, 20], [18, 77], [19, 51], [19, 67], [20, 21], [20, 77], [21, 73], [22, 24], [22, 51], [22, 23], [24, 56], [24, 47], [25, 58], [25, 50], [25, 69], [26, 27], [27, 60], [27, 28], [27, 29], [28, 33], [28, 30], [29, 34], [29, 72], [29, 31], [30, 32], [30, 49], [30, 46], [30, 31], [31, 32], [31, 50], [31, 58], [32, 38], [33, 59], [34, 35], [34, 36], [35, 36], [35, 54], [35, 38], [37, 65], [37, 38], [38, 39], [39, 49], [40, 41], [40, 49], [41, 53], [41, 42], [41, 43], [41, 74], [42, 52], [42, 43], [42, 78], [42, 63], [43, 76], [43, 44], [43, 45], [44, 65], [44, 45], [44, 46], [45, 62], [45, 47], [46, 49], [47, 49], [47, 60], [48, 77], [48, 62], [51, 53], [52, 54], [53, 55], [54, 55], [55, 56], [55, 57], [56, 57], [56, 58], [57, 65], [58, 60], [59, 60], [59, 77], [61, 63], [62, 64], [63, 65], [63, 70], [64, 65], [64, 66], [66, 68], [67, 68], [68, 69], [68, 70], [69, 70], [69, 71], [70, 72], [71, 72], [71, 73], [73, 74], [73, 75], [74, 76], [75, 76], [75, 77], [76, 77], [77, 78]]}