{"label": 2, "edges": [[0, 11], [0, 36], [0, 14], [0, 30], [1, 2], [1, 43], [1, 15], [2, 6], [2, 38], [2, 24], [3, 19], [3, 5], [4, 16], [4, 17], [4, 20], [4, 6], [5, 16], [5, 38], [5, 10], [6, 16], [6, 10], [6, 31], [7, 35], [7, 36], [7, 21], [7, 22], [8, 25], [8, 11], [8, 14], [9, 18], [9, 35], [9, 39], [9, 24], [9, 28], [10, 16], [10, 19], [11, 37], [12, 17], [12, 26], [12, 13], [13, 34], [13, 14], [14, 17], [14, 31], [15, 19], [15, 21], [15, 41], [15, 28], [15, 30], [16, 41], [16, 36], [16, 29], [17, 40], [17, 24], [17, 27], [18, 33], [18, 42], [19, 20], [20, 26], [20, 42], [21, 43], [21, 37], [21, 33], [21, 44], [22, 24], [22, 43], [22, 29], [23, 33], [23, 42], [23, 44], [24, 36], [24, 39], [25, 26], [25, 27], [26, 30], [26, 38], [26, 39], [27, 36], [28, 29], [30, 37], [30, 40], [32, 34], [32, 42], [32, 43], [32, 44], [33, 38], [33, 43], [34, 35], [34, 36], [35, 36]], "features": {"27": ["cc_0", "deg_3"], "35": ["cc_11", "deg_4"], "43": ["cc_3", "deg_5"], "32": ["cc_0", "deg_4"], "9": ["cc_3", "deg_5"], "33": ["cc_3", "deg_5"], "0": ["cc_0", "deg_4"], "2": ["cc_0", "deg_4"], "18": ["cc_0", "deg_3"], "5": ["cc_5", "deg_4"], "14": ["cc_0", "deg_5"], "38": ["cc_0", "deg_4"], "44": ["cc_0", "deg_3"], "39": ["cc_11", "deg_3"], "3": ["cc_0", "deg_2"], "28": ["cc_0", "deg_3"], "23": ["cc_0", "deg_3"], "19": ["cc_0", "deg_4"], "34": ["cc_5", "deg_4"], "11": ["cc_0", "deg_3"], "17": ["cc_0", "deg_6"], "12": ["cc_0", "deg_3"], "25": ["cc_0", "deg_3"], "24": ["cc_2", "deg_6"], "22": ["cc_0", "deg_4"], "15": ["cc_0", "deg_6"], "4": ["cc_5", "deg_4"], "37": ["cc_0", "deg_3"], "42": ["cc_0", "deg_4"], "30": ["cc_0", "deg_5"], "31": ["cc_0", "deg_2"], "36": ["cc_3", "deg_7"], "10": ["cc_11", "deg_4"], "1": ["cc_0", "deg_3"], "26": ["cc_0", "deg_6"], "40": ["cc_0", "deg_2"], "41": ["cc_0", "deg_2"], "20": ["cc_0", "deg_4"], "29": ["cc_0", "deg_3"], "13": ["cc_0", "deg_3"], "6": ["cc_6", "deg_5"], "7": ["cc_5", "deg_4"], "8": ["cc_0", "deg_3"], "16": ["cc_4", "deg_7"], "21": ["cc_2", "deg_6"]}}