{"label": 2, "edges": [[0, 1], [0, 51], [0, 17], [1, 8], [1, 20], [2, 34], [2, 31], [3, 35], [3, 22], [4, 45], [4, 31], [5, 19], [5, 38], [6, 8], [6, 14], [7, 8], [8, 39], [9, 10], [10, 11], [11, 41], [12, 13], [13, 42], [15, 16], [15, 36], [16, 19], [18, 35], [18, 44], [19, 40], [21, 50], [21, 22], [22, 34], [23, 45], [24, 32], [24, 51], [25, 26], [25, 46], [26, 27], [27, 28], [27, 42], [28, 39], [29, 33], [29, 30], [30, 41], [30, 37], [30, 31], [35, 36], [36, 40], [39, 40], [43, 44], [47, 48], [48, 49], [49, 50]], "features": {"27": ["cc_0", "deg_3"], "35": ["cc_0", "deg_3"], "43": ["cc_0", "deg_1"], "47": ["cc_0", "deg_1"], "32": ["cc_0", "deg_1"], "9": ["cc_0", "deg_1"], "33": ["cc_0", "deg_1"], "48": ["cc_0", "deg_2"], "0": ["cc_0", "deg_3"], "2": ["cc_0", "deg_2"], "18": ["cc_0", "deg_2"], "5": ["cc_0", "deg_2"], "14": ["cc_0", "deg_1"], "38": ["cc_0", "deg_1"], "44": ["cc_0", "deg_2"], "39": ["cc_0", "deg_3"], "3": ["cc_0", "deg_2"], "28": ["cc_0", "deg_2"], "51": ["cc_0", "deg_2"], "23": ["cc_0", "deg_1"], "19": ["cc_0", "deg_3"], "34": ["cc_0", "deg_2"], "11": ["cc_0", "deg_2"], "17": ["cc_0", "deg_1"], "12": ["cc_0", "deg_1"], "25": ["cc_0", "deg_2"], "24": ["cc_0", "deg_2"], "22": ["cc_0", "deg_3"], "15": ["cc_0", "deg_2"], "4": ["cc_0", "deg_2"], "37": ["cc_0", "deg_1"], "45": ["cc_0", "deg_2"], "42": ["cc_0", "deg_2"], "30": ["cc_0", "deg_4"], "31": ["cc_0", "deg_3"], "36": ["cc_0", "deg_3"], "10": ["cc_0", "deg_2"], "49": ["cc_0", "deg_2"], "1": ["cc_0", "deg_3"], "46": ["cc_0", "deg_1"], "26": ["cc_0", "deg_2"], "40": ["cc_0", "deg_3"], "41": ["cc_0", "deg_2"], "20": ["cc_0", "deg_1"], "29": ["cc_0", "deg_2"], "13": ["cc_0", "deg_2"], "6": ["cc_0", "deg_2"], "7": ["cc_0", "deg_1"], "50": ["cc_0", "deg_2"], "8": ["cc_0", "deg_4"], "16": ["cc_0", "deg_2"], "21": ["cc_0", "deg_2"]}}