{"label": 0, "edges": [[0, 1], [0, 2], [0, 46], [0, 39], [0, 62], [0, 63], [1, 17], [1, 3], [1, 4], [1, 36], [1, 11], [1, 12], [1, 52], [1, 62], [1, 63], [2, 4], [2, 5], [2, 39], [2, 14], [3, 4], [3, 5], [3, 6], [3, 25], [3, 10], [4, 5], [4, 6], [4, 7], [5, 6], [5, 7], [5, 52], [6, 51], [6, 33], [6, 9], [7, 8], [7, 9], [7, 63], [8, 9], [8, 10], [8, 11], [9, 10], [9, 11], [9, 12], [10, 19], [10, 11], [10, 13], [11, 38], [11, 12], [11, 13], [12, 14], [12, 47], [13, 16], [13, 34], [13, 14], [14, 16], [14, 17], [14, 27], [14, 60], [14, 47], [15, 16], [15, 17], [15, 18], [15, 37], [15, 30], [15, 63], [16, 17], [16, 18], [16, 19], [16, 57], [17, 18], [17, 19], [18, 19], [18, 20], [18, 21], [19, 21], [19, 48], [20, 21], [20, 22], [20, 23], [20, 57], [21, 22], [21, 23], [21, 24], [22, 23], [22, 24], [22, 25], [23, 24], [23, 25], [23, 26], [24, 25], [24, 26], [24, 27], [25, 41], [25, 27], [25, 28], [26, 33], [26, 52], [26, 39], [26, 28], [26, 29], [27, 28], [27, 30], [28, 47], [28, 29], [28, 30], [28, 31], [29, 32], [29, 44], [29, 30], [29, 31], [30, 32], [30, 33], [30, 60], [31, 32], [31, 33], [31, 34], [32, 33], [32, 45], [32, 35], [33, 34], [33, 36], [34, 35], [34, 36], [34, 37], [34, 51], [35, 36], [35, 38], [35, 56], [36, 37], [36, 38], [36, 39], [36, 60], [37, 39], [37, 40], [38, 59], [38, 39], [39, 40], [39, 41], [39, 42], [40, 41], [40, 42], [40, 43], [41, 50], [41, 43], [41, 44], [42, 43], [42, 44], [42, 45], [43, 44], [43, 45], [43, 46], [44, 45], [44, 46], [45, 48], [45, 61], [45, 46], [45, 47], [46, 49], [46, 62], [47, 50], [48, 49], [48, 50], [48, 51], [49, 50], [49, 51], [49, 61], [50, 52], [50, 53], [50, 59], [51, 53], [51, 54], [51, 55], [52, 55], [53, 54], [53, 55], [53, 56], [54, 55], [54, 56], [54, 57], [55, 57], [55, 58], [56, 57], [56, 58], [56, 59], [57, 60], [58, 59], [58, 60], [58, 61], [59, 60], [59, 61], [61, 62], [61, 63], [62, 63]], "features": {"27": ["cc_10", "deg_5"], "35": ["cc_6", "deg_5"], "43": ["cc_17", "deg_6"], "47": ["cc_3", "deg_5"], "32": ["cc_8", "deg_6"], "56": ["cc_6", "deg_6"], "9": ["cc_11", "deg_6"], "33": ["cc_6", "deg_7"], "48": ["cc_6", "deg_5"], "55": ["cc_8", "deg_6"], "0": ["cc_11", "deg_6"], "2": ["cc_6", "deg_5"], "18": ["cc_15", "deg_6"], "5": ["cc_11", "deg_6"], "14": ["cc_3", "deg_8"], "38": ["cc_6", "deg_5"], "44": ["cc_13", "deg_6"], "39": ["cc_5", "deg_9"], "3": ["cc_8", "deg_6"], "28": ["cc_7", "deg_7"], "51": ["cc_6", "deg_7"], "23": ["cc_17", "deg_6"], "19": ["cc_8", "deg_6"], "61": ["cc_4", "deg_6"], "34": ["cc_6", "deg_7"], "11": ["cc_9", "deg_7"], "17": ["cc_13", "deg_6"], "12": ["cc_10", "deg_5"], "25": ["cc_7", "deg_7"], "24": ["cc_15", "deg_6"], "62": ["cc_16", "deg_5"], "59": ["cc_6", "deg_6"], "22": ["cc_23", "deg_5"], "60": ["cc_2", "deg_6"], "15": ["cc_6", "deg_6"], "4": ["cc_13", "deg_6"], "37": ["cc_10", "deg_5"], "45": ["cc_5", "deg_8"], "42": ["cc_16", "deg_5"], "30": ["cc_6", "deg_7"], "31": ["cc_13", "deg_5"], "36": ["cc_7", "deg_8"], "57": ["cc_4", "deg_6"], "53": ["cc_13", "deg_5"], "10": ["cc_8", "deg_6"], "49": ["cc_6", "deg_5"], "1": ["cc_3", "deg_10"], "46": ["cc_8", "deg_6"], "26": ["cc_3", "deg_7"], "40": ["cc_16", "deg_5"], "41": ["cc_6", "deg_6"], "20": ["cc_13", "deg_5"], "29": ["cc_11", "deg_6"], "52": ["cc_0", "deg_5"], "58": ["cc_10", "deg_5"], "63": ["cc_8", "deg_6"], "13": ["cc_6", "deg_5"], "6": ["cc_6", "deg_6"], "7": ["cc_6", "deg_5"], "50": ["cc_1", "deg_7"], "8": ["cc_22", "deg_4"], "16": ["cc_11", "deg_7"], "54": ["cc_20", "deg_5"], "21": ["cc_15", "deg_6"]}}