{"label": 0, "edges": [[0, 32], [0, 1], [0, 2], [0, 57], [0, 91], [0, 93], [1, 2], [1, 3], [1, 92], [1, 93], [1, 61], [2, 3], [2, 4], [2, 5], [2, 36], [3, 4], [3, 5], [3, 6], [4, 5], [4, 6], [4, 7], [5, 6], [5, 7], [5, 8], [6, 8], [6, 9], [6, 11], [7, 8], [7, 9], [7, 10], [8, 54], [8, 9], [8, 31], [9, 75], [9, 11], [9, 12], [10, 84], [10, 92], [10, 12], [10, 13], [11, 12], [11, 13], [11, 14], [12, 13], [12, 14], [12, 15], [13, 16], [13, 33], [13, 14], [13, 47], [14, 16], [14, 20], [14, 15], [15, 17], [15, 18], [15, 42], [15, 82], [16, 17], [16, 18], [16, 52], [17, 18], [17, 19], [17, 20], [17, 60], [18, 19], [18, 20], [18, 21], [19, 20], [19, 21], [19, 79], [20, 21], [20, 22], [20, 23], [21, 23], [21, 24], [21, 36], [22, 23], [22, 24], [22, 26], [23, 32], [23, 24], [23, 25], [23, 26], [24, 25], [24, 26], [24, 77], [25, 81], [25, 39], [25, 26], [25, 27], [26, 69], [26, 27], [26, 29], [27, 59], [27, 60], [27, 30], [28, 73], [28, 29], [28, 30], [28, 31], [29, 32], [29, 83], [29, 70], [29, 30], [29, 31], [30, 33], [30, 39], [30, 31], [31, 32], [31, 33], [31, 34], [32, 91], [32, 86], [32, 79], [33, 34], [33, 35], [34, 35], [34, 37], [34, 70], [35, 36], [35, 37], [35, 38], [36, 37], [36, 38], [37, 53], [37, 38], [37, 39], [37, 40], [38, 68], [38, 40], [38, 41], [39, 73], [39, 41], [39, 74], [40, 71], [40, 41], [40, 42], [40, 43], [41, 42], [41, 43], [41, 44], [42, 43], [42, 44], [42, 45], [43, 44], [43, 45], [43, 46], [44, 54], [44, 45], [44, 46], [45, 83], [45, 92], [45, 46], [45, 47], [46, 48], [46, 49], [46, 47], [47, 48], [47, 49], [47, 50], [48, 49], [48, 50], [48, 56], [49, 50], [49, 51], [49, 52], [49, 60], [50, 83], [50, 51], [50, 52], [51, 54], [51, 88], [51, 72], [52, 55], [52, 88], [52, 77], [52, 65], [53, 55], [53, 56], [54, 55], [54, 56], [54, 57], [55, 56], [55, 57], [55, 58], [56, 82], [56, 58], [56, 59], [57, 58], [57, 59], [57, 60], [58, 59], [58, 60], [58, 61], [59, 60], [59, 61], [59, 62], [60, 61], [61, 64], [61, 87], [61, 62], [62, 64], [62, 65], [62, 63], [63, 64], [63, 65], [63, 66], [64, 65], [64, 66], [64, 67], [65, 66], [65, 67], [65, 68], [66, 67], [66, 68], [66, 69], [66, 93], [67, 68], [67, 69], [67, 70], [68, 69], [68, 70], [68, 71], [68, 85], [69, 70], [69, 71], [69, 72], [70, 71], [70, 72], [71, 72], [71, 73], [72, 73], [72, 74], [72, 75], [73, 76], [74, 75], [74, 76], [74, 77], [75, 76], [75, 77], [75, 78], [76, 77], [76, 78], [76, 79], [77, 78], [77, 79], [78, 80], [78, 81], [78, 79], [79, 80], [79, 81], [79, 82], [80, 81], [80, 82], [80, 83], [81, 82], [81, 83], [81, 84], [82, 83], [82, 85], [83, 84], [83, 85], [84, 85], [84, 86], [84, 87], [85, 86], [85, 88], [86, 88], [86, 89], [87, 88], [87, 89], [87, 90], [88, 89], [88, 90], [88, 91], [89, 90], [89, 91], [89, 92], [90, 91], [90, 92], [90, 93], [91, 92]], "features": {"27": ["cc_6", "deg_5"], "35": ["cc_16", "deg_5"], "43": ["cc_20", "deg_6"], "47": ["cc_13", "deg_6"], "56": ["cc_6", "deg_7"], "23": ["cc_12", "deg_7"], "9": ["cc_8", "deg_6"], "0": ["cc_6", "deg_6"], "6": ["cc_13", "deg_6"], "18": ["cc_15", "deg_6"], "14": ["cc_11", "deg_6"], "38": ["cc_11", "deg_6"], "82": ["cc_9", "deg_7"], "68": ["cc_10", "deg_8"], "51": ["cc_3", "deg_5"], "77": ["cc_11", "deg_7"], "19": ["cc_16", "deg_5"], "34": ["cc_10", "deg_5"], "75": ["cc_13", "deg_6"], "11": ["cc_16", "deg_5"], "88": ["cc_8", "deg_8"], "17": ["cc_11", "deg_6"], "25": ["cc_8", "deg_6"], "24": ["cc_13", "deg_6"], "70": ["cc_11", "deg_7"], "15": ["cc_4", "deg_6"], "62": ["cc_16", "deg_5"], "40": ["cc_11", "deg_6"], "30": ["cc_8", "deg_6"], "31": ["cc_9", "deg_7"], "66": ["cc_14", "deg_7"], "36": ["cc_10", "deg_5"], "57": ["cc_11", "deg_6"], "10": ["cc_3", "deg_5"], "49": ["cc_11", "deg_7"], "1": ["cc_6", "deg_6"], "46": ["cc_15", "deg_6"], "60": ["cc_9", "deg_7"], "41": ["cc_13", "deg_6"], "29": ["cc_6", "deg_7"], "74": ["cc_13", "deg_5"], "13": ["cc_7", "deg_7"], "2": ["cc_11", "deg_6"], "7": ["cc_10", "deg_5"], "84": ["cc_6", "deg_6"], "79": ["cc_9", "deg_8"], "90": ["cc_15", "deg_6"], "32": ["cc_3", "deg_7"], "33": ["cc_10", "deg_5"], "55": ["cc_11", "deg_6"], "48": ["cc_16", "deg_5"], "85": ["cc_8", "deg_6"], "5": ["cc_17", "deg_6"], "80": ["cc_23", "deg_5"], "81": ["cc_12", "deg_7"], "86": ["cc_10", "deg_5"], "87": ["cc_10", "deg_5"], "44": ["cc_15", "deg_6"], "39": ["cc_0", "deg_6"], "3": ["cc_20", "deg_5"], "92": ["cc_6", "deg_6"], "28": ["cc_16", "deg_4"], "83": ["cc_7", "deg_8"], "76": ["cc_15", "deg_6"], "72": ["cc_7", "deg_7"], "89": ["cc_17", "deg_6"], "12": ["cc_13", "deg_6"], "59": ["cc_12", "deg_7"], "69": ["cc_14", "deg_7"], "22": ["cc_22", "deg_4"], "50": ["cc_11", "deg_6"], "71": ["cc_13", "deg_6"], "4": ["cc_20", "deg_5"], "78": ["cc_17", "deg_6"], "91": ["cc_13", "deg_6"], "45": ["cc_9", "deg_7"], "42": ["cc_15", "deg_6"], "21": ["cc_11", "deg_6"], "8": ["cc_8", "deg_6"], "53": ["cc_11", "deg_3"], "67": ["cc_20", "deg_6"], "37": ["cc_7", "deg_7"], "20": ["cc_11", "deg_7"], "26": ["cc_9", "deg_7"], "93": ["cc_5", "deg_4"], "52": ["cc_1", "deg_7"], "58": ["cc_17", "deg_6"], "63": ["cc_27", "deg_4"], "64": ["cc_17", "deg_6"], "54": ["cc_4", "deg_6"], "65": ["cc_14", "deg_7"], "61": ["cc_7", "deg_7"], "16": ["cc_6", "deg_5"], "73": ["cc_3", "deg_5"]}}