{"label": 1, "edges": [[0, 2], [0, 20], [0, 6], [0, 9], [1, 17], [1, 2], [1, 6], [1, 25], [1, 28], [2, 16], [2, 3], [2, 4], [2, 5], [2, 27], [2, 12], [2, 23], [2, 13], [3, 6], [3, 10], [3, 26], [3, 11], [3, 18], [4, 6], [4, 7], [4, 9], [4, 26], [5, 21], [5, 6], [5, 23], [5, 18], [5, 15], [6, 19], [6, 17], [6, 22], [6, 15], [7, 9], [7, 10], [7, 11], [8, 16], [8, 17], [8, 24], [8, 9], [8, 11], [9, 16], [9, 27], [9, 10], [9, 23], [9, 12], [10, 25], [10, 12], [11, 17], [11, 23], [11, 28], [11, 13], [12, 26], [12, 20], [12, 21], [12, 13], [13, 16], [13, 28], [14, 16], [14, 19], [14, 27], [14, 15], [15, 16], [16, 18], [16, 21], [16, 25], [17, 19], [17, 23], [17, 28], [18, 19], [19, 20], [19, 21], [19, 27], [19, 28], [19, 26], [20, 21], [20, 23], [21, 24], [22, 23], [22, 24], [22, 25], [23, 25], [24, 25], [24, 27], [26, 28]], "features": {"27": ["cc_3", "deg_5"], "22": ["cc_11", "deg_4"], "15": ["cc_11", "deg_4"], "4": ["cc_3", "deg_5"], "0": ["cc_0", "deg_4"], "2": ["cc_2", "deg_10"], "6": ["cc_2", "deg_9"], "18": ["cc_0", "deg_4"], "5": ["cc_4", "deg_6"], "10": ["cc_6", "deg_5"], "14": ["cc_11", "deg_4"], "1": ["cc_6", "deg_5"], "8": ["cc_6", "deg_5"], "20": ["cc_6", "deg_5"], "26": ["cc_3", "deg_5"], "3": ["cc_0", "deg_6"], "11": ["cc_6", "deg_7"], "28": ["cc_11", "deg_6"], "23": ["cc_3", "deg_8"], "19": ["cc_4", "deg_9"], "13": ["cc_10", "deg_5"], "16": ["cc_2", "deg_9"], "7": ["cc_11", "deg_4"], "17": ["cc_11", "deg_7"], "12": ["cc_4", "deg_7"], "25": ["cc_4", "deg_6"], "24": ["cc_3", "deg_5"], "9": ["cc_3", "deg_9"], "21": ["cc_4", "deg_6"]}}