{"label": 2, "edges": [[0, 83], [0, 5], [0, 54], [0, 69], [1, 39], [1, 72], [1, 10], [1, 58], [2, 3], [2, 95], [3, 55], [3, 92], [3, 60], [3, 30], [4, 5], [4, 23], [4, 26], [4, 55], [4, 63], [5, 18], [5, 39], [5, 92], [5, 34], [6, 16], [6, 88], [7, 84], [7, 20], [7, 58], [7, 95], [7, 92], [7, 79], [8, 78], [8, 87], [8, 25], [8, 74], [8, 62], [8, 93], [9, 38], [9, 57], [9, 11], [9, 14], [10, 21], [10, 38], [10, 77], [10, 47], [11, 80], [11, 53], [12, 27], [12, 52], [12, 37], [12, 43], [13, 81], [13, 23], [13, 88], [13, 28], [14, 32], [14, 50], [14, 89], [14, 55], [15, 32], [15, 19], [15, 71], [15, 80], [15, 44], [15, 30], [16, 64], [16, 74], [16, 43], [17, 19], [17, 76], [18, 80], [18, 44], [18, 95], [19, 66], [19, 37], [19, 70], [19, 25], [20, 96], [20, 38], [21, 51], [21, 56], [21, 73], [22, 24], [22, 68], [22, 48], [22, 23], [23, 33], [24, 65], [24, 68], [24, 27], [24, 78], [25, 43], [26, 59], [26, 71], [26, 91], [27, 66], [28, 57], [28, 73], [28, 92], [28, 46], [29, 80], [29, 93], [30, 37], [31, 32], [31, 58], [31, 43], [32, 68], [32, 85], [33, 64], [33, 80], [33, 61], [33, 77], [34, 64], [35, 85], [35, 38], [35, 91], [36, 56], [36, 60], [36, 95], [37, 51], [37, 87], [37, 61], [39, 67], [39, 65], [39, 43], [40, 71], [40, 88], [40, 87], [40, 45], [40, 93], [41, 65], [41, 60], [42, 81], [42, 50], [42, 51], [42, 74], [42, 60], [43, 86], [43, 59], [44, 65], [44, 77], [45, 53], [46, 80], [46, 54], [46, 49], [47, 68], [47, 69], [48, 54], [48, 91], [48, 82], [48, 94], [48, 79], [49, 71], [50, 67], [50, 62], [51, 77], [51, 93], [52, 56], [53, 96], [53, 81], [53, 82], [53, 59], [53, 78], [54, 68], [55, 89], [55, 87], [55, 75], [56, 77], [57, 78], [59, 63], [60, 96], [61, 70], [62, 76], [62, 63], [63, 85], [63, 70], [64, 82], [69, 84], [69, 92], [72, 73], [72, 85], [74, 83], [75, 90], [76, 77], [77, 79], [79, 89], [80, 84], [82, 85], [83, 88], [84, 90], [85, 94], [86, 88], [86, 95], [90, 95]], "features": {"27": ["cc_0", "deg_3"], "35": ["cc_0", "deg_3"], "43": ["cc_0", "deg_7"], "47": ["cc_0", "deg_3"], "56": ["cc_0", "deg_4"], "23": ["cc_0", "deg_4"], "9": ["cc_0", "deg_4"], "94": ["cc_0", "deg_2"], "0": ["cc_0", "deg_4"], "6": ["cc_0", "deg_2"], "18": ["cc_0", "deg_4"], "14": ["cc_3", "deg_5"], "38": ["cc_0", "deg_4"], "82": ["cc_0", "deg_4"], "68": ["cc_3", "deg_5"], "51": ["cc_0", "deg_5"], "77": ["cc_0", "deg_7"], "19": ["cc_0", "deg_6"], "34": ["cc_0", "deg_2"], "75": ["cc_0", "deg_2"], "11": ["cc_0", "deg_3"], "88": ["cc_0", "deg_5"], "17": ["cc_0", "deg_2"], "25": ["cc_0", "deg_3"], "24": ["cc_3", "deg_5"], "70": ["cc_0", "deg_3"], "15": ["cc_0", "deg_6"], "62": ["cc_0", "deg_4"], "40": ["cc_0", "deg_5"], "30": ["cc_0", "deg_3"], "31": ["cc_0", "deg_3"], "66": ["cc_0", "deg_2"], "36": ["cc_0", "deg_3"], "57": ["cc_0", "deg_3"], "10": ["cc_0", "deg_5"], "49": ["cc_0", "deg_2"], "1": ["cc_0", "deg_4"], "46": ["cc_0", "deg_4"], "60": ["cc_0", "deg_5"], "41": ["cc_0", "deg_2"], "29": ["cc_0", "deg_2"], "74": ["cc_0", "deg_4"], "13": ["cc_0", "deg_4"], "2": ["cc_0", "deg_2"], "7": ["cc_0", "deg_6"], "84": ["cc_0", "deg_4"], "79": ["cc_0", "deg_4"], "90": ["cc_0", "deg_3"], "32": ["cc_0", "deg_5"], "33": ["cc_0", "deg_5"], "55": ["cc_2", "deg_6"], "48": ["cc_0", "deg_6"], "85": ["cc_0", "deg_6"], "5": ["cc_0", "deg_6"], "80": ["cc_0", "deg_7"], "81": ["cc_0", "deg_3"], "86": ["cc_0", "deg_3"], "87": ["cc_0", "deg_4"], "44": ["cc_0", "deg_4"], "39": ["cc_0", "deg_5"], "3": ["cc_0", "deg_5"], "92": ["cc_0", "deg_5"], "28": ["cc_0", "deg_5"], "83": ["cc_0", "deg_3"], "76": ["cc_0", "deg_3"], "72": ["cc_0", "deg_3"], "96": ["cc_0", "deg_3"], "89": ["cc_11", "deg_3"], "12": ["cc_0", "deg_4"], "59": ["cc_0", "deg_4"], "69": ["cc_0", "deg_4"], "22": ["cc_5", "deg_4"], "50": ["cc_0", "deg_4"], "71": ["cc_0", "deg_4"], "4": ["cc_0", "deg_5"], "78": ["cc_0", "deg_4"], "91": ["cc_0", "deg_3"], "45": ["cc_0", "deg_2"], "42": ["cc_0", "deg_5"], "21": ["cc_0", "deg_4"], "8": ["cc_0", "deg_6"], "53": ["cc_0", "deg_7"], "67": ["cc_0", "deg_2"], "37": ["cc_0", "deg_6"], "95": ["cc_0", "deg_6"], "20": ["cc_0", "deg_3"], "26": ["cc_0", "deg_4"], "93": ["cc_0", "deg_4"], "52": ["cc_0", "deg_2"], "58": ["cc_0", "deg_3"], "63": ["cc_0", "deg_5"], "64": ["cc_0", "deg_4"], "54": ["cc_0", "deg_4"], "65": ["cc_0", "deg_4"], "61": ["cc_0", "deg_3"], "16": ["cc_0", "deg_4"], "73": ["cc_0", "deg_3"]}}