{"label": 1, "features": {"68": ["cc_16", "deg_4"], "21": ["cc_0", "deg_4"], "34": ["cc_6", "deg_5"], "58": ["cc_0", "deg_5"], "69": ["cc_0", "deg_4"], "42": ["cc_0", "deg_2"], "12": ["cc_11", "deg_3"], "66": ["cc_10", "deg_5"], "5": ["cc_3", "deg_5"], "61": ["cc_0", "deg_2"], "51": ["cc_1", "deg_8"], "24": ["cc_2", "deg_6"], "56": ["cc_0", "deg_4"], "55": ["cc_0", "deg_3"], "17": ["cc_0", "deg_3"], "22": ["cc_0", "deg_5"], "74": ["cc_3", "deg_5"], "59": ["cc_0", "deg_4"], "46": ["cc_0", "deg_4"], "37": ["cc_0", "deg_3"], "38": ["cc_0", "deg_4"], "81": ["cc_3", "deg_5"], "35": ["cc_4", "deg_6"], "47": ["cc_0", "deg_5"], "16": ["cc_0", "deg_4"], "65": ["cc_6", "deg_6"], "23": ["cc_0", "deg_3"], "7": ["cc_3", "deg_5"], "82": ["cc_5", "deg_4"], "29": ["cc_0", "deg_5"], "13": ["cc_11", "deg_3"], "6": ["cc_5", "deg_4"], "30": ["cc_3", "deg_5"], "14": ["cc_5", "deg_4"], "40": ["cc_5", "deg_4"], "33": ["cc_5", "deg_4"], "73": ["cc_0", "deg_3"], "76": ["cc_3", "deg_5"], "8": ["cc_3", "deg_5"], "44": ["cc_0", "deg_2"], "26": ["cc_0", "deg_3"], "43": ["cc_0", "deg_5"], "57": ["cc_0", "deg_5"], "20": ["cc_0", "deg_3"], "80": ["cc_0", "deg_3"], "70": ["cc_0", "deg_4"], "84": ["cc_0", "deg_3"], "53": ["cc_0", "deg_3"], "1": ["cc_0", "deg_3"], "54": ["cc_0", "deg_4"], "41": ["cc_5", "deg_4"], "4": ["cc_3", "deg_5"], "39": ["cc_0", "deg_2"], "28": ["cc_0", "deg_3"], "25": ["cc_3", "deg_5"], "78": ["cc_0", "deg_2"], "3": ["cc_0", "deg_2"], "64": ["cc_0", "deg_7"], "72": ["cc_0", "deg_2"], "87": ["cc_0", "deg_3"], "19": ["cc_0", "deg_4"], "86": ["cc_0", "deg_5"], "62": ["cc_0", "deg_4"], "11": ["cc_0", "deg_4"], "18": ["cc_0", "deg_6"], "67": ["cc_10", "deg_5"], "2": ["cc_0", "deg_3"], "9": ["cc_2", "deg_6"], "27": ["cc_0", "deg_3"], "15": ["cc_0", "deg_3"], "71": ["cc_0", "deg_4"], "88": ["cc_0", "deg_4"], "0": ["cc_0", "deg_3"], "63": ["cc_0", "deg_3"], "32": ["cc_0", "deg_6"], "45": ["cc_0", "deg_4"], "36": ["cc_5", "deg_4"], "83": ["cc_0", "deg_3"], "48": ["cc_0", "deg_2"], "79": ["cc_0", "deg_3"], "77": ["cc_2", "deg_6"], "10": ["cc_0", "deg_3"], "85": ["cc_0", "deg_4"], "31": ["cc_0", "deg_3"], "75": ["cc_5", "deg_4"], "50": ["cc_0", "deg_4"], "60": ["cc_0", "deg_4"], "52": ["cc_0", "deg_5"], "49": ["cc_0", "deg_3"]}, "edges": [[0, 1], [0, 2], [0, 9], [1, 51], [1, 35], [2, 24], [2, 4], [3, 52], [3, 5], [4, 49], [4, 5], [4, 6], [4, 70], [5, 48], [5, 6], [5, 7], [6, 8], [6, 51], [7, 8], [7, 9], [7, 11], [7, 45], [8, 9], [8, 10], [8, 74], [9, 64], [9, 53], [9, 38], [10, 58], [10, 45], [11, 73], [11, 12], [11, 47], [12, 13], [12, 14], [13, 66], [13, 14], [14, 56], [14, 15], [15, 73], [15, 47], [16, 18], [16, 78], [16, 27], [16, 60], [17, 73], [17, 18], [17, 19], [18, 51], [18, 37], [18, 25], [18, 59], [19, 35], [19, 76], [19, 21], [20, 56], [20, 29], [20, 22], [21, 72], [21, 22], [21, 47], [22, 24], [22, 33], [22, 44], [23, 24], [23, 54], [23, 71], [24, 81], [24, 25], [24, 58], [25, 33], [25, 86], [25, 81], [26, 27], [26, 28], [26, 46], [27, 29], [28, 32], [28, 29], [29, 30], [29, 31], [30, 82], [30, 51], [30, 40], [30, 83], [31, 32], [31, 69], [32, 64], [32, 34], [32, 51], [32, 46], [33, 34], [33, 35], [34, 35], [34, 36], [34, 41], [35, 64], [35, 36], [36, 37], [36, 46], [37, 38], [38, 65], [38, 42], [39, 40], [39, 86], [40, 41], [40, 74], [41, 59], [41, 74], [42, 43], [43, 52], [43, 53], [43, 55], [43, 45], [44, 46], [45, 47], [47, 88], [48, 71], [49, 67], [49, 77], [50, 66], [50, 52], [50, 54], [50, 62], [51, 82], [51, 52], [51, 87], [52, 64], [53, 54], [54, 55], [55, 57], [56, 57], [56, 60], [57, 81], [57, 83], [57, 59], [58, 75], [58, 60], [58, 63], [59, 70], [60, 62], [61, 62], [61, 63], [62, 64], [63, 64], [64, 65], [65, 66], [65, 67], [65, 68], [65, 86], [66, 67], [66, 68], [67, 68], [67, 71], [68, 69], [69, 70], [69, 71], [70, 87], [72, 75], [74, 76], [74, 79], [75, 76], [75, 77], [76, 82], [76, 77], [77, 86], [77, 88], [77, 79], [78, 85], [79, 81], [80, 88], [80, 81], [80, 82], [83, 84], [84, 85], [84, 86], [85, 88], [85, 87]]}