{"label": 2, "edges": [[0, 66], [0, 75], [0, 71], [1, 50], [1, 12], [1, 63], [2, 50], [2, 3], [2, 58], [2, 14], [3, 16], [3, 56], [3, 43], [3, 34], [4, 49], [4, 70], [4, 6], [4, 30], [4, 31], [5, 33], [5, 19], [5, 45], [5, 31], [6, 34], [6, 21], [7, 64], [7, 52], [7, 37], [7, 56], [7, 12], [8, 32], [8, 33], [8, 62], [9, 66], [9, 18], [10, 34], [10, 74], [10, 59], [10, 60], [10, 46], [10, 63], [11, 16], [11, 19], [11, 72], [11, 26], [12, 66], [12, 19], [12, 68], [12, 23], [13, 25], [13, 67], [13, 45], [14, 72], [14, 76], [15, 19], [15, 29], [16, 52], [17, 26], [17, 38], [17, 30], [18, 36], [18, 27], [19, 41], [19, 55], [19, 25], [19, 71], [20, 40], [20, 41], [20, 31], [21, 22], [21, 74], [21, 43], [21, 46], [22, 73], [22, 45], [23, 44], [23, 37], [24, 51], [24, 58], [24, 59], [24, 60], [25, 66], [25, 36], [25, 53], [25, 73], [25, 60], [26, 71], [26, 27], [27, 42], [27, 57], [27, 58], [28, 65], [28, 50], [28, 38], [29, 64], [29, 74], [29, 60], [30, 48], [30, 58], [30, 39], [31, 32], [31, 64], [31, 72], [32, 69], [32, 73], [32, 45], [33, 54], [33, 42], [34, 57], [35, 37], [35, 71], [36, 76], [36, 74], [36, 60], [37, 38], [37, 73], [38, 50], [38, 55], [39, 40], [39, 47], [40, 53], [41, 58], [41, 63], [42, 61], [43, 51], [43, 75], [44, 45], [44, 61], [46, 68], [47, 49], [47, 58], [48, 64], [48, 49], [48, 68], [48, 61], [50, 71], [51, 66], [51, 52], [51, 65], [53, 54], [54, 70], [54, 55], [55, 67], [56, 62], [57, 67], [57, 72], [57, 76], [58, 68], [58, 70], [61, 68], [69, 70], [69, 71], [72, 74], [73, 75]], "features": {"27": ["cc_0", "deg_5"], "35": ["cc_0", "deg_2"], "43": ["cc_0", "deg_4"], "47": ["cc_0", "deg_3"], "32": ["cc_0", "deg_5"], "56": ["cc_0", "deg_3"], "9": ["cc_0", "deg_2"], "33": ["cc_0", "deg_4"], "48": ["cc_3", "deg_5"], "55": ["cc_0", "deg_4"], "0": ["cc_0", "deg_3"], "2": ["cc_0", "deg_4"], "18": ["cc_0", "deg_3"], "5": ["cc_0", "deg_4"], "76": ["cc_0", "deg_3"], "14": ["cc_0", "deg_3"], "38": ["cc_3", "deg_5"], "73": ["cc_0", "deg_5"], "44": ["cc_0", "deg_3"], "39": ["cc_0", "deg_3"], "3": ["cc_0", "deg_5"], "68": ["cc_3", "deg_5"], "28": ["cc_11", "deg_3"], "51": ["cc_0", "deg_5"], "23": ["cc_0", "deg_3"], "19": ["cc_0", "deg_8"], "61": ["cc_5", "deg_4"], "34": ["cc_0", "deg_4"], "75": ["cc_0", "deg_3"], "11": ["cc_0", "deg_4"], "72": ["cc_0", "deg_5"], "17": ["cc_0", "deg_3"], "12": ["cc_0", "deg_6"], "25": ["cc_1", "deg_7"], "24": ["cc_0", "deg_4"], "62": ["cc_0", "deg_2"], "59": ["cc_0", "deg_2"], "69": ["cc_0", "deg_3"], "22": ["cc_0", "deg_3"], "60": ["cc_3", "deg_5"], "70": ["cc_0", "deg_4"], "65": ["cc_0", "deg_2"], "71": ["cc_0", "deg_6"], "15": ["cc_0", "deg_2"], "4": ["cc_0", "deg_5"], "37": ["cc_0", "deg_5"], "45": ["cc_0", "deg_5"], "42": ["cc_0", "deg_3"], "30": ["cc_0", "deg_5"], "31": ["cc_0", "deg_6"], "66": ["cc_0", "deg_5"], "36": ["cc_3", "deg_5"], "67": ["cc_0", "deg_3"], "57": ["cc_0", "deg_5"], "53": ["cc_0", "deg_3"], "10": ["cc_0", "deg_6"], "49": ["cc_0", "deg_3"], "1": ["cc_0", "deg_3"], "46": ["cc_0", "deg_3"], "26": ["cc_0", "deg_4"], "40": ["cc_0", "deg_3"], "41": ["cc_0", "deg_4"], "20": ["cc_0", "deg_3"], "29": ["cc_0", "deg_4"], "52": ["cc_0", "deg_3"], "58": ["cc_0", "deg_8"], "63": ["cc_0", "deg_3"], "64": ["cc_0", "deg_4"], "74": ["cc_0", "deg_5"], "13": ["cc_0", "deg_3"], "6": ["cc_0", "deg_3"], "7": ["cc_0", "deg_5"], "50": ["cc_3", "deg_5"], "8": ["cc_0", "deg_3"], "16": ["cc_0", "deg_3"], "54": ["cc_0", "deg_4"], "21": ["cc_0", "deg_5"]}}