{"label": 2, "edges": [[0, 6], [0, 39], [1, 3], [1, 7], [1, 40], [1, 28], [2, 17], [2, 34], [2, 22], [2, 40], [2, 41], [2, 27], [3, 38], [3, 22], [4, 8], [4, 28], [4, 15], [5, 35], [5, 44], [5, 38], [6, 33], [6, 27], [6, 43], [7, 26], [7, 27], [7, 12], [8, 18], [8, 22], [8, 36], [8, 44], [8, 30], [9, 16], [9, 10], [9, 27], [9, 12], [10, 25], [10, 37], [10, 23], [10, 27], [11, 40], [11, 25], [11, 26], [11, 43], [12, 41], [12, 15], [13, 35], [13, 17], [13, 33], [14, 32], [14, 33], [14, 35], [15, 25], [15, 36], [16, 24], [16, 42], [16, 33], [17, 25], [18, 33], [18, 20], [18, 40], [18, 23], [18, 31], [19, 35], [19, 36], [19, 37], [19, 40], [20, 35], [20, 26], [20, 31], [21, 34], [21, 36], [21, 22], [21, 28], [22, 33], [24, 35], [24, 30], [25, 44], [25, 29], [26, 40], [26, 42], [27, 39], [29, 33], [29, 41], [30, 37], [31, 36], [32, 35], [32, 37], [33, 34], [37, 42], [39, 42]], "features": {"27": ["cc_2", "deg_6"], "35": ["cc_1", "deg_7"], "43": ["cc_0", "deg_2"], "32": ["cc_11", "deg_3"], "9": ["cc_5", "deg_4"], "33": ["cc_0", "deg_8"], "0": ["cc_0", "deg_2"], "2": ["cc_0", "deg_6"], "18": ["cc_2", "deg_6"], "5": ["cc_0", "deg_3"], "14": ["cc_11", "deg_3"], "38": ["cc_0", "deg_2"], "44": ["cc_0", "deg_3"], "39": ["cc_0", "deg_3"], "3": ["cc_0", "deg_3"], "28": ["cc_0", "deg_3"], "23": ["cc_0", "deg_2"], "19": ["cc_0", "deg_4"], "34": ["cc_0", "deg_3"], "11": ["cc_5", "deg_4"], "17": ["cc_0", "deg_3"], "12": ["cc_0", "deg_4"], "25": ["cc_0", "deg_6"], "24": ["cc_0", "deg_3"], "22": ["cc_0", "deg_5"], "15": ["cc_0", "deg_4"], "4": ["cc_0", "deg_3"], "37": ["cc_0", "deg_5"], "42": ["cc_0", "deg_4"], "30": ["cc_0", "deg_3"], "31": ["cc_11", "deg_3"], "36": ["cc_0", "deg_5"], "10": ["cc_3", "deg_5"], "1": ["cc_0", "deg_4"], "26": ["cc_3", "deg_5"], "40": ["cc_2", "deg_6"], "41": ["cc_0", "deg_3"], "20": ["cc_5", "deg_4"], "29": ["cc_0", "deg_3"], "13": ["cc_0", "deg_3"], "6": ["cc_0", "deg_4"], "7": ["cc_0", "deg_4"], "8": ["cc_0", "deg_6"], "16": ["cc_0", "deg_4"], "21": ["cc_0", "deg_4"]}}