{"label": 0, "edges": [[0, 1], [0, 3], [0, 22], [0, 25], [0, 26], [1, 3], [1, 4], [1, 20], [1, 26], [1, 27], [2, 16], [2, 4], [2, 5], [2, 17], [2, 27], [3, 4], [3, 5], [3, 6], [4, 11], [4, 5], [4, 19], [4, 27], [4, 13], [5, 6], [5, 7], [5, 8], [5, 14], [6, 7], [6, 8], [6, 9], [6, 12], [6, 14], [7, 8], [7, 9], [7, 10], [8, 20], [8, 9], [8, 10], [8, 11], [9, 10], [9, 11], [9, 12], [10, 17], [10, 11], [10, 13], [11, 17], [11, 23], [11, 13], [12, 14], [12, 15], [13, 14], [13, 15], [14, 15], [15, 16], [15, 18], [15, 20], [15, 24], [16, 17], [16, 18], [16, 27], [17, 18], [18, 19], [18, 21], [18, 22], [19, 20], [19, 21], [19, 22], [20, 21], [21, 23], [21, 24], [21, 25], [21, 27], [22, 23], [22, 24], [22, 25], [23, 24], [23, 25], [23, 26], [24, 25], [24, 26], [24, 27], [25, 26], [25, 27], [26, 27]], "features": {"27": ["cc_10", "deg_8"], "22": ["cc_11", "deg_6"], "15": ["cc_4", "deg_7"], "4": ["cc_7", "deg_8"], "0": ["cc_13", "deg_5"], "2": ["cc_13", "deg_5"], "6": ["cc_14", "deg_7"], "18": ["cc_8", "deg_6"], "5": ["cc_11", "deg_7"], "10": ["cc_15", "deg_6"], "14": ["cc_13", "deg_5"], "1": ["cc_11", "deg_6"], "8": ["cc_14", "deg_7"], "20": ["cc_3", "deg_5"], "26": ["cc_17", "deg_6"], "3": ["cc_13", "deg_5"], "11": ["cc_9", "deg_7"], "23": ["cc_15", "deg_6"], "19": ["cc_10", "deg_5"], "13": ["cc_10", "deg_5"], "16": ["cc_13", "deg_5"], "7": ["cc_23", "deg_5"], "17": ["cc_10", "deg_5"], "12": ["cc_16", "deg_4"], "25": ["cc_19", "deg_7"], "24": ["cc_15", "deg_7"], "9": ["cc_17", "deg_6"], "21": ["cc_11", "deg_7"]}}