{"label": 1, "edges": [[0, 31], [0, 4], [1, 42], [1, 75], [1, 47], [2, 61], [3, 47], [4, 66], [5, 10], [5, 67], [6, 7], [7, 76], [8, 44], [9, 29], [10, 49], [10, 23], [11, 42], [11, 38], [12, 60], [12, 62], [13, 14], [14, 42], [15, 16], [16, 17], [16, 20], [16, 78], [17, 18], [18, 35], [19, 48], [19, 61], [20, 73], [21, 78], [22, 23], [23, 55], [23, 31], [24, 49], [24, 33], [25, 26], [26, 27], [26, 65], [27, 56], [27, 77], [27, 46], [28, 35], [29, 30], [30, 36], [30, 31], [31, 70], [32, 33], [33, 43], [34, 51], [34, 78], [35, 60], [37, 79], [39, 40], [40, 41], [41, 42], [41, 76], [42, 77], [44, 75], [45, 46], [46, 63], [48, 67], [49, 60], [50, 51], [52, 53], [53, 67], [54, 55], [57, 58], [58, 64], [59, 70], [60, 72], [63, 67], [63, 70], [64, 76], [65, 71], [66, 79], [68, 69], [69, 70], [74, 75]], "features": {"27": ["cc_0", "deg_4"], "35": ["cc_0", "deg_3"], "43": ["cc_0", "deg_1"], "47": ["cc_0", "deg_2"], "32": ["cc_0", "deg_1"], "56": ["cc_0", "deg_1"], "77": ["cc_0", "deg_2"], "9": ["cc_0", "deg_1"], "33": ["cc_0", "deg_3"], "48": ["cc_0", "deg_2"], "55": ["cc_0", "deg_2"], "0": ["cc_0", "deg_2"], "2": ["cc_0", "deg_1"], "18": ["cc_0", "deg_2"], "5": ["cc_0", "deg_2"], "76": ["cc_0", "deg_3"], "14": ["cc_0", "deg_2"], "38": ["cc_0", "deg_1"], "73": ["cc_0", "deg_1"], "44": ["cc_0", "deg_2"], "39": ["cc_0", "deg_1"], "3": ["cc_0", "deg_1"], "68": ["cc_0", "deg_1"], "28": ["cc_0", "deg_1"], "51": ["cc_0", "deg_2"], "23": ["cc_0", "deg_4"], "19": ["cc_0", "deg_2"], "61": ["cc_0", "deg_2"], "34": ["cc_0", "deg_2"], "75": ["cc_0", "deg_3"], "11": ["cc_0", "deg_2"], "72": ["cc_0", "deg_1"], "17": ["cc_0", "deg_2"], "12": ["cc_0", "deg_2"], "25": ["cc_0", "deg_1"], "24": ["cc_0", "deg_2"], "62": ["cc_0", "deg_1"], "59": ["cc_0", "deg_1"], "69": ["cc_0", "deg_2"], "22": ["cc_0", "deg_1"], "60": ["cc_0", "deg_4"], "70": ["cc_0", "deg_4"], "65": ["cc_0", "deg_2"], "71": ["cc_0", "deg_1"], "15": ["cc_0", "deg_1"], "4": ["cc_0", "deg_2"], "78": ["cc_0", "deg_3"], "37": ["cc_0", "deg_1"], "45": ["cc_0", "deg_1"], "42": ["cc_0", "deg_5"], "30": ["cc_0", "deg_3"], "31": ["cc_0", "deg_4"], "66": ["cc_0", "deg_2"], "36": ["cc_0", "deg_1"], "67": ["cc_0", "deg_4"], "57": ["cc_0", "deg_1"], "53": ["cc_0", "deg_2"], "10": ["cc_0", "deg_3"], "49": ["cc_0", "deg_3"], "1": ["cc_0", "deg_3"], "46": ["cc_0", "deg_3"], "79": ["cc_0", "deg_2"], "26": ["cc_0", "deg_3"], "40": ["cc_0", "deg_2"], "41": ["cc_0", "deg_3"], "20": ["cc_0", "deg_2"], "29": ["cc_0", "deg_2"], "52": ["cc_0", "deg_1"], "58": ["cc_0", "deg_2"], "63": ["cc_0", "deg_3"], "64": ["cc_0", "deg_2"], "74": ["cc_0", "deg_1"], "13": ["cc_0", "deg_1"], "6": ["cc_0", "deg_1"], "7": ["cc_0", "deg_2"], "50": ["cc_0", "deg_1"], "8": ["cc_0", "deg_1"], "16": ["cc_0", "deg_4"], "54": ["cc_0", "deg_1"], "21": ["cc_0", "deg_1"]}}