{"label": 2, "edges": [[0, 48], [0, 51], [0, 53], [0, 25], [0, 42], [0, 28], [1, 17], [1, 3], [1, 9], [1, 45], [2, 20], [2, 21], [2, 8], [2, 47], [3, 39], [3, 31], [3, 15], [4, 49], [4, 18], [4, 24], [5, 41], [5, 20], [6, 33], [6, 19], [6, 7], [7, 20], [7, 25], [7, 13], [8, 53], [8, 46], [9, 21], [9, 10], [9, 12], [9, 26], [10, 38], [10, 12], [10, 46], [11, 33], [11, 51], [11, 22], [11, 42], [12, 13], [13, 51], [13, 26], [14, 34], [14, 22], [15, 32], [15, 22], [15, 45], [16, 32], [16, 25], [16, 34], [17, 19], [18, 33], [18, 31], [19, 30], [19, 21], [20, 50], [20, 28], [21, 41], [22, 32], [22, 49], [22, 44], [23, 37], [23, 39], [23, 26], [23, 45], [23, 46], [24, 45], [24, 29], [25, 38], [26, 36], [26, 27], [27, 28], [28, 51], [28, 46], [28, 38], [29, 34], [29, 52], [29, 31], [30, 50], [30, 53], [31, 34], [31, 33], [31, 45], [32, 33], [32, 36], [32, 38], [32, 41], [33, 38], [34, 35], [34, 37], [35, 36], [35, 37], [36, 41], [38, 50], [40, 41], [40, 42], [42, 44], [43, 49], [43, 53], [44, 45], [46, 48], [46, 52], [47, 48], [47, 50], [49, 50], [52, 53]], "features": {"27": ["cc_0", "deg_2"], "35": ["cc_11", "deg_3"], "43": ["cc_0", "deg_2"], "47": ["cc_0", "deg_3"], "32": ["cc_4", "deg_7"], "9": ["cc_3", "deg_5"], "33": ["cc_4", "deg_6"], "48": ["cc_0", "deg_3"], "0": ["cc_2", "deg_6"], "2": ["cc_0", "deg_4"], "18": ["cc_11", "deg_3"], "5": ["cc_0", "deg_2"], "14": ["cc_0", "deg_2"], "38": ["cc_2", "deg_6"], "44": ["cc_0", "deg_3"], "39": ["cc_0", "deg_2"], "3": ["cc_0", "deg_4"], "28": ["cc_2", "deg_6"], "51": ["cc_5", "deg_4"], "23": ["cc_0", "deg_5"], "19": ["cc_0", "deg_4"], "34": ["cc_4", "deg_6"], "11": ["cc_0", "deg_4"], "17": ["cc_0", "deg_2"], "12": ["cc_11", "deg_3"], "25": ["cc_0", "deg_4"], "24": ["cc_0", "deg_3"], "22": ["cc_2", "deg_6"], "15": ["cc_5", "deg_4"], "4": ["cc_0", "deg_3"], "37": ["cc_11", "deg_3"], "45": ["cc_0", "deg_6"], "42": ["cc_0", "deg_4"], "30": ["cc_0", "deg_3"], "31": ["cc_4", "deg_6"], "36": ["cc_5", "deg_4"], "53": ["cc_0", "deg_5"], "10": ["cc_5", "deg_4"], "49": ["cc_0", "deg_4"], "1": ["cc_0", "deg_4"], "46": ["cc_0", "deg_6"], "26": ["cc_0", "deg_5"], "40": ["cc_0", "deg_2"], "41": ["cc_3", "deg_5"], "20": ["cc_0", "deg_5"], "29": ["cc_5", "deg_4"], "52": ["cc_0", "deg_3"], "13": ["cc_0", "deg_4"], "6": ["cc_0", "deg_3"], "7": ["cc_0", "deg_4"], "50": ["cc_0", "deg_5"], "8": ["cc_0", "deg_3"], "16": ["cc_0", "deg_3"], "21": ["cc_0", "deg_4"]}}