{"label": 2, "edges": [[0, 12], [0, 2], [0, 35], [0, 36], [0, 25], [1, 3], [1, 22], [2, 32], [2, 34], [2, 4], [2, 5], [2, 23], [2, 27], [3, 6], [3, 33], [3, 24], [3, 7], [4, 8], [4, 6], [5, 7], [5, 28], [5, 13], [6, 9], [6, 15], [7, 32], [7, 19], [7, 20], [7, 29], [8, 33], [8, 34], [9, 17], [9, 10], [9, 11], [9, 15], [10, 18], [10, 21], [10, 12], [11, 35], [11, 25], [12, 23], [12, 14], [13, 32], [13, 28], [14, 18], [14, 15], [14, 29], [14, 31], [16, 17], [16, 18], [16, 36], [16, 24], [16, 27], [17, 19], [17, 31], [18, 19], [19, 33], [19, 22], [20, 21], [21, 22], [21, 29], [22, 35], [22, 24], [23, 33], [23, 24], [23, 26], [23, 30], [24, 34], [25, 29], [26, 28], [28, 36], [29, 34], [30, 35], [31, 33], [34, 35]], "features": {"27": ["cc_0", "deg_2"], "22": ["cc_0", "deg_5"], "32": ["cc_0", "deg_3"], "15": ["cc_11", "deg_3"], "4": ["cc_0", "deg_3"], "33": ["cc_0", "deg_5"], "35": ["cc_0", "deg_5"], "30": ["cc_0", "deg_2"], "0": ["cc_0", "deg_5"], "2": ["cc_0", "deg_7"], "6": ["cc_5", "deg_4"], "18": ["cc_0", "deg_4"], "5": ["cc_5", "deg_4"], "10": ["cc_0", "deg_4"], "14": ["cc_0", "deg_5"], "1": ["cc_0", "deg_2"], "29": ["cc_0", "deg_5"], "8": ["cc_0", "deg_3"], "20": ["cc_0", "deg_2"], "26": ["cc_0", "deg_2"], "3": ["cc_0", "deg_5"], "11": ["cc_0", "deg_3"], "28": ["cc_5", "deg_4"], "23": ["cc_0", "deg_6"], "19": ["cc_0", "deg_5"], "36": ["cc_0", "deg_3"], "34": ["cc_0", "deg_5"], "13": ["cc_11", "deg_3"], "16": ["cc_0", "deg_5"], "7": ["cc_0", "deg_6"], "17": ["cc_0", "deg_4"], "12": ["cc_0", "deg_4"], "31": ["cc_0", "deg_3"], "25": ["cc_0", "deg_3"], "24": ["cc_0", "deg_5"], "9": ["cc_3", "deg_5"], "21": ["cc_0", "deg_4"]}}