{"label": 1, "edges": [[0, 1], [0, 2], [0, 77], [0, 78], [0, 29], [1, 38], [1, 72], [1, 78], [2, 65], [2, 66], [2, 3], [2, 37], [3, 4], [3, 45], [4, 5], [4, 6], [5, 67], [5, 12], [5, 66], [5, 15], [6, 8], [6, 7], [7, 9], [7, 69], [8, 10], [8, 70], [9, 10], [9, 11], [10, 11], [10, 12], [10, 41], [11, 12], [11, 69], [12, 49], [12, 60], [12, 13], [13, 14], [13, 15], [14, 16], [14, 53], [14, 30], [14, 15], [15, 16], [15, 36], [16, 17], [16, 18], [16, 59], [17, 19], [17, 69], [17, 24], [18, 52], [18, 19], [18, 20], [19, 51], [19, 31], [20, 76], [20, 21], [21, 25], [21, 22], [21, 23], [22, 23], [22, 24], [22, 58], [22, 53], [23, 24], [23, 25], [24, 25], [24, 46], [25, 27], [26, 64], [26, 27], [26, 51], [27, 28], [27, 29], [28, 29], [28, 30], [29, 48], [29, 31], [30, 44], [30, 31], [31, 33], [31, 43], [32, 64], [32, 77], [32, 69], [33, 34], [33, 35], [34, 35], [34, 36], [34, 57], [35, 36], [35, 37], [35, 52], [36, 37], [36, 38], [36, 63], [37, 54], [38, 40], [38, 39], [39, 40], [39, 41], [40, 41], [40, 42], [41, 43], [41, 46], [42, 43], [42, 44], [43, 68], [43, 69], [43, 57], [43, 44], [43, 45], [44, 45], [45, 46], [45, 47], [47, 48], [47, 49], [48, 65], [49, 50], [49, 55], [50, 51], [50, 52], [51, 52], [51, 53], [54, 56], [54, 55], [55, 56], [55, 57], [56, 57], [56, 58], [56, 74], [58, 60], [59, 60], [60, 61], [61, 77], [61, 62], [61, 63], [62, 64], [62, 63], [63, 64], [64, 66], [65, 67], [66, 67], [67, 69], [68, 70], [70, 72], [70, 75], [71, 72], [71, 73], [72, 73], [72, 74], [73, 74], [73, 75], [74, 75], [75, 76], [75, 77], [76, 77], [76, 78]], "features": {"27": ["cc_5", "deg_4"], "35": ["cc_10", "deg_5"], "43": ["cc_2", "deg_8"], "47": ["cc_0", "deg_3"], "32": ["cc_0", "deg_3"], "56": ["cc_6", "deg_5"], "77": ["cc_3", "deg_5"], "9": ["cc_11", "deg_3"], "33": ["cc_11", "deg_3"], "48": ["cc_0", "deg_3"], "55": ["cc_11", "deg_4"], "0": ["cc_3", "deg_5"], "2": ["cc_0", "deg_5"], "18": ["cc_0", "deg_4"], "5": ["cc_3", "deg_5"], "76": ["cc_5", "deg_4"], "14": ["cc_6", "deg_5"], "38": ["cc_5", "deg_4"], "73": ["cc_16", "deg_4"], "44": ["cc_11", "deg_4"], "39": ["cc_22", "deg_3"], "3": ["cc_0", "deg_3"], "68": ["cc_0", "deg_2"], "28": ["cc_11", "deg_3"], "51": ["cc_3", "deg_5"], "23": ["cc_22", "deg_4"], "19": ["cc_0", "deg_4"], "61": ["cc_5", "deg_4"], "34": ["cc_11", "deg_4"], "75": ["cc_6", "deg_5"], "11": ["cc_11", "deg_4"], "72": ["cc_6", "deg_5"], "17": ["cc_0", "deg_4"], "12": ["cc_2", "deg_6"], "25": ["cc_11", "deg_4"], "24": ["cc_6", "deg_5"], "62": ["cc_22", "deg_3"], "59": ["cc_0", "deg_2"], "69": ["cc_0", "deg_6"], "22": ["cc_6", "deg_5"], "60": ["cc_0", "deg_4"], "70": ["cc_0", "deg_4"], "65": ["cc_0", "deg_3"], "71": ["cc_33", "deg_2"], "15": ["cc_6", "deg_5"], "4": ["cc_0", "deg_3"], "78": ["cc_11", "deg_3"], "37": ["cc_5", "deg_4"], "45": ["cc_3", "deg_5"], "42": ["cc_11", "deg_3"], "30": ["cc_0", "deg_4"], "31": ["cc_0", "deg_5"], "66": ["cc_5", "deg_4"], "36": ["cc_4", "deg_6"], "67": ["cc_5", "deg_4"], "57": ["cc_5", "deg_4"], "53": ["cc_0", "deg_3"], "10": ["cc_6", "deg_5"], "49": ["cc_0", "deg_4"], "1": ["cc_5", "deg_4"], "46": ["cc_0", "deg_3"], "26": ["cc_0", "deg_3"], "40": ["cc_11", "deg_4"], "41": ["cc_3", "deg_5"], "20": ["cc_0", "deg_3"], "29": ["cc_3", "deg_5"], "52": ["cc_5", "deg_4"], "58": ["cc_0", "deg_3"], "63": ["cc_11", "deg_4"], "64": ["cc_3", "deg_5"], "74": ["cc_11", "deg_4"], "13": ["cc_11", "deg_3"], "6": ["cc_0", "deg_3"], "7": ["cc_0", "deg_3"], "50": ["cc_11", "deg_3"], "8": ["cc_0", "deg_3"], "16": ["cc_3", "deg_5"], "54": ["cc_11", "deg_3"], "21": ["cc_11", "deg_4"]}}