{"label": 1, "edges": [[0, 56], [0, 2], [0, 59], [0, 73], [1, 6], [1, 71], [1, 73], [1, 63], [2, 17], [2, 3], [2, 4], [3, 8], [3, 33], [3, 4], [3, 5], [4, 6], [5, 6], [5, 25], [5, 29], [5, 46], [6, 8], [6, 7], [7, 8], [7, 29], [7, 30], [7, 53], [8, 33], [8, 9], [8, 10], [9, 11], [9, 61], [10, 43], [10, 12], [10, 63], [11, 42], [11, 12], [11, 13], [11, 31], [12, 13], [12, 14], [13, 14], [13, 15], [14, 16], [14, 57], [14, 42], [15, 16], [15, 17], [16, 17], [16, 43], [17, 48], [17, 37], [17, 30], [18, 48], [18, 20], [19, 58], [19, 20], [19, 69], [19, 38], [20, 21], [20, 22], [21, 69], [21, 22], [21, 23], [21, 25], [22, 24], [22, 56], [22, 29], [23, 66], [23, 68], [23, 25], [24, 25], [24, 26], [24, 52], [24, 63], [26, 44], [26, 35], [26, 28], [27, 39], [27, 61], [27, 62], [27, 29], [28, 51], [28, 70], [29, 46], [31, 39], [32, 34], [32, 53], [32, 72], [33, 49], [34, 35], [34, 36], [35, 36], [36, 64], [36, 40], [36, 59], [37, 51], [37, 38], [37, 39], [38, 70], [38, 55], [39, 40], [39, 41], [40, 41], [41, 57], [41, 43], [42, 72], [42, 43], [43, 47], [43, 44], [43, 62], [44, 49], [44, 46], [45, 58], [45, 46], [45, 47], [46, 70], [47, 49], [48, 50], [49, 51], [50, 68], [50, 66], [50, 52], [51, 53], [52, 53], [54, 56], [54, 71], [55, 73], [56, 73], [56, 58], [57, 58], [57, 60], [59, 60], [60, 62], [61, 63], [62, 65], [62, 63], [64, 65], [64, 66], [65, 67], [66, 67], [66, 68], [67, 68], [67, 69], [69, 70], [70, 71], [70, 72], [71, 72], [72, 73]], "features": {"27": ["cc_0", "deg_4"], "35": ["cc_11", "deg_3"], "43": ["cc_0", "deg_7"], "47": ["cc_0", "deg_3"], "32": ["cc_0", "deg_3"], "56": ["cc_3", "deg_5"], "9": ["cc_0", "deg_3"], "33": ["cc_11", "deg_3"], "48": ["cc_0", "deg_3"], "55": ["cc_0", "deg_2"], "0": ["cc_5", "deg_4"], "2": ["cc_5", "deg_4"], "18": ["cc_0", "deg_2"], "5": ["cc_3", "deg_5"], "14": ["cc_3", "deg_5"], "38": ["cc_0", "deg_4"], "73": ["cc_3", "deg_5"], "44": ["cc_0", "deg_4"], "39": ["cc_3", "deg_5"], "3": ["cc_6", "deg_5"], "68": ["cc_16", "deg_4"], "28": ["cc_0", "deg_3"], "51": ["cc_0", "deg_4"], "23": ["cc_11", "deg_4"], "19": ["cc_0", "deg_4"], "61": ["cc_0", "deg_3"], "34": ["cc_11", "deg_3"], "11": ["cc_3", "deg_5"], "72": ["cc_3", "deg_5"], "17": ["cc_2", "deg_6"], "12": ["cc_11", "deg_4"], "25": ["cc_5", "deg_4"], "24": ["cc_0", "deg_5"], "62": ["cc_0", "deg_5"], "59": ["cc_0", "deg_3"], "69": ["cc_0", "deg_4"], "22": ["cc_3", "deg_5"], "60": ["cc_0", "deg_3"], "70": ["cc_2", "deg_6"], "65": ["cc_0", "deg_3"], "71": ["cc_5", "deg_4"], "15": ["cc_11", "deg_3"], "4": ["cc_11", "deg_3"], "37": ["cc_0", "deg_4"], "45": ["cc_0", "deg_3"], "42": ["cc_0", "deg_4"], "30": ["cc_0", "deg_2"], "31": ["cc_0", "deg_2"], "66": ["cc_10", "deg_5"], "36": ["cc_3", "deg_5"], "67": ["cc_5", "deg_4"], "57": ["cc_0", "deg_4"], "53": ["cc_0", "deg_4"], "10": ["cc_0", "deg_4"], "49": ["cc_0", "deg_4"], "1": ["cc_0", "deg_4"], "46": ["cc_3", "deg_5"], "26": ["cc_0", "deg_4"], "40": ["cc_11", "deg_3"], "41": ["cc_5", "deg_4"], "20": ["cc_5", "deg_4"], "29": ["cc_3", "deg_5"], "52": ["cc_0", "deg_3"], "58": ["cc_0", "deg_4"], "63": ["cc_0", "deg_5"], "64": ["cc_0", "deg_3"], "13": ["cc_11", "deg_4"], "6": ["cc_3", "deg_5"], "7": ["cc_3", "deg_5"], "50": ["cc_5", "deg_4"], "8": ["cc_4", "deg_6"], "16": ["cc_5", "deg_4"], "54": ["cc_0", "deg_2"], "21": ["cc_6", "deg_5"]}}