{"label": 0, "features": {"53": ["cc_0", "deg_3"], "47": ["cc_11", "deg_3"], "21": ["cc_5", "deg_4"], "34": ["cc_0", "deg_4"], "67": ["cc_5", "deg_4"], "41": ["cc_10", "deg_5"], "4": ["cc_0", "deg_4"], "42": ["cc_11", "deg_4"], "12": ["cc_11", "deg_4"], "28": ["cc_16", "deg_4"], "66": ["cc_11", "deg_4"], "5": ["cc_3", "deg_5"], "65": ["cc_11", "deg_3"], "61": ["cc_33", "deg_2"], "3": ["cc_0", "deg_4"], "64": ["cc_5", "deg_4"], "51": ["cc_11", "deg_4"], "24": ["cc_11", "deg_4"], "56": ["cc_16", "deg_4"], "55": ["cc_22", "deg_3"], "19": ["cc_5", "deg_4"], "54": ["cc_5", "deg_4"], "36": ["cc_5", "deg_4"], "17": ["cc_6", "deg_5"], "11": ["cc_6", "deg_6"], "22": ["cc_5", "deg_4"], "18": ["cc_5", "deg_4"], "59": ["cc_5", "deg_4"], "2": ["cc_0", "deg_4"], "46": ["cc_33", "deg_2"], "37": ["cc_11", "deg_4"], "38": ["cc_11", "deg_4"], "9": ["cc_33", "deg_2"], "27": ["cc_16", "deg_4"], "58": ["cc_6", "deg_5"], "35": ["cc_0", "deg_3"], "1": ["cc_0", "deg_3"], "16": ["cc_5", "deg_4"], "25": ["cc_16", "deg_4"], "7": ["cc_0", "deg_4"], "39": ["cc_6", "deg_5"], "0": ["cc_0", "deg_5"], "29": ["cc_10", "deg_5"], "63": ["cc_5", "deg_4"], "13": ["cc_5", "deg_4"], "6": ["cc_0", "deg_3"], "30": ["cc_16", "deg_4"], "14": ["cc_0", "deg_4"], "32": ["cc_5", "deg_4"], "45": ["cc_0", "deg_4"], "10": ["cc_11", "deg_4"], "33": ["cc_0", "deg_4"], "23": ["cc_33", "deg_2"], "48": ["cc_3", "deg_5"], "40": ["cc_4", "deg_6"], "8": ["cc_0", "deg_3"], "44": ["cc_0", "deg_3"], "31": ["cc_4", "deg_6"], "26": ["cc_16", "deg_4"], "43": ["cc_3", "deg_5"], "57": ["cc_6", "deg_6"], "20": ["cc_3", "deg_5"], "50": ["cc_22", "deg_3"], "62": ["cc_3", "deg_5"], "60": ["cc_0", "deg_5"], "52": ["cc_5", "deg_4"], "15": ["cc_11", "deg_3"], "49": ["cc_11", "deg_3"]}, "edges": [[0, 2], [0, 67], [0, 59], [0, 12], [0, 31], [1, 48], [1, 2], [1, 11], [2, 3], [2, 4], [3, 5], [3, 22], [3, 57], [4, 43], [4, 5], [4, 6], [5, 64], [5, 66], [5, 7], [6, 33], [6, 7], [7, 8], [7, 41], [8, 20], [8, 43], [9, 10], [9, 11], [10, 11], [10, 12], [10, 47], [11, 53], [11, 12], [11, 13], [12, 13], [13, 14], [13, 15], [14, 16], [14, 60], [14, 21], [15, 16], [15, 17], [16, 17], [16, 57], [17, 63], [17, 18], [17, 19], [18, 19], [18, 20], [18, 59], [19, 40], [19, 31], [20, 33], [20, 21], [20, 22], [21, 38], [21, 22], [22, 24], [23, 24], [23, 25], [24, 25], [24, 26], [25, 26], [25, 27], [26, 27], [26, 28], [27, 28], [27, 29], [28, 29], [28, 30], [29, 48], [29, 30], [29, 31], [30, 32], [30, 31], [31, 32], [31, 33], [32, 40], [32, 34], [33, 34], [34, 35], [34, 36], [35, 37], [35, 62], [36, 37], [36, 38], [36, 63], [37, 38], [37, 39], [38, 39], [39, 40], [39, 41], [39, 67], [40, 41], [40, 42], [40, 60], [41, 42], [41, 43], [42, 43], [42, 44], [43, 45], [44, 65], [44, 45], [45, 60], [45, 49], [46, 48], [46, 47], [47, 48], [48, 52], [49, 50], [49, 51], [50, 51], [50, 52], [51, 52], [51, 53], [52, 54], [53, 54], [54, 56], [54, 55], [55, 56], [55, 57], [56, 57], [56, 58], [57, 58], [57, 59], [58, 59], [58, 60], [58, 64], [60, 62], [61, 62], [61, 63], [62, 64], [62, 63], [64, 66], [65, 66], [65, 67], [66, 67]]}