{"label": 1, "edges": [[0, 64], [0, 48], [0, 65], [0, 17], [0, 60], [1, 65], [1, 53], [1, 22], [1, 5], [2, 49], [2, 3], [3, 16], [3, 5], [3, 43], [4, 53], [4, 46], [4, 23], [5, 7], [5, 29], [6, 34], [6, 50], [6, 8], [6, 41], [6, 12], [6, 29], [7, 39], [7, 8], [7, 9], [7, 13], [8, 40], [8, 9], [9, 10], [9, 12], [10, 53], [10, 41], [10, 12], [10, 60], [11, 40], [11, 13], [12, 38], [12, 62], [13, 63], [13, 14], [14, 49], [14, 27], [14, 46], [15, 17], [15, 23], [15, 58], [15, 27], [16, 18], [16, 37], [16, 39], [17, 32], [17, 51], [18, 64], [18, 20], [19, 51], [19, 36], [19, 21], [19, 39], [19, 42], [20, 64], [20, 62], [21, 25], [21, 43], [21, 23], [22, 35], [22, 53], [22, 23], [22, 24], [22, 60], [22, 44], [22, 45], [22, 63], [23, 41], [24, 48], [24, 46], [25, 26], [25, 27], [26, 28], [26, 29], [28, 41], [28, 53], [29, 30], [30, 32], [30, 31], [31, 32], [31, 33], [32, 65], [32, 49], [32, 54], [33, 34], [33, 35], [34, 35], [34, 40], [35, 41], [35, 47], [36, 64], [37, 54], [37, 38], [38, 39], [38, 47], [40, 42], [42, 44], [42, 62], [44, 58], [45, 47], [46, 64], [46, 47], [47, 49], [48, 64], [48, 50], [49, 50], [50, 51], [51, 64], [52, 53], [52, 54], [54, 55], [54, 57], [54, 59], [54, 61], [55, 56], [55, 57], [56, 57], [56, 58], [56, 59], [57, 59], [58, 59], [60, 61], [61, 63], [62, 64]], "features": {"27": ["cc_0", "deg_3"], "35": ["cc_3", "deg_5"], "43": ["cc_0", "deg_2"], "47": ["cc_0", "deg_5"], "32": ["cc_2", "deg_6"], "56": ["cc_16", "deg_4"], "9": ["cc_11", "deg_4"], "33": ["cc_11", "deg_3"], "48": ["cc_5", "deg_4"], "55": ["cc_22", "deg_3"], "0": ["cc_3", "deg_5"], "2": ["cc_0", "deg_2"], "18": ["cc_11", "deg_3"], "5": ["cc_0", "deg_4"], "14": ["cc_0", "deg_4"], "38": ["cc_0", "deg_4"], "44": ["cc_0", "deg_3"], "39": ["cc_0", "deg_4"], "3": ["cc_0", "deg_4"], "28": ["cc_0", "deg_3"], "51": ["cc_0", "deg_4"], "23": ["cc_0", "deg_5"], "19": ["cc_0", "deg_5"], "61": ["cc_0", "deg_3"], "34": ["cc_5", "deg_4"], "11": ["cc_0", "deg_2"], "17": ["cc_0", "deg_4"], "12": ["cc_3", "deg_5"], "25": ["cc_0", "deg_3"], "24": ["cc_0", "deg_3"], "62": ["cc_5", "deg_4"], "59": ["cc_16", "deg_4"], "22": ["cc_0", "deg_9"], "60": ["cc_0", "deg_4"], "65": ["cc_0", "deg_3"], "15": ["cc_0", "deg_4"], "4": ["cc_0", "deg_3"], "37": ["cc_0", "deg_3"], "45": ["cc_0", "deg_2"], "42": ["cc_0", "deg_4"], "30": ["cc_11", "deg_3"], "31": ["cc_11", "deg_3"], "36": ["cc_0", "deg_2"], "57": ["cc_22", "deg_4"], "53": ["cc_2", "deg_6"], "10": ["cc_3", "deg_5"], "49": ["cc_0", "deg_5"], "1": ["cc_5", "deg_4"], "46": ["cc_0", "deg_5"], "26": ["cc_0", "deg_3"], "40": ["cc_0", "deg_4"], "41": ["cc_0", "deg_5"], "20": ["cc_22", "deg_3"], "29": ["cc_0", "deg_4"], "52": ["cc_0", "deg_2"], "58": ["cc_5", "deg_4"], "63": ["cc_0", "deg_3"], "64": ["cc_3", "deg_8"], "13": ["cc_0", "deg_4"], "6": ["cc_0", "deg_6"], "7": ["cc_3", "deg_5"], "50": ["cc_0", "deg_4"], "8": ["cc_5", "deg_4"], "16": ["cc_0", "deg_4"], "54": ["cc_3", "deg_7"], "21": ["cc_0", "deg_4"]}}