{"label": 2, "edges": [[0, 1], [0, 19], [0, 46], [1, 3], [1, 5], [1, 46], [2, 3], [2, 23], [3, 9], [3, 18], [3, 21], [4, 27], [4, 20], [4, 38], [5, 38], [5, 6], [5, 39], [5, 7], [5, 44], [6, 12], [6, 7], [7, 34], [7, 24], [7, 37], [8, 16], [8, 21], [8, 37], [9, 22], [9, 23], [9, 11], [9, 30], [10, 24], [10, 21], [10, 39], [10, 26], [11, 42], [11, 12], [11, 20], [12, 14], [12, 23], [13, 18], [13, 41], [13, 14], [13, 15], [14, 21], [14, 30], [14, 15], [15, 32], [15, 34], [15, 20], [16, 32], [16, 17], [16, 40], [16, 26], [17, 34], [17, 41], [17, 30], [19, 21], [19, 39], [20, 32], [20, 36], [20, 44], [21, 23], [21, 25], [22, 34], [22, 24], [24, 33], [24, 26], [24, 46], [25, 33], [25, 42], [26, 39], [26, 43], [27, 32], [27, 29], [28, 29], [28, 38], [28, 31], [29, 37], [31, 36], [31, 44], [32, 38], [33, 35], [33, 41], [33, 45], [34, 36], [35, 40], [35, 37], [36, 37], [36, 45], [40, 42], [42, 43], [42, 44], [43, 44]], "features": {"27": ["cc_0", "deg_3"], "35": ["cc_0", "deg_3"], "43": ["cc_11", "deg_3"], "32": ["cc_3", "deg_5"], "9": ["cc_0", "deg_5"], "33": ["cc_0", "deg_5"], "0": ["cc_11", "deg_3"], "2": ["cc_0", "deg_2"], "18": ["cc_0", "deg_2"], "5": ["cc_2", "deg_6"], "14": ["cc_3", "deg_5"], "38": ["cc_0", "deg_4"], "44": ["cc_3", "deg_5"], "39": ["cc_5", "deg_4"], "3": ["cc_0", "deg_5"], "28": ["cc_0", "deg_3"], "23": ["cc_0", "deg_4"], "19": ["cc_0", "deg_3"], "34": ["cc_0", "deg_5"], "11": ["cc_0", "deg_4"], "17": ["cc_0", "deg_4"], "12": ["cc_0", "deg_4"], "25": ["cc_0", "deg_3"], "24": ["cc_2", "deg_6"], "22": ["cc_0", "deg_3"], "15": ["cc_6", "deg_5"], "4": ["cc_0", "deg_3"], "37": ["cc_0", "deg_5"], "45": ["cc_0", "deg_2"], "42": ["cc_3", "deg_5"], "30": ["cc_0", "deg_3"], "31": ["cc_0", "deg_3"], "36": ["cc_0", "deg_5"], "10": ["cc_11", "deg_4"], "1": ["cc_5", "deg_4"], "46": ["cc_11", "deg_3"], "26": ["cc_6", "deg_5"], "40": ["cc_0", "deg_3"], "41": ["cc_0", "deg_3"], "20": ["cc_2", "deg_6"], "29": ["cc_0", "deg_3"], "13": ["cc_5", "deg_4"], "6": ["cc_11", "deg_3"], "7": ["cc_3", "deg_5"], "8": ["cc_0", "deg_3"], "16": ["cc_0", "deg_5"], "21": ["cc_0", "deg_7"]}}