{"label": 2, "edges": [[0, 82], [0, 20], [0, 24], [0, 36], [0, 50], [0, 61], [1, 82], [1, 20], [1, 53], [1, 23], [1, 13], [2, 65], [2, 18], [2, 22], [2, 26], [2, 28], [3, 33], [3, 46], [3, 47], [4, 66], [4, 20], [4, 5], [4, 75], [4, 47], [5, 16], [5, 22], [5, 24], [5, 42], [5, 79], [6, 82], [6, 78], [6, 63], [7, 38], [7, 73], [7, 9], [7, 63], [8, 81], [8, 54], [8, 57], [9, 33], [9, 51], [9, 21], [9, 13], [9, 46], [9, 31], [10, 69], [10, 62], [10, 39], [11, 64], [11, 56], [11, 25], [11, 27], [11, 62], [12, 66], [12, 13], [12, 14], [13, 73], [13, 63], [13, 30], [13, 15], [14, 22], [14, 40], [14, 57], [14, 75], [15, 51], [15, 41], [15, 43], [15, 30], [16, 48], [16, 32], [16, 67], [17, 58], [17, 38], [18, 20], [18, 46], [18, 63], [19, 58], [19, 34], [19, 21], [20, 21], [20, 54], [20, 34], [20, 31], [21, 73], [21, 52], [22, 81], [23, 55], [24, 25], [25, 66], [25, 35], [25, 70], [25, 77], [26, 49], [26, 35], [27, 29], [28, 37], [28, 40], [28, 30], [29, 68], [29, 45], [29, 47], [31, 33], [31, 37], [32, 66], [32, 39], [33, 41], [33, 71], [33, 63], [36, 52], [37, 67], [37, 53], [38, 40], [39, 40], [39, 46], [40, 50], [40, 70], [40, 76], [40, 58], [40, 46], [41, 52], [41, 72], [41, 59], [41, 46], [42, 43], [42, 44], [43, 80], [43, 65], [43, 61], [43, 45], [44, 64], [44, 45], [44, 46], [45, 67], [46, 74], [46, 52], [46, 60], [47, 72], [47, 77], [48, 50], [49, 52], [49, 62], [50, 55], [51, 72], [53, 80], [53, 69], [54, 78], [55, 75], [55, 76], [56, 57], [56, 70], [57, 67], [58, 81], [58, 79], [59, 65], [60, 61], [62, 77], [65, 66], [67, 74], [68, 69], [68, 77], [69, 71], [70, 73], [72, 78], [76, 77], [79, 80], [80, 82]], "features": {"27": ["cc_0", "deg_2"], "35": ["cc_0", "deg_2"], "43": ["cc_0", "deg_6"], "47": ["cc_0", "deg_5"], "32": ["cc_0", "deg_3"], "56": ["cc_0", "deg_3"], "77": ["cc_0", "deg_5"], "9": ["cc_1", "deg_7"], "33": ["cc_2", "deg_6"], "48": ["cc_0", "deg_2"], "55": ["cc_0", "deg_4"], "0": ["cc_0", "deg_6"], "2": ["cc_0", "deg_5"], "18": ["cc_0", "deg_4"], "5": ["cc_0", "deg_6"], "76": ["cc_0", "deg_3"], "14": ["cc_0", "deg_5"], "81": ["cc_0", "deg_3"], "38": ["cc_0", "deg_3"], "73": ["cc_0", "deg_4"], "44": ["cc_0", "deg_4"], "39": ["cc_5", "deg_4"], "82": ["cc_0", "deg_4"], "3": ["cc_0", "deg_3"], "68": ["cc_0", "deg_3"], "28": ["cc_0", "deg_4"], "51": ["cc_0", "deg_3"], "23": ["cc_0", "deg_2"], "19": ["cc_0", "deg_3"], "61": ["cc_0", "deg_3"], "34": ["cc_0", "deg_2"], "75": ["cc_0", "deg_3"], "11": ["cc_0", "deg_5"], "72": ["cc_0", "deg_4"], "17": ["cc_0", "deg_2"], "12": ["cc_0", "deg_3"], "25": ["cc_0", "deg_6"], "24": ["cc_0", "deg_3"], "62": ["cc_0", "deg_4"], "59": ["cc_0", "deg_2"], "69": ["cc_0", "deg_4"], "22": ["cc_0", "deg_4"], "60": ["cc_0", "deg_2"], "70": ["cc_0", "deg_4"], "65": ["cc_0", "deg_4"], "71": ["cc_0", "deg_2"], "15": ["cc_3", "deg_5"], "4": ["cc_0", "deg_5"], "78": ["cc_0", "deg_3"], "80": ["cc_0", "deg_4"], "37": ["cc_0", "deg_4"], "45": ["cc_0", "deg_4"], "42": ["cc_0", "deg_3"], "30": ["cc_11", "deg_3"], "31": ["cc_5", "deg_4"], "66": ["cc_0", "deg_5"], "36": ["cc_0", "deg_2"], "67": ["cc_0", "deg_5"], "57": ["cc_0", "deg_4"], "53": ["cc_0", "deg_4"], "10": ["cc_0", "deg_3"], "49": ["cc_0", "deg_3"], "1": ["cc_0", "deg_5"], "46": ["cc_1", "deg_10"], "79": ["cc_0", "deg_3"], "26": ["cc_0", "deg_3"], "40": ["cc_0", "deg_9"], "41": ["cc_2", "deg_6"], "20": ["cc_0", "deg_8"], "29": ["cc_0", "deg_4"], "52": ["cc_3", "deg_5"], "58": ["cc_0", "deg_5"], "63": ["cc_0", "deg_5"], "64": ["cc_0", "deg_2"], "74": ["cc_0", "deg_2"], "13": ["cc_1", "deg_7"], "6": ["cc_0", "deg_3"], "7": ["cc_0", "deg_4"], "50": ["cc_0", "deg_4"], "8": ["cc_0", "deg_3"], "16": ["cc_0", "deg_4"], "54": ["cc_0", "deg_3"], "21": ["cc_0", "deg_5"]}}