{"label": 0, "edges": [[0, 48], [0, 2], [0, 53], [0, 54], [1, 2], [1, 3], [1, 14], [1, 54], [2, 3], [2, 4], [3, 32], [3, 4], [4, 34], [4, 5], [4, 42], [5, 32], [5, 6], [5, 7], [6, 8], [6, 7], [7, 8], [7, 9], [7, 12], [8, 9], [8, 10], [9, 10], [9, 11], [10, 42], [10, 12], [10, 46], [11, 43], [11, 12], [11, 13], [12, 36], [13, 14], [13, 15], [14, 15], [15, 16], [15, 34], [15, 22], [15, 46], [16, 17], [16, 18], [17, 18], [17, 51], [17, 21], [18, 19], [18, 20], [19, 20], [19, 21], [20, 21], [20, 22], [21, 22], [22, 24], [22, 23], [23, 24], [23, 25], [24, 25], [24, 26], [24, 29], [25, 48], [25, 37], [25, 26], [26, 47], [26, 28], [26, 39], [27, 44], [27, 51], [27, 28], [27, 29], [28, 29], [28, 30], [29, 30], [30, 32], [30, 54], [31, 32], [31, 33], [32, 33], [33, 34], [33, 35], [34, 35], [35, 36], [35, 37], [36, 37], [36, 38], [37, 38], [37, 39], [38, 40], [38, 39], [39, 40], [39, 41], [40, 41], [40, 42], [41, 42], [41, 43], [43, 45], [44, 45], [45, 52], [45, 46], [45, 47], [46, 48], [47, 48], [48, 49], [49, 50], [49, 51], [50, 51], [50, 52], [51, 53], [52, 54], [53, 54]], "features": {"27": ["cc_5", "deg_4"], "35": ["cc_11", "deg_4"], "43": ["cc_0", "deg_3"], "47": ["cc_0", "deg_3"], "32": ["cc_3", "deg_5"], "9": ["cc_11", "deg_4"], "33": ["cc_11", "deg_4"], "48": ["cc_0", "deg_5"], "0": ["cc_5", "deg_4"], "2": ["cc_11", "deg_4"], "18": ["cc_11", "deg_4"], "5": ["cc_5", "deg_4"], "14": ["cc_11", "deg_3"], "38": ["cc_16", "deg_4"], "44": ["cc_0", "deg_2"], "39": ["cc_10", "deg_5"], "3": ["cc_11", "deg_4"], "28": ["cc_11", "deg_4"], "51": ["cc_3", "deg_5"], "23": ["cc_22", "deg_3"], "19": ["cc_22", "deg_3"], "34": ["cc_5", "deg_4"], "11": ["cc_0", "deg_4"], "17": ["cc_5", "deg_4"], "12": ["cc_0", "deg_4"], "25": ["cc_6", "deg_5"], "24": ["cc_10", "deg_5"], "22": ["cc_6", "deg_5"], "15": ["cc_2", "deg_6"], "4": ["cc_3", "deg_5"], "37": ["cc_10", "deg_5"], "45": ["cc_0", "deg_5"], "42": ["cc_5", "deg_4"], "30": ["cc_5", "deg_4"], "31": ["cc_33", "deg_2"], "36": ["cc_11", "deg_4"], "53": ["cc_11", "deg_3"], "10": ["cc_3", "deg_5"], "49": ["cc_11", "deg_3"], "1": ["cc_5", "deg_4"], "46": ["cc_0", "deg_4"], "26": ["cc_3", "deg_5"], "40": ["cc_16", "deg_4"], "41": ["cc_11", "deg_4"], "20": ["cc_16", "deg_4"], "29": ["cc_11", "deg_4"], "52": ["cc_0", "deg_3"], "13": ["cc_11", "deg_3"], "6": ["cc_22", "deg_3"], "7": ["cc_10", "deg_5"], "50": ["cc_11", "deg_3"], "8": ["cc_16", "deg_4"], "16": ["cc_11", "deg_3"], "54": ["cc_3", "deg_5"], "21": ["cc_11", "deg_4"]}}