{"label": 1, "edges": [[0, 1], [0, 3], [0, 5], [0, 70], [0, 39], [0, 13], [0, 45], [0, 17], [0, 18], [0, 59], [1, 3], [1, 25], [1, 30], [2, 3], [2, 4], [2, 70], [2, 23], [2, 60], [2, 12], [3, 33], [3, 57], [3, 42], [3, 15], [4, 48], [4, 49], [4, 7], [4, 40], [4, 25], [5, 21], [5, 6], [5, 8], [5, 11], [5, 29], [6, 8], [6, 9], [6, 63], [6, 61], [6, 53], [7, 55], [7, 8], [7, 9], [7, 58], [7, 14], [8, 38], [8, 10], [8, 11], [8, 44], [9, 24], [9, 10], [9, 39], [10, 16], [10, 52], [10, 41], [10, 11], [10, 12], [10, 53], [11, 32], [11, 24], [11, 58], [11, 13], [11, 14], [12, 22], [12, 41], [12, 31], [12, 14], [12, 15], [13, 28], [13, 61], [13, 46], [13, 15], [14, 17], [14, 44], [15, 34], [15, 17], [15, 66], [15, 57], [15, 62], [16, 18], [16, 21], [16, 25], [16, 37], [17, 65], [17, 19], [17, 57], [17, 26], [18, 35], [18, 40], [18, 63], [19, 50], [19, 20], [19, 21], [20, 37], [20, 22], [20, 24], [20, 67], [20, 47], [21, 70], [21, 67], [22, 23], [22, 36], [23, 26], [23, 38], [23, 46], [24, 26], [24, 27], [24, 28], [24, 30], [25, 51], [25, 26], [25, 45], [26, 36], [26, 39], [26, 28], [27, 34], [27, 62], [27, 57], [27, 30], [28, 50], [29, 32], [29, 38], [29, 30], [30, 53], [30, 31], [31, 32], [31, 34], [31, 46], [32, 35], [32, 70], [32, 55], [32, 61], [33, 34], [33, 35], [33, 38], [33, 54], [34, 35], [34, 52], [34, 46], [35, 36], [35, 59], [35, 63], [36, 38], [36, 50], [36, 61], [37, 55], [37, 45], [37, 62], [38, 66], [38, 39], [39, 40], [39, 41], [40, 70], [40, 43], [41, 56], [41, 46], [41, 47], [42, 43], [42, 62], [43, 50], [43, 62], [43, 57], [43, 46], [44, 46], [44, 47], [45, 48], [45, 65], [46, 65], [46, 69], [47, 58], [48, 49], [48, 50], [48, 62], [49, 50], [49, 58], [49, 66], [50, 66], [50, 52], [50, 53], [51, 53], [51, 54], [51, 61], [51, 69], [52, 55], [53, 55], [53, 56], [54, 67], [54, 57], [56, 57], [56, 58], [56, 59], [57, 58], [58, 65], [58, 60], [58, 61], [59, 60], [59, 62], [60, 68], [60, 61], [60, 62], [61, 62], [62, 64], [63, 65], [63, 66], [64, 65], [64, 67], [65, 66], [66, 67], [66, 69], [67, 68], [67, 69], [67, 70], [68, 69], [68, 70], [69, 70]], "features": {"27": ["cc_3", "deg_5"], "35": ["cc_3", "deg_7"], "43": ["cc_2", "deg_6"], "47": ["cc_0", "deg_4"], "32": ["cc_0", "deg_7"], "56": ["cc_3", "deg_5"], "9": ["cc_0", "deg_5"], "33": ["cc_3", "deg_5"], "48": ["cc_6", "deg_5"], "55": ["cc_0", "deg_5"], "0": ["cc_0", "deg_10"], "2": ["cc_0", "deg_6"], "18": ["cc_3", "deg_5"], "5": ["cc_4", "deg_6"], "14": ["cc_0", "deg_5"], "38": ["cc_0", "deg_7"], "44": ["cc_0", "deg_4"], "39": ["cc_0", "deg_6"], "3": ["cc_3", "deg_7"], "68": ["cc_16", "deg_4"], "28": ["cc_5", "deg_4"], "51": ["cc_0", "deg_5"], "23": ["cc_0", "deg_5"], "19": ["cc_0", "deg_4"], "61": ["cc_2", "deg_8"], "34": ["cc_3", "deg_7"], "11": ["cc_2", "deg_8"], "17": ["cc_1", "deg_7"], "12": ["cc_1", "deg_7"], "25": ["cc_0", "deg_6"], "24": ["cc_3", "deg_7"], "62": ["cc_2", "deg_10"], "59": ["cc_3", "deg_5"], "69": ["cc_8", "deg_6"], "22": ["cc_0", "deg_4"], "60": ["cc_6", "deg_6"], "70": ["cc_4", "deg_8"], "65": ["cc_1", "deg_7"], "15": ["cc_2", "deg_8"], "4": ["cc_2", "deg_6"], "37": ["cc_0", "deg_5"], "45": ["cc_0", "deg_5"], "42": ["cc_11", "deg_3"], "30": ["cc_2", "deg_6"], "31": ["cc_3", "deg_5"], "66": ["cc_3", "deg_8"], "36": ["cc_0", "deg_6"], "67": ["cc_5", "deg_8"], "57": ["cc_3", "deg_8"], "53": ["cc_0", "deg_7"], "10": ["cc_2", "deg_8"], "49": ["cc_10", "deg_5"], "1": ["cc_5", "deg_4"], "46": ["cc_0", "deg_9"], "26": ["cc_1", "deg_7"], "40": ["cc_0", "deg_5"], "41": ["cc_2", "deg_6"], "20": ["cc_0", "deg_6"], "29": ["cc_0", "deg_4"], "52": ["cc_0", "deg_4"], "58": ["cc_1", "deg_9"], "63": ["cc_6", "deg_5"], "64": ["cc_0", "deg_3"], "13": ["cc_0", "deg_6"], "6": ["cc_2", "deg_6"], "7": ["cc_0", "deg_6"], "50": ["cc_1", "deg_9"], "8": ["cc_4", "deg_7"], "16": ["cc_0", "deg_5"], "54": ["cc_0", "deg_4"], "21": ["cc_3", "deg_5"]}}