{"label": 2, "features": {"53": ["cc_4", "deg_6"], "47": ["cc_6", "deg_5"], "68": ["cc_0", "deg_3"], "21": ["cc_0", "deg_2"], "34": ["cc_3", "deg_5"], "67": ["cc_0", "deg_3"], "41": ["cc_0", "deg_3"], "4": ["cc_0", "deg_4"], "42": ["cc_0", "deg_4"], "12": ["cc_0", "deg_3"], "28": ["cc_4", "deg_6"], "66": ["cc_0", "deg_4"], "5": ["cc_0", "deg_2"], "65": ["cc_0", "deg_5"], "61": ["cc_0", "deg_3"], "3": ["cc_11", "deg_3"], "64": ["cc_0", "deg_3"], "51": ["cc_3", "deg_7"], "24": ["cc_0", "deg_2"], "56": ["cc_0", "deg_4"], "55": ["cc_0", "deg_5"], "19": ["cc_0", "deg_3"], "54": ["cc_0", "deg_4"], "36": ["cc_5", "deg_4"], "17": ["cc_0", "deg_4"], "11": ["cc_0", "deg_3"], "22": ["cc_0", "deg_3"], "18": ["cc_0", "deg_5"], "59": ["cc_0", "deg_5"], "2": ["cc_0", "deg_3"], "46": ["cc_0", "deg_5"], "37": ["cc_3", "deg_7"], "38": ["cc_0", "deg_6"], "9": ["cc_5", "deg_4"], "27": ["cc_0", "deg_3"], "58": ["cc_0", "deg_4"], "35": ["cc_2", "deg_6"], "1": ["cc_0", "deg_4"], "16": ["cc_5", "deg_4"], "25": ["cc_0", "deg_3"], "7": ["cc_0", "deg_6"], "39": ["cc_0", "deg_4"], "0": ["cc_11", "deg_3"], "29": ["cc_0", "deg_3"], "63": ["cc_0", "deg_6"], "13": ["cc_5", "deg_4"], "6": ["cc_0", "deg_4"], "30": ["cc_0", "deg_4"], "14": ["cc_5", "deg_4"], "32": ["cc_0", "deg_6"], "45": ["cc_0", "deg_2"], "10": ["cc_0", "deg_2"], "33": ["cc_0", "deg_5"], "23": ["cc_0", "deg_2"], "48": ["cc_0", "deg_5"], "40": ["cc_0", "deg_4"], "8": ["cc_5", "deg_4"], "44": ["cc_0", "deg_4"], "31": ["cc_0", "deg_5"], "26": ["cc_0", "deg_3"], "43": ["cc_0", "deg_3"], "57": ["cc_0", "deg_4"], "20": ["cc_0", "deg_2"], "50": ["cc_11", "deg_3"], "62": ["cc_0", "deg_5"], "60": ["cc_0", "deg_4"], "52": ["cc_5", "deg_4"], "15": ["cc_3", "deg_5"], "49": ["cc_5", "deg_4"]}, "edges": [[0, 64], [0, 37], [0, 13], [1, 33], [1, 7], [1, 26], [1, 59], [2, 40], [2, 49], [2, 64], [3, 9], [3, 18], [3, 37], [4, 51], [4, 19], [4, 17], [4, 46], [5, 59], [5, 62], [6, 23], [6, 39], [6, 44], [6, 63], [7, 32], [7, 22], [7, 57], [7, 44], [7, 46], [8, 41], [8, 9], [8, 28], [8, 47], [9, 40], [9, 37], [10, 32], [10, 48], [11, 19], [11, 51], [11, 20], [12, 68], [12, 13], [12, 54], [13, 37], [13, 15], [14, 16], [14, 26], [14, 21], [14, 15], [15, 16], [15, 65], [15, 61], [16, 18], [16, 38], [17, 65], [17, 67], [17, 44], [18, 28], [18, 61], [18, 63], [19, 35], [20, 34], [21, 51], [22, 42], [22, 55], [23, 46], [24, 42], [24, 43], [25, 26], [25, 27], [25, 31], [27, 32], [27, 29], [28, 40], [28, 53], [28, 29], [28, 47], [29, 62], [30, 66], [30, 37], [30, 61], [30, 31], [31, 32], [31, 62], [31, 57], [32, 33], [32, 34], [33, 66], [33, 60], [33, 46], [34, 35], [34, 36], [34, 58], [35, 67], [35, 36], [35, 66], [35, 47], [36, 65], [36, 38], [37, 38], [37, 65], [38, 56], [38, 39], [38, 53], [39, 58], [39, 43], [40, 60], [41, 48], [41, 55], [42, 54], [42, 57], [43, 44], [45, 46], [45, 47], [47, 53], [48, 49], [48, 50], [48, 68], [49, 53], [49, 51], [50, 51], [50, 52], [51, 52], [51, 53], [52, 64], [52, 54], [53, 55], [54, 56], [55, 56], [55, 63], [56, 58], [57, 59], [58, 59], [59, 68], [60, 67], [60, 62], [62, 63], [63, 65], [63, 66]]}