{"label": 0, "edges": [[0, 1], [0, 2], [0, 91], [1, 84], [1, 3], [2, 3], [2, 4], [2, 53], [3, 4], [3, 5], [4, 68], [4, 5], [4, 6], [5, 86], [5, 6], [6, 38], [6, 7], [7, 8], [7, 49], [8, 9], [8, 10], [9, 64], [9, 10], [9, 11], [10, 11], [10, 12], [11, 12], [11, 13], [12, 13], [12, 14], [13, 76], [13, 26], [13, 14], [14, 16], [14, 15], [15, 17], [15, 54], [16, 17], [16, 18], [17, 56], [17, 18], [18, 19], [18, 60], [18, 80], [19, 36], [19, 79], [20, 21], [20, 22], [20, 77], [21, 67], [21, 22], [21, 23], [22, 24], [22, 49], [22, 63], [23, 24], [23, 25], [24, 25], [24, 26], [25, 26], [25, 27], [26, 27], [26, 28], [27, 28], [27, 29], [27, 45], [28, 29], [28, 30], [29, 30], [29, 31], [30, 32], [30, 35], [30, 31], [31, 32], [31, 35], [32, 33], [32, 57], [33, 34], [33, 35], [34, 35], [34, 36], [35, 37], [36, 37], [36, 39], [37, 38], [37, 39], [38, 40], [38, 39], [39, 88], [39, 40], [39, 41], [40, 41], [40, 42], [41, 42], [41, 43], [42, 43], [42, 44], [42, 45], [43, 44], [43, 45], [43, 54], [44, 88], [44, 74], [44, 46], [45, 92], [46, 67], [46, 62], [46, 47], [47, 49], [47, 92], [48, 49], [48, 50], [48, 78], [49, 50], [49, 51], [49, 53], [50, 51], [50, 52], [50, 73], [51, 52], [51, 77], [52, 53], [52, 54], [54, 55], [55, 56], [55, 58], [56, 68], [56, 88], [56, 58], [57, 58], [57, 59], [58, 59], [58, 60], [59, 60], [59, 61], [60, 62], [60, 77], [60, 78], [61, 89], [61, 63], [62, 63], [63, 64], [64, 65], [64, 89], [64, 87], [65, 66], [65, 67], [66, 67], [66, 68], [67, 68], [69, 70], [69, 71], [70, 72], [70, 71], [71, 72], [71, 73], [72, 73], [72, 74], [73, 74], [74, 86], [74, 75], [74, 76], [75, 76], [75, 77], [76, 92], [76, 77], [78, 80], [79, 80], [79, 89], [80, 82], [81, 82], [81, 83], [82, 83], [82, 84], [83, 84], [83, 85], [84, 85], [84, 86], [85, 86], [85, 87], [86, 92], [87, 88], [87, 91], [89, 90], [90, 91], [90, 92]], "features": {"27": ["cc_10", "deg_5"], "35": ["cc_6", "deg_5"], "43": ["cc_10", "deg_5"], "47": ["cc_0", "deg_3"], "56": ["cc_3", "deg_5"], "23": ["cc_11", "deg_3"], "9": ["cc_11", "deg_4"], "0": ["cc_0", "deg_3"], "6": ["cc_5", "deg_4"], "18": ["cc_3", "deg_5"], "14": ["cc_5", "deg_4"], "38": ["cc_11", "deg_4"], "82": ["cc_11", "deg_4"], "68": ["cc_5", "deg_4"], "51": ["cc_11", "deg_4"], "77": ["cc_3", "deg_5"], "19": ["cc_0", "deg_3"], "34": ["cc_11", "deg_3"], "75": ["cc_22", "deg_3"], "11": ["cc_16", "deg_4"], "88": ["cc_0", "deg_4"], "17": ["cc_5", "deg_4"], "25": ["cc_16", "deg_4"], "24": ["cc_11", "deg_4"], "70": ["cc_22", "deg_3"], "15": ["cc_0", "deg_3"], "62": ["cc_0", "deg_3"], "40": ["cc_16", "deg_4"], "30": ["cc_13", "deg_5"], "31": ["cc_16", "deg_4"], "66": ["cc_22", "deg_3"], "36": ["cc_5", "deg_4"], "57": ["cc_11", "deg_3"], "10": ["cc_16", "deg_4"], "49": ["cc_3", "deg_7"], "1": ["cc_0", "deg_3"], "46": ["cc_0", "deg_4"], "60": ["cc_2", "deg_6"], "41": ["cc_16", "deg_4"], "29": ["cc_16", "deg_4"], "74": ["cc_4", "deg_6"], "13": ["cc_6", "deg_5"], "2": ["cc_5", "deg_4"], "7": ["cc_0", "deg_3"], "84": ["cc_10", "deg_5"], "79": ["cc_0", "deg_3"], "90": ["cc_0", "deg_3"], "32": ["cc_5", "deg_4"], "33": ["cc_11", "deg_3"], "55": ["cc_11", "deg_3"], "48": ["cc_11", "deg_3"], "85": ["cc_11", "deg_4"], "5": ["cc_11", "deg_4"], "80": ["cc_0", "deg_4"], "81": ["cc_33", "deg_2"], "86": ["cc_3", "deg_5"], "87": ["cc_0", "deg_4"], "44": ["cc_3", "deg_5"], "39": ["cc_8", "deg_6"], "3": ["cc_11", "deg_4"], "92": ["cc_0", "deg_5"], "28": ["cc_16", "deg_4"], "83": ["cc_16", "deg_4"], "76": ["cc_6", "deg_5"], "72": ["cc_16", "deg_4"], "89": ["cc_0", "deg_4"], "12": ["cc_16", "deg_4"], "59": ["cc_11", "deg_4"], "69": ["cc_33", "deg_2"], "22": ["cc_3", "deg_5"], "50": ["cc_10", "deg_5"], "71": ["cc_16", "deg_4"], "4": ["cc_10", "deg_5"], "78": ["cc_0", "deg_3"], "91": ["cc_0", "deg_3"], "45": ["cc_5", "deg_4"], "42": ["cc_13", "deg_5"], "21": ["cc_5", "deg_4"], "8": ["cc_11", "deg_3"], "53": ["cc_0", "deg_3"], "67": ["cc_6", "deg_5"], "37": ["cc_11", "deg_4"], "20": ["cc_11", "deg_3"], "26": ["cc_10", "deg_5"], "52": ["cc_5", "deg_4"], "58": ["cc_10", "deg_5"], "63": ["cc_0", "deg_4"], "64": ["cc_0", "deg_5"], "54": ["cc_0", "deg_4"], "65": ["cc_11", "deg_3"], "61": ["cc_0", "deg_3"], "16": ["cc_11", "deg_3"], "73": ["cc_11", "deg_4"]}}