{"label": 0, "edges": [[0, 1], [0, 44], [1, 2], [2, 3], [3, 11], [3, 7], [4, 20], [4, 30], [5, 6], [6, 7], [7, 42], [8, 37], [9, 24], [9, 29], [10, 11], [10, 37], [11, 12], [12, 13], [13, 14], [14, 19], [15, 16], [16, 17], [17, 40], [18, 19], [19, 20], [21, 22], [22, 26], [22, 28], [22, 23], [23, 24], [25, 40], [25, 26], [27, 28], [29, 30], [30, 31], [31, 32], [32, 33], [33, 34], [34, 43], [35, 36], [36, 37], [38, 39], [39, 40], [41, 42], [43, 44]], "features": {"27": ["cc_0", "deg_1"], "35": ["cc_0", "deg_1"], "43": ["cc_0", "deg_2"], "32": ["cc_0", "deg_2"], "9": ["cc_0", "deg_2"], "33": ["cc_0", "deg_2"], "0": ["cc_0", "deg_2"], "2": ["cc_0", "deg_2"], "18": ["cc_0", "deg_1"], "5": ["cc_0", "deg_1"], "14": ["cc_0", "deg_2"], "38": ["cc_0", "deg_1"], "44": ["cc_0", "deg_2"], "39": ["cc_0", "deg_2"], "3": ["cc_0", "deg_3"], "28": ["cc_0", "deg_2"], "23": ["cc_0", "deg_2"], "19": ["cc_0", "deg_3"], "34": ["cc_0", "deg_2"], "11": ["cc_0", "deg_3"], "17": ["cc_0", "deg_2"], "12": ["cc_0", "deg_2"], "25": ["cc_0", "deg_2"], "24": ["cc_0", "deg_2"], "22": ["cc_0", "deg_4"], "15": ["cc_0", "deg_1"], "4": ["cc_0", "deg_2"], "37": ["cc_0", "deg_3"], "42": ["cc_0", "deg_2"], "30": ["cc_0", "deg_3"], "31": ["cc_0", "deg_2"], "36": ["cc_0", "deg_2"], "10": ["cc_0", "deg_2"], "1": ["cc_0", "deg_2"], "26": ["cc_0", "deg_2"], "40": ["cc_0", "deg_3"], "41": ["cc_0", "deg_1"], "20": ["cc_0", "deg_2"], "29": ["cc_0", "deg_2"], "13": ["cc_0", "deg_2"], "6": ["cc_0", "deg_2"], "7": ["cc_0", "deg_3"], "8": ["cc_0", "deg_1"], "16": ["cc_0", "deg_2"], "21": ["cc_0", "deg_1"]}}