{"label": 1, "edges": [[0, 1], [0, 34], [0, 29], [0, 18], [0, 33], [1, 25], [1, 10], [1, 18], [2, 3], [2, 8], [2, 10], [2, 27], [2, 13], [3, 4], [4, 5], [4, 6], [5, 32], [5, 34], [5, 7], [5, 9], [5, 23], [6, 17], [6, 18], [6, 9], [7, 8], [7, 14], [8, 10], [8, 23], [8, 26], [9, 11], [9, 31], [10, 11], [11, 12], [11, 26], [12, 13], [12, 14], [13, 34], [13, 15], [14, 16], [14, 30], [14, 15], [15, 16], [15, 17], [15, 21], [15, 24], [16, 17], [16, 24], [16, 25], [17, 19], [17, 24], [18, 20], [19, 20], [19, 21], [20, 21], [20, 22], [21, 22], [22, 24], [22, 34], [24, 26], [24, 28], [25, 32], [25, 29], [26, 27], [27, 28], [27, 29], [28, 34], [28, 29], [30, 31], [31, 32], [33, 34]], "features": {"27": ["cc_5", "deg_4"], "22": ["cc_5", "deg_4"], "32": ["cc_0", "deg_3"], "15": ["cc_8", "deg_6"], "4": ["cc_0", "deg_3"], "33": ["cc_33", "deg_2"], "30": ["cc_0", "deg_2"], "0": ["cc_6", "deg_5"], "2": ["cc_3", "deg_5"], "6": ["cc_0", "deg_4"], "18": ["cc_5", "deg_4"], "5": ["cc_0", "deg_6"], "10": ["cc_5", "deg_4"], "14": ["cc_3", "deg_5"], "1": ["cc_5", "deg_4"], "29": ["cc_5", "deg_4"], "8": ["cc_3", "deg_5"], "20": ["cc_11", "deg_4"], "26": ["cc_0", "deg_4"], "3": ["cc_0", "deg_2"], "11": ["cc_0", "deg_4"], "28": ["cc_5", "deg_4"], "23": ["cc_0", "deg_2"], "19": ["cc_11", "deg_3"], "34": ["cc_2", "deg_6"], "13": ["cc_0", "deg_4"], "16": ["cc_13", "deg_5"], "7": ["cc_0", "deg_3"], "17": ["cc_10", "deg_5"], "12": ["cc_0", "deg_3"], "31": ["cc_0", "deg_3"], "25": ["cc_0", "deg_4"], "24": ["cc_6", "deg_6"], "9": ["cc_0", "deg_4"], "21": ["cc_11", "deg_4"]}}