{"label": 1, "edges": [[0, 11], [1, 5], [2, 3], [3, 21], [4, 42], [5, 22], [6, 25], [6, 43], [7, 23], [8, 31], [9, 54], [9, 23], [10, 54], [11, 44], [12, 58], [13, 47], [14, 55], [15, 16], [16, 40], [17, 26], [17, 55], [18, 56], [19, 20], [20, 21], [21, 26], [22, 28], [22, 23], [23, 24], [23, 42], [24, 25], [24, 45], [26, 27], [27, 28], [29, 35], [29, 46], [30, 31], [31, 33], [32, 45], [33, 34], [34, 35], [35, 44], [35, 37], [36, 37], [37, 38], [38, 60], [39, 40], [39, 60], [40, 41], [41, 42], [41, 52], [43, 44], [45, 58], [46, 56], [46, 49], [47, 48], [48, 49], [50, 51], [51, 52], [53, 54], [57, 58], [59, 60]], "features": {"27": ["cc_0", "deg_2"], "35": ["cc_0", "deg_4"], "43": ["cc_0", "deg_2"], "47": ["cc_0", "deg_2"], "32": ["cc_0", "deg_1"], "56": ["cc_0", "deg_2"], "9": ["cc_0", "deg_2"], "33": ["cc_0", "deg_2"], "48": ["cc_0", "deg_2"], "55": ["cc_0", "deg_2"], "0": ["cc_0", "deg_1"], "2": ["cc_0", "deg_1"], "18": ["cc_0", "deg_1"], "5": ["cc_0", "deg_2"], "14": ["cc_0", "deg_1"], "38": ["cc_0", "deg_2"], "44": ["cc_0", "deg_3"], "39": ["cc_0", "deg_2"], "3": ["cc_0", "deg_2"], "28": ["cc_0", "deg_2"], "51": ["cc_0", "deg_2"], "23": ["cc_0", "deg_5"], "19": ["cc_0", "deg_1"], "34": ["cc_0", "deg_2"], "11": ["cc_0", "deg_2"], "17": ["cc_0", "deg_2"], "12": ["cc_0", "deg_1"], "25": ["cc_0", "deg_2"], "24": ["cc_0", "deg_3"], "59": ["cc_0", "deg_1"], "22": ["cc_0", "deg_3"], "60": ["cc_0", "deg_3"], "15": ["cc_0", "deg_1"], "4": ["cc_0", "deg_1"], "37": ["cc_0", "deg_3"], "45": ["cc_0", "deg_3"], "42": ["cc_0", "deg_3"], "30": ["cc_0", "deg_1"], "31": ["cc_0", "deg_3"], "36": ["cc_0", "deg_1"], "57": ["cc_0", "deg_1"], "53": ["cc_0", "deg_1"], "10": ["cc_0", "deg_1"], "49": ["cc_0", "deg_2"], "1": ["cc_0", "deg_1"], "46": ["cc_0", "deg_3"], "26": ["cc_0", "deg_3"], "40": ["cc_0", "deg_3"], "41": ["cc_0", "deg_3"], "20": ["cc_0", "deg_2"], "29": ["cc_0", "deg_2"], "52": ["cc_0", "deg_2"], "58": ["cc_0", "deg_3"], "13": ["cc_0", "deg_1"], "6": ["cc_0", "deg_2"], "7": ["cc_0", "deg_1"], "50": ["cc_0", "deg_1"], "8": ["cc_0", "deg_1"], "16": ["cc_0", "deg_2"], "54": ["cc_0", "deg_3"], "21": ["cc_0", "deg_3"]}}