{"label": 2, "edges": [[0, 2], [0, 20], [0, 23], [0, 26], [0, 12], [0, 31], [1, 2], [1, 3], [1, 15], [1, 26], [1, 11], [1, 45], [2, 19], [2, 38], [2, 16], [2, 9], [3, 18], [3, 19], [3, 23], [3, 8], [3, 11], [4, 32], [4, 33], [4, 34], [4, 7], [4, 11], [4, 46], [5, 48], [5, 21], [5, 39], [5, 27], [5, 47], [6, 23], [6, 8], [6, 44], [6, 45], [6, 47], [7, 17], [7, 37], [7, 22], [7, 33], [7, 29], [7, 46], [8, 48], [8, 36], [8, 23], [8, 22], [8, 13], [9, 38], [9, 41], [9, 10], [9, 27], [9, 12], [9, 47], [10, 32], [10, 33], [10, 16], [10, 44], [11, 18], [11, 37], [11, 40], [12, 20], [12, 21], [12, 41], [12, 26], [12, 47], [13, 36], [13, 43], [13, 28], [13, 29], [13, 14], [14, 16], [14, 34], [14, 20], [14, 41], [14, 45], [14, 30], [14, 15], [15, 32], [15, 31], [15, 45], [16, 35], [16, 34], [16, 19], [16, 37], [16, 43], [16, 42], [16, 47], [17, 21], [17, 28], [17, 47], [18, 21], [18, 41], [18, 24], [18, 36], [19, 32], [19, 43], [19, 45], [20, 41], [21, 22], [21, 23], [21, 25], [22, 48], [22, 33], [22, 36], [23, 24], [23, 25], [23, 46], [24, 26], [24, 44], [25, 26], [25, 27], [25, 47], [26, 42], [27, 32], [27, 48], [27, 28], [27, 45], [27, 30], [28, 32], [28, 46], [28, 31], [29, 32], [29, 39], [29, 42], [30, 32], [30, 44], [30, 31], [31, 35], [31, 43], [32, 34], [32, 37], [33, 35], [34, 38], [35, 36], [35, 40], [35, 43], [35, 46], [36, 37], [37, 43], [38, 40], [38, 41], [39, 40], [39, 45], [40, 41], [40, 44], [44, 45]], "features": {"27": ["cc_3", "deg_8"], "35": ["cc_3", "deg_7"], "43": ["cc_8", "deg_6"], "47": ["cc_1", "deg_7"], "32": ["cc_2", "deg_10"], "9": ["cc_6", "deg_7"], "33": ["cc_6", "deg_5"], "48": ["cc_11", "deg_4"], "0": ["cc_4", "deg_6"], "2": ["cc_4", "deg_6"], "18": ["cc_2", "deg_6"], "5": ["cc_3", "deg_5"], "14": ["cc_3", "deg_8"], "38": ["cc_10", "deg_5"], "44": ["cc_2", "deg_6"], "39": ["cc_0", "deg_4"], "3": ["cc_6", "deg_6"], "28": ["cc_2", "deg_6"], "23": ["cc_3", "deg_8"], "19": ["cc_4", "deg_6"], "34": ["cc_6", "deg_5"], "11": ["cc_4", "deg_6"], "17": ["cc_0", "deg_4"], "12": ["cc_7", "deg_7"], "25": ["cc_3", "deg_5"], "24": ["cc_0", "deg_4"], "22": ["cc_6", "deg_6"], "15": ["cc_6", "deg_5"], "4": ["cc_6", "deg_6"], "37": ["cc_2", "deg_6"], "45": ["cc_3", "deg_8"], "42": ["cc_0", "deg_3"], "30": ["cc_3", "deg_5"], "31": ["cc_2", "deg_6"], "36": ["cc_4", "deg_6"], "10": ["cc_0", "deg_5"], "1": ["cc_4", "deg_6"], "46": ["cc_3", "deg_5"], "26": ["cc_2", "deg_6"], "40": ["cc_2", "deg_6"], "41": ["cc_7", "deg_7"], "20": ["cc_16", "deg_4"], "29": ["cc_0", "deg_5"], "13": ["cc_2", "deg_6"], "6": ["cc_6", "deg_5"], "7": ["cc_4", "deg_7"], "8": ["cc_7", "deg_7"], "16": ["cc_3", "deg_10"], "21": ["cc_1", "deg_7"]}}