{"label": 2, "edges": [[0, 20], [0, 27], [0, 14], [1, 8], [1, 2], [1, 10], [2, 16], [2, 5], [2, 11], [2, 12], [3, 19], [3, 4], [3, 24], [4, 20], [4, 6], [4, 24], [4, 25], [4, 12], [5, 16], [5, 17], [5, 21], [5, 23], [5, 9], [5, 26], [5, 15], [6, 18], [6, 19], [6, 22], [6, 13], [6, 14], [7, 8], [7, 12], [7, 15], [8, 16], [8, 18], [8, 19], [8, 11], [9, 25], [9, 10], [10, 11], [10, 21], [10, 23], [10, 27], [12, 24], [13, 27], [13, 20], [13, 14], [14, 17], [14, 21], [14, 24], [15, 22], [16, 24], [19, 20], [19, 25], [23, 26], [24, 26]], "features": {"27": ["cc_0", "deg_3"], "22": ["cc_0", "deg_2"], "15": ["cc_0", "deg_3"], "4": ["cc_4", "deg_6"], "0": ["cc_0", "deg_3"], "2": ["cc_3", "deg_5"], "6": ["cc_2", "deg_6"], "18": ["cc_0", "deg_2"], "5": ["cc_2", "deg_8"], "10": ["cc_0", "deg_6"], "14": ["cc_2", "deg_6"], "1": ["cc_0", "deg_3"], "8": ["cc_0", "deg_6"], "20": ["cc_0", "deg_4"], "26": ["cc_11", "deg_3"], "3": ["cc_11", "deg_3"], "11": ["cc_0", "deg_3"], "23": ["cc_11", "deg_3"], "19": ["cc_0", "deg_5"], "13": ["cc_5", "deg_4"], "16": ["cc_5", "deg_4"], "7": ["cc_0", "deg_3"], "17": ["cc_0", "deg_2"], "12": ["cc_5", "deg_4"], "25": ["cc_0", "deg_3"], "24": ["cc_4", "deg_6"], "9": ["cc_0", "deg_3"], "21": ["cc_0", "deg_3"]}}