{"label": 2, "edges": [[0, 1], [0, 53], [0, 49], [0, 40], [0, 8], [0, 42], [0, 47], [0, 46], [0, 63], [1, 4], [1, 8], [1, 61], [2, 49], [2, 50], [2, 19], [2, 5], [2, 54], [2, 23], [2, 40], [3, 51], [3, 4], [3, 57], [3, 10], [3, 45], [4, 6], [4, 7], [4, 43], [4, 13], [5, 50], [5, 32], [5, 22], [5, 7], [5, 11], [5, 29], [6, 32], [6, 48], [6, 37], [6, 7], [6, 8], [7, 48], [7, 51], [7, 57], [7, 9], [7, 10], [7, 15], [8, 36], [8, 33], [8, 40], [8, 13], [8, 48], [8, 31], [9, 18], [9, 19], [9, 10], [9, 15], [10, 23], [10, 11], [11, 56], [11, 19], [11, 22], [11, 60], [11, 61], [12, 35], [12, 57], [12, 43], [12, 62], [13, 48], [13, 24], [13, 19], [13, 21], [13, 30], [13, 14], [14, 19], [14, 37], [14, 38], [14, 39], [15, 51], [15, 52], [15, 61], [15, 46], [15, 45], [16, 32], [16, 18], [16, 55], [16, 59], [17, 34], [17, 19], [17, 20], [17, 25], [17, 26], [17, 45], [17, 47], [18, 52], [18, 22], [18, 57], [18, 37], [19, 54], [19, 32], [20, 32], [20, 34], [20, 35], [20, 49], [20, 22], [20, 30], [20, 53], [21, 55], [21, 42], [21, 62], [21, 47], [22, 54], [22, 55], [23, 50], [23, 52], [24, 43], [24, 25], [25, 56], [25, 39], [25, 26], [25, 43], [26, 38], [26, 60], [26, 29], [27, 56], [27, 44], [27, 42], [27, 43], [27, 60], [28, 37], [28, 42], [28, 47], [28, 31], [29, 34], [29, 61], [29, 31], [30, 50], [30, 59], [31, 48], [31, 32], [31, 37], [31, 56], [31, 59], [31, 62], [32, 36], [33, 49], [33, 34], [33, 46], [34, 57], [35, 36], [35, 63], [36, 56], [36, 54], [37, 40], [37, 63], [38, 40], [39, 46], [39, 40], [39, 42], [40, 59], [40, 41], [40, 47], [41, 49], [41, 55], [41, 42], [41, 43], [42, 45], [42, 60], [43, 51], [43, 61], [44, 52], [44, 62], [44, 61], [45, 47], [46, 48], [46, 61], [46, 47], [47, 48], [48, 49], [50, 53], [51, 54], [52, 53], [52, 54], [53, 55], [53, 62], [54, 55], [55, 63], [55, 60], [57, 58], [58, 59], [58, 60], [58, 61], [60, 62], [61, 62]], "features": {"27": ["cc_3", "deg_5"], "35": ["cc_0", "deg_4"], "43": ["cc_1", "deg_8"], "47": ["cc_4", "deg_8"], "32": ["cc_0", "deg_7"], "56": ["cc_0", "deg_5"], "9": ["cc_6", "deg_5"], "33": ["cc_0", "deg_4"], "48": ["cc_5", "deg_8"], "55": ["cc_1", "deg_8"], "0": ["cc_3", "deg_9"], "2": ["cc_4", "deg_7"], "18": ["cc_0", "deg_6"], "5": ["cc_3", "deg_7"], "14": ["cc_3", "deg_5"], "38": ["cc_0", "deg_3"], "44": ["cc_5", "deg_4"], "39": ["cc_0", "deg_5"], "3": ["cc_0", "deg_5"], "28": ["cc_5", "deg_4"], "51": ["cc_3", "deg_5"], "23": ["cc_5", "deg_4"], "19": ["cc_2", "deg_8"], "61": ["cc_1", "deg_9"], "34": ["cc_3", "deg_5"], "11": ["cc_1", "deg_7"], "17": ["cc_4", "deg_7"], "12": ["cc_0", "deg_4"], "25": ["cc_4", "deg_6"], "24": ["cc_11", "deg_3"], "62": ["cc_1", "deg_7"], "59": ["cc_0", "deg_5"], "22": ["cc_4", "deg_6"], "60": ["cc_1", "deg_7"], "15": ["cc_4", "deg_7"], "4": ["cc_2", "deg_6"], "37": ["cc_1", "deg_7"], "45": ["cc_3", "deg_5"], "42": ["cc_1", "deg_8"], "30": ["cc_0", "deg_4"], "31": ["cc_1", "deg_9"], "36": ["cc_0", "deg_5"], "57": ["cc_0", "deg_6"], "53": ["cc_0", "deg_6"], "10": ["cc_3", "deg_5"], "49": ["cc_0", "deg_6"], "1": ["cc_5", "deg_4"], "46": ["cc_4", "deg_7"], "26": ["cc_3", "deg_5"], "40": ["cc_1", "deg_9"], "41": ["cc_0", "deg_5"], "20": ["cc_1", "deg_8"], "29": ["cc_0", "deg_5"], "52": ["cc_0", "deg_6"], "58": ["cc_0", "deg_4"], "63": ["cc_0", "deg_4"], "13": ["cc_2", "deg_8"], "6": ["cc_6", "deg_6"], "7": ["cc_4", "deg_9"], "50": ["cc_6", "deg_5"], "8": ["cc_4", "deg_9"], "16": ["cc_0", "deg_4"], "54": ["cc_3", "deg_7"], "21": ["cc_0", "deg_5"]}}