{"label": 1, "features": {"53": ["cc_6", "deg_7"], "47": ["cc_5", "deg_4"], "21": ["cc_0", "deg_3"], "34": ["cc_0", "deg_5"], "41": ["cc_12", "deg_7"], "4": ["cc_5", "deg_8"], "42": ["cc_4", "deg_11"], "12": ["cc_3", "deg_7"], "28": ["cc_4", "deg_6"], "5": ["cc_3", "deg_7"], "61": ["cc_10", "deg_5"], "3": ["cc_4", "deg_8"], "51": ["cc_5", "deg_8"], "24": ["cc_6", "deg_5"], "56": ["cc_6", "deg_5"], "55": ["cc_1", "deg_7"], "19": ["cc_0", "deg_3"], "54": ["cc_4", "deg_6"], "36": ["cc_4", "deg_6"], "17": ["cc_3", "deg_5"], "11": ["cc_3", "deg_7"], "22": ["cc_3", "deg_7"], "18": ["cc_0", "deg_5"], "59": ["cc_11", "deg_6"], "2": ["cc_7", "deg_7"], "46": ["cc_2", "deg_6"], "37": ["cc_4", "deg_6"], "38": ["cc_8", "deg_6"], "9": ["cc_3", "deg_5"], "27": ["cc_0", "deg_5"], "58": ["cc_3", "deg_11"], "35": ["cc_10", "deg_5"], "1": ["cc_6", "deg_5"], "16": ["cc_6", "deg_6"], "25": ["cc_0", "deg_4"], "7": ["cc_0", "deg_6"], "39": ["cc_13", "deg_6"], "0": ["cc_10", "deg_5"], "29": ["cc_0", "deg_3"], "63": ["cc_11", "deg_6"], "13": ["cc_6", "deg_6"], "6": ["cc_2", "deg_6"], "30": ["cc_3", "deg_5"], "14": ["cc_11", "deg_6"], "32": ["cc_1", "deg_7"], "45": ["cc_3", "deg_8"], "10": ["cc_3", "deg_5"], "33": ["cc_2", "deg_6"], "23": ["cc_3", "deg_8"], "48": ["cc_4", "deg_6"], "40": ["cc_11", "deg_7"], "8": ["cc_11", "deg_4"], "44": ["cc_2", "deg_6"], "31": ["cc_4", "deg_6"], "26": ["cc_5", "deg_4"], "43": ["cc_8", "deg_6"], "57": ["cc_3", "deg_7"], "20": ["cc_5", "deg_4"], "50": ["cc_5", "deg_4"], "62": ["cc_4", "deg_9"], "60": ["cc_6", "deg_6"], "52": ["cc_11", "deg_4"], "15": ["cc_8", "deg_6"], "49": ["cc_3", "deg_8"]}, "edges": [[0, 35], [0, 2], [0, 55], [0, 61], [0, 63], [1, 3], [1, 4], [1, 7], [1, 62], [1, 63], [2, 35], [2, 3], [2, 4], [2, 5], [2, 44], [2, 63], [3, 4], [3, 37], [3, 17], [3, 11], [3, 28], [3, 30], [4, 19], [4, 5], [4, 17], [4, 28], [4, 12], [5, 33], [5, 35], [5, 6], [5, 58], [5, 10], [6, 57], [6, 8], [6, 9], [6, 42], [6, 27], [7, 32], [7, 57], [7, 10], [7, 46], [7, 15], [8, 9], [8, 10], [8, 11], [9, 49], [9, 38], [9, 24], [10, 11], [10, 13], [11, 62], [11, 12], [11, 29], [11, 14], [12, 34], [12, 46], [12, 42], [12, 14], [12, 15], [13, 16], [13, 32], [13, 49], [13, 14], [13, 15], [14, 16], [14, 60], [14, 15], [15, 16], [15, 18], [16, 22], [16, 54], [16, 45], [17, 32], [17, 18], [17, 46], [18, 51], [18, 20], [18, 42], [19, 22], [19, 55], [20, 49], [20, 22], [20, 23], [21, 51], [21, 38], [21, 23], [22, 23], [22, 24], [22, 26], [22, 62], [23, 56], [23, 25], [23, 26], [23, 28], [23, 31], [24, 33], [24, 42], [24, 45], [25, 33], [25, 58], [25, 27], [26, 39], [26, 27], [27, 28], [27, 30], [28, 53], [28, 31], [29, 32], [29, 41], [30, 32], [30, 45], [30, 31], [31, 32], [31, 34], [31, 58], [32, 42], [33, 36], [33, 62], [33, 45], [34, 36], [34, 55], [34, 44], [35, 36], [35, 37], [36, 37], [36, 38], [36, 39], [37, 53], [37, 40], [37, 58], [38, 39], [38, 40], [38, 41], [39, 40], [39, 41], [39, 42], [40, 49], [40, 41], [40, 42], [40, 43], [41, 42], [41, 43], [41, 45], [42, 43], [42, 45], [42, 60], [43, 62], [43, 44], [43, 46], [44, 58], [44, 46], [44, 47], [45, 48], [45, 61], [46, 48], [47, 48], [47, 49], [47, 50], [48, 49], [48, 51], [48, 57], [49, 51], [49, 54], [50, 51], [50, 53], [50, 55], [51, 52], [51, 53], [51, 54], [52, 53], [52, 54], [52, 55], [53, 56], [53, 58], [54, 56], [54, 57], [55, 57], [55, 58], [56, 58], [56, 59], [57, 58], [57, 59], [58, 59], [58, 60], [59, 60], [59, 61], [59, 62], [60, 62], [60, 63], [61, 62], [61, 63], [62, 63]]}