{"label": 2, "features": {"53": ["cc_0", "deg_2"], "47": ["cc_0", "deg_5"], "68": ["cc_5", "deg_4"], "84": ["cc_11", "deg_4"], "21": ["cc_0", "deg_4"], "34": ["cc_0", "deg_2"], "67": ["cc_3", "deg_5"], "41": ["cc_3", "deg_5"], "4": ["cc_0", "deg_4"], "42": ["cc_3", "deg_5"], "12": ["cc_0", "deg_4"], "28": ["cc_0", "deg_3"], "66": ["cc_0", "deg_3"], "5": ["cc_3", "deg_5"], "65": ["cc_3", "deg_7"], "61": ["cc_0", "deg_3"], "3": ["cc_0", "deg_6"], "64": ["cc_0", "deg_7"], "51": ["cc_0", "deg_4"], "24": ["cc_5", "deg_4"], "56": ["cc_33", "deg_2"], "55": ["cc_0", "deg_3"], "19": ["cc_0", "deg_4"], "54": ["cc_3", "deg_5"], "36": ["cc_11", "deg_3"], "17": ["cc_5", "deg_4"], "11": ["cc_0", "deg_3"], "22": ["cc_0", "deg_5"], "71": ["cc_0", "deg_2"], "18": ["cc_0", "deg_2"], "59": ["cc_6", "deg_5"], "2": ["cc_0", "deg_3"], "46": ["cc_3", "deg_5"], "37": ["cc_33", "deg_2"], "38": ["cc_5", "deg_4"], "73": ["cc_5", "deg_4"], "78": ["cc_0", "deg_4"], "9": ["cc_5", "deg_4"], "27": ["cc_0", "deg_3"], "58": ["cc_6", "deg_5"], "35": ["cc_0", "deg_3"], "1": ["cc_4", "deg_6"], "16": ["cc_0", "deg_4"], "80": ["cc_0", "deg_3"], "25": ["cc_3", "deg_5"], "7": ["cc_3", "deg_5"], "39": ["cc_1", "deg_7"], "0": ["cc_5", "deg_4"], "82": ["cc_2", "deg_6"], "83": ["cc_0", "deg_2"], "29": ["cc_0", "deg_3"], "63": ["cc_0", "deg_2"], "13": ["cc_0", "deg_6"], "6": ["cc_0", "deg_3"], "30": ["cc_0", "deg_3"], "14": ["cc_0", "deg_3"], "32": ["cc_3", "deg_5"], "45": ["cc_0", "deg_2"], "10": ["cc_5", "deg_4"], "33": ["cc_0", "deg_3"], "23": ["cc_0", "deg_4"], "69": ["cc_0", "deg_4"], "76": ["cc_0", "deg_4"], "48": ["cc_0", "deg_8"], "79": ["cc_0", "deg_4"], "77": ["cc_0", "deg_3"], "40": ["cc_3", "deg_5"], "81": ["cc_0", "deg_6"], "72": ["cc_11", "deg_3"], "8": ["cc_0", "deg_3"], "44": ["cc_0", "deg_3"], "31": ["cc_0", "deg_3"], "75": ["cc_0", "deg_5"], "26": ["cc_3", "deg_5"], "43": ["cc_0", "deg_2"], "57": ["cc_6", "deg_5"], "20": ["cc_0", "deg_3"], "50": ["cc_0", "deg_4"], "62": ["cc_11", "deg_3"], "60": ["cc_5", "deg_4"], "52": ["cc_0", "deg_6"], "15": ["cc_0", "deg_4"], "74": ["cc_0", "deg_4"], "70": ["cc_0", "deg_4"], "49": ["cc_0", "deg_4"]}, "edges": [[0, 2], [0, 73], [0, 27], [0, 82], [1, 65], [1, 3], [1, 84], [1, 54], [1, 23], [1, 26], [2, 69], [2, 13], [3, 52], [3, 5], [3, 57], [3, 74], [3, 69], [4, 33], [4, 11], [4, 5], [4, 6], [5, 7], [5, 36], [5, 47], [6, 8], [6, 7], [7, 48], [7, 16], [7, 36], [8, 10], [8, 74], [9, 37], [9, 25], [9, 39], [9, 59], [10, 68], [10, 67], [10, 54], [11, 18], [11, 12], [12, 49], [12, 81], [12, 13], [13, 35], [13, 53], [13, 39], [13, 15], [14, 16], [14, 42], [14, 75], [15, 51], [15, 72], [15, 63], [16, 17], [16, 29], [17, 19], [17, 38], [17, 46], [18, 60], [19, 21], [19, 71], [19, 79], [20, 65], [20, 21], [20, 38], [21, 28], [21, 22], [22, 48], [22, 54], [22, 24], [22, 27], [23, 24], [23, 77], [23, 81], [24, 25], [24, 26], [25, 64], [25, 35], [25, 26], [26, 34], [26, 31], [27, 30], [28, 64], [28, 58], [29, 44], [29, 47], [30, 32], [30, 70], [31, 64], [31, 46], [32, 33], [32, 65], [32, 49], [32, 72], [33, 48], [34, 35], [36, 75], [37, 39], [38, 40], [38, 46], [39, 70], [39, 41], [39, 43], [39, 78], [40, 82], [40, 67], [40, 41], [40, 42], [41, 48], [41, 71], [41, 42], [42, 52], [42, 44], [43, 81], [44, 67], [45, 49], [45, 46], [46, 48], [47, 73], [47, 75], [47, 78], [48, 80], [48, 49], [48, 66], [50, 83], [50, 52], [50, 78], [50, 79], [51, 64], [51, 52], [51, 54], [52, 81], [52, 70], [53, 55], [54, 84], [55, 57], [55, 82], [56, 57], [56, 58], [57, 59], [57, 58], [58, 69], [58, 59], [59, 60], [59, 62], [60, 61], [60, 62], [61, 81], [61, 76], [62, 64], [63, 64], [64, 66], [65, 84], [65, 68], [65, 72], [65, 76], [66, 68], [67, 81], [67, 68], [69, 70], [73, 82], [73, 79], [74, 75], [74, 76], [75, 82], [76, 77], [77, 78], [79, 80], [80, 82], [83, 84]]}