{"label": 0, "edges": [[0, 1], [0, 3], [0, 84], [0, 85], [0, 86], [0, 5], [1, 2], [1, 4], [1, 86], [1, 22], [1, 14], [2, 3], [2, 52], [2, 5], [2, 86], [3, 5], [3, 6], [3, 75], [3, 34], [4, 5], [4, 6], [4, 7], [5, 85], [5, 6], [5, 7], [5, 8], [5, 42], [6, 35], [6, 24], [6, 7], [6, 8], [6, 9], [7, 18], [7, 8], [7, 9], [8, 23], [8, 10], [8, 11], [9, 10], [9, 11], [9, 30], [10, 52], [10, 11], [10, 12], [11, 84], [11, 12], [11, 13], [11, 14], [12, 35], [12, 79], [12, 47], [12, 13], [12, 14], [12, 15], [13, 16], [13, 69], [13, 41], [13, 74], [13, 15], [14, 16], [14, 17], [14, 83], [15, 16], [15, 18], [15, 68], [15, 40], [15, 20], [16, 17], [16, 18], [16, 19], [16, 70], [17, 18], [17, 19], [17, 22], [18, 19], [18, 20], [18, 21], [19, 20], [19, 21], [19, 68], [19, 63], [20, 72], [20, 31], [20, 71], [20, 76], [21, 22], [21, 23], [21, 24], [22, 48], [22, 24], [22, 33], [23, 24], [23, 25], [23, 26], [24, 25], [24, 27], [25, 32], [25, 26], [25, 27], [26, 27], [26, 28], [26, 29], [27, 28], [27, 29], [27, 30], [27, 77], [28, 66], [28, 29], [28, 31], [29, 32], [29, 30], [29, 31], [30, 32], [30, 33], [30, 31], [31, 32], [31, 33], [31, 34], [32, 33], [32, 45], [32, 51], [33, 34], [33, 35], [33, 54], [34, 36], [34, 37], [34, 52], [35, 80], [35, 47], [36, 38], [36, 39], [36, 50], [37, 38], [37, 39], [37, 40], [38, 80], [38, 40], [38, 41], [38, 45], [39, 50], [39, 40], [39, 42], [40, 41], [40, 42], [40, 43], [41, 42], [41, 43], [41, 44], [42, 75], [42, 44], [43, 44], [43, 45], [43, 46], [44, 55], [44, 46], [44, 47], [45, 48], [45, 47], [46, 48], [46, 49], [46, 81], [46, 74], [46, 47], [47, 48], [47, 50], [48, 49], [48, 50], [48, 51], [49, 50], [49, 51], [49, 52], [49, 72], [50, 51], [50, 52], [50, 53], [50, 56], [51, 52], [51, 53], [51, 54], [52, 74], [52, 53], [52, 54], [53, 54], [53, 55], [53, 56], [54, 56], [54, 57], [55, 56], [55, 57], [55, 58], [56, 57], [56, 59], [57, 76], [57, 58], [57, 60], [58, 59], [58, 60], [58, 61], [59, 78], [59, 76], [59, 61], [59, 79], [60, 78], [60, 61], [60, 62], [61, 64], [61, 62], [61, 63], [62, 64], [62, 65], [62, 63], [63, 66], [63, 86], [64, 66], [64, 67], [64, 70], [64, 73], [65, 66], [65, 67], [65, 68], [66, 83], [66, 67], [66, 68], [67, 68], [67, 69], [67, 70], [68, 70], [68, 71], [69, 71], [69, 72], [70, 73], [71, 72], [71, 73], [71, 74], [71, 78], [72, 75], [73, 74], [73, 75], [74, 82], [74, 76], [75, 76], [75, 77], [76, 77], [76, 78], [77, 80], [77, 78], [78, 80], [78, 81], [79, 80], [79, 82], [80, 81], [80, 83], [81, 82], [81, 84], [82, 83], [82, 84], [83, 84], [83, 85], [83, 86], [84, 86], [85, 86]], "features": {"27": ["cc_9", "deg_7"], "35": ["cc_3", "deg_5"], "43": ["cc_10", "deg_5"], "47": ["cc_7", "deg_7"], "56": ["cc_11", "deg_6"], "23": ["cc_10", "deg_5"], "9": ["cc_6", "deg_5"], "0": ["cc_11", "deg_6"], "6": ["cc_8", "deg_8"], "18": ["cc_11", "deg_7"], "14": ["cc_4", "deg_6"], "38": ["cc_4", "deg_6"], "82": ["cc_6", "deg_5"], "68": ["cc_6", "deg_7"], "51": ["cc_14", "deg_7"], "77": ["cc_10", "deg_5"], "19": ["cc_7", "deg_7"], "34": ["cc_2", "deg_6"], "75": ["cc_2", "deg_6"], "11": ["cc_7", "deg_7"], "17": ["cc_13", "deg_5"], "25": ["cc_13", "deg_5"], "24": ["cc_8", "deg_6"], "70": ["cc_10", "deg_5"], "15": ["cc_6", "deg_7"], "62": ["cc_10", "deg_5"], "40": ["cc_9", "deg_7"], "30": ["cc_13", "deg_6"], "31": ["cc_11", "deg_7"], "66": ["cc_6", "deg_7"], "36": ["cc_5", "deg_4"], "57": ["cc_8", "deg_6"], "10": ["cc_10", "deg_5"], "49": ["cc_13", "deg_6"], "1": ["cc_4", "deg_6"], "46": ["cc_6", "deg_7"], "60": ["cc_10", "deg_5"], "41": ["cc_11", "deg_6"], "29": ["cc_17", "deg_6"], "74": ["cc_1", "deg_7"], "13": ["cc_4", "deg_7"], "2": ["cc_6", "deg_5"], "7": ["cc_13", "deg_6"], "84": ["cc_8", "deg_6"], "79": ["cc_0", "deg_4"], "32": ["cc_7", "deg_7"], "33": ["cc_6", "deg_7"], "55": ["cc_10", "deg_5"], "48": ["cc_11", "deg_7"], "85": ["cc_16", "deg_4"], "5": ["cc_8", "deg_9"], "80": ["cc_3", "deg_7"], "81": ["cc_6", "deg_5"], "86": ["cc_9", "deg_7"], "44": ["cc_8", "deg_6"], "39": ["cc_10", "deg_5"], "3": ["cc_6", "deg_6"], "28": ["cc_13", "deg_5"], "83": ["cc_4", "deg_7"], "76": ["cc_4", "deg_7"], "72": ["cc_6", "deg_5"], "12": ["cc_5", "deg_8"], "59": ["cc_4", "deg_6"], "69": ["cc_5", "deg_4"], "22": ["cc_2", "deg_6"], "50": ["cc_9", "deg_9"], "71": ["cc_4", "deg_7"], "4": ["cc_16", "deg_4"], "78": ["cc_6", "deg_7"], "45": ["cc_3", "deg_5"], "42": ["cc_6", "deg_6"], "21": ["cc_10", "deg_5"], "8": ["cc_8", "deg_6"], "53": ["cc_17", "deg_6"], "67": ["cc_13", "deg_6"], "37": ["cc_11", "deg_4"], "20": ["cc_4", "deg_7"], "26": ["cc_16", "deg_5"], "52": ["cc_6", "deg_9"], "58": ["cc_13", "deg_5"], "63": ["cc_3", "deg_5"], "64": ["cc_8", "deg_6"], "54": ["cc_11", "deg_6"], "65": ["cc_16", "deg_4"], "61": ["cc_11", "deg_6"], "16": ["cc_9", "deg_7"], "73": ["cc_6", "deg_5"]}}