{"label": 1, "edges": [[0, 1], [0, 2], [0, 88], [0, 57], [0, 31], [1, 8], [1, 2], [1, 5], [1, 88], [2, 3], [2, 85], [2, 7], [2, 72], [3, 17], [3, 68], [3, 5], [3, 70], [3, 72], [3, 61], [4, 18], [4, 83], [4, 85], [4, 13], [4, 21], [5, 68], [5, 54], [5, 7], [6, 53], [6, 24], [6, 42], [6, 30], [7, 9], [7, 26], [8, 9], [8, 78], [9, 10], [9, 11], [9, 21], [10, 12], [10, 25], [11, 12], [11, 22], [12, 56], [12, 41], [13, 74], [13, 23], [14, 41], [14, 17], [14, 87], [15, 16], [15, 17], [15, 67], [15, 45], [16, 17], [16, 65], [17, 73], [18, 56], [18, 19], [18, 20], [19, 57], [19, 51], [19, 20], [19, 34], [20, 43], [20, 22], [20, 39], [20, 75], [22, 32], [22, 84], [22, 63], [23, 24], [24, 69], [24, 59], [25, 38], [25, 26], [26, 27], [26, 79], [27, 68], [27, 28], [27, 47], [28, 72], [28, 42], [28, 30], [29, 76], [29, 54], [29, 31], [30, 32], [30, 65], [30, 37], [30, 46], [30, 31], [31, 33], [31, 55], [32, 33], [32, 87], [32, 73], [33, 75], [33, 34], [33, 55], [34, 45], [34, 78], [35, 40], [35, 65], [36, 56], [36, 37], [37, 53], [37, 39], [38, 49], [38, 70], [38, 45], [39, 41], [40, 51], [40, 42], [41, 52], [43, 67], [43, 45], [44, 45], [44, 46], [45, 74], [46, 81], [46, 47], [47, 76], [48, 49], [48, 50], [49, 50], [49, 85], [50, 83], [50, 75], [50, 87], [50, 71], [50, 79], [51, 70], [51, 86], [51, 73], [52, 85], [52, 54], [52, 61], [53, 74], [54, 55], [54, 59], [54, 79], [55, 86], [56, 73], [56, 77], [57, 58], [58, 59], [58, 65], [59, 61], [60, 84], [60, 74], [61, 88], [62, 64], [62, 67], [62, 71], [63, 64], [63, 75], [64, 65], [64, 66], [65, 86], [66, 67], [66, 70], [66, 78], [67, 82], [68, 86], [69, 85], [71, 72], [72, 81], [74, 84], [76, 78], [77, 78], [77, 79], [78, 79], [80, 81], [80, 82], [81, 83], [82, 83], [84, 85], [86, 87]], "features": {"27": ["cc_0", "deg_4"], "35": ["cc_0", "deg_2"], "43": ["cc_0", "deg_3"], "47": ["cc_0", "deg_3"], "56": ["cc_0", "deg_5"], "23": ["cc_0", "deg_2"], "9": ["cc_0", "deg_5"], "0": ["cc_6", "deg_5"], "6": ["cc_0", "deg_4"], "18": ["cc_5", "deg_4"], "14": ["cc_0", "deg_3"], "38": ["cc_0", "deg_4"], "82": ["cc_0", "deg_3"], "68": ["cc_5", "deg_4"], "51": ["cc_0", "deg_5"], "77": ["cc_11", "deg_3"], "19": ["cc_3", "deg_5"], "34": ["cc_0", "deg_4"], "75": ["cc_0", "deg_4"], "11": ["cc_0", "deg_3"], "88": ["cc_11", "deg_3"], "17": ["cc_3", "deg_5"], "25": ["cc_0", "deg_3"], "24": ["cc_0", "deg_4"], "70": ["cc_0", "deg_4"], "15": ["cc_5", "deg_4"], "62": ["cc_0", "deg_3"], "40": ["cc_0", "deg_3"], "30": ["cc_0", "deg_7"], "31": ["cc_3", "deg_5"], "66": ["cc_0", "deg_4"], "36": ["cc_0", "deg_2"], "57": ["cc_0", "deg_3"], "10": ["cc_0", "deg_3"], "49": ["cc_5", "deg_4"], "1": ["cc_6", "deg_5"], "46": ["cc_0", "deg_4"], "60": ["cc_33", "deg_2"], "41": ["cc_0", "deg_4"], "29": ["cc_0", "deg_3"], "74": ["cc_3", "deg_5"], "13": ["cc_0", "deg_3"], "2": ["cc_4", "deg_6"], "7": ["cc_0", "deg_4"], "84": ["cc_5", "deg_4"], "79": ["cc_3", "deg_5"], "32": ["cc_0", "deg_5"], "33": ["cc_3", "deg_5"], "55": ["cc_5", "deg_4"], "48": ["cc_33", "deg_2"], "85": ["cc_0", "deg_6"], "5": ["cc_3", "deg_5"], "80": ["cc_0", "deg_2"], "81": ["cc_0", "deg_4"], "86": ["cc_0", "deg_5"], "87": ["cc_0", "deg_4"], "44": ["cc_0", "deg_2"], "39": ["cc_0", "deg_3"], "3": ["cc_3", "deg_7"], "28": ["cc_0", "deg_4"], "83": ["cc_0", "deg_4"], "76": ["cc_0", "deg_3"], "72": ["cc_3", "deg_5"], "12": ["cc_0", "deg_4"], "59": ["cc_0", "deg_4"], "69": ["cc_0", "deg_2"], "22": ["cc_0", "deg_5"], "50": ["cc_1", "deg_7"], "71": ["cc_0", "deg_3"], "4": ["cc_0", "deg_5"], "78": ["cc_2", "deg_6"], "45": ["cc_0", "deg_6"], "42": ["cc_0", "deg_3"], "21": ["cc_0", "deg_2"], "8": ["cc_0", "deg_3"], "53": ["cc_0", "deg_3"], "67": ["cc_0", "deg_5"], "37": ["cc_0", "deg_4"], "20": ["cc_2", "deg_6"], "26": ["cc_0", "deg_4"], "52": ["cc_0", "deg_4"], "58": ["cc_0", "deg_3"], "63": ["cc_0", "deg_3"], "64": ["cc_0", "deg_4"], "54": ["cc_0", "deg_6"], "65": ["cc_0", "deg_6"], "61": ["cc_0", "deg_4"], "16": ["cc_11", "deg_3"], "73": ["cc_0", "deg_4"]}}